family,t,half_width,n_grid,score_rel,dlogev_per_site,forward_edge_max,forward_edge_mean,belief_edge_max,belief_edge_mean,zero_frac,shifted
gaussian,0.05,6.0,201,1.0722418745870434e-15,4.418687638008123e-14,4.254156125545647e-08,2.5224752787429947e-10,4.555984999373176e-19,4.449454220820687e-22,0.0,0
gaussian,0.05,6.0,401,1.0393932783563425e-15,2.930988785010413e-14,5.074263340002125e-08,2.927721191522901e-10,8.149098442587013e-19,7.958620141886499e-22,0.0,0
gaussian,0.05,6.0,801,9.389047602010819e-16,5.906386491005833e-14,5.512376782496454e-08,3.1406187308257055e-10,1.059703826725552e-18,1.0349383189520598e-21,0.0,0
gaussian,0.05,8.0,201,1.5121719910497624e-15,3.68594044175552e-14,1.0160023906008359e-14,3.1750500784115475e-16,8.068696975087086e-56,7.879586889770667e-59,0.0,0
gaussian,0.05,8.0,401,1.2224954210029212e-15,3.68594044175552e-14,1.2297152298763555e-14,3.8429207887691776e-16,4.128613712675411e-55,4.031849328812332e-58,0.0,0
gaussian,0.05,8.0,801,1.1523240226139865e-15,5.906386491005833e-14,1.3451887568885792e-14,4.2037863878874326e-16,8.296414340644146e-55,8.101967129600547e-58,0.0,0
gaussian,0.05,10.0,201,1.0577313378976379e-15,4.1522341120980855e-14,4.562772340260218e-22,1.4258663563316173e-23,5.884825296696998e-113,5.746899703805662e-116,0.0004129741915422886,0
gaussian,0.05,10.0,401,1.0848076141307047e-15,2.375877272697835e-14,6.054347283029152e-22,1.8919835259471838e-23,1.6143210899824186e-111,1.5764854394359556e-114,0.0003920861907730673,0
gaussian,0.05,10.0,801,1.1621413671074596e-15,2.375877272697835e-14,6.910461802997053e-22,2.1595193134373487e-23,6.663792654398349e-111,6.507610014060887e-114,0.00038038389513108615,0
gaussian,0.0725,6.0,201,7.392296349126678e-16,4.418687638008123e-14,2.3033919226051003e-07,5.662451493742954e-10,4.57248625336472e-18,7.572933060377809e-21,0.0,0
gaussian,0.0725,6.0,401,8.204293876766683e-16,2.9531932455029164e-14,2.717046499227271e-07,6.626970850759586e-10,7.715123245476434e-18,1.2765018655750635e-20,0.0,0
gaussian,0.0725,6.0,801,7.098222854954992e-16,5.928590951498336e-14,2.936256076026765e-07,7.135948483324826e-10,9.786382649953026e-18,1.6185701526405476e-20,0.0,0
gaussian,0.0725,8.0,201,1.2092825237972612e-15,3.708144902248023e-14,1.0160023906008359e-14,3.1761628786068993e-16,3.0234772044686053e-49,2.98983183210639e-52,0.0,0
gaussian,0.0725,8.0,401,9.330399655840766e-16,3.708144902248023e-14,1.2297152298763555e-14,3.844461953155776e-16,1.0566372800426453e-48,1.0475056619205458e-51,0.0,0
gaussian,0.0725,8.0,801,8.164811259906615e-16,5.928590951498336e-14,1.3451887568885792e-14,4.205579669795005e-16,1.8155382912400185e-48,1.8019507086423158e-51,0.0,0
gaussian,0.0725,10.0,201,8.037330570846572e-16,4.1522341120980855e-14,4.562772340260218e-22,1.4258663564285286e-23,1.5522395743259526e-94,1.5158589802387923e-97,0.0,0
gaussian,0.0725,10.0,401,8.453413551524896e-16,2.375877272697835e-14,6.054347283029152e-22,1.8919835261235803e-23,1.8501961542240516e-93,1.8068322199929053e-96,0.0,0
gaussian,0.0725,10.0,801,8.686209830822701e-16,2.375877272697835e-14,6.910461802997053e-22,2.159519313668588e-23,5.310255264962509e-93,5.185796288621628e-96,0.0,0
gaussian,0.1053,6.0,201,5.267606011646672e-10,2.3940849303016876e-12,9.9696786456449e-08,3.9932350538799033e-10,4.955948164802068e-08,4.840289450132828e-11,0.0,0
gaussian,0.1053,6.0,401,5.016417772987839e-10,2.261302256556519e-12,1.1751959341108784e-07,4.654668855247741e-10,6.363720402052615e-08,6.215273427248799e-11,0.0,0
gaussian,0.1053,6.0,801,4.952910850830523e-10,2.261302256556519e-12,1.2696106582115643e-07,5.002855387612405e-10,7.152891044688476e-08,6.986070760154177e-11,0.0,0
gaussian,0.1053,8.0,201,1.0478865882491652e-15,3.68594044175552e-14,1.0160023906008359e-14,3.175991699788824e-16,1.3049232028615467e-25,1.2743390654649543e-28,0.0,0
gaussian,0.1053,8.0,401,7.210814063117223e-16,3.68594044175552e-14,1.2297152298763555e-14,3.844212186843456e-16,2.6074657704290417e-25,2.5463532918763326e-28,0.0,0
gaussian,0.1053,8.0,801,6.702235249984361e-16,5.906386491005833e-14,1.3451887568885792e-14,4.205282456706479e-16,3.5540553609550986e-25,3.4707571891035785e-28,0.0,0
gaussian,0.1053,10.0,201,6.377809285688017e-16,4.1300296516055823e-14,4.562772340260218e-22,1.4258663565880097e-23,2.4182579098295933e-54,2.3615799900679622e-57,0.0,0
gaussian,0.1053,10.0,401,6.387238594970464e-16,2.353672812205332e-14,6.054347283029152e-22,1.8919835264011356e-23,1.0452614612063546e-53,1.0207631457093307e-56,0.0,0
gaussian,0.1053,10.0,801,6.391872153295644e-16,2.353672812205332e-14,6.910461802997053e-22,2.1595193140254835e-23,1.9598117483290059e-53,1.9138786604775448e-56,0.0,0
gaussian,0.1527,6.0,201,2.1733900533332157e-14,4.440892098500626e-14,2.1654666676635115e-08,2.363906654865764e-10,2.4637247923391615e-12,2.4064912977395155e-15,0.0,0
gaussian,0.1527,6.0,401,2.0497374864624672e-14,2.9753977059954195e-14,2.5551255975634214e-08,2.7298222053013285e-10,3.2547706646170345e-12,3.1792152338305465e-15,0.0,0
gaussian,0.1527,6.0,801,2.0189843994238037e-14,5.950795411990839e-14,2.7617292764794564e-08,2.9212094533448624e-10,3.706865219642445e-12,3.620844674583703e-15,0.0,0
gaussian,0.1527,8.0,201,8.296055597120514e-16,3.708144902248023e-14,1.0160023906008359e-14,3.175451596183575e-16,5.580975032231271e-30,5.4501725881713863e-33,0.0,0
gaussian,0.1527,8.0,401,5.421153323548372e-16,3.68594044175552e-14,1.2297152298763555e-14,3.8434636552289067e-16,1.0669394839644741e-29,1.0419334356740297e-32,0.0,0
gaussian,0.1527,8.0,801,5.022272971724089e-16,5.950795411990839e-14,1.3451887568885792e-14,4.204411243103713e-16,1.4279049869307893e-29,1.3944389440257206e-32,0.0,0
gaussian,0.1527,10.0,201,4.673770144017084e-16,4.1744385725905886e-14,4.562772340260218e-22,1.425866357012215e-23,4.590175337721664e-56,4.482593108205249e-59,0.0,0
gaussian,0.1527,10.0,401,5.119025107427179e-16,2.398081733190338e-14,6.054347283029152e-22,1.8919835270915355e-23,1.6146066684219594e-55,1.576764326608859e-58,0.0,0
gaussian,0.1527,10.0,801,5.008743589012682e-16,2.398081733190338e-14,6.910461802997053e-22,2.1595193148877115e-23,2.7827415452446755e-55,2.7175210438682416e-58,0.0,0
gaussian,0.2216,6.0,201,2.4417388621434284e-12,5.773159728050814e-14,1.440572705683177e-07,6.834168865098896e-10,1.649665280512572e-10,2.0617891537667095e-13,0.0,0
gaussian,0.2216,6.0,401,2.3508731963808036e-12,4.241051954068098e-14,1.6787967614863626e-07,7.946695023836946e-10,2.0663848726689715e-10,2.606552732964171e-13,0.0,0
gaussian,0.2216,6.0,801,2.3279574961981384e-12,7.216449660063518e-14,1.803962906330891e-07,8.530767456030103e-10,2.2966078755350665e-10,2.9095646775425426e-13,0.0,0
gaussian,0.2216,8.0,201,7.201336744089982e-16,3.68594044175552e-14,1.0160023906008359e-14,3.199530022034312e-16,2.1292492827755577e-24,2.079880260501845e-27,0.0,0
gaussian,0.2216,8.0,401,4.0888852156294964e-16,3.68594044175552e-14,1.2297152298763555e-14,3.875250385609562e-16,3.469729463705656e-24,3.389400408900297e-27,0.0,0
gaussian,0.2216,8.0,801,3.9577455449120556e-16,5.906386491005833e-14,1.3451887568885792e-14,4.240605211365462e-16,4.337407793187771e-24,4.237061462876333e-27,0.0,0
gaussian,0.2216,10.0,201,3.577844318840688e-16,4.1522341120980855e-14,4.562772340260218e-22,1.4258667742526042e-23,1.009719097040815e-44,9.860538126817669e-48,0.0,0
gaussian,0.2216,10.0,401,3.6047503206846054e-16,2.375877272697835e-14,6.054347283029152e-22,1.8919842017282417e-23,2.545873954891975e-44,2.486205056637578e-47,0.0,0
gaussian,0.2216,10.0,801,3.935342724476729e-16,2.375877272697835e-14,6.910461802997053e-22,2.159520155490227e-23,3.8253348380395133e-44,3.735678590348209e-47,0.0,0
gaussian,0.3215,6.0,201,2.022537272907539e-13,4.551914400963142e-14,6.942450206049535e-08,3.184163823877715e-10,1.4830975507281793e-11,1.8743987182156912e-14,0.0,0
gaussian,0.3215,6.0,401,1.9392757482071408e-13,3.064215547965432e-14,8.06611397665075e-08,3.6755976174315073e-10,1.880061047832103e-11,2.380491434517315e-14,0.0,0
gaussian,0.3215,6.0,801,1.9179786111321207e-13,6.039613253960852e-14,8.655265598448735e-08,3.93233740480192e-10,2.1011238456896043e-11,2.662708487148747e-14,0.0,0
gaussian,0.3215,8.0,201,5.922662996949849e-16,3.708144902248023e-14,1.0160023906008359e-14,3.19050897310838e-16,5.869364361116289e-26,1.0889016982957052e-28,0.0,0
gaussian,0.3215,8.0,401,3.156271048712305e-16,3.708144902248023e-14,1.2297152298763555e-14,3.863046654630968e-16,9.090290839490944e-26,1.7402853104011899e-28,0.0,0
gaussian,0.3215,8.0,801,2.8706971303008085e-16,5.928590951498336e-14,1.3451887568885792e-14,4.226557786414728e-16,1.1116032263417921e-25,2.158131817028518e-28,0.0,0
gaussian,0.3215,10.0,201,2.9397336718818755e-16,4.1522341120980855e-14,4.562772340260218e-22,1.4258677914145625e-23,6.235854276260006e-44,6.416018316514736e-47,0.0,0
gaussian,0.3215,10.0,401,3.04696938992902e-16,2.375877272697835e-14,6.054347283029152e-22,1.8919857626964503e-23,1.3618703655863136e-43,1.402615359597065e-46,0.0,0
gaussian,0.3215,10.0,801,3.109314430991107e-16,2.375877272697835e-14,6.910461802997053e-22,2.159522056323298e-23,1.9280067963807017e-43,1.986541025434467e-46,0.0,0
gaussian,0.4665,6.0,201,1.6110020552178572e-07,1.3722034619689794e-09,1.6727186957957144e-06,4.057320962183378e-09,3.132970177061206e-06,5.405432965727312e-09,0.0,0
gaussian,0.4665,6.0,401,1.5909148835012652e-07,1.3536651799483934e-09,1.9128661622253986e-06,4.6527243959809744e-09,3.622759973571234e-06,6.276445803918371e-09,0.0,0
gaussian,0.4665,6.0,801,1.5858796347296177e-07,1.3490504269242365e-09,2.0372634703655034e-06,4.961884153589148e-09,3.878485961127212e-06,6.732621933866237e-09,0.0,0
gaussian,0.4665,8.0,201,5.624653831773014e-16,3.708144902248023e-14,5.296244545574454e-13,1.360024446445983e-15,5.073750151977862e-14,5.4210942089619236e-17,0.0,0
gaussian,0.4665,8.0,401,4.35071800777397e-16,3.708144902248023e-14,6.621934710573039e-13,1.6866862273504023e-15,6.642129879228732e-14,7.117359117799688e-17,0.0,0
gaussian,0.4665,8.0,801,4.2457747058904387e-16,5.950795411990839e-14,7.353866632680157e-13,1.8661959625375665e-15,7.533872313085444e-14,8.083736295776168e-17,0.0,0
gaussian,0.4665,10.0,201,2.438753910353599e-16,4.1744385725905886e-14,4.562772340260218e-22,1.5105000904310515e-23,1.1612844459886566e-25,1.1371765284853596e-28,0.0,0
gaussian,0.4665,10.0,401,2.4321741508796564e-16,2.398081733190338e-14,6.054347283029152e-22,2.01258787756236e-23,1.8828603686521854e-25,1.8441699155168405e-28,0.0,0
gaussian,0.4665,10.0,801,2.4728528377834785e-16,2.398081733190338e-14,6.910461802997053e-22,2.3016855824605746e-23,2.348687973325178e-25,2.300650355768033e-28,0.0,0
gaussian,0.6769,6.0,201,3.049661622090086e-08,3.766931211401925e-10,5.715102421850305e-06,1.2864488395501301e-08,5.65391834814198e-07,1.6553769421555635e-09,0.0,0
gaussian,0.6769,6.0,401,3.0078400734519564e-08,3.710309837146042e-10,6.4843275094726355e-06,1.4657844443790182e-08,6.58019824464987e-07,1.934250228750573e-09,0.0,0
gaussian,0.6769,6.0,801,2.997352946041263e-08,3.6964409311224244e-10,6.880213473221296e-06,1.5584216541791918e-08,7.066194471012493e-07,2.0810255682146275e-09,0.0,0
gaussian,0.6769,8.0,201,3.5692553747131917e-16,3.708144902248023e-14,1.2603435423336904e-11,1.7456020035615845e-14,3.676433909924111e-15,9.345318473691064e-18,0.0,0
gaussian,0.6769,8.0,401,1.9961979705866162e-16,3.708144902248023e-14,1.538656089125546e-11,2.1367943462207548e-14,4.86110532382142e-15,1.228775900566045e-17,0.0,0
gaussian,0.6769,8.0,801,1.8540531211704237e-16,5.928590951498336e-14,1.689848542520434e-11,2.3497315818277703e-14,5.538977792153583e-15,1.3966547842527856e-17,0.0,0
gaussian,0.6769,10.0,201,2.217500339415438e-16,4.1522341120980855e-14,9.397281384611992e-20,1.2053609579475751e-22,8.576602646116897e-26,8.962060664474635e-29,0.0,0
gaussian,0.6769,10.0,401,2.1563546971902862e-16,2.375877272697835e-14,1.298351346402762e-19,1.6601938822187935e-22,1.3074265898829748e-25,1.3731890734887993e-28,0.0,0
gaussian,0.6769,10.0,801,2.250664269798664e-16,2.375877272697835e-14,1.5092276243732829e-19,1.9272624538361411e-22,1.5877304444103985e-25,1.671500517919946e-28,0.0,0
gaussian,0.9821,6.0,201,9.725949902700882e-07,1.1061776605814089e-08,3.84763607384202e-06,1.2408419113386079e-08,9.145496801924412e-06,2.8409276859354704e-08,0.0,0
gaussian,0.9821,6.0,401,9.649834274104938e-07,1.0966753949404051e-08,4.355286176399635e-06,1.409515139457842e-08,1.0414630208357556e-05,3.241799346963909e-08,0.0,0
gaussian,0.9821,6.0,801,9.630771810576235e-07,1.0942984962625246e-08,4.616023145186757e-06,1.4964222583039518e-08,1.1069219506918191e-05,3.4488997683455606e-08,0.0,0
gaussian,0.9821,8.0,201,2.463385617367774e-13,3.885780586188048e-14,2.2912656023636625e-11,5.107105710963158e-14,8.250594138825597e-12,2.0642668368053702e-14,0.0,0
gaussian,0.9821,8.0,401,2.383272852203108e-13,3.863576125695545e-14,2.7616452110640164e-11,6.166036698107472e-14,1.02097142555614e-11,2.558878145296184e-14,0.0,0
gaussian,0.9821,8.0,801,2.363167744688569e-13,6.084022174945858e-14,3.0148821319613094e-11,6.736875050591208e-14,1.1283619743287699e-11,2.830330522675117e-14,0.0,0
gaussian,0.9821,10.0,201,1.832205535676581e-16,4.1522341120980855e-14,9.415386423053536e-19,1.8814673566280767e-21,1.1132340191484023e-20,2.459343341944789e-23,0.0,0
gaussian,0.9821,10.0,401,1.7355850947782373e-16,2.375877272697835e-14,1.2608360182079703e-18,2.521973522531138e-21,1.5897885029295987e-20,3.5172029095633224e-23,0.0,0
gaussian,0.9821,10.0,801,1.748537413230548e-16,2.375877272697835e-14,1.4450629350153056e-18,2.891766596682736e-21,1.8755674160036112e-20,4.1521457531669004e-23,0.0,0
gaussian,1.425,6.0,201,1.301882205704896e-08,5.282323467525885e-10,2.2726228558829216e-07,4.05801743454036e-09,6.395399534841536e-08,1.5835296435797503e-09,0.0,0
gaussian,1.425,6.0,401,1.2898481398501667e-08,5.228781851940312e-10,2.58044799398808e-07,4.6344773188319035e-09,7.321161373762512e-08,1.8203968262971005e-09,0.0,0
gaussian,1.425,6.0,801,1.2868331136673499e-08,5.215701204264178e-10,2.738986983673879e-07,4.932862177065298e-09,7.800943318304954e-08,1.9435594955198472e-09,0.0,0
gaussian,1.425,8.0,201,3.0958667987963333e-15,3.708144902248023e-14,9.939562028157975e-13,7.005431233933401e-15,9.599855320851213e-14,7.897156503489595e-16,0.0,0
gaussian,1.425,8.0,401,3.036608311757401e-15,3.708144902248023e-14,1.1981621723504668e-12,8.501720652163984e-15,1.169214522748953e-13,9.730665291041568e-16,0.0,0
gaussian,1.425,8.0,801,3.0041841724173257e-15,5.928590951498336e-14,1.308125729400462e-12,9.311530264456036e-15,1.2827241323906676e-13,1.0733416654439874e-15,0.0,0
gaussian,1.425,10.0,201,1.7641942677392956e-16,4.1522341120980855e-14,5.546448490779101e-20,2.305523813279801e-22,1.6195345344174397e-21,5.06021694546176e-24,0.0,0
gaussian,1.425,10.0,401,1.6238786603711196e-16,2.375877272697835e-14,7.363358724248483e-20,3.0776455970458295e-22,2.1920154386273664e-21,6.931061527807482e-24,0.0,0
gaussian,1.425,10.0,801,1.4837868292363024e-16,2.375877272697835e-14,8.406257501577792e-20,3.5224360116414183e-22,2.5245772105289983e-21,8.026088216566152e-24,0.0,0
gaussian,2.0676,6.0,201,2.1592299822015976e-08,1.8678831814611385e-09,5.9415605556533374e-08,4.869921814944097e-09,8.871600210042341e-08,4.793989574353065e-09,0.0,0
gaussian,2.0676,6.0,401,2.14290239449414e-08,1.8518899747022033e-09,6.749461257650545e-08,5.557447364257596e-09,1.0091692542901337e-07,5.478361804146455e-09,0.0,0
gaussian,2.0676,6.0,801,2.1388130398542436e-08,1.8479167085416748e-09,7.165729327793264e-08,5.913093680897574e-09,1.0720651752749426e-07,5.832488835200892e-09,0.0,0
gaussian,2.0676,8.0,201,2.797788617349991e-14,3.774758283725532e-14,2.9340988296728056e-13,1.0278411665480924e-14,3.542044875267167e-13,9.915334012882586e-15,0.0,0
gaussian,2.0676,8.0,401,2.7334873711281255e-14,3.774758283725532e-14,3.5276810221633835e-13,1.2444325889557237e-14,4.2723338452290955e-13,1.2021516978718248e-14,0.0,0
gaussian,2.0676,8.0,801,2.716680988424546e-14,5.995204332975845e-14,3.8467246107374814e-13,1.361456399020113e-14,4.665700155957229e-13,1.3160287871401504e-14,0.0,0
gaussian,2.0676,10.0,201,1.1092670851296063e-16,4.107825191113079e-14,2.6348215199702134e-20,4.713602518079339e-22,2.0822817028346714e-20,3.8055946482053674e-22,0.0,0
gaussian,2.0676,10.0,401,1.0478756713676253e-16,2.353672812205332e-14,3.4656671916579696e-20,6.253801041937965e-22,2.75975531981938e-20,5.0696201717556755e-22,0.0,0
gaussian,2.0676,10.0,801,9.035397825845392e-17,2.353672812205332e-14,3.93983814630051e-20,7.137712153114509e-22,3.148218825981962e-20,5.796792940608412e-22,0.0,0
gaussian,3.0,6.0,201,3.4194274875931044e-09,1.8397461332142484e-09,8.78963906289475e-09,4.878277003309326e-09,1.627052237956343e-08,4.718140815866261e-09,0.0,0
gaussian,3.0,6.0,401,3.3931458810229795e-09,1.8240069454833474e-09,1.0014583191611284e-08,5.567114868383764e-09,1.853662710551783e-08,5.39170367660361e-09,0.0,0
gaussian,3.0,6.0,801,3.386563205321144e-09,1.8200974061244324e-09,1.0647360239421876e-08,5.9234467848870864e-09,1.9706265049775567e-08,5.740239439312313e-09,0.0,0
gaussian,3.0,8.0,201,4.395770805280328e-15,3.8191672047105385e-14,2.571049213607424e-14,1.0207511256792135e-14,6.008561953196955e-14,1.0155716340712252e-14,0.0,0
gaussian,3.0,8.0,401,4.2946341051392026e-15,3.8191672047105385e-14,3.1036093714985346e-14,1.2359810443250115e-14,7.243500215941937e-14,1.2302456067064133e-14,0.0,0
gaussian,3.0,8.0,801,4.2694171568023385e-15,6.039613253960852e-14,3.390720720531612e-14,1.3522782154637555e-14,7.908454557875896e-14,1.346247781071505e-14,0.0,0
gaussian,3.0,10.0,201,6.64560574954722e-17,4.1300296516055823e-14,1.611405778545431e-21,4.62850374698377e-22,4.4278100124455885e-21,4.647496949042025e-22,0.0,0
gaussian,3.0,10.0,401,5.868741237620094e-17,2.353672812205332e-14,2.128452218538235e-21,6.141707077442974e-22,5.8374169170379855e-21,6.167010162578848e-22,0.0,0
gaussian,3.0,10.0,801,5.1654743202012597e-17,2.375877272697835e-14,2.424344181193222e-21,7.010201950924042e-22,6.643070369253254e-21,7.039089572750946e-22,0.0,0
gaussian,0.05,6.0,201,0.044788276240764466,0.0012576862971471758,0.028863234419280622,0.00017235787209457772,0.586520245278434,0.0015827801509105273,0.0,1
gaussian,0.05,6.0,401,0.044901656529339966,0.0012550998440579164,0.03187483204028795,0.00019246925771055268,0.6180278313439093,0.0017281440968009254,0.0,1
gaussian,0.05,6.0,801,0.04492995150026528,0.0012544526644888698,0.03340782280098359,0.0002027205534382546,0.6333756455899837,0.0018016474323672331,0.0,1
gaussian,0.05,8.0,201,9.91129512178745e-15,3.730349362740526e-14,1.6380828418961477e-06,3.3816699688058163e-09,3.5532321869706124e-11,3.682780735815748e-14,0.002492420708955224,1
gaussian,0.05,8.0,401,7.646898471081026e-15,3.730349362740526e-14,1.9979395677214375e-06,4.131567410095126e-09,6.640190461850561e-11,6.900500243754996e-14,0.002374435006234414,1
gaussian,0.05,8.0,801,7.366877922774315e-15,5.950795411990839e-14,2.1929602047273587e-06,4.538507607419036e-09,8.782460322158748e-11,9.137248482950914e-14,0.0023359472534332086,1
gaussian,0.05,10.0,201,2.869698400503864e-15,4.1744385725905886e-14,7.761411932961204e-16,1.4982800299719386e-18,2.9017780627724057e-44,2.8426331010515634e-47,0.03703649720149254,1
gaussian,0.05,10.0,401,2.9975916256673487e-15,2.398081733190338e-14,1.1702731667567451e-15,2.2601218525520446e-18,2.1991197994899855e-43,2.154799178684827e-46,0.03624240180798005,1
gaussian,0.05,10.0,801,2.9980330664345595e-15,2.398081733190338e-14,1.4138782904456965e-15,2.7311310387879613e-18,5.185945207554707e-43,5.081954453377603e-46,0.03584508622034956,1
gaussian,0.0725,6.0,201,0.011082825937241166,0.00025641623706706973,0.01596509041447013,0.00010620232641839138,0.20569741817692014,0.0007394147440869699,0.0,1
gaussian,0.0725,6.0,401,0.011037801711121028,0.0002538303389398866,0.017738317193958027,0.00011933386054550317,0.22593499557715724,0.0008370514494850118,0.0,1
gaussian,0.0725,6.0,801,0.011026577519538285,0.0002531832108874088,0.018635339309159615,0.00012603596128883438,0.23602734585971075,0.0008870569884239284,0.0,1
gaussian,0.0725,8.0,201,2.6569953363136944e-15,3.708144902248023e-14,2.582932552513897e-07,3.4404873949039423e-10,1.7825332792047242e-12,1.9757516906748176e-15,0.0,1
gaussian,0.0725,8.0,401,2.464956030429206e-15,3.730349362740526e-14,3.1736872490664773e-07,4.2532710266297276e-10,3.1659851364439504e-12,3.5034836861372542e-15,0.0,1
gaussian,0.0725,8.0,801,2.4705023224971035e-15,5.950795411990839e-14,3.495565399378173e-07,4.698152428832796e-10,4.101057729201559e-12,4.535456667551331e-15,0.0,1
gaussian,0.0725,10.0,201,2.2232477578657388e-15,4.1522341120980855e-14,8.246999874061268e-17,8.486175269069563e-20,8.785453112470901e-40,8.889061387123677e-43,0.0003449549129353234,1
gaussian,0.0725,10.0,401,2.372630945271196e-15,2.375877272697835e-14,1.2453309794349758e-16,1.2833221346233547e-19,3.689705933805724e-39,3.7626250374655693e-42,0.0003117206982543641,1
gaussian,0.0725,10.0,801,2.4461779402119107e-15,2.398081733190338e-14,1.5056134916926885e-16,1.5525666468379632e-19,6.826991217332276e-39,6.98755246162779e-42,0.00029747971285892636,1
gaussian,0.1053,6.0,201,0.026772453690508416,0.0007358407125357402,0.014963468629897194,9.506955384872419e-05,0.35093532652801834,0.0009405198791995282,0.0,1
gaussian,0.1053,6.0,401,0.026771981705336716,0.0007334793694244723,0.0166198469333299,0.00010656216678706199,0.37681802873772624,0.0010366512937600725,0.0,1
gaussian,0.1053,6.0,801,0.026771870840220587,0.0007328890001123689,0.017458850947463096,0.00011241963605075874,0.38960002357122836,0.0010852421185607141,0.0,1
gaussian,0.1053,8.0,201,8.296972973461659e-11,4.212186155427844e-13,5.31745865836715e-07,1.2300994581980067e-09,3.704273063437516e-08,3.9525587351264835e-11,0.0,1
gaussian,0.1053,8.0,401,7.423331455162882e-11,3.788080960021034e-13,6.464878870639157e-07,1.5009703401915952e-09,5.393326223838758e-08,5.770050778884799e-11,0.0,1
gaussian,0.1053,8.0,801,7.198806725045988e-11,3.9013237085328e-13,7.08558392508308e-07,1.6478948608501412e-09,6.411804102236853e-08,6.86784924337836e-11,0.0,1
gaussian,0.1053,10.0,201,1.6275459761232694e-15,4.1300296516055823e-14,6.949115409661179e-16,1.2686911165353526e-18,1.3938446317081926e-28,1.373556413439077e-31,0.0,1
gaussian,0.1053,10.0,401,1.7567540634719008e-15,2.353672812205332e-14,1.0191749393571798e-15,1.865781929199784e-18,4.198020480774255e-28,4.1388427707767485e-31,0.0,1
gaussian,0.1053,10.0,801,1.8917226849220256e-15,2.353672812205332e-14,1.216453615028334e-15,2.229651283879679e-18,6.774655421359727e-28,6.680484894419979e-31,0.0,1
gaussian,0.1527,6.0,201,0.015470348589229542,0.0004892275835315374,0.011911504703791162,6.678630854182376e-05,0.23817562837502756,0.0007996102229556605,0.0,1
gaussian,0.1527,6.0,401,0.015447692709511273,0.000486839895912361,0.013243436530696893,7.493256370457098e-05,0.2579924970268716,0.0008919721170922241,0.0,1
gaussian,0.1527,6.0,801,0.015442041407278319,0.00048624260949070575,0.013918165820695407,7.908533879303599e-05,0.2678297367887279,0.0009388697785908461,0.0,1
gaussian,0.1527,8.0,201,4.597542127378003e-10,2.51820786445478e-12,7.28749426924074e-07,1.0397228330121705e-09,1.2447247520125824e-07,1.2332284985243917e-10,0.0,1
gaussian,0.1527,8.0,401,4.2427516671111675e-10,2.3168134077877767e-12,8.785717139196268e-07,1.2596822283001808e-09,1.7060746378033408e-07,1.6914061517778277e-10,0.0,1
gaussian,0.1527,8.0,801,4.1523464592374623e-10,2.2879476091475226e-12,9.591538369559697e-07,1.3784351119944673e-09,1.974800579477667e-07,1.958414204605579e-10,0.0,1
gaussian,0.1527,10.0,201,1.244706149200844e-15,4.1300296516055823e-14,3.327377087765983e-15,3.641854893453463e-18,2.000889458795217e-24,2.024189828077635e-27,0.0,1
gaussian,0.1527,10.0,401,1.3127280612509984e-15,2.353672812205332e-14,4.752793281275606e-15,5.2129717482972524e-18,4.705176352508807e-24,4.7464139199721164e-27,0.0,1
gaussian,0.1527,10.0,801,1.3088752259707079e-15,2.353672812205332e-14,5.60672449031339e-15,6.155450685458927e-18,6.859699059011512e-24,6.912187236871893e-27,0.0,1
gaussian,0.2216,6.0,201,0.015269997900479051,0.0006607730244905241,0.00808704838205432,6.672612264736084e-05,0.12285042898745477,0.0009893267091174614,0.0,1
gaussian,0.2216,6.0,401,0.015236983487595113,0.0006577957307871696,0.009007614913221731,7.479906510712218e-05,0.1347102642596234,0.0011016471873159953,0.0,1
gaussian,0.2216,6.0,801,0.015228737889998416,0.0006570510421823883,0.009474016323977562,7.890975683316244e-05,0.14063911815394947,0.0011585184812181169,0.0,1
gaussian,0.2216,8.0,201,3.0610484175398655e-09,2.9037661164466044e-11,9.280902411660247e-07,1.8214551467545562e-09,2.9076762029739094e-07,7.367318022878663e-10,0.0,1
gaussian,0.2216,8.0,401,2.8975143815450943e-09,2.7397861757094688e-11,1.1096738763419117e-06,2.1910395500017716e-09,3.802175157590018e-07,9.617386866507384e-10,0.0,1
gaussian,0.2216,8.0,801,2.856124085784931e-09,2.7004398717167533e-11,1.2067723643802807e-06,2.3895861555246337e-09,4.308869917418033e-07,1.0891812522430224e-09,0.0,1
gaussian,0.2216,10.0,201,1.0135699317494176e-15,4.1300296516055823e-14,1.5418537519414252e-14,2.0468726625105703e-17,2.506958716342838e-19,2.50665305017767e-22,0.0,1
gaussian,0.2216,10.0,401,1.0657329909760092e-15,2.353672812205332e-14,2.1442984576559166e-14,2.856432271886005e-17,4.3263843347542833e-19,4.33894375455361e-22,0.0,1
gaussian,0.2216,10.0,801,1.0703451931550054e-15,2.353672812205332e-14,2.499559341408287e-14,3.3348881128930275e-17,5.541364821601723e-19,5.565180702105465e-22,0.0,1
gaussian,0.3215,6.0,201,0.015253443806579121,0.0005798551710953781,0.005887947977174969,3.636730004023306e-05,0.16026567014138077,0.0006738580943778757,0.0,1
gaussian,0.3215,6.0,401,0.015235435365552111,0.0005779802371543852,0.006563987946777327,4.0804763058636227e-05,0.17416999601596267,0.0007479176617432634,0.0,1
gaussian,0.3215,6.0,801,0.015230937770748467,0.0005775112516559489,0.006906736873212853,4.306635095536104e-05,0.18109550087764134,0.000785388637934004,0.0,1
gaussian,0.3215,8.0,201,1.7422893251928105e-07,1.4033949558012182e-09,1.3168663318111918e-06,2.370327324650167e-09,1.3523508474945035e-05,1.7158897569740663e-08,0.0,1
gaussian,0.3215,8.0,401,1.6842733868909827e-07,1.3525953690418646e-09,1.5609192150948538e-06,2.819827599863248e-09,1.6630120994196014e-05,2.1178781122509565e-08,0.0,1
gaussian,0.3215,8.0,801,1.6696645882452938e-07,1.3398149256715897e-09,1.6905780747699397e-06,3.059341933813694e-09,1.8321243288023194e-05,2.337304933937682e-08,0.0,1
gaussian,0.3215,10.0,201,7.415725622693441e-16,4.1300296516055823e-14,9.05541823574357e-14,1.254880481831976e-16,4.253659888178686e-16,4.508331017266127e-19,0.0,1
gaussian,0.3215,10.0,401,7.323012596422149e-16,2.353672812205332e-14,1.224644856339664e-13,1.7016757971585521e-16,6.933558301209924e-16,7.360771034699195e-19,0.0,1
gaussian,0.3215,10.0,801,8.215194889152307e-16,2.353672812205332e-14,1.4096887120024908e-13,1.9612133428052523e-16,8.664575859358582e-16,9.205089716460064e-19,0.0,1
gaussian,0.4665,6.0,201,0.008027394093395456,0.00039129031870066555,0.0012420473652313766,1.9118280612612268e-05,0.043896663018012504,0.0005342971191858586,0.0,1
gaussian,0.4665,6.0,401,0.00800655625038387,0.00038968325733579334,0.0013909390418587473,2.1500569121130357e-05,0.04843529200156186,0.0005963495157457815,0.0,1
gaussian,0.4665,6.0,801,0.00800134573335973,0.0003892811522934192,0.0014666277896829313,2.2716421394357767e-05,0.050714693335673085,0.0006278034319491379,0.0,1
gaussian,0.4665,8.0,201,4.789427874555171e-08,6.17938589186906e-10,6.50626273739586e-08,4.56782203822446e-10,1.6292258192390602e-06,6.6293643904632996e-09,0.0,1
gaussian,0.4665,8.0,401,4.649297041541704e-08,5.979527983868138e-10,7.761027919398658e-08,5.4683829814373e-10,1.9916555732561237e-06,8.14303436390616e-09,0.0,1
gaussian,0.4665,8.0,801,4.6140336140649724e-08,5.929412516536559e-10,8.431063338208573e-08,5.950632027343226e-10,2.1883422442307955e-06,8.967574225670534e-09,0.0,1
gaussian,0.4665,10.0,201,4.98954645925902e-16,4.1300296516055823e-14,3.5169423757713094e-15,1.892902996080667e-17,4.4133873719412015e-15,5.668205445575525e-18,0.0,1
gaussian,0.4665,10.0,401,5.190386978024993e-16,2.353672812205332e-14,4.743693700761006e-15,2.5601351868772266e-17,6.274322983318081e-15,8.19519428066377e-18,0.0,1
gaussian,0.4665,10.0,801,5.28441426320221e-16,2.398081733190338e-14,5.454181841594087e-15,2.9472477495237793e-17,7.386071597432215e-15,9.722084114246858e-18,0.0,1
gaussian,0.6769,6.0,201,0.0014897680308361512,5.219402248912708e-05,0.0003855613584563815,3.375528521439677e-06,0.009944352440100935,8.497671921527038e-05,0.0,1
gaussian,0.6769,6.0,401,0.0014845470062786995,5.1926938813728896e-05,0.0004327876401726137,3.8091912462349416e-06,0.011060251489219651,9.548959065016903e-05,0.0,1
gaussian,0.6769,6.0,801,0.0014832408106659656,5.1860086623056745e-05,0.0004568379477673032,4.031247050566111e-06,0.011624318028652492,0.00010084855333910897,0.0,1
gaussian,0.6769,8.0,201,8.95399930988526e-09,1.0005662964829298e-10,1.937488043754725e-08,5.051885951605413e-11,2.8629175323831617e-07,9.142573907489067e-10,0.0,1
gaussian,0.6769,8.0,401,8.71808147095495e-09,9.720091398435216e-11,2.3035980745884457e-08,6.044855568549086e-11,3.4638981401747247e-07,1.1125962919325471e-09,0.0,1
gaussian,0.6769,8.0,801,8.658746317751207e-09,9.650458210330726e-11,2.4986288247564155e-08,6.576498809592149e-11,3.787917898329934e-07,1.219979561292688e-09,0.0,1
gaussian,0.6769,10.0,201,3.2054191685166365e-16,4.1300296516055823e-14,2.418766282631871e-15,3.82690498912307e-18,1.0772215582143107e-15,2.3832145552943535e-18,0.0,1
gaussian,0.6769,10.0,401,3.2246373617873676e-16,2.3314683517128287e-14,3.203870374638984e-15,5.094125736967771e-18,1.5405548045497064e-15,3.421121272062996e-18,0.0,1
gaussian,0.6769,10.0,801,3.4619321239486e-16,2.353672812205332e-14,3.653607382441942e-15,5.82238229082653e-18,1.8183584845271703e-15,4.044897393842956e-18,0.0,1
gaussian,0.9821,6.0,201,0.00010457475787669294,3.859880664425219e-06,3.372866363989963e-05,4.944791768805771e-07,0.0007205619635524028,7.512167974098448e-06,0.0,1
gaussian,0.9821,6.0,401,0.00010405731294396147,3.835593012091465e-06,3.80037995151134e-05,5.597601214567484e-07,0.0008080021436023359,8.49304542508084e-06,0.0,1
gaussian,0.9821,6.0,801,0.00010392780158561703,3.829511947994746e-06,4.018950822422293e-05,5.932884534503176e-07,0.0008525218899096267,8.995814118064449e-06,0.0,1
gaussian,0.9821,8.0,201,4.3028624763226654e-10,6.185718604001522e-12,7.558066314207424e-10,4.383921537256547e-12,1.2344002608469627e-08,5.03228587607571e-11,0.0,1
gaussian,0.9821,8.0,401,4.19953632790361e-10,6.02629057766535e-12,9.010882562387845e-10,5.2556271628555934e-12,1.4854649070972094e-08,6.09265719868628e-11,0.0,1
gaussian,0.9821,8.0,801,4.173558851610524e-10,6.008304964666422e-12,9.786589270308145e-10,5.7230816298135845e-12,1.620379645933349e-08,6.665011704605965e-11,0.0,1
gaussian,0.9821,10.0,201,2.08663171972654e-16,4.1300296516055823e-14,1.0444313807207077e-16,3.7723017182160776e-19,2.5477236495552724e-16,6.828676395949303e-19,0.0,1
gaussian,0.9821,10.0,401,2.0710859194312853e-16,2.353672812205332e-14,1.3742464957397808e-16,4.989539336534013e-19,3.4901913510363503e-16,9.397333725921764e-19,0.0,1
gaussian,0.9821,10.0,801,2.2173904851231197e-16,2.375877272697835e-14,1.5624402495661158e-16,5.686467854615022e-19,4.041253449993152e-16,1.0903545889432395e-18,0.0,1
gaussian,1.425,6.0,201,1.0633826953920344e-05,4.943138551816162e-07,2.23102091284528e-06,7.232646394611745e-08,4.40505479713464e-05,9.863473088455933e-07,0.0,1
gaussian,1.425,6.0,401,1.0574933652715806e-05,4.91112196909782e-07,2.522126649238456e-06,8.209462194663704e-08,4.962692445449504e-05,1.116749386608293e-06,0.0,1
gaussian,1.425,6.0,801,1.056019003422641e-05,4.903105381703909e-07,2.6714509734926146e-06,8.712384183123977e-08,5.247682106488956e-05,1.183678907636533e-06,0.0,1
gaussian,1.425,8.0,201,5.7141014898334844e-11,1.31161748129216e-12,2.8463089660061543e-11,4.065411938221007e-13,8.581411911133334e-10,8.943015910737329e-12,0.0,1
gaussian,1.425,8.0,401,5.592958068831592e-11,1.2825296380469808e-12,3.399995247836165e-11,4.885353960562635e-13,1.0247134056676889e-09,1.0737905663828905e-11,0.0,1
gaussian,1.425,8.0,801,5.562517486347969e-11,1.297406626576958e-12,3.6961038744510275e-11,5.325876411827928e-13,1.1137366407263066e-09,1.1701173576100058e-11,0.0,1
gaussian,1.425,10.0,201,1.4067893687322868e-16,4.1522341120980855e-14,4.385834587148429e-18,3.4787063709250434e-20,9.56660975158434e-17,6.202413260849541e-19,0.0,1
gaussian,1.425,10.0,401,1.4419052666903112e-16,2.375877272697835e-14,5.738729770232904e-18,4.585422929607678e-20,1.2640231114956282e-16,8.241578081056867e-19,0.0,1
gaussian,1.425,10.0,801,1.4719161650270145e-16,2.375877272697835e-14,6.5081335654998904e-18,5.217836790342776e-20,1.4398492948656167e-16,9.412332544083544e-19,0.0,1
gaussian,2.0676,6.0,201,3.290909536598032e-07,1.6520154799692932e-08,2.3185543404956127e-07,9.030663200777687e-09,2.189977772634438e-06,3.5845223598461616e-08,0.0,1
gaussian,2.0676,6.0,401,3.2710813132766095e-07,1.6402678104654456e-08,2.62760960989083e-07,1.0285046888119892e-08,2.4742141258733946e-06,4.0718578702319684e-08,0.0,1
gaussian,2.0676,6.0,801,3.2661168184995393e-07,1.6373290501192628e-08,2.786505223589676e-07,1.0932816450025727e-08,2.619889785263423e-06,4.322753671783821e-08,0.0,1
gaussian,2.0676,8.0,201,1.7738069482118229e-12,7.793765632868599e-14,2.0074441560758683e-12,3.0630282128982624e-14,3.461639623854568e-11,2.7173609991392907e-13,0.0,1
gaussian,2.0676,8.0,401,1.7382080592123826e-12,7.72715225139109e-14,2.402152431490281e-12,3.690621557361482e-14,4.124007684054733e-11,3.2537142389602516e-13,0.0,1
gaussian,2.0676,8.0,801,1.729246697765105e-12,9.9253938401489e-14,2.613538972959116e-12,4.028509752365722e-14,4.477507330319163e-11,3.541047902462557e-13,0.0,1
gaussian,2.0676,10.0,201,9.991839568278818e-17,4.1522341120980855e-14,3.0799957160745875e-19,2.498994063860747e-21,7.764801464924411e-18,4.1196259882159766e-20,0.0,1
gaussian,2.0676,10.0,401,9.695672521075482e-17,2.375877272697835e-14,4.0208541124377424e-19,3.2861153787569618e-21,1.0096356841007802e-17,5.379533365245119e-20,0.0,1
gaussian,2.0676,10.0,801,9.270259008085289e-17,2.375877272697835e-14,4.555213073762799e-19,3.735296403932617e-21,1.14170279964123e-17,6.095182093419656e-20,0.0,1
gaussian,3.0,6.0,201,4.505653202480021e-09,2.046696812030291e-09,1.1117336221154488e-08,4.967753718150026e-09,2.3060894641148027e-08,5.201682969546442e-09,0.0,1
gaussian,3.0,6.0,401,4.471338508603869e-09,2.029360235411559e-09,1.2659866379373228e-08,5.668865793266219e-09,2.625337662365903e-08,5.9422482165835494e-09,0.0,1
gaussian,3.0,6.0,801,4.462743943075468e-09,2.025050793719174e-09,1.3456329002363062e-08,6.031527652362325e-09,2.790015311507455e-08,6.325346468240263e-09,0.0,1
gaussian,3.0,8.0,201,6.255269723492915e-15,3.863576125695545e-14,3.621738060101621e-14,1.055054375665888e-14,9.734167249168778e-14,1.2049072175724792e-14,0.0,1
gaussian,3.0,8.0,401,6.121471362724549e-15,3.863576125695545e-14,4.3678201238917353e-14,1.2773184100775184e-14,1.172042485866219e-13,1.4584969792253172e-14,0.0,1
gaussian,3.0,8.0,801,6.082463638466343e-15,6.084022174945858e-14,4.769763147855841e-14,1.3974028157681236e-14,1.2788966873396692e-13,1.595452685557018e-14,0.0,1
gaussian,3.0,10.0,201,6.020671829175365e-17,4.1300296516055823e-14,2.505657545650165e-21,4.8738046458577425e-22,8.153058324812826e-21,6.013949010823727e-22,0.0,1
gaussian,3.0,10.0,401,5.468886111238499e-17,2.375877272697835e-14,3.3050538713467784e-21,6.465283743209084e-22,1.0728886031681108e-20,7.969436716438748e-22,0.0,1
gaussian,3.0,10.0,801,4.7420730212485885e-17,2.398081733190338e-14,3.762122387055605e-21,7.37853434206827e-22,1.2199367007377713e-20,9.090776234521731e-22,0.0,1
laplace,0.05,6.0,201,5.697016741462219e-05,6.568606078061201e-06,0.0005024202347522501,2.477178852679114e-06,5.932107726974885e-10,5.793814154286146e-13,0.0,0
laplace,0.05,6.0,401,2.7737066217019197e-06,1.0122357126940429e-06,0.0005526010127142204,2.7246174040942758e-06,8.311731358690988e-10,8.118061780214323e-13,0.0,0
laplace,0.05,6.0,801,3.0815188819970074e-12,6.794564910705958e-14,0.0005779370767316454,2.8495418505755877e-06,9.718406907846631e-10,9.4920158613039e-13,0.0,0
laplace,0.05,8.0,201,0.00035592859804150454,1.6005188074763588e-05,3.4545855891194304e-06,1.703956529217974e-08,6.246480988160198e-34,6.10007916174174e-37,0.0,0
laplace,0.05,8.0,401,1.1650804439126347e-05,2.2221721198700806e-06,3.835905175879317e-06,1.8921024875849983e-08,1.7135806177549083e-33,1.6734185951098235e-36,0.0,0
laplace,0.05,8.0,801,2.157254891869086e-07,2.570936058488016e-07,4.0296558300158275e-06,1.9876715541973414e-08,2.6637311662639886e-33,2.6013000053830705e-36,0.0,0
laplace,0.05,10.0,201,0.0013045743150471667,3.3082387578486916e-05,2.2343290151272322e-08,1.1022574687961977e-10,2.2856932448047374e-73,2.2321223093820085e-76,0.0009911380597014926,0
laplace,0.05,10.0,401,2.692471530277194e-05,3.7029063406635032e-06,2.5061067196529253e-08,1.2361702599506417e-10,1.9835954737495443e-72,1.937104954836134e-75,0.0009449033665835412,0
laplace,0.05,10.0,801,8.912876751224635e-07,5.887387410918876e-07,2.6450033976182005e-08,1.3046795548057328e-10,4.969679708281859e-72,4.853202840126167e-75,0.000920480259051186,0
laplace,0.0725,6.0,201,3.708650288606775e-05,5.737612504885803e-06,0.001137612771657923,3.806888262545883e-06,7.92497745202369e-06,7.740686813826283e-09,0.0,0
laplace,0.0725,6.0,401,1.3135550523724154e-06,9.642805989251713e-07,0.0012512465896725132,4.187157018380876e-06,9.807378098391754e-06,9.57944285917214e-09,0.0,0
laplace,0.0725,6.0,801,1.301020072179411e-07,5.886926501830203e-10,0.0013086167506178436,4.379139431948009e-06,1.0837095985158472e-05,1.0585298345887324e-08,0.0,0
laplace,0.0725,8.0,201,0.00015600179052741465,1.1720714773844065e-05,7.819020168979972e-06,2.6181247013873457e-08,4.7270281948809704e-21,4.6162388763677995e-24,0.0,0
laplace,0.0725,8.0,401,6.963521761060583e-06,2.0464555365862225e-06,8.682303558935752e-06,2.9072105548063094e-08,8.585244012940418e-21,8.38402817960972e-24,0.0,0
laplace,0.0725,8.0,801,1.496281806595546e-07,2.5250746382710076e-07,9.12083741381798e-06,3.0540513812623076e-08,1.1238922306931996e-20,1.0975511195971866e-23,0.0,0
laplace,0.0725,10.0,201,0.0006827329650692935,2.0616156388708617e-05,5.057707688533902e-08,1.693593624459526e-10,1.1941161664830557e-46,1.1661290688916665e-49,0.0,0
laplace,0.0725,10.0,401,1.8532512767588533e-05,3.330941322765568e-06,5.672394184903909e-08,1.8993708388152681e-10,4.2982509383382276e-46,4.1975106822287316e-49,0.0,0
laplace,0.0725,10.0,801,4.1124807285077765e-07,5.764917139217118e-07,5.986752407180776e-08,2.0046330142661203e-10,7.476241597322596e-46,7.301017185365874e-49,0.0,0
laplace,0.1053,6.0,201,2.6424834683663844e-05,5.089314526030009e-06,0.0005141922155074848,2.5974119200316637e-06,5.1212534575411495e-06,5.084622589025758e-09,0.0,0
laplace,0.1053,6.0,401,6.297392903237834e-07,9.778361018675241e-07,0.0005655560103332285,2.8568706491025146e-06,6.2105357218882745e-06,6.167979936990139e-09,0.0,0
laplace,0.1053,6.0,801,1.0902597261853538e-07,5.53661116953208e-10,0.0005914870101722324,2.987859960739816e-06,6.798609496936879e-06,6.752996326363871e-09,0.0,0
laplace,0.1053,8.0,201,7.68979552437177e-05,1.0167242073588767e-05,3.537612916853384e-06,1.7868223247014226e-08,2.2939695901458875e-18,2.244042117269011e-21,0.0,0
laplace,0.1053,8.0,401,3.783605537323534e-06,1.9573965484021016e-06,3.928174788369735e-06,1.984111881618652e-08,3.584919469731332e-18,3.5070847884809246e-21,0.0,0
laplace,0.1053,8.0,801,1.1646976486421497e-07,2.5386012403316727e-07,4.126583198348349e-06,2.084328295869118e-08,4.4000763209157926e-18,4.304647328518058e-21,0.0,0
laplace,0.1053,10.0,201,0.0003105843114569574,1.6515223967283887e-05,2.288256693589322e-08,1.1558229852731665e-10,1.265260538241274e-37,1.2358306806743194e-40,0.0,0
laplace,0.1053,10.0,401,1.2240044184849608e-05,3.356757133587962e-06,2.5663955265804173e-08,1.2962828576115535e-10,3.066182586938502e-37,2.9948890916544626e-40,0.0,0
laplace,0.1053,10.0,801,2.7305401540219415e-07,5.806840619460019e-07,2.708624819056442e-08,1.368123326885318e-10,4.531400413108797e-37,4.426054644400618e-40,0.0,0
laplace,0.1527,6.0,201,1.8233173924438792e-05,4.951013796938852e-06,0.00020302677519077678,2.2380200277660036e-06,1.72690200177135e-05,1.994138834079009e-08,0.0,0
laplace,0.1527,6.0,401,6.442614556257936e-07,9.771299773753128e-07,0.00022330775048522852,2.461581097005194e-06,2.0497946873508925e-05,2.370827318425255e-08,0.0,0
laplace,0.1527,6.0,801,5.145625000698764e-07,3.0705145093179453e-09,0.00023354641656640163,2.5744469367775363e-06,2.2208208341360546e-05,2.5706872473444912e-08,0.0,0
laplace,0.1527,8.0,201,5.673382073681359e-05,9.055432648175099e-06,1.39691572654459e-06,1.5397836328134046e-08,8.393831719996696e-16,8.91656385046706e-19,0.0,0
laplace,0.1527,8.0,401,1.9949274897822843e-06,2.01457731519028e-06,1.5511641861300837e-06,1.7098040615709144e-08,1.1945077292845063e-15,1.269545505047022e-18,0.0,0
laplace,0.1527,8.0,801,9.542488469052356e-08,2.535729533015285e-07,1.6295133068366236e-06,1.7961659181308378e-08,1.406996420311836e-15,1.4957259022106348e-18,0.0,0
laplace,0.1527,10.0,201,0.00016159597959189274,1.8476044334692077e-05,9.036055127394243e-09,9.960406853707399e-11,8.781767058271519e-31,9.065133643952585e-34,0.0,0
laplace,0.1527,10.0,401,7.524923803370846e-06,3.3690069496383757e-06,1.0134243369794954e-08,1.1170695308339402e-10,1.6626058130275155e-30,1.7168923254522484e-33,0.0,0
laplace,0.1527,10.0,801,2.196760511283724e-07,5.799245987869739e-07,1.0695890051188014e-08,1.1789782848607453e-10,2.21634435099965e-30,2.2890768782937048e-33,0.0,0
laplace,0.2216,6.0,201,1.1119791491260604e-05,5.0608710189248285e-06,0.00041450256921139007,3.277934951608173e-06,4.2172465337135716e-05,6.01594266727035e-08,0.0,0
laplace,0.2216,6.0,401,1.930513785291785e-06,9.49472701572418e-07,0.0004559305353367984,3.6054209714358973e-06,4.8536796255311216e-05,6.953058810494683e-08,0.0,0
laplace,0.2216,6.0,801,1.8851040766395481e-06,1.6752628173577477e-08,0.00047684098163410714,3.7707447641212828e-06,5.1845514483583295e-05,7.441581697553837e-08,0.0,0
laplace,0.2216,8.0,201,4.1861357687388414e-05,1.0159158792433232e-05,2.9398603555926663e-06,2.2707195844069902e-08,3.0385625718020662e-12,3.183164083437562e-15,0.0,0
laplace,0.2216,8.0,401,8.905908973791988e-07,1.965257674818588e-06,3.264489692761535e-06,2.5214574145266317e-08,3.868855073761125e-12,4.057418873003137e-15,0.0,0
laplace,0.2216,8.0,801,7.41648593386903e-08,2.503152329857983e-07,3.4293784937145108e-06,2.6488160555467008e-08,4.332776217744222e-12,4.546283103865293e-15,0.0,0
laplace,0.2216,10.0,201,9.401416949259308e-05,1.7453267079359236e-05,1.9017083954893654e-08,1.4688735227871522e-10,2.408897108329304e-22,2.403660585107129e-25,0.0,0
laplace,0.2216,10.0,401,3.698742690480747e-06,3.305004799614153e-06,2.132796153061635e-08,1.6473482690785147e-10,3.6116749260042736e-22,3.6052468390179617e-25,0.0,0
laplace,0.2216,10.0,801,1.698014268784638e-07,5.723554150627308e-07,2.2509972740593188e-08,1.7386460276633537e-10,4.354016853000648e-22,4.347036911821772e-25,0.0,0
laplace,0.3215,6.0,201,8.578369146221927e-05,4.272690076412289e-06,0.0007595018992102122,3.5408210150676366e-06,0.0013548721441462108,1.5048704607940855e-06,0.0,0
laplace,0.3215,6.0,401,8.505634887747629e-05,1.3291973677276303e-07,0.0008354212447442837,3.894623495979615e-06,0.001517725069888973,1.6893085717180924e-06,0.0,0
laplace,0.3215,6.0,801,8.495233085026604e-05,8.40538167290461e-07,0.0008737390745241787,4.073221795116587e-06,0.0016005322756753532,1.7832456869691817e-06,0.0,0
laplace,0.3215,8.0,201,3.233027849116832e-05,1.1235368814865865e-05,6.919809968060247e-06,2.6283243571388255e-08,1.5412817271766327e-08,1.5161977597672592e-11,0.0,0
laplace,0.3215,8.0,401,5.513471298463062e-07,1.993500800434589e-06,7.683987422421662e-06,2.9185556567301195e-08,1.846176429455592e-08,1.8165401440839666e-11,0.0,0
laplace,0.3215,8.0,801,5.976991461195712e-08,2.5247012880313946e-07,8.072124842534973e-06,3.065974655284176e-08,2.009593653390439e-08,1.977546392360291e-11,0.0,0
laplace,0.3215,10.0,201,8.02684636619428e-05,2.269819937561479e-05,4.488260023202908e-08,1.7013796983447862e-10,1.5581986619913827e-15,1.5229927570876968e-18,0.0,0
laplace,0.3215,10.0,401,2.0542165833830853e-06,3.3407699733256635e-06,5.033627362814921e-08,1.9081199902509993e-10,2.0493790832583217e-15,2.0031046016370777e-18,0.0,0
laplace,0.3215,10.0,801,1.3692916612695916e-07,5.77220772735032e-07,5.3125950520002314e-08,2.013870761425013e-10,2.329671187890415e-15,2.277083311919916e-18,0.0,0
laplace,0.4665,6.0,201,1.4242235325963511e-05,4.732513101624036e-06,0.00027034755076079276,2.481497495436524e-06,0.0001170706400031423,3.6889919585884934e-07,0.0,0
laplace,0.4665,6.0,401,1.3554827016960681e-05,7.824085384022794e-07,0.0002973599425476232,2.729430696762135e-06,0.0001313318792351102,4.154142613475523e-07,0.0,0
laplace,0.4665,6.0,801,1.3512408936318244e-05,1.9763655378923772e-07,0.00031099581143539083,2.8545910710726717e-06,0.00013859708661939234,4.391648932083429e-07,0.0,0
laplace,0.4665,8.0,201,2.3499378911443583e-05,9.304454492209402e-06,2.8954106477002456e-06,1.8627492658668185e-08,2.999133081130902e-09,6.080422376150274e-12,0.0,0
laplace,0.4665,8.0,401,4.273669566188323e-07,1.9977764416090338e-06,3.2152207080230366e-06,2.0684467761394093e-08,3.5392759717539383e-09,7.188120605956191e-12,0.0,0
laplace,0.4665,8.0,801,5.161326522869513e-08,2.540835706277278e-07,3.3776490736079965e-06,2.1729290267634915e-08,3.825638373326921e-09,7.776004439685694e-12,0.0,0
laplace,0.4665,10.0,201,6.775025600759122e-05,1.7457552168309576e-05,1.924239461064073e-08,1.2106600434523905e-10,3.6909187450536716e-15,9.875656163245345e-18,0.0,0
laplace,0.4665,10.0,401,1.0911513923798652e-06,3.3115145618989317e-06,2.158096324456822e-08,1.3577897462361018e-10,4.523824541607626e-15,1.2268205976241874e-17,0.0,0
laplace,0.4665,10.0,801,1.1803361986592558e-07,5.808473906299128e-07,2.277701839379082e-08,1.4330418158150238e-10,4.977802704780695e-15,1.3585136935118524e-17,0.0,0
laplace,0.6769,6.0,201,0.0007503641068074655,7.283465695673286e-06,0.0002480396653520649,3.6649093548699804e-06,0.005305294064008368,1.0341379698226719e-05,0.0,0
laplace,0.6769,6.0,401,0.0007493104771297,1.128943853068165e-05,0.0002728524708394906,4.031200694156661e-06,0.005809250310525453,1.1394591113244207e-05,0.0,0
laplace,0.6769,6.0,801,0.0007490567312068915,1.2260560847021651e-05,0.00028537205917160245,4.216085022855043e-06,0.006061595771802335,1.192423193192504e-05,0.0,0
laplace,0.6769,8.0,201,1.321150234056092e-05,1.0085647417445998e-05,2.935035283709165e-06,3.20882063886397e-08,1.8090990111616604e-05,2.0377901978169093e-08,0.0,0
laplace,0.6769,8.0,401,1.2396379258968556e-06,1.9846406886792067e-06,3.2592708200960666e-06,3.5632194501061883e-08,2.0457702919680833e-05,2.3089910350588692e-08,0.0,0
laplace,0.6769,8.0,801,1.1767477332960487e-06,2.439314934488124e-07,3.4239364240259983e-06,3.7432195330527986e-08,2.166486022647853e-05,2.4475698811113374e-08,0.0,0
laplace,0.6769,10.0,201,4.484488440672359e-05,1.9485920148998304e-05,2.063942513287194e-08,2.132712151008594e-10,2.557003373729669e-09,2.5798650635223896e-12,0.0,0
laplace,0.6769,10.0,401,6.783151277601956e-07,3.3191813235688983e-06,2.3147841688361785e-08,2.3918974524813007e-10,3.032241967097703e-09,3.060915914515933e-12,0.0,0
laplace,0.6769,10.0,801,9.520803869218533e-08,5.788170158727013e-07,2.4430817104481266e-08,2.524466245225889e-10,3.2837019777808534e-09,3.3155633321735154e-12,0.0,0
laplace,0.9821,6.0,201,0.00016666053037737153,1.5147559699890678e-06,6.427608828296622e-05,2.338299888765161e-06,0.0005967436812327063,2.8165322497068156e-06,0.0,0
laplace,0.9821,6.0,401,0.00016629506033240507,2.474503002058981e-06,7.07016798989106e-05,2.571950742981145e-06,0.0006554233637869815,3.105240065267114e-06,0.0,0
laplace,0.9821,6.0,801,0.00016620345922426947,3.4486759818985746e-06,7.394465304949349e-05,2.6898961830592166e-06,0.000684871307144738,3.250535312448684e-06,0.0,0
laplace,0.9821,8.0,201,6.2492228184264385e-06,9.83439045221246e-06,1.0265136175628987e-06,2.0060395823355474e-08,4.119114077602847e-06,9.768096690923871e-09,0.0,0
laplace,0.9821,8.0,401,6.290068825912002e-07,1.984586590841886e-06,1.1398643876198034e-06,2.227594158862718e-08,4.607058015683686e-06,1.0967602894102705e-08,0.0,0
laplace,0.9821,8.0,801,5.274343467173121e-07,2.4692373390422517e-07,1.1974415513860086e-06,2.340122966820343e-08,4.85400685893031e-06,1.1576670425705176e-08,0.0,0
laplace,0.9821,10.0,201,2.443281971462008e-05,1.8559901277859225e-05,1.0632666290758852e-08,1.4007062813033227e-10,4.580600202168912e-09,8.113748718007149e-12,0.0,0
laplace,0.9821,10.0,401,4.86998370755462e-07,3.3085934973975384e-06,1.1924980008641547e-08,1.5709499208633223e-10,5.279237764935084e-09,9.363748258292637e-12,0.0,0
laplace,0.9821,10.0,801,7.535044808544034e-08,5.780818728151615e-07,1.2586011025528916e-08,1.658022760447097e-10,5.639713036025857e-09,1.0010036614462266e-11,0.0,0
laplace,1.425,6.0,201,6.144601815010481e-05,1.927817829816547e-06,2.5403266449387582e-05,2.0571719970854643e-06,0.00012068391248277449,2.2897910929422555e-06,0.0,0
laplace,1.425,6.0,401,6.109315059922361e-05,2.0602220351939593e-06,2.7942530730135978e-05,2.2627285547955964e-06,0.0001321906591733632,2.5227244788572605e-06,0.0,0
laplace,1.425,6.0,801,6.1021428025853534e-05,3.0377590620744854e-06,2.9224141515966195e-05,2.3664928208545537e-06,0.0001379585682981665,2.6399004282998698e-06,0.0,0
laplace,1.425,8.0,201,3.494435042146974e-06,9.723710781894823e-06,3.202222806858804e-07,1.7306685037881755e-08,1.6483925689142616e-06,1.4503208738857676e-08,0.0,0
laplace,1.425,8.0,401,5.072945878755548e-07,1.984765265694577e-06,3.555987599165725e-07,1.921819787016666e-08,1.8286163150417157e-06,1.6172581188389346e-08,0.0,0
laplace,1.425,8.0,801,4.098567162707694e-07,2.421640901140165e-07,3.735648900662996e-07,2.018903069577884e-08,1.919333349512709e-06,1.7016006031131224e-08,0.0,0
laplace,1.425,10.0,201,1.4144711380253116e-05,1.8241023822307412e-05,2.6474717672182586e-09,1.210938020224561e-10,9.396412868167178e-09,5.074260072860889e-11,0.0,0
laplace,1.425,10.0,401,3.2739272156051843e-07,3.3158184349346698e-06,2.9693014708320202e-09,1.3581489674062325e-10,1.0602439813362472e-08,5.7486183192858814e-11,0.0,0
laplace,1.425,10.0,801,4.999452196924861e-08,5.798710740467783e-07,3.133901139496339e-09,1.433428644302171e-10,1.1213519147298078e-08,6.091403454357147e-11,0.0,0
laplace,2.0676,6.0,201,1.2436922304155584e-05,3.0533561419243682e-06,4.972619590572094e-06,1.7746753013988892e-06,1.3284486594996779e-05,1.4598506963798706e-06,0.0,0
laplace,2.0676,6.0,401,1.221339758763869e-05,9.703353469614484e-07,5.469546698305949e-06,1.9520015393449252e-06,1.4582505880470196e-05,1.6085579073136466e-06,0.0,0
laplace,2.0676,6.0,801,1.2183943470395803e-05,1.952980524633219e-06,5.720379339827354e-06,2.04151579575351e-06,1.5233912436804001e-05,1.683378082365674e-06,0.0,0
laplace,2.0676,8.0,201,1.4856986030638584e-06,9.920853524914008e-06,5.179614239890289e-08,1.4608799750053198e-08,1.8305949217120726e-07,1.0508228550893992e-08,0.0,0
laplace,2.0676,8.0,401,1.442255473078854e-07,1.9970083779963232e-06,5.7517752444175746e-08,1.6222388832630518e-08,2.0286558167080645e-07,1.1696710356251244e-08,0.0,0
laplace,2.0676,8.0,801,9.636813155202109e-08,2.4577347756959966e-07,6.042353007782524e-08,1.7041880606618272e-08,2.1282712378165378e-07,1.2296506054892879e-08,0.0,0
laplace,2.0676,10.0,201,5.945943135311578e-06,1.906958067876552e-05,4.119316938040872e-10,1.0164585602380836e-10,1.7086040390011357e-09,5.850208200740849e-11,0.0,0
laplace,2.0676,10.0,401,1.1587005017556695e-07,3.3346787449151094e-06,4.620176245189861e-10,1.1400528092237516e-10,1.9151271842444337e-09,6.587243067258774e-11,0.0,0
laplace,2.0676,10.0,801,1.6615753005827314e-08,5.825999698227946e-07,4.876281731030711e-10,1.2032438990085012e-10,2.01916543762265e-09,6.960101837505962e-11,0.0,0
laplace,3.0,6.0,201,3.4336571545838713e-06,2.5048072640476704e-06,2.7651479738089e-06,1.814223369948594e-06,4.660674025857062e-06,1.789597080314881e-06,0.0,0
laplace,3.0,6.0,401,3.3846267560944487e-06,1.5116338774046056e-06,3.0414609088777803e-06,1.995502925034297e-06,5.122696505984091e-06,1.9706811121101487e-06,0.0,0
laplace,3.0,6.0,801,3.377955048927189e-06,2.4930418400792576e-06,3.180937751526411e-06,2.0870124424920886e-06,5.354755764705119e-06,2.0617539990412543e-06,0.0,0
laplace,3.0,8.0,201,3.076220423619321e-07,9.882678997374938e-06,2.5742641447861543e-08,1.505540278432375e-08,6.100824221621334e-08,1.554075431747154e-08,0.0,0
laplace,3.0,8.0,401,4.297427052638381e-08,1.989586614570271e-06,2.858620389306619e-08,1.671833914543091e-08,6.762794498984876e-08,1.727410599483017e-08,0.0,0
laplace,3.0,8.0,801,3.242779728640851e-08,2.4030809964159516e-07,3.003033764016125e-08,1.75628885561312e-08,7.095821380529799e-08,1.8147991348838282e-08,0.0,0
laplace,3.0,10.0,201,1.1685400253199563e-06,1.8940176094162098e-05,1.9305319546818874e-10,1.0528787038596448e-10,6.449206863896537e-10,1.1180364905267819e-10,0.0,0
laplace,3.0,10.0,401,2.403294334474134e-08,3.3305693785123935e-06,2.165270888580741e-10,1.1809039012086733e-10,7.217547501046119e-10,1.2555661274018702e-10,0.0,0
laplace,3.0,10.0,801,3.5978782632644527e-09,5.819317876465391e-07,2.285293647530319e-10,1.2463596569194936e-10,7.604329323348415e-10,1.3249888171552697e-10,0.0,0
laplace,0.05,6.0,201,0.23292264237630414,0.012816566588354172,0.028860406270080265,0.0004418270751595912,0.932567611946493,0.0059740197353310666,5.344371890547264e-05,1
laplace,0.05,6.0,401,0.2337634350875065,0.012840996936574367,0.0314430176034696,0.00048544526709099996,0.9423590540654304,0.006354370338792962,5.114167705735661e-05,1
laplace,0.05,6.0,801,0.23398104693246666,0.012847254932437435,0.03280073866523583,0.0005075628698572121,0.9473527242049518,0.006543032441885349,4.9986345193508115e-05,1
laplace,0.05,8.0,201,0.00019279036754111864,8.469461551419144e-06,0.0023680207804983007,6.146805531533614e-06,0.003561021258457973,3.4775885713595635e-06,0.0027887904228855722,1
laplace,0.05,8.0,401,2.9655104051740375e-05,1.2135633353782538e-06,0.0026297062996909967,6.825694564457638e-06,0.004518327119636447,4.412473899570492e-06,0.002720250155860349,1
laplace,0.05,8.0,801,2.9047786637811864e-05,3.838286488644371e-08,0.002762596236363137,7.170517489164869e-06,0.005042432804403609,4.924306129427639e-06,0.002682194132334582,1
laplace,0.05,10.0,201,0.0007028207161367885,9.361595547652257e-07,1.5344591227677615e-05,3.978352094886244e-08,8.427933604231076e-20,8.230403910393212e-23,0.03782357742537314,1
laplace,0.05,10.0,401,1.3262359522359262e-05,2.312120309211352e-06,1.7207871219963017e-05,4.4617474297645175e-08,2.192110094604631e-19,2.1407325142664413e-22,0.03697299719451372,1
laplace,0.05,10.0,801,5.804926289482387e-07,3.947201983045545e-07,1.816157708099568e-05,4.709024913044697e-08,3.3287034180481553e-19,3.250686931694808e-22,0.03658634714419476,1
laplace,0.0725,6.0,201,0.15704165912118256,0.007733419666915653,0.0220041996233316,0.00038997747622339775,0.6952446931126961,0.004915949708035467,0.0,1
laplace,0.0725,6.0,401,0.1573456932381489,0.007735231849702595,0.024120869576244482,0.000428770910309948,0.720291314097607,0.005275877582927242,0.0,1
laplace,0.0725,6.0,801,0.15742153370711015,0.007735869129529949,0.02520525584890482,0.00044838801252404455,0.7326921762773665,0.0054550125360806855,0.0,1
laplace,0.0725,8.0,201,8.648759454524694e-05,8.824362218273762e-06,0.0006310275185726958,3.955648333111746e-06,0.00021495070259487138,2.2183353256731739e-07,0.0,1
laplace,0.0725,8.0,401,3.971109997104827e-06,1.4765671016991888e-06,0.0007007197088540804,4.392406318880058e-06,0.00027865911049786314,2.8832821239875046e-07,0.0,1
laplace,0.0725,8.0,801,1.6901898071420365e-06,1.775824318706043e-07,0.0007361135363405677,4.614264906995246e-06,0.00031405949172648066,3.253477710364693e-07,0.0,1
laplace,0.0725,10.0,201,0.0003494711348235463,6.511831160294079e-06,4.08051921093449e-06,2.5584087755090106e-08,1.3738903900174801e-19,1.3427429003144658e-22,0.0006899098258706468,1
laplace,0.0725,10.0,401,1.0177507495524059e-05,2.4548117016909288e-06,4.5764989292212035e-06,2.869330921641058e-08,2.9934354696816692e-19,2.925785113265729e-22,0.0006502298940149626,1
laplace,0.0725,10.0,801,3.6562189726091877e-07,4.2429354030204536e-07,4.830126329241826e-06,3.0283483445432735e-08,4.22760912072676e-19,4.132201314994315e-22,0.0006376306960049938,1
laplace,0.1053,6.0,201,0.15480081950533192,0.008822885698110294,0.02283219348779164,0.0003507112884745601,0.7299093501511703,0.003879567987195138,0.0,1
laplace,0.1053,6.0,401,0.15504124476854217,0.008828204487792979,0.025004056799983406,0.00038558378925991496,0.7528269654802113,0.004173013862557229,0.0,1
laplace,0.1053,6.0,801,0.1551017265510878,0.008829608944748824,0.02612145351336323,0.0004032204232640232,0.7642634687340191,0.004319948117864369,0.0,1
laplace,0.1053,8.0,201,0.0007128622071220478,3.2907934448545006e-06,0.0018954966072136255,5.115036880790004e-06,0.0260979968591988,2.6789601168186504e-05,0.0,1
laplace,0.1053,8.0,401,0.0007008517984143883,3.978588897002311e-06,0.0021053444365831814,5.680401816435663e-06,0.03008739805471396,3.097018517722555e-05,0.0,1
laplace,0.1053,8.0,801,0.0006984568475931994,5.22912577105572e-06,0.0022118272931905603,5.967465016120109e-06,0.03212820241811943,3.311469354181851e-05,0.0,1
laplace,0.1053,10.0,201,0.00012577582923011432,7.615664897375751e-06,1.2869424953380588e-05,3.369249162685301e-08,3.310518187296779e-11,3.233495830894947e-14,0.0,1
laplace,0.1053,10.0,401,5.541809344832997e-06,2.4090147014987906e-06,1.4432932168421192e-05,3.778648093731203e-08,5.203750647197196e-11,5.082769906058392e-14,0.0,1
laplace,0.1053,10.0,801,2.4073575316096206e-07,4.268381581518099e-07,1.5232797796667336e-05,3.988060830334817e-08,6.400301060595557e-11,6.251552958138173e-14,0.0,1
laplace,0.1527,6.0,201,0.08902338001841233,0.005367061477598689,0.014977101917905558,0.00029843108292837406,0.38172269115970225,0.003472424063270539,0.0,1
laplace,0.1527,6.0,401,0.08907234354772693,0.005365498379701794,0.016447359686029655,0.0003282121663955784,0.404493593791021,0.0037678787980159056,0.0,1
laplace,0.1527,6.0,801,0.08908429800671888,0.005365091281802181,0.01719473256348726,0.0003432532840849694,0.41580693030782934,0.003915681010479389,0.0,1
laplace,0.1527,8.0,201,5.796869855726899e-05,7.12927382995332e-06,0.0005486458438398916,3.222009797784598e-06,0.0019589644911018377,2.589034345675223e-06,0.0,1
laplace,0.1527,8.0,401,4.919613211891163e-05,1.10297745781196e-06,0.0006092910541004703,3.577854836934053e-06,0.002303813822887622,3.0663215731324035e-06,0.0,1
laplace,0.1527,8.0,801,4.8962343123711034e-05,1.9437274079159295e-07,0.000640083207715927,3.758592250541039e-06,0.0024831283185487735,3.3163495125764325e-06,0.0,1
laplace,0.1527,10.0,201,6.0824848789065996e-05,5.441367521230589e-06,3.6185684675680373e-06,2.0918487053827325e-08,3.838077371376923e-12,4.448019108155904e-15,0.0,1
laplace,0.1527,10.0,401,2.727604550180148e-06,2.428265117204731e-06,4.058388271316168e-06,2.346045390891934e-08,5.76851004129735e-12,6.6597915142520934e-15,0.0,1
laplace,0.1527,10.0,801,1.8259768541141605e-07,4.3521792592038366e-07,4.283304454585477e-06,2.4760644472883226e-08,6.958187137046962e-12,8.020352156564997e-15,0.0,1
laplace,0.2216,6.0,201,0.15646428582567454,0.011781153917210796,0.018841885897054562,0.0002437096643475615,0.6162993930045118,0.0035313574766463957,0.0,1
laplace,0.2216,6.0,401,0.15657152299605484,0.011785260969000566,0.02065876494755058,0.0002679349487255948,0.6404286731937002,0.00379227754976282,0.0,1
laplace,0.2216,6.0,801,0.15659828909809936,0.01178632633319121,0.021588721509269743,0.0002801885284317849,0.6525003009194947,0.003922789916451541,0.0,1
laplace,0.2216,8.0,201,0.017310763164608733,0.00032695949274619274,0.003847436191378541,8.05399939276621e-06,0.24598988055545484,0.0002881035931970962,0.0,1
laplace,0.2216,8.0,401,0.017317041353198198,0.0003328554185055843,0.00427045277818251,8.941532729198223e-06,0.26506718245746985,0.0003126065965264044,0.0,1
laplace,0.2216,8.0,801,0.017318437058165322,0.0003340756801732958,0.004485689988453515,9.392725470092695e-06,0.27449644486274183,0.00032479908496706574,0.0,1
laplace,0.2216,10.0,201,5.270797335130014e-05,1.1092637659970705e-05,6.052910287919969e-05,9.357689613508551e-08,0.0001781125199067565,1.7604922846066297e-07,0.0,1
laplace,0.2216,10.0,401,2.980014851141755e-06,2.5339967339998992e-06,6.788784534045444e-05,1.0495144894011243e-07,0.00021728795157069115,2.1485343748895572e-07,0.0,1
laplace,0.2216,10.0,801,2.6442596032233888e-06,4.303743030842355e-07,7.165136002075641e-05,1.1076907658252615e-07,0.0002382671865977255,2.356377269433197e-07,0.0,1
laplace,0.3215,6.0,201,0.07269620205595206,0.005029446234108725,0.008151185259937204,0.00018137535227606607,0.25273422551442415,0.002593733032743041,0.0,1
laplace,0.3215,6.0,401,0.07270350787576733,0.005028475266394938,0.008958459040217283,0.00019948741241335638,0.2698797141882903,0.0028227368179993516,0.0,1
laplace,0.3215,6.0,801,0.07270523314761337,0.005028265089479289,0.009367396199055428,0.0002086325341414272,0.27839877142467806,0.0029374054348730257,0.0,1
laplace,0.3215,8.0,201,0.0008509972531492411,5.940360048084514e-06,0.0004252997388312788,2.5618988206473584e-06,0.010942710140586284,2.827147279699409e-05,0.0,1
laplace,0.3215,8.0,401,0.0008466140024260848,1.1555274539665206e-05,0.0004723158087696856,2.8449622187055948e-06,0.012226225508349406,3.187515331493778e-05,0.0,1
laplace,0.3215,8.0,801,0.0008455632926280465,1.2880679266746853e-05,0.0004961869826978451,2.988708643064476e-06,0.012872914057038564,3.3703507239800475e-05,0.0,1
laplace,0.3215,10.0,201,3.9545875161014385e-05,1.1032955288703405e-05,3.625832833103663e-06,1.7812345199159828e-08,5.772657654225452e-07,7.88835934432125e-10,0.0,1
laplace,0.3215,10.0,401,8.802662746034579e-07,2.5386278224015513e-06,4.066474484772394e-06,1.9976943644422573e-08,7.151203198202743e-07,9.798866995674437e-10,0.0,1
laplace,0.3215,10.0,801,1.2905252880114639e-07,4.487776978923108e-07,4.291856343781745e-06,2.1084109858697098e-08,7.896799193483842e-07,1.0836489033227973e-09,0.0,1
laplace,0.4665,6.0,201,0.05610075235024792,0.0034926867963467334,0.006526645301661127,0.0001056515101940005,0.23943679490023873,0.0014973656722939326,0.0,1
laplace,0.4665,6.0,401,0.05610527751295897,0.0034935030627725183,0.007173658837995426,0.00011620120777183482,0.2551695098787221,0.0016317175745207916,0.0,1
laplace,0.4665,6.0,801,0.0561063821470649,0.0034937230674116915,0.007501296314588033,0.00012152804569186352,0.26300968299388316,0.0016990381161884624,0.0,1
laplace,0.4665,8.0,201,0.0048370298951732485,7.688233006497569e-05,0.0006387227069463038,2.076595454574665e-06,0.055822943770477265,7.556805822532976e-05,0.0,1
laplace,0.4665,8.0,401,0.004831817266520899,8.220966859018297e-05,0.0007093228131534671,2.3060545856535886e-06,0.06095660871539231,8.298330454987554e-05,0.0,1
laplace,0.4665,8.0,801,0.004830585941330133,8.3567453813993e-05,0.0007451703984356293,2.422576373801101e-06,0.06351316363342635,8.669099620848582e-05,0.0,1
laplace,0.4665,10.0,201,2.7525542206791877e-05,1.072229166387828e-05,8.666290297948714e-06,1.9688305117975393e-08,0.0002505272491806257,2.569532977367343e-07,0.0,1
laplace,0.4665,10.0,401,8.142837636057112e-06,2.592311173277295e-06,9.720241710549273e-06,2.208186380679164e-08,0.0002898989660909681,2.976606946967267e-07,0.0,1
laplace,0.4665,10.0,801,8.106450369139553e-06,4.018169337260957e-07,1.0259166164212353e-05,2.330595064339214e-08,0.0003101197565054414,3.185936015521483e-07,0.0,1
laplace,0.6769,6.0,201,0.017494855432016523,0.00098707904559725,0.001326769240423512,4.1294463130442215e-05,0.07039119962100557,0.0005941259522212649,0.0,1
laplace,0.6769,6.0,401,0.0174876478703322,0.0009891533305057543,0.0014593332370134377,4.5422160725496266e-05,0.07601718619202474,0.0006514911473167617,0.0,1
laplace,0.6769,6.0,801,0.01748589333815354,0.0009896734351251268,0.0015262526505748204,4.7505485692962086e-05,0.07882096085921611,0.0006802658609233874,0.0,1
laplace,0.6769,8.0,201,0.00047593395853381883,6.182955005762381e-07,3.652091929534666e-05,4.493126461009749e-07,0.005126889234119429,8.133365124611296e-06,0.0,1
laplace,0.6769,8.0,401,0.00047464556250848043,4.972992370344542e-06,4.055843909793246e-05,4.989466092570406e-07,0.005660276091809526,9.04108630663762e-06,0.0,1
laplace,0.6769,8.0,801,0.000474359699404689,6.426274091753115e-06,4.260832081643295e-05,5.241539710263772e-07,0.0059274321583617905,9.49821804798814e-06,0.0,1
laplace,0.6769,10.0,201,2.1505173270063816e-05,1.1197524617756471e-05,3.1166740397171655e-07,3.1802106660092332e-09,1.5070428329116116e-05,1.6312025412865122e-08,0.0,1
laplace,0.6769,10.0,401,9.449879700063218e-07,2.7657827892380027e-06,3.49557102774874e-07,3.5667284091740266e-09,1.7336327675052946e-05,1.8791298408491917e-08,0.0,1
laplace,0.6769,10.0,801,6.515230671455638e-07,4.813889920018966e-07,3.6893345189278864e-07,3.764419016978675e-09,1.8498057397273703e-05,2.006461482771531e-08,0.0,1
laplace,0.9821,6.0,201,0.008941437128806259,0.0007089109507154578,0.0005256279757128483,2.125973736385382e-05,0.011853942271934228,0.00040347491396450794,0.0,1
laplace,0.9821,6.0,401,0.008934357534554994,0.0007115089986278189,0.0005781557119024346,2.33849724490495e-05,0.012904790093834252,0.00044221195287639115,0.0,1
laplace,0.9821,6.0,801,0.008932640728101042,0.0007121663655103028,0.0006046699050223705,2.4457584977501866e-05,0.013429678961544352,0.00046162805516257303,0.0,1
laplace,0.9821,8.0,201,0.00013036247236763825,2.9511892831735054e-06,1.4416150105581548e-05,2.538978786709607e-07,0.00046454225301788943,5.864419677992086e-06,0.0,1
laplace,0.9821,8.0,401,0.00012968522313064446,3.0312263510356985e-06,1.6008971153802334e-05,2.819455878105418e-07,0.0005137096154916099,6.526876929142688e-06,0.0,1
laplace,0.9821,8.0,801,0.00012949394953674654,4.5547179674532146e-06,1.681784031100599e-05,2.961899698903387e-07,0.0005383830014843248,6.860818646355898e-06,0.0,1
laplace,0.9821,10.0,201,1.3411500370595436e-05,1.1768336947604041e-05,1.6194321911463462e-07,1.99301724927851e-09,2.638818081201883e-06,1.686216225474304e-08,0.0,1
laplace,0.9821,10.0,401,7.792935226633359e-07,2.889341225831288e-06,1.8163259671052542e-07,2.2352769953904835e-09,2.991802873777338e-06,1.923029711219109e-08,0.0,1
laplace,0.9821,10.0,801,3.6105266785970134e-07,5.021459610343726e-07,1.9170187665281102e-07,2.3591799170185865e-09,3.170968280196721e-06,2.0438563858262812e-08,0.0,1
laplace,1.425,6.0,201,0.001579995180301943,0.00013778210251236267,7.221768507246953e-05,6.675146632963592e-06,0.0022673511694132425,8.01148278861276e-05,0.0,1
laplace,1.425,6.0,401,0.001578285176157708,0.00014127128408869538,7.943914535266328e-05,7.342327825295339e-06,0.0024721441637744574,8.787315566757625e-05,0.0,1
laplace,1.425,6.0,801,0.0015778529176051419,0.00014215189334199074,8.308339661796485e-05,7.67907846056619e-06,0.0025745280691258587,9.176421267499346e-05,0.0,1
laplace,1.425,8.0,201,3.1772897439267106e-05,6.597225091553582e-06,1.2493359915477915e-06,7.049043031516721e-08,0.0001116513060010508,1.502193933593277e-06,0.0,1
laplace,1.425,8.0,401,3.1429475046379566e-05,3.527821219595495e-07,1.3874053252874186e-06,7.827708579563194e-08,0.00012294348140114392,1.6645468740254871e-06,0.0,1
laplace,1.425,8.0,801,3.127568416489395e-05,1.2837898124562486e-06,1.4575145602091256e-06,8.223174310134901e-08,0.0001286000027793966,1.7462013242604004e-06,0.0,1
laplace,1.425,10.0,201,8.316966608198546e-06,1.1702554924442055e-05,1.2075185256853106e-08,5.503024779107526e-10,2.0042140671115247e-06,1.3264526224804838e-08,0.0,1
laplace,1.425,10.0,401,6.590239897286025e-07,3.091609606764578e-06,1.3543429543870165e-08,6.171912598218888e-10,2.23814046909061e-06,1.4902513558088752e-08,0.0,1
laplace,1.425,10.0,801,3.237510884467099e-07,5.374898390808625e-07,1.4294286037213458e-08,6.51403555127771e-10,2.355740492957928e-06,1.572973880364117e-08,0.0,1
laplace,2.0676,6.0,201,7.194204253174158e-05,3.049276676270196e-06,1.4696410956924072e-05,2.1877811173348495e-06,0.00011242837969154297,5.1519105845875495e-06,0.0,1
laplace,2.0676,6.0,401,7.162052064768712e-05,6.99681495741622e-06,1.6165388472401666e-05,2.4063977266861297e-06,0.00012311504601148504,5.664133924252781e-06,0.0,1
laplace,2.0676,6.0,801,7.156487043066009e-05,7.969632287885275e-06,1.690681673487127e-05,2.516752551972883e-06,0.00012846958515593998,5.921447950011023e-06,0.0,1
laplace,2.0676,8.0,201,2.8348608484596056e-06,9.423466956537396e-06,1.9284262617796612e-07,1.8956101964964322e-08,3.4872515505081684e-06,6.710225962652085e-08,0.0,1
laplace,2.0676,8.0,401,1.2744283039772955e-06,1.920880461137031e-06,2.141462532838745e-07,2.1049935250285887e-08,3.842296744740649e-06,7.440802331441672e-08,0.0,1
laplace,2.0676,8.0,801,1.2212491704473707e-06,1.846497803548175e-07,2.249655590786792e-07,2.2113324193802917e-08,4.020265833027623e-06,7.808487062138127e-08,0.0,1
laplace,2.0676,10.0,201,9.005066118438316e-06,1.7191746447764444e-05,1.7657623845998852e-09,1.3570398548388233e-10,7.593130417088054e-08,6.944582825008111e-10,0.0,1
laplace,2.0676,10.0,401,2.0482979725715194e-07,3.299890307228992e-06,1.9804177181139677e-09,1.5220414543087684e-10,8.443754470479747e-08,7.774537958413185e-10,0.0,1
laplace,2.0676,10.0,801,3.8083347745545416e-08,5.77481486851994e-07,2.0902028330742826e-09,1.6064076162011104e-10,8.87039628289217e-08,8.19263066742292e-10,0.0,1
laplace,3.0,6.0,201,4.236051849480437e-06,2.4519223087438036e-06,2.654220811212418e-06,1.8179732812280168e-06,8.520279328329968e-06,1.8205407071417939e-06,0.0,1
laplace,3.0,6.0,401,4.18396383644585e-06,1.5639845238890615e-06,2.9194555281836492e-06,1.9996276545376584e-06,9.358838590881978e-06,2.004668792105264e-06,0.0,1
laplace,3.0,6.0,801,4.176733471475042e-06,2.54535116228638e-06,3.053338796909271e-06,2.091326352000194e-06,9.779811460802928e-06,2.0972689876195195e-06,0.0,1
laplace,3.0,8.0,201,3.400359200202152e-07,9.878268803831247e-06,2.400430628864931e-08,1.50906875198831e-08,1.3362395149939312e-07,1.6090542903025175e-08,0.0,1
laplace,3.0,8.0,401,5.57447735266795e-08,1.9889289739616345e-06,2.665596712020338e-08,1.6757522066480036e-08,1.4800661042495714e-07,1.788295832977431e-08,0.0,1
laplace,3.0,8.0,801,4.4850165399901424e-08,2.397051586111587e-07,2.8002590582959922e-08,1.7604051085429294e-08,1.552383262064521e-07,1.8786517947084753e-08,0.0,1
laplace,3.0,10.0,201,1.2687465135535249e-06,1.8922944314159196e-05,1.782499039499712e-10,1.0554294368688002e-10,1.6121038572498493e-09,1.189359140546384e-10,0.0,1
laplace,3.0,10.0,401,2.6123120737766766e-08,3.3304008544288166e-06,1.9992804694724582e-10,1.18376486027442e-10,1.802460016279774e-09,1.3352889871426575e-10,0.0,1
laplace,3.0,10.0,801,3.981384078058205e-09,5.819116615235487e-07,2.110103357407372e-10,1.2493792127947154e-10,1.898208879993358e-09,1.4089321385048703e-10,0.0,1
student,0.05,6.0,201,1.9329443646963848e-12,4.96269692007445e-14,0.0003556751405497966,8.541638791211548e-06,3.030303631088273e-10,2.9592811135900143e-13,0.0,0
student,0.05,6.0,401,1.7766948941137646e-12,3.430589146091734e-14,0.0003894260863107954,9.260194344251398e-06,4.2363789310321114e-10,4.1370891749483e-13,0.0,0
student,0.05,6.0,801,1.736717763978007e-12,6.405986852087153e-14,0.00040643834256029113,9.620540006282806e-06,4.94884719935994e-10,4.83285906754974e-13,0.0,0
student,0.05,8.0,201,1.6545693662431656e-15,3.697042672001771e-14,1.7130956530498956e-05,1.5834294218338424e-06,2.3270898391743948e-33,2.2725486710687456e-36,0.0,0
student,0.05,8.0,401,1.2793013246276307e-15,3.697042672001771e-14,1.8665157009924005e-05,1.7144694110670744e-06,6.038179217924691e-33,5.896659392504583e-36,0.0,0
student,0.05,8.0,801,1.1001518186459806e-15,5.928590951498336e-14,1.9436327484666895e-05,1.7801430654079029e-06,9.173974386829259e-33,8.958959362137952e-36,0.0,0
student,0.05,10.0,201,1.0760684469521067e-15,4.1522341120980855e-14,2.527931617731569e-06,4.714483977797138e-07,5.4151931485737404e-71,5.2882745591540434e-74,0.0004615593905472637,0
student,0.05,10.0,401,1.0460860833472426e-15,2.3869795029440866e-14,2.748240021650188e-06,5.10266647510008e-07,4.184175646201996e-70,4.086109029494137e-73,0.0004261806421446384,0
student,0.05,10.0,801,1.131720098679518e-15,2.3869795029440866e-14,2.8588519475569963e-06,5.297179641052508e-07,9.983150328850367e-70,9.749170243017936e-73,0.00041208255305867663,0
student,0.0725,6.0,201,3.806980577576588e-15,4.418687638008123e-14,0.00012019539018413295,8.426742981903137e-06,4.447449922557105e-13,5.315510276056824e-16,0.0,0
student,0.0725,6.0,401,3.601346920852466e-15,2.9531932455029164e-14,0.00013114702748385286,9.133458281512703e-06,6.071091342673268e-13,7.312380476201724e-16,0.0,0
student,0.0725,6.0,801,3.5383475544629984e-15,5.928590951498336e-14,0.00013665615271711096,9.487812711025172e-06,7.018146298111864e-13,8.483244628097173e-16,0.0,0
student,0.0725,8.0,201,1.211032330857568e-15,3.68594044175552e-14,8.871947707417546e-06,1.5837479503512074e-06,1.389849231305456e-32,1.363135817478805e-35,0.0,0
student,0.0725,8.0,401,9.31345287816259e-16,3.708144902248023e-14,9.648651107469955e-06,1.714787135064311e-06,2.882835809769276e-32,2.8280962200382735e-35,0.0,0
student,0.0725,8.0,801,7.818966148811499e-16,5.928590951498336e-14,1.003868691383234e-05,1.7804597240625133e-06,3.992666479402112e-32,3.917258638732734e-35,0.0,0
student,0.0725,10.0,201,7.568663339725285e-16,4.1522341120980855e-14,1.5945835034023277e-06,4.718779773888977e-07,1.202704838727446e-61,1.1747334266190193e-64,0.0,0
student,0.0725,10.0,401,7.908052825331045e-16,2.375877272697835e-14,1.7314372010246125e-06,5.107315202929114e-07,5.1193942456724376e-61,5.000397744799237e-64,0.0,0
student,0.0725,10.0,801,8.717335960264366e-16,2.375877272697835e-14,1.8001080236609291e-06,5.302005091323608e-07,9.54186652072361e-61,9.32012624556667e-64,0.0,0
student,0.1053,6.0,201,2.2680219711655104e-10,9.476863738200336e-13,0.00018806631043508104,8.494362965495486e-06,8.463552115266095e-09,8.409991184499281e-12,0.0,0
student,0.1053,6.0,401,2.206912108305396e-10,9.070522111187529e-13,0.000205640196851741,9.208195196949684e-06,1.0315490272686108e-08,1.0261240360684752e-11,0.0,0
student,0.1053,6.0,801,2.1915391566317118e-10,9.303668946358812e-13,0.0002144918986309981,9.566152239086683e-06,1.1320014643852591e-08,1.1266348255873429e-11,0.0,0
student,0.1053,8.0,201,1.0020024392374745e-15,3.708144902248023e-14,1.1089213656697396e-05,1.5808347600593601e-06,8.396469213373912e-21,8.199799167897565e-24,0.0,0
student,0.1053,8.0,401,7.075477152911869e-16,3.708144902248023e-14,1.2069912160087442e-05,1.7116538474201004e-06,1.2801579869447574e-20,1.2501747013664513e-23,0.0,0
student,0.1053,8.0,801,6.621192719930505e-16,5.928590951498336e-14,1.2562603930307552e-05,1.7772166588410766e-06,1.554446279403267e-20,1.5180397470636266e-23,0.0,0
student,0.1053,10.0,201,6.28468744419274e-16,4.1522341120980855e-14,1.8388989467985063e-06,4.7083123588528445e-07,5.4499734476187766e-39,5.322239838669985e-42,0.0,0
student,0.1053,10.0,401,5.994323507480755e-16,2.375877272697835e-14,1.9976372158217263e-06,5.095975388935636e-07,1.2434179039546792e-38,1.214275333924644e-41,0.0,0
student,0.1053,10.0,801,6.486896325853375e-16,2.375877272697835e-14,2.077307257305442e-06,5.290228107349079e-07,1.7920597087143843e-38,1.7500583655723413e-41,0.0,0
student,0.1527,6.0,201,8.952324534082546e-11,5.719869022868806e-13,5.7517804437992644e-05,8.223392236197526e-06,2.828849221166484e-09,4.189835089410363e-12,0.0,0
student,0.1527,6.0,401,8.741332161345332e-11,5.440092820663267e-13,6.269654923840687e-05,8.911695245605764e-06,3.4182224564805574e-09,5.073313866115908e-12,0.0,0
student,0.1527,6.0,801,8.688282254448174e-11,5.704325900524054e-13,6.530052792440734e-05,9.256791467281825e-06,3.736239312197463e-09,5.550814145147794e-12,0.0,0
student,0.1527,8.0,201,8.685479794989137e-16,3.68594044175552e-14,5.350120025824143e-06,1.5693494761237872e-06,1.392768096424649e-19,2.3968447064671765e-22,0.0,0
student,0.1527,8.0,401,5.738760616399589e-16,3.68594044175552e-14,5.811313416388681e-06,1.6991158406579716e-06,1.9485206065667687e-19,3.3359020573388926e-22,0.0,0
student,0.1527,8.0,801,4.961045256504843e-16,5.906386491005833e-14,6.04277246861492e-06,1.7641490754551536e-06,2.2778000885831453e-19,3.8905856781560465e-22,0.0,0
student,0.1527,10.0,201,4.858262729747146e-16,4.1300296516055823e-14,1.107018047302033e-06,4.696424688203573e-07,1.9429474158937456e-33,3.1148149833727114e-36,0.0,0
student,0.1527,10.0,401,4.704266887646285e-16,2.353672812205332e-14,1.2009324628167892e-06,5.083008346027853e-07,3.45000606980294e-33,5.567039894434966e-36,0.0,0
student,0.1527,10.0,801,5.217027847147538e-16,2.353672812205332e-14,1.2480376907385461e-06,5.276718335979846e-07,4.475284134638769e-33,7.241855238416565e-36,0.0,0
student,0.2216,6.0,201,0.00014212719675026346,1.1080894897208537e-06,0.0011347191823681284,9.894662430888635e-06,0.002026236790815693,1.983602663981978e-06,0.0,0
student,0.2216,6.0,401,0.0001414821782642806,1.102031717215013e-06,0.0012509203871306758,1.0749710005167543e-05,0.002270882697658563,2.2233477657435445e-06,0.0,0
student,0.2216,6.0,801,0.00014132083014468635,1.1005159599175585e-06,0.0013097293834945032,1.1179077843230748e-05,0.0023956662693764143,2.3456464935463426e-06,0.0,0
student,0.2216,8.0,201,4.347624454304519e-10,1.9824142327706795e-12,2.894686659273535e-05,1.6232670724921903e-06,1.4119034234140114e-08,1.378828489066689e-11,0.0,0
student,0.2216,8.0,401,4.253693763587448e-10,1.9380053117856733e-12,3.1668206346255575e-05,1.7580171785373937e-06,1.6970193432637332e-08,1.657266135542116e-11,0.0,0
student,0.2216,8.0,801,4.230091475657829e-10,1.949107542031925e-12,3.3039699446797003e-05,1.8255594854408453e-06,1.8503097765024076e-08,1.8069661075216095e-11,0.0,0
student,0.2216,10.0,201,4.252096088046359e-16,4.107825191113079e-14,3.1567002902020442e-06,4.7576998010051037e-07,9.532915101210297e-16,9.309490780237611e-19,0.0,0
student,0.2216,10.0,401,4.081007408417922e-16,2.3314683517128287e-14,3.4363380294679834e-06,5.149741704905439e-07,1.2677736406464291e-15,1.2380606695815095e-18,0.0,0
student,0.2216,10.0,801,4.3504369642909326e-16,2.353672812205332e-14,3.576843122832311e-06,5.346194433772468e-07,1.448396867788303e-15,1.4144506205270145e-18,0.0,0
student,0.3215,6.0,201,5.87708718681564e-05,5.79252603438718e-07,0.00045639028642120976,9.173059076406278e-06,0.0006164787867506391,9.31808493467534e-07,0.0,0
student,0.3215,6.0,401,5.854779787460922e-05,5.765041173333429e-07,0.0005021222862404807,9.958375418234055e-06,0.0006879618437544291,1.0431031986011852e-06,0.0,0
student,0.3215,6.0,801,5.849199586432979e-05,5.758163912350511e-07,0.0005252458506123584,1.0352547961503963e-05,0.0007243459512943783,1.0998822908497485e-06,0.0,0
student,0.3215,8.0,201,1.5973096563288476e-09,8.574696508389934e-12,1.623746766892958e-05,1.5814341153157387e-06,3.4404478311673716e-08,3.6261319027334246e-11,0.0,0
student,0.3215,8.0,401,1.5760420249152213e-09,8.453016064891017e-12,1.7738260293273143e-05,1.712505566940667e-06,4.0202336874603366e-08,4.243208709686301e-11,0.0,0
student,0.3215,8.0,801,1.5707079418719004e-09,8.445022459113716e-12,1.8494059927881254e-05,1.7782000729084911e-06,4.3258255499887824e-08,4.568849080487151e-11,0.0,0
student,0.3215,10.0,201,4.943919820256742e-15,4.107825191113079e-14,2.1160670538350307e-06,4.6856355091007816e-07,1.8675698798305074e-13,1.8629181011887496e-16,0.0,0
student,0.3215,10.0,401,4.782633708792685e-15,2.3314683517128287e-14,2.3009042727708293e-06,5.071453750279645e-07,2.294976633207797e-13,2.289956875921349e-16,0.0,0
student,0.3215,10.0,801,4.747923421462984e-15,2.375877272697835e-14,2.393723147375287e-06,5.264783106470682e-07,2.5283476359062074e-13,2.5231784839711073e-16,0.0,0
student,0.4665,6.0,201,7.577419386560194e-06,1.1502309416044909e-07,0.0002080203425808852,8.606855357177139e-06,3.97504585521554e-05,1.3752306714619898e-07,0.0,0
student,0.4665,6.0,401,7.556731321474496e-06,1.1465583948933045e-07,0.00022904677999046493,9.338854095707271e-06,4.422019347266644e-05,1.5296911533761102e-07,0.0,0
student,0.4665,6.0,801,7.55155689773595e-06,1.1456398940623558e-07,0.0002396966509755677,9.706182725992403e-06,4.649146325553505e-05,1.6082227734013744e-07,0.0,0
student,0.4665,8.0,201,7.12455085820628e-09,5.877964781575429e-11,1.0480643608546298e-05,1.5556598199081771e-06,5.838176627814451e-08,1.124146327630103e-10,0.0,0
student,0.4665,8.0,401,7.088259668699571e-09,5.843303618746631e-11,1.1503409298810497e-05,1.6845262790444759e-06,6.562201282447299e-08,1.2689873804013832e-10,0.0,0
student,0.4665,8.0,801,7.07917711751799e-09,5.836864325203805e-11,1.2020455627219877e-05,1.749116011568522e-06,6.932819960748869e-08,1.343408817599217e-10,0.0,0
student,0.4665,10.0,201,1.7820204096791887e-12,5.1514348342607263e-14,1.3303689188910993e-06,4.643615990867561e-07,2.6689632417853357e-11,4.29369746474066e-14,0.0,0
student,0.4665,10.0,401,1.7586962857417436e-12,3.375077994860476e-14,1.4445492807742446e-06,5.025764688082837e-07,3.108745257927736e-11,5.001352230801006e-14,0.0,0
student,0.4665,10.0,801,1.7528422961673184e-12,3.397282455352979e-14,1.5018464925831837e-06,5.217251853814928e-07,3.339836979341708e-11,5.3732609535292005e-14,0.0,0
student,0.6769,6.0,201,0.0008387359273772291,1.6224571306899804e-05,0.00044817693960284437,9.68929344709051e-06,0.0028413490751340105,9.684756163523548e-06,0.0,0
student,0.6769,6.0,401,0.0008380955008835256,1.62066129676397e-05,0.0004936441124876097,1.0527477462623989e-05,0.0030943254863239553,1.0594109834070215e-05,0.0,0
student,0.6769,6.0,801,0.0008379353828756819,1.6202122482544823e-05,0.00051667318931111,1.0948470892245045e-05,0.003221219241115348,1.1051629116859549e-05,0.0,0
student,0.6769,8.0,201,6.040362237011088e-06,6.643383243520873e-08,3.342835810316241e-05,1.6322430547989832e-06,4.577444340968212e-05,9.510744734182029e-08,0.0,0
student,0.6769,8.0,401,6.0192730856014686e-06,6.616420389349287e-08,3.688802666000774e-05,1.7686448894367535e-06,5.094535979327008e-05,1.0611835345162847e-07,0.0,0
student,0.6769,8.0,801,6.013997563127277e-06,6.609676472812964e-08,3.8645355212142944e-05,1.8370492035704028e-06,5.357277705020572e-05,1.1172424783403644e-07,0.0,0
student,0.6769,10.0,201,4.835856261599094e-09,4.529598918168176e-11,3.0149611022596407e-06,4.7272449966469034e-07,6.631948236922733e-08,1.239576045268038e-10,0.0,0
student,0.6769,10.0,401,4.791182794927277e-09,4.487099580785525e-11,3.3050533606182105e-06,5.117083338251187e-07,7.627668288246236e-08,1.4218875896267923e-10,0.0,0
student,0.6769,10.0,801,4.779992496106274e-09,4.476929937879959e-11,3.4517535281069973e-06,5.31244567974834e-07,8.146041036757563e-08,1.5166893328982788e-10,0.0,0
student,0.9821,6.0,201,0.006803934716801105,0.00011771757562639706,0.00034567575903698413,1.0526559099332814e-05,0.00857021491284616,3.1708629217821627e-05,0.0,0
student,0.9821,6.0,401,0.0068026678219225215,0.00011767533085893511,0.00038071132921383067,1.1447486231085327e-05,0.009243708069492158,3.446182309265093e-05,0.0,0
student,0.9821,6.0,801,0.00680235111131345,0.0001176647686693677,0.00039845820055714893,1.1910326239812049e-05,0.009580195278361554,3.584350682255534e-05,0.0,0
student,0.9821,8.0,201,0.0009920419865136595,1.0285090093153926e-05,5.929459639877905e-05,1.7487617995927965e-06,0.002648441673421205,4.88494044335348e-06,0.0,0
student,0.9821,8.0,401,0.0009915339543495687,1.0277489111532034e-05,6.556403754642875e-05,1.89722122426921e-06,0.002875096410361732,5.320552675091724e-06,0.0,0
student,0.9821,8.0,801,0.0009914069488764705,1.0275588725905394e-05,6.875388865467986e-05,1.9717566066017325e-06,0.002988615084372787,5.539285222579527e-06,0.0,0
student,0.9821,10.0,201,4.549964154279501e-05,3.3694703671649506e-07,9.394132852436948e-06,4.905550968343524e-07,0.00022424281507852172,3.349191787272344e-07,0.0,0
student,0.9821,10.0,401,4.540755775971333e-05,3.3614460615005726e-07,1.0376163598389908e-05,5.313879362416262e-07,0.00024710502529143937,3.6950826138628696e-07,0.0,0
student,0.9821,10.0,801,4.53845306871077e-05,3.3594392756519653e-07,1.08754420473636e-05,5.518649721051997e-07,0.0002586448165004217,3.869849980051021e-07,0.0,0
student,1.425,6.0,201,0.0003953635295513004,2.6049859853216617e-05,3.617831401554301e-05,9.273994001651987e-06,0.0002704422905717085,8.128207987144752e-06,0.0,0
student,1.425,6.0,401,0.0003952457175198325,2.6038240388048806e-05,3.9612814673713255e-05,1.0072536702833832e-05,0.00029220084666943996,8.845251045366455e-06,0.0,0
student,1.425,6.0,801,0.00039521626257241964,2.6035335136231907e-05,4.134599201318615e-05,1.0473560054308722e-05,0.0003030853824246743,9.205355624319834e-06,0.0,0
student,1.425,8.0,201,6.0474012738046394e-05,2.425523304649957e-06,4.243511630936672e-06,1.6322723771476108e-06,7.321841216003886e-05,9.355929056158298e-07,0.0,0
student,1.425,8.0,401,6.0452217151721175e-05,2.424155556290941e-06,4.642125901642126e-06,1.7692163822870295e-06,7.934636360988482e-05,1.0182878547615748e-06,0.0,0
student,1.425,8.0,801,6.044676823758699e-05,2.423813598273483e-06,4.843557379377936e-06,1.8379225352023548e-06,8.241561623113286e-05,1.0598187611911272e-06,0.0,0
student,1.425,10.0,201,8.114443058008271e-06,2.2344550854036527e-07,9.727042331438321e-07,4.7480511092237155e-07,1.8203188260712556e-05,1.2217703689850724e-07,0.0,0
student,1.425,10.0,401,8.109072256261505e-06,2.2323956905268005e-07,1.0681215668774576e-06,5.141390808134046e-07,1.9782395409218326e-05,1.3336387402897985e-07,0.0,0
student,1.425,10.0,801,8.10772949224547e-06,2.2318807868515478e-07,1.1167218436038235e-06,5.338599767373476e-07,2.0574310240305966e-05,1.3898872319350688e-07,0.0,0
student,2.0676,6.0,201,0.00019841937788845468,3.242904117439771e-05,1.597303102864311e-05,9.255663036162878e-06,0.00011347715600774527,8.179359528498435e-06,0.0,0
student,2.0676,6.0,401,0.00019837893787904564,3.2417955597274783e-05,1.7420400197479955e-05,1.0053228908634459e-05,0.00012298909191139727,8.89309530025356e-06,0.0,0
student,2.0676,6.0,801,0.00019836882721080285,3.24151838846376e-05,1.8149112710221993e-05,1.0453788270222648e-05,0.00012775814030462564,9.251427494696953e-06,0.0,0
student,2.0676,8.0,201,5.77080729944333e-05,5.510810119790932e-06,2.3129637351291937e-06,1.6371695462052675e-06,3.8420777956718686e-05,1.4096853749536629e-06,0.0,0
student,2.0676,8.0,401,5.769885560085166e-05,5.5091493544878745e-06,2.5168231027681783e-06,1.774792402334399e-06,4.152649766585055e-05,1.5292156993135811e-06,0.0,0
student,2.0676,8.0,801,5.769655139547723e-05,5.50873416171882e-06,2.6194365401804128e-06,1.8438517623153037e-06,4.308265398824925e-05,1.5891834827596166e-06,0.0,0
student,2.0676,10.0,201,1.66251872214224e-05,1.0954935731888327e-06,6.161778640886563e-07,4.765215824726396e-07,2.1459131208378332e-05,3.864841864358434e-07,0.0,0
student,2.0676,10.0,401,1.662149445465568e-05,1.0950620046301651e-06,6.71492250000481e-07,5.160863584892931e-07,2.312156530771482e-05,4.1889134607065523e-07,0.0,0
student,2.0676,10.0,801,1.6620571328605797e-05,1.094954110936186e-06,6.994557739913362e-07,5.359277327449883e-07,2.395331762871357e-05,4.351427607280019e-07,0.0,0
student,3.0,6.0,201,4.286044829591511e-05,3.714995787840181e-05,1.1007108909365404e-05,9.333413040526915e-06,3.054533310612591e-05,9.047380323594929e-06,0.0,0
student,3.0,6.0,401,4.285164195223748e-05,3.713777113878436e-05,1.197184223009577e-05,1.0138316834897087e-05,3.313619977534035e-05,9.8359138238507e-06,0.0,0
student,3.0,6.0,801,4.284944018219522e-05,3.713472410726837e-05,1.2456786640509348e-05,1.0542575375606513e-05,3.443554338729139e-05,1.0231780949787013e-05,0.0,0
student,3.0,8.0,201,1.287481939773565e-05,6.799098807519499e-06,1.8428876812929962e-06,1.6437773317030004e-06,9.510816180032653e-06,1.6474329698958214e-06,0.0,0
student,3.0,8.0,401,1.287281369740315e-05,6.797205877484558e-06,2.0010339609968823e-06,1.7820124024819073e-06,1.0281412341863894e-05,1.7865463081510184e-06,0.0,0
student,3.0,8.0,801,1.2872312297070743e-05,6.796732645142356e-06,2.08052633022689e-06,1.851380414534531e-06,1.0667526278632303e-05,1.8563325965736651e-06,0.0,0
student,3.0,10.0,201,3.934007177878039e-06,1.465183638860168e-06,5.230599580808717e-07,4.775839851196001e-07,4.701114997497764e-06,4.893100573073555e-07,0.0,0
student,3.0,10.0,401,3.933228155502584e-06,1.4646687103159195e-06,5.673477169928295e-07,5.172448051298355e-07,5.072041529612466e-06,5.299703594502939e-07,0.0,0
student,3.0,10.0,801,3.933033415163082e-06,1.4645399777357682e-06,5.896009812598712e-07,5.371345424137195e-07,5.2577840615393546e-06,5.503570034894434e-07,0.0,0
student,0.05,6.0,201,0.06457301184372059,0.0019057351372580023,0.022348327161237247,0.0002522768396753027,0.5721407573922277,0.0022206701040306445,0.0,1
student,0.05,6.0,401,0.06469248754030023,0.0019017981132125605,0.024628995481494647,0.00027747362932205934,0.6024204372182396,0.0024109843330622415,0.0,1
student,0.05,6.0,801,0.06472235329337275,0.0019008144831114127,0.025804168002420164,0.0002902407444519723,0.617234981656908,0.002506129348301936,0.0,1
student,0.05,8.0,201,4.267301992406767e-11,1.6586731987899839e-13,0.0003828314603999407,8.720607933989754e-06,1.82843931098392e-08,1.9705712003188648e-11,0.0017053404850746268,1
student,0.05,8.0,401,3.754279793761229e-11,1.496580637194711e-13,0.0004220548637615678,9.507938085089696e-06,2.7692420184526136e-08,2.990519753776551e-11,0.0016340983478802993,1
student,0.05,8.0,801,3.621730616138104e-11,1.6764367671839864e-13,0.0004419170867733514,9.903964645638535e-06,3.349819540302024e-08,3.6207565521974515e-11,0.0016044397627965044,1
student,0.05,10.0,201,3.1271042557746652e-15,4.1300296516055823e-14,1.879179278096759e-05,1.3470366770801612e-06,2.0622738532486055e-30,2.0777246032448572e-33,0.029423196517412934,1
student,0.05,10.0,401,3.0910796238864505e-15,2.353672812205332e-14,2.0558021877146015e-05,1.4632205059650784e-06,6.811493245485882e-30,6.867198056484918e-33,0.02877084632169576,1
student,0.05,10.0,801,3.3098664175704478e-15,2.353672812205332e-14,2.1447924424276585e-05,1.521535533593025e-06,1.1415270436767093e-29,1.1511915809436529e-32,0.028438572877652935,1
student,0.0725,6.0,201,0.05946127152314383,0.0016197682178433759,0.015544422844816679,0.00019825912077782275,0.4905673310815815,0.0014472259926940612,0.0,1
student,0.0725,6.0,401,0.059540931001708146,0.0016177808383170955,0.017172599244053056,0.00021787508979578894,0.5181052062709715,0.0015710269982389922,0.0,1
student,0.0725,6.0,801,0.05956085105808809,0.0016172840660892973,0.01800244163893186,0.00022779384171883385,0.5316760178900319,0.0016331482305277933,0.0,1
student,0.0725,8.0,201,6.820663353019455e-09,2.532463128090967e-11,0.00023900046161383975,7.876325292726299e-06,1.4002418666516934e-06,1.43043266309796e-09,0.0,1
student,0.0725,8.0,401,6.2616454095159035e-09,2.3136603743978412e-11,0.0002630191586442164,8.581410500818992e-06,1.93488935393341e-06,1.9782497460371545e-09,0.0,1
student,0.0725,8.0,801,6.119028154524153e-09,2.2599699889269687e-11,0.0002751675611690292,8.935908446745297e-06,2.2474475885071484e-06,2.298714605093369e-09,0.0,1
student,0.0725,10.0,201,2.324462802995678e-15,4.1300296516055823e-14,1.3883804346961023e-05,1.2801662283604417e-06,1.0986597655755083e-23,1.3244805619081082e-26,0.00021377487562189055,1
student,0.0725,10.0,401,2.5563903205575204e-15,2.353672812205332e-14,1.5173845280230415e-05,1.390277657081521e-06,2.5536707855897286e-23,3.0495273645411e-26,0.000199696072319202,1
student,0.0725,10.0,801,2.5557803967210162e-15,2.353672812205332e-14,1.582344278292996e-05,1.4455383743222544e-06,3.706501036335806e-23,4.409206690934625e-26,0.00019628784332084893,1
student,0.1053,6.0,201,0.059067655601549744,0.00217733813245502,0.012172429442751721,0.00019229900521182007,0.37535611589702794,0.0019095085431863354,0.0,1
student,0.1053,6.0,401,0.059095704684627465,0.002174111606479734,0.013446937837474924,0.0002114038185247541,0.399611763740279,0.002078403972594116,0.0,1
student,0.1053,6.0,801,0.05910272131209893,0.0021733051462100583,0.014095987502669296,0.00022106292039836357,0.4116145442662509,0.0021631304187947923,0.0,1
student,0.1053,8.0,201,1.5601726145356834e-07,9.465737083047543e-10,0.0002321963987043862,7.616075025918171e-06,1.2106013770295853e-05,1.960343223183845e-08,0.0,1
student,0.1053,8.0,401,1.4867301828823299e-07,8.983407351337291e-10,0.00025574166382026143,8.299482170823182e-06,1.547215975623746e-05,2.5106335057538082e-08,0.0,1
student,0.1053,8.0,801,1.4681725108527665e-07,8.861593681075419e-10,0.00026765777847693995,8.643135971918107e-06,1.7350400311192636e-05,2.8182247639607598e-08,0.0,1
student,0.1053,10.0,201,1.9108229163755545e-15,4.1522341120980855e-14,1.2976768686598502e-05,1.2342415759295633e-06,8.053401498137437e-18,1.3858049175890354e-20,0.0,1
student,0.1053,10.0,401,1.9220778013592762e-15,2.353672812205332e-14,1.4183128656351417e-05,1.340334832537781e-06,1.372059615881503e-17,2.3824114466303125e-20,0.0,1
student,0.1053,10.0,801,2.0425296883183767e-15,2.375877272697835e-14,1.4790619617677471e-05,1.3935781845257484e-06,1.7478893984221124e-17,3.046922108088711e-20,0.0,1
student,0.1527,6.0,201,0.07560745767497916,0.0035940043145887834,0.01771421485225882,0.00018208255601502842,0.5009234661064732,0.0020470708764669604,0.0,1
student,0.1527,6.0,401,0.07567102931473335,0.003592364230472711,0.019527493639751054,0.0002001290931197714,0.5265118365006145,0.0022149281022208903,0.0,1
student,0.1527,6.0,801,0.07568695248978886,0.0035919543745186466,0.020460188704355165,0.00020926679330287998,0.5392004849300133,0.0022991276947973587,0.0,1
student,0.1527,8.0,201,0.00011735147878041621,8.926994361502238e-07,0.0014361946569870058,8.620014814043886e-06,0.003921164349919811,4.1000411640525105e-06,0.0,1
student,0.1527,8.0,401,0.0001157985254931333,8.78252774283439e-07,0.0015971345877385643,9.42593261174801e-06,0.00454700244238019,4.765823734094663e-06,0.0,1
student,0.1527,8.0,801,0.00011540954751768838,8.746305035778335e-07,0.0016790547111416353,9.832203618858021e-06,0.004873534796928279,5.113968223225877e-06,0.0,1
student,0.1527,10.0,201,4.359421195931156e-12,5.728750807065808e-14,3.772898222844776e-05,1.214418650615927e-06,5.81660710340909e-10,5.686170295660446e-13,0.0,1
student,0.1527,10.0,401,4.080198856003724e-12,3.863576125695545e-14,4.143582228042366e-05,1.3191283333171388e-06,7.838123602544648e-10,7.662914974326081e-13,0.0,1
student,0.1527,10.0,801,4.009192419594595e-12,3.8191672047105385e-14,4.330839748562797e-05,1.371687153424936e-06,9.007429923756944e-10,8.806388289106889e-13,0.0,1
student,0.2216,6.0,201,0.03290237923329433,0.0014279227212754542,0.0031299639712393757,0.00012357082407269974,0.16719602009632456,0.0011440358910173249,0.0,1
student,0.2216,6.0,401,0.032890512427176735,0.0014256058018016216,0.0034549222061104525,0.00013559588620022238,0.18004999222362067,0.0012535889310338183,0.0,1
student,0.2216,6.0,801,0.032887549511996524,0.0014250265014765784,0.0036195212424135204,0.00014166552265775764,0.1864538149279364,0.001308744990570914,0.0,1
student,0.2216,8.0,201,9.827771206468152e-06,1.0574051501066606e-07,7.859207238981274e-05,6.237980083327604e-06,0.0002327134659551926,5.589949097931293e-07,0.0,1
student,0.2216,8.0,401,9.670856869027829e-06,1.0380961268374733e-07,8.641785249756383e-05,6.790945265272311e-06,0.00027259436086121463,6.562672153374947e-07,0.0,1
student,0.2216,8.0,801,9.63151211026764e-06,1.0332512689892326e-07,9.03744876638798e-05,7.068842410240882e-06,0.00029358448184758446,7.075622513456289e-07,0.0,1
student,0.2216,10.0,201,2.635279632040591e-13,4.3076653355456074e-14,6.426928036910057e-06,1.1015986315550293e-06,2.5648250904951227e-11,4.930589267458155e-14,0.0,1
student,0.2216,10.0,401,2.479373863635513e-13,2.531308496145357e-14,7.008455927252214e-06,1.1957727444567014e-06,3.4262241138043676e-11,6.616987872122816e-14,0.0,1
student,0.2216,10.0,801,2.4403360026029813e-13,2.531308496145357e-14,7.300912252259133e-06,1.243024153566275e-06,3.922535509234439e-11,7.591412330728052e-14,0.0,1
student,0.3215,6.0,201,0.040870412863439946,0.0019909990524347165,0.003303139599085973,0.00010331506149359167,0.16921167859462838,0.0011746266231156559,0.0,1
student,0.3215,6.0,401,0.04086792745038486,0.0019889873635323685,0.0036453259234818167,0.00011335760240860207,0.1813106002854779,0.0012827523815632069,0.0,1
student,0.3215,6.0,801,0.04086730805055099,0.0019884843591522205,0.0038188552364418708,0.00011842843330176904,0.1873408618332683,0.0013371433427635934,0.0,1
student,0.3215,8.0,201,0.00043424066219369605,4.588548586870189e-06,0.00014453724586673764,5.837216155872473e-06,0.0066740525869112485,9.268658037376552e-06,0.0,1
student,0.3215,8.0,401,0.0004322230049695563,4.559274955129311e-06,0.00015995149422081182,6.3616821815277516e-06,0.007467064256408368,1.0421454582137233e-05,0.0,1
student,0.3215,8.0,801,0.00043171842347740195,4.551949325914961e-06,0.00016778127775039317,6.6254933556905615e-06,0.00787059873918796,1.1010680697105727e-05,0.0,1
student,0.3215,10.0,201,8.913456277478203e-09,5.0079718150186636e-11,8.786699044917595e-06,1.0062770218047846e-06,4.240923922388826e-07,4.76515834096906e-10,0.0,1
student,0.3215,10.0,401,8.664217636130939e-09,4.859934676915145e-11,9.596258152643103e-06,1.09219565660544e-06,5.180362358241295e-07,5.820483658281763e-10,0.0,1
student,0.3215,10.0,801,8.601502878266862e-09,4.8231418858790676e-11,1.000377174331124e-05,1.1353045339864156e-06,5.690496656449244e-07,6.39362160883147e-10,0.0,1
student,0.4665,6.0,201,0.057409572775758755,0.0041390970063293064,0.003226022212284855,8.610358020608885e-05,0.12837194369832108,0.0017416782638008067,0.0,1
student,0.4665,6.0,401,0.05740122992251162,0.004136592675378692,0.0035602454404174582,9.445755257081467e-05,0.13782847738095597,0.0018947646388830612,0.0,1
student,0.4665,6.0,801,0.05739914566246345,0.004135966551079839,0.003730052574600366,9.867559960188994e-05,0.14255030249909442,0.0019716220734466872,0.0,1
student,0.4665,8.0,201,0.002218012010791943,5.3678725763894874e-05,0.0003096819052756735,5.590127059825142e-06,0.01473909515678307,6.049286866677065e-05,0.0,1
student,0.4665,8.0,401,0.0022141447931150905,5.352575200645582e-05,0.00034373597536797,6.100674480750218e-06,0.016174482359394227,6.687257015234041e-05,0.0,1
student,0.4665,8.0,801,0.0022131780885185125,5.348749409028741e-05,0.00036112633285843366,6.357864486925693e-06,0.016896589361152,7.009878528903445e-05,0.0,1
student,0.4665,10.0,201,3.008797391153394e-06,3.1477079609487646e-08,2.0708937789475973e-05,9.445000090902026e-07,5.48047975124595e-05,1.1538149709191297e-07,0.0,1
student,0.4665,10.0,401,2.976808136913746e-06,3.108203872059789e-08,2.2922030235612742e-05,1.0255209238920637e-06,6.300145782463465e-05,1.334134277010625e-07,0.0,1
student,0.4665,10.0,801,2.9687946647084774e-06,3.0983019705388415e-08,2.4048253388947954e-05,1.0661897449947738e-06,6.726218221603955e-05,1.4282840744517135e-07,0.0,1
student,0.6769,6.0,201,0.044447066291986255,0.0031580271148481387,0.0010252533919023797,5.195681641784602e-05,0.08063085067901293,0.0010803644195106984,0.0,1
student,0.6769,6.0,401,0.04444095903122776,0.0031565287786810003,0.0011299339421927642,5.6905744590473505e-05,0.08653949198825958,0.0011748855454603601,0.0,1
student,0.6769,6.0,801,0.04443943277485956,0.0031561541575269025,0.0011829561545824035,5.940249200500107e-05,0.0894898973320328,0.001222336602531785,0.0,1
student,0.6769,8.0,201,0.005206255658817695,0.0001289949829312853,9.681590630408747e-05,4.363359425388323e-06,0.027224447122377635,8.752879321454374e-05,0.0,1
student,0.6769,8.0,401,0.0052033270633871686,0.0001288277677109484,0.00010689912666563486,4.7595967325113815e-06,0.029545724599900177,9.578036218480248e-05,0.0,1
student,0.6769,8.0,801,0.005202595092687214,0.0001287859570369143,0.00011201638784778341,4.959212362597521e-06,0.03070765053229111,9.993193549164894e-05,0.0,1
student,0.6769,10.0,201,9.43854229999704e-05,1.0400994843173805e-06,8.20275284206867e-06,8.1406601595668e-07,0.0010925749183371312,1.7726915840911915e-06,0.0,1
student,0.6769,10.0,401,9.401243142829461e-05,1.0347808023780658e-06,9.00129979673847e-06,8.838420137154654e-07,0.0012187831494158393,1.98554039500629e-06,0.0,1
student,0.6769,10.0,801,9.391913620968412e-05,1.0334499349617943e-06,9.404701813394133e-06,9.188755963646969e-07,0.0012829551296573097,2.094123564322265e-06,0.0,1
student,0.9821,6.0,201,0.0296517068502168,0.0021206293868243353,0.0009917019438198896,2.778183957776722e-05,0.029470688270504263,0.0005407592890395337,0.0,1
student,0.9821,6.0,401,0.029648007935875402,0.0021199320749154538,0.0010933086953553717,3.036458446233688e-05,0.03175647180130178,0.00058746554172124,0.0,1
student,0.9821,6.0,801,0.02964708332557498,0.0021197577293725622,0.0011448215919756264,3.16662739928371e-05,0.03289975811240709,0.0006109043670347336,0.0,1
student,0.9821,8.0,201,0.006995887256606819,0.00023299316551494975,0.00019064077289932105,3.1997580581909555e-06,0.014750531870283808,9.34949708688415e-05,0.0,1
student,0.9821,8.0,401,0.006994322759124387,0.00023286440251935048,0.00021128088943868795,3.4886029317461052e-06,0.015926239848708803,0.00010161548792011457,0.0,1
student,0.9821,8.0,801,0.0069939317063725335,0.00023283220984482433,0.00022181165509807126,3.634182644160722e-06,0.016514364218536227,0.00010569035544980621,0.0,1
student,0.9821,10.0,201,0.0007199302206233844,1.3100269149024513e-05,4.1286509674693005e-05,7.216815326754601e-07,0.003230914604304261,1.0176856466384696e-05,0.0,1
student,0.9821,10.0,401,0.0007191658033811838,1.3079171419683178e-05,4.583369448775633e-05,7.848687602244094e-07,0.0035265952870487047,1.1163412545209258e-05,0.0,1
student,0.9821,10.0,801,0.000718974697261871,1.307389579086049e-05,4.815861609819995e-05,8.166750260620004e-07,0.0036750497023124162,1.1660293193002368e-05,0.0,1
student,1.425,6.0,201,0.017540745087544943,0.0010055094781256102,0.00012095349102245751,1.3793677178977845e-05,0.0067799057302818985,0.00015980941258158458,0.0,1
student,1.425,6.0,401,0.01753934910666807,0.0010053198345523207,0.0001328638475830756,1.5024316673029713e-05,0.007342999695469385,0.00017341471672948798,0.0,1
student,1.425,6.0,801,0.01753900012185732,0.0010052724199325347,0.0001388832584686759,1.564336205461533e-05,0.007625257135296623,0.00018023973836958285,0.0,1
student,1.425,8.0,201,0.008301942991681688,0.00029522793399738845,1.3169183504213483e-05,2.0385336281276695e-06,0.005036166879790528,5.607272800036965e-05,0.0,1
student,1.425,8.0,401,0.00830140598783196,0.000295179109731869,1.4483886837955348e-05,2.2143884609264003e-06,0.005421715326083929,6.061590815137367e-05,0.0,1
student,1.425,8.0,801,0.008301271781236375,0.00029516690453124106,1.5150491078476182e-05,2.302770498037978e-06,0.005614546070060143,6.289280915330697e-05,0.0,1
student,1.425,10.0,201,0.002765021192465211,7.116333750945003e-05,2.8012232388477125e-06,5.428925065540322e-07,0.003509058639593323,2.412873782161788e-05,0.0,1
student,1.425,10.0,401,0.0027645409038509253,7.113992122986801e-05,3.108307887431319e-06,5.887442709615125e-07,0.003782073304365149,2.60977008687448e-05,0.0,1
student,1.425,10.0,801,0.0027644208542257536,7.113406737913053e-05,3.2663874962952847e-06,6.117666185354842e-07,0.003918600850070649,2.708401711595821e-05,0.0,1
student,2.0676,6.0,201,0.0020216609937325747,0.00013978898363609105,2.592722189088241e-05,9.850910238075686e-06,0.0009152419408018196,2.2710707977201815e-05,0.0,1
student,2.0676,6.0,401,0.0020215171327327103,0.0001397606574951027,2.8346034839431767e-05,1.0704963708440072e-05,0.000987209413805836,2.4661594798382002e-05,0.0,1
student,2.0676,6.0,801,0.0020214811671313703,0.00013975357529960597,2.9565480614145547e-05,1.1134014224589809e-05,0.0010232226827484364,2.5640557885833977e-05,0.0,1
student,2.0676,8.0,201,0.0011887558936449578,4.740405232950273e-05,3.4358351406238764e-06,1.690726857951962e-06,0.0008477317974284278,6.903094802047195e-06,0.0,1
student,2.0676,8.0,401,0.0011887121023976491,4.739814513654572e-05,3.755249981410961e-06,1.8334220039226628e-06,0.0009108185023777148,7.462586734006369e-06,0.0,1
student,2.0676,8.0,801,0.0011887011588362772,4.7396668450883084e-05,3.916606446508475e-06,1.9050442920768927e-06,0.0009423765254325485,7.743047231025513e-06,0.0,1
student,2.0676,10.0,201,0.0005880171816599969,1.7062215771135314e-05,8.532379649762766e-07,4.856634433202989e-07,0.0009854856731829971,3.944326604367551e-06,0.0,1
student,2.0676,10.0,401,0.0005880024933259391,1.706001127677048e-05,9.31424887328954e-07,5.260923459428254e-07,0.001056811846337945,4.2503097455178275e-06,0.0,1
student,2.0676,10.0,801,0.0005879988256293496,1.7059460242441205e-05,9.709412369805181e-07,5.463710157153486e-07,0.0010924829304848227,4.403561453049823e-06,0.0,1
student,3.0,6.0,201,5.089637656494e-05,3.8602763859474365e-05,1.0901792886243088e-05,9.340262132726192e-06,3.2821028597228206e-05,9.317657460524393e-06,0.0,1
student,3.0,6.0,401,5.08857788119498e-05,3.859023709562592e-05,1.1856150782121257e-05,1.0145798111030087e-05,3.560825071390489e-05,1.0129437413559384e-05,0.0,1
student,3.0,6.0,801,5.088312914379385e-05,3.8587105049892045e-05,1.2335869514436455e-05,1.0550374827171877e-05,3.7006116595692185e-05,1.0536969387220332e-05,0.0,1
student,3.0,8.0,201,1.5146585588969732e-05,7.184652140113101e-06,1.8260836282467666e-06,1.644208312202803e-06,9.724570624348476e-06,1.7207783205158272e-06,0.0,1
student,3.0,8.0,401,1.5144187387307681e-05,7.182687425055789e-06,1.9818623300097243e-06,1.7824788911943704e-06,1.0512370956419205e-05,1.8659327880792515e-06,0.0,1
student,3.0,8.0,801,1.5143587864290535e-05,7.182196246624528e-06,2.0601207304163468e-06,1.851864595547685e-06,1.0907071799011998e-05,1.9387478651616597e-06,0.0,1
student,3.0,10.0,201,4.592801743296832e-06,1.5711519241179417e-06,5.167232085205384e-07,4.776348340828998e-07,4.672253476146795e-06,5.198909024292307e-07,0.0,1
student,3.0,10.0,401,4.591876416625442e-06,1.5706110252367012e-06,5.60153740322115e-07,5.172988128745355e-07,5.040979201458971e-06,5.630174764531705e-07,0.0,1
student,3.0,10.0,801,4.591645102069507e-06,1.5704758000723018e-06,5.819590043667737e-07,5.371900615057849e-07,5.225602036368183e-06,5.846398621343439e-07,0.0,1
bimodal,0.05,6.0,201,8.803335184137185e-16,4.4297898682543746e-14,5.007358324911295e-09,1.5647994765347797e-10,8.933978183415556e-53,8.724999511066115e-56,0.0,0
bimodal,0.05,6.0,401,8.554835701773685e-16,2.9531932455029164e-14,5.706777973820522e-09,1.783368116818913e-10,3.528480211102774e-52,3.44594894267174e-55,0.0,0
bimodal,0.05,6.0,801,7.557653954920626e-16,5.906386491005833e-14,6.0684863491396475e-09,1.8964019841061398e-10,6.374123008867529e-52,6.225035934075387e-55,0.0,0
bimodal,0.05,8.0,201,1.070497273715188e-15,3.708144902248023e-14,1.0160023906008359e-14,3.175007470627612e-16,9.113492686890344e-122,8.899995221276955e-125,0.0,0
bimodal,0.05,8.0,401,1.0343904737560046e-15,3.708144902248023e-14,1.2297152298763555e-14,3.842860093363611e-16,2.4362348319575e-120,2.3791634952978636e-123,0.0,0
bimodal,0.05,8.0,801,8.773740540159486e-16,5.928590951498336e-14,1.3451887568885792e-14,4.20371486527681e-16,9.946349554339425e-120,9.71334815627063e-123,0.0,0
bimodal,0.05,10.0,201,1.2943906371287514e-15,4.1522341120980855e-14,4.562772340260218e-22,1.4258663563313182e-23,7.954993880656685e-221,7.768555455246599e-224,0.0002769356343283582,0
bimodal,0.05,10.0,401,8.231527405008146e-16,2.375877272697835e-14,6.054347283029152e-22,1.89198352594661e-23,3.522339465869303e-218,3.4397878340307244e-221,0.00025570838528678305,0
bimodal,0.05,10.0,801,8.674451607125992e-16,2.3869795029440866e-14,6.910461802997053e-22,2.159519313436579e-23,5.321025629164456e-217,5.196319088553071e-220,0.00024261665106117353,0
bimodal,0.0725,6.0,201,7.216928001373586e-16,4.440892098500626e-14,5.007358324911295e-09,1.5647994765347797e-10,7.180445775395801e-40,7.02368531110714e-43,0.0,0
bimodal,0.0725,6.0,401,7.698762943759788e-16,2.964295475749168e-14,5.706777973820522e-09,1.783368116818913e-10,1.7908075086715716e-39,1.7519567038346005e-42,0.0,0
bimodal,0.0725,6.0,801,6.368503635807124e-16,5.917488721252084e-14,6.0684863491396475e-09,1.8964019841061398e-10,2.6778746284919418e-39,2.6199419029385626e-42,0.0,0
bimodal,0.0725,8.0,201,9.789972506136666e-16,3.7192471324942744e-14,1.0160023906008359e-14,3.175007470627612e-16,1.38128599680155e-89,1.3489141855854138e-92,0.0,0
bimodal,0.0725,8.0,401,8.7276908633284395e-16,3.7192471324942744e-14,1.2297152298763555e-14,3.842860093363611e-16,1.3084578298242928e-88,1.277793130659071e-91,0.0,0
bimodal,0.0725,8.0,801,7.34456235847444e-16,5.939693181744587e-14,1.3451887568885792e-14,4.20371486527681e-16,3.404280538530536e-88,3.324499031846753e-91,0.0,0
bimodal,0.0725,10.0,201,8.96482802987519e-16,4.1744385725905886e-14,4.562772340260218e-22,1.4258663563313182e-23,7.5776405516864285e-162,7.400039603502451e-165,0.0,0
bimodal,0.0725,10.0,401,7.362863915574236e-16,2.375877272697835e-14,6.054347283029152e-22,1.89198352594661e-23,5.3896080892039384e-160,5.2632891516514213e-163,0.0,0
bimodal,0.0725,10.0,801,7.525900208585485e-16,2.398081733190338e-14,6.910461802997053e-22,2.159519313436579e-23,3.4306456728300537e-159,3.350239916325816e-162,0.0,0
bimodal,0.1053,6.0,201,5.94608651736047e-16,4.440892098500626e-14,5.007358324911295e-09,1.5647994765347867e-10,5.933763806615155e-30,5.949730791027383e-33,0.0,0
bimodal,0.1053,6.0,401,6.2100400779662955e-16,2.9531932455029164e-14,5.706777973820522e-09,1.7833681168189236e-10,1.0994059389072919e-29,1.1042814472692211e-32,0.0,0
bimodal,0.1053,6.0,801,5.452384600641734e-16,5.928590951498336e-14,6.0684863491396475e-09,1.8964019841061525e-10,1.451953177977515e-29,1.4595076422177926e-32,0.0,0
bimodal,0.1053,8.0,201,8.18870759558729e-16,3.708144902248023e-14,1.0160023906008359e-14,3.175007470627612e-16,1.0630009683303556e-65,1.0381012756861687e-68,0.0,0
bimodal,0.1053,8.0,401,6.580828557423401e-16,3.708144902248023e-14,1.2297152298763555e-14,3.842860093363611e-16,4.753004761786884e-65,4.641682343747418e-68,0.0,0
bimodal,0.1053,8.0,801,6.033111212325046e-16,5.928590951498336e-14,1.3451887568885792e-14,4.20371486527681e-16,9.04051010387335e-65,8.828778376476625e-68,0.0,0
bimodal,0.1053,10.0,201,6.369101741955356e-16,4.1522341120980855e-14,4.562772340260218e-22,1.4258663563313182e-23,8.466455095309e-118,8.268022560527503e-121,0.0,0
bimodal,0.1053,10.0,401,5.892147366163587e-16,2.375877272697835e-14,6.054347283029152e-22,1.89198352594661e-23,1.5850557504615408e-116,1.5479060078761898e-119,0.0,0
bimodal,0.1053,10.0,801,5.919565517554018e-16,2.398081733190338e-14,6.910461802997053e-22,2.159519313436579e-23,5.530713905642917e-116,5.401087804583267e-119,0.0,0
bimodal,0.1527,6.0,201,4.095275678768024e-16,4.440892098500626e-14,5.007358324911295e-09,1.5647994800982976e-10,4.871254580825187e-21,4.7627685910297265e-24,0.0,0
bimodal,0.1527,6.0,401,4.316696747202312e-16,2.9753977059954195e-14,5.706777973820522e-09,1.7833681217035722e-10,7.255053668364331e-21,7.09417240563195e-24,0.0,0
bimodal,0.1527,6.0,801,4.0999117541441034e-16,5.928590951498336e-14,6.0684863491396475e-09,1.8964019897593835e-10,8.718664488318486e-21,8.525714144118811e-24,0.0,0
bimodal,0.1527,8.0,201,6.681552594951769e-16,3.708144902248023e-14,1.0160023906008359e-14,3.175007470627612e-16,4.3617909270274096e-46,4.2595633990534985e-49,0.0,0
bimodal,0.1527,8.0,401,5.000345344372086e-16,3.68594044175552e-14,1.2297152298763555e-14,3.842860093363611e-16,1.1741173672947185e-45,1.1465995934790075e-48,0.0,0
bimodal,0.1527,8.0,801,4.50816525789996e-16,5.906386491005833e-14,1.3451887568885792e-14,4.20371486527681e-16,1.8120226319558548e-45,1.769554335331073e-48,0.0,0
bimodal,0.1527,10.0,201,4.50442314066983e-16,4.1744385725905886e-14,4.562772340260218e-22,1.4258663563313182e-23,2.2029677791453156e-83,2.1513357220009973e-86,0.0,0
bimodal,0.1527,10.0,401,4.498718371394195e-16,2.398081733190338e-14,6.054347283029152e-22,1.89198352594661e-23,1.558262957682919e-82,1.5217411697698744e-85,0.0,0
bimodal,0.1527,10.0,801,4.51191664634494e-16,2.398081733190338e-14,6.910461802997053e-22,2.159519313436579e-23,3.5858263759629685e-82,3.5017835706739183e-85,0.0,0
bimodal,0.2216,6.0,201,3.1969252171393015e-16,4.440892098500626e-14,5.007358324911295e-09,1.564880708270852e-10,3.6957234919269704e-15,3.875361296992396e-18,0.0,0
bimodal,0.2216,6.0,401,3.2541155928304e-16,2.9753977059954195e-14,5.706777973820522e-09,1.783473484694273e-10,5.056037880235069e-15,5.299796815899219e-18,0.0,0
bimodal,0.2216,6.0,801,2.917260840030851e-16,5.906386491005833e-14,6.0684863491396475e-09,1.8965208478293214e-10,5.850431816449744e-15,6.131458349210899e-18,0.0,0
bimodal,0.2216,8.0,201,5.350921028938271e-16,3.68594044175552e-14,1.0160023906008359e-14,3.175007470631278e-16,8.287938073081844e-35,9.89786145465641e-38,0.0,0
bimodal,0.2216,8.0,401,3.481326120413782e-16,3.68594044175552e-14,1.2297152298763555e-14,3.8428600933699027e-16,1.7213292092021114e-34,2.0472450457133146e-37,0.0,0
bimodal,0.2216,8.0,801,3.5652167737942455e-16,5.906386491005833e-14,1.3451887568885792e-14,4.203714865284826e-16,2.385468944615927e-34,2.8322993689728786e-37,0.0,0
bimodal,0.2216,10.0,201,3.236675220408072e-16,4.1522341120980855e-14,4.562772340260218e-22,1.4258663563313182e-23,1.50739544291551e-63,2.6476479013978e-66,0.0,0
bimodal,0.2216,10.0,401,3.141924964982968e-16,2.375877272697835e-14,6.054347283029152e-22,1.89198352594661e-23,5.976023174484979e-63,1.070938545012751e-65,0.0,0
bimodal,0.2216,10.0,801,3.3790019883235106e-16,2.398081733190338e-14,6.910461802997053e-22,2.159519313436579e-23,1.0818905476905992e-62,1.9551920794008813e-65,0.0,0
bimodal,0.3215,6.0,201,2.727376314593315e-16,4.440892098500626e-14,5.007358324911295e-09,1.5648877847128029e-10,6.687676934354478e-15,8.938549962099424e-18,0.0,0
bimodal,0.3215,6.0,401,2.7492384222280067e-16,2.9753977059954195e-14,5.706777973820522e-09,1.7834813931951332e-10,8.593057043733601e-15,1.1521646171305855e-17,0.0,0
bimodal,0.3215,6.0,801,2.535988801273595e-16,5.928590951498336e-14,6.0684863491396475e-09,1.8965291222853174e-10,9.663827681992573e-15,1.2976331322532797e-17,0.0,0
bimodal,0.3215,8.0,201,4.806006008514707e-16,3.708144902248023e-14,1.0160023906008359e-14,3.1750074708500764e-16,6.733362510385417e-30,7.050846239714221e-33,0.0,0
bimodal,0.3215,8.0,401,2.969098708429829e-16,3.708144902248023e-14,1.2297152298763555e-14,3.842860093731579e-16,1.1311055610777572e-29,1.1865802601018716e-32,0.0,0
bimodal,0.3215,8.0,801,2.909585914742604e-16,5.928590951498336e-14,1.3451887568885792e-14,4.203714865738416e-16,1.432744777550591e-29,1.5042041031906137e-32,0.0,0
bimodal,0.3215,10.0,201,2.8287799223334435e-16,4.1744385725905886e-14,4.562772340260218e-22,1.4258663563313182e-23,4.015655888092661e-51,3.965696313499149e-54,0.0,0
bimodal,0.3215,10.0,401,2.8917564693049133e-16,2.375877272697835e-14,6.054347283029152e-22,1.89198352594661e-23,1.0588766169569939e-50,1.046161176244285e-53,0.0,0
bimodal,0.3215,10.0,801,3.018639193858435e-16,2.398081733190338e-14,6.910461802997053e-22,2.159519313436579e-23,1.6208210394810504e-50,1.6016565830867518e-53,0.0,0
bimodal,0.4665,6.0,201,7.104622009417063e-13,4.8405723873656825e-14,5.007358324911295e-09,1.5665027140556294e-10,3.2388440906807805e-11,3.211507854955224e-14,0.0,0
bimodal,0.4665,6.0,401,6.93568637063199e-13,3.352873534367973e-14,5.706777973820522e-09,1.7855235577130858e-10,3.909909809787314e-11,3.878292326393145e-14,0.0,0
bimodal,0.4665,6.0,801,6.893234880442304e-13,6.306066779870889e-14,6.0684863491396475e-09,1.898806626383264e-10,4.271634344769441e-11,4.237813742448213e-14,0.0,0
bimodal,0.4665,8.0,201,4.245606251487483e-16,3.68594044175552e-14,1.0160023906008359e-14,3.175007812622231e-16,6.670825744378451e-22,6.522317944760426e-25,0.0,0
bimodal,0.4665,8.0,401,2.344824151206481e-16,3.68594044175552e-14,1.2297152298763555e-14,3.8428606414224176e-16,9.529625064684671e-22,9.31784816280922e-25,0.0,0
bimodal,0.4665,8.0,801,2.162630928111705e-16,5.906386491005833e-14,1.3451887568885792e-14,4.2037155443934165e-16,1.1244308740916861e-21,1.099462780384049e-24,0.0,0
bimodal,0.4665,10.0,201,2.491133287025907e-16,4.1300296516055823e-14,4.562772340260218e-22,1.4258663563314974e-23,5.8896939858859335e-37,5.752172153955308e-40,0.0,0
bimodal,0.4665,10.0,401,2.4833701032808163e-16,2.353672812205332e-14,6.054347283029152e-22,1.8919835259470313e-23,1.1178154992835137e-36,1.0917200465860413e-39,0.0,0
bimodal,0.4665,10.0,801,2.5566474564571616e-16,2.353672812205332e-14,6.910461802997053e-22,2.1595193134371935e-23,1.4916712438268471e-36,1.4568510761779724e-39,0.0,0
bimodal,0.6769,6.0,201,1.0222096454733387e-09,9.227951736079376e-12,7.756258588289359e-09,1.6592132598992627e-10,3.467487795787695e-08,3.62420135291548e-11,0.0,0
bimodal,0.6769,6.0,401,1.0094383570304385e-09,9.090062036420932e-12,9.688625546632831e-09,1.9014477949003656e-10,4.026642053431661e-08,4.2131905033985396e-11,0.0,0
bimodal,0.6769,6.0,801,1.0062367234021057e-09,9.088507724186456e-12,1.0748588640197881e-08,2.0274693917826613e-10,4.3197073614167536e-08,4.5222069460345e-11,0.0,0
bimodal,0.6769,8.0,201,2.9848372326534633e-16,3.708144902248023e-14,1.0160023906008359e-14,3.176002921063595e-16,6.523864525083605e-16,6.486088810632666e-19,0.0,0
bimodal,0.6769,8.0,401,1.691701199419808e-16,3.708144902248023e-14,1.2297152298763555e-14,3.844415338579842e-16,8.452546649979668e-16,8.405640115246614e-19,0.0,0
bimodal,0.6769,8.0,801,1.6591696004130875e-16,5.906386491005833e-14,1.3451887568885792e-14,4.205624553639755e-16,9.542360537378666e-16,9.490473900642792e-19,0.0,0
bimodal,0.6769,10.0,201,1.9253761943076392e-16,4.1522341120980855e-14,4.562772340260218e-22,1.42586644799006e-23,7.272425225764948e-27,7.144637402743381e-30,0.0,0
bimodal,0.6769,10.0,401,1.9114046684923215e-16,2.375877272697835e-14,6.054347283029152e-22,1.8919837309169368e-23,1.1351807759678248e-26,1.1153546513880486e-29,0.0,0
bimodal,0.6769,10.0,801,1.9082495222469993e-16,2.375877272697835e-14,6.910461802997053e-22,2.159519607693334e-23,1.392887163461539e-26,1.3686258701812802e-29,0.0,0
bimodal,0.9821,6.0,201,2.960656787406024e-10,5.937028646485487e-12,5.007358324911295e-09,1.606272983796933e-10,8.317403949596185e-09,2.0913218440395567e-11,0.0,0
bimodal,0.9821,6.0,401,2.9280753378669533e-10,5.85154147358935e-12,5.706777973820522e-09,1.8353140294411738e-10,9.598118807083545e-09,2.421141383015658e-11,0.0,0
bimodal,0.9821,6.0,801,2.919910044554667e-10,5.863531882255302e-12,6.0684863491396475e-09,1.9540999870656627e-10,1.0266393920042512e-08,2.593713539785031e-11,0.0,0
bimodal,0.9821,8.0,201,1.9348824891887205e-16,3.708144902248023e-14,1.0160023906008359e-14,3.175583267651256e-16,9.30262217556894e-16,1.79959607464908e-18,0.0,0
bimodal,0.9821,8.0,401,1.323796941026779e-16,3.708144902248023e-14,1.2297152298763555e-14,3.8437561076376324e-16,1.1710349489081985e-15,2.269746992280083e-18,0.0,0
bimodal,0.9821,8.0,801,1.138089843207624e-16,5.950795411990839e-14,1.3451887568885792e-14,4.2048135920917713e-16,1.3046096089029583e-15,2.530922224740977e-18,0.0,0
bimodal,0.9821,10.0,201,1.8208277821567898e-16,4.1744385725905886e-14,4.562772340260218e-22,1.4258665250265812e-23,3.5990969958605445e-25,6.145400014790327e-28,0.0,0
bimodal,0.9821,10.0,401,1.7095290089928057e-16,2.398081733190338e-14,6.054347283029152e-22,1.8919838981380835e-23,5.214063768123949e-25,8.915044125737493e-28,0.0,0
bimodal,0.9821,10.0,801,1.5651906600571302e-16,2.398081733190338e-14,6.910461802997053e-22,2.159519845527388e-23,6.191182369385607e-25,1.0592199446231726e-27,0.0,0
bimodal,1.425,6.0,201,8.001804711284012e-10,2.4362289963164585e-11,5.007358324911295e-09,1.6133588602898456e-10,2.655369062968792e-08,6.932580769547068e-11,0.0,0
bimodal,1.425,6.0,401,7.934095228018667e-10,2.4117374763932276e-11,5.706777973820522e-09,1.8441192508822112e-10,3.030703432739779e-08,7.954309133531833e-11,0.0,0
bimodal,1.425,6.0,801,7.917136615293904e-10,2.4089619188316647e-11,6.0684863491396475e-09,1.9638473780325657e-10,3.22490934030955e-08,8.485548303686557e-11,0.0,0
bimodal,1.425,8.0,201,3.5014366401680897e-16,3.730349362740526e-14,1.0160023906008359e-14,3.1760360004608576e-16,3.010326596177202e-14,5.1899806758658856e-17,0.0,0
bimodal,1.425,8.0,401,3.321431964493319e-16,3.708144902248023e-14,1.2297152298763555e-14,3.8444556606996205e-16,3.677885215363984e-14,6.360226283899453e-17,0.0,0
bimodal,1.425,8.0,801,3.2226230234982797e-16,5.950795411990839e-14,1.3451887568885792e-14,4.205669353476765e-16,4.040881859338828e-14,6.997978177033021e-17,0.0,0
bimodal,1.425,10.0,201,1.5097082537265399e-16,4.1744385725905886e-14,4.562772340260218e-22,1.4258669869742714e-23,3.6558610431827567e-22,5.04185171252304e-25,0.0,0
bimodal,1.425,10.0,401,1.3980638637662197e-16,2.398081733190338e-14,6.054347283029152e-22,1.8919849063562578e-23,4.972517939735369e-22,6.875299066272465e-25,0.0,0
bimodal,1.425,10.0,801,1.2740290103541958e-16,2.398081733190338e-14,6.910461802997053e-22,2.1595212820494794e-23,5.739714492953662e-22,7.945357581982038e-25,0.0,0
bimodal,2.0676,6.0,201,6.18791290050513e-10,5.405675906899887e-11,5.007358324911295e-09,1.611027443241781e-10,3.118199720482994e-08,1.4019201636564522e-10,0.0,0
bimodal,2.0676,6.0,401,6.141600830654376e-10,5.3582471792879005e-11,5.706777973820522e-09,1.8412085917438985e-10,3.542236829257866e-08,1.6028385138337352e-10,0.0,0
bimodal,2.0676,6.0,801,6.130004254647695e-10,5.349698461998287e-11,6.0684863491396475e-09,1.960619536062333e-10,3.760862435335869e-08,1.7070462365915154e-10,0.0,0
bimodal,2.0676,8.0,201,7.340559373548274e-16,3.730349362740526e-14,1.0160023906008359e-14,3.176104313380631e-16,9.999971129187366e-14,2.54994044440531e-16,0.0,0
bimodal,2.0676,8.0,401,7.321151247579866e-16,3.730349362740526e-14,1.2297152298763555e-14,3.8445598568041785e-16,1.2061207964849931e-13,3.089518462274117e-16,0.0,0
bimodal,2.0676,8.0,801,7.2352824938602e-16,5.950795411990839e-14,1.3451887568885792e-14,4.205796257718041e-16,1.3172095442710354e-13,3.3812959348193373e-16,0.0,0
bimodal,2.0676,10.0,201,1.0918043187498618e-16,4.1744385725905886e-14,4.562772340260218e-22,1.425867238414185e-23,5.733908453328959e-21,1.0148548562764539e-23,0.0,0
bimodal,2.0676,10.0,401,1.0141409409986073e-16,2.398081733190338e-14,6.054347283029152e-22,1.8919854508719165e-23,7.592392906639671e-21,1.349590395681769e-23,0.0,0
bimodal,2.0676,10.0,801,9.305767758149575e-17,2.398081733190338e-14,6.910461802997053e-22,2.1595220560000334e-23,8.657589998390883e-21,1.5419777835795724e-23,0.0,0
bimodal,3.0,6.0,201,1.0008301542348237e-10,6.097944371674657e-11,5.007358324911295e-09,1.6076486518156902e-10,6.897521425049454e-09,1.5688304859953248e-10,0.0,0
bimodal,3.0,6.0,401,9.931969906331213e-11,6.0450977557025e-11,5.706777973820522e-09,1.8369850805061393e-10,7.853950761275796e-09,1.7930956943357644e-10,0.0,0
bimodal,3.0,6.0,801,9.912855685015489e-11,6.035194566322843e-11,6.0684863491396475e-09,1.9559321193567816e-10,8.348012442223028e-09,1.9093860371602384e-10,0.0,0
bimodal,3.0,8.0,201,1.1832918748178687e-16,3.730349362740526e-14,1.0160023906008359e-14,3.175984953705678e-16,1.6769914717863424e-14,3.038944463627419e-16,0.0,0
bimodal,3.0,8.0,401,1.2096746333144072e-16,3.730349362740526e-14,1.2297152298763555e-14,3.84437519681835e-16,2.026151931685819e-14,3.679403127170751e-16,0.0,0
bimodal,3.0,8.0,801,1.1758451819044516e-16,5.928590951498336e-14,1.3451887568885792e-14,4.2055702667081437e-16,2.2145732855126027e-14,4.025562788570281e-16,0.0,0
bimodal,3.0,10.0,201,6.705497187107403e-17,4.1522341120980855e-14,4.562772340260218e-22,1.425867118592868e-23,8.945862464617831e-22,1.3240243876201487e-23,0.0,0
bimodal,3.0,10.0,401,6.01263978169444e-17,2.398081733190338e-14,6.054347283029152e-22,1.8919851897136667e-23,1.1841715452658526e-21,1.7577530262143382e-23,0.0,0
bimodal,3.0,10.0,801,5.2472103890125155e-17,2.398081733190338e-14,6.910461802997053e-22,2.1595216840545908e-23,1.3501304407352603e-21,2.0067782558960705e-23,0.0,0
bimodal,0.05,6.0,201,8.933026076423078e-11,7.176481631177012e-13,8.553678789125388e-09,1.6981935808164654e-10,4.748996436507746e-08,8.682538278540903e-11,0.0,1
bimodal,0.05,6.0,401,8.186431894530463e-11,6.388223283693151e-13,1.3206961728159496e-08,1.9881711639599486e-10,6.985849783438725e-08,1.3969251330226173e-10,0.0,1
bimodal,0.05,6.0,801,7.995206022745845e-11,6.52145004664817e-13,1.6106076655065334e-08,2.1456623471968299e-10,8.352473613749747e-08,1.7387641711513704e-10,0.0,1
bimodal,0.05,8.0,201,1.8784459622585556e-15,3.68594044175552e-14,1.0160023906008359e-14,3.175007470627612e-16,1.1066092663576243e-35,1.080673111692706e-38,0.0013992537313432835,1
bimodal,0.05,8.0,401,1.7268990373418516e-15,3.708144902248023e-14,1.2297152298763555e-14,3.842860093363611e-16,4.2004353879040995e-35,4.1019876835848124e-38,0.001319942331670823,1
bimodal,0.05,8.0,801,1.7689467990976672e-15,5.950795411990839e-14,1.3451887568885792e-14,4.20371486527681e-16,7.461969156788497e-35,7.287079254851544e-38,0.0012825764669163547,1
bimodal,0.05,10.0,201,1.6356541722076372e-15,4.1300296516055823e-14,4.562772340260218e-22,1.4258663563313182e-23,8.568157325006088e-90,8.367341137701258e-93,0.03635144589552239,1
bimodal,0.05,10.0,401,1.6280701539113242e-15,2.398081733190338e-14,6.054347283029152e-22,1.89198352594661e-23,2.664795179129492e-88,2.6023390421186447e-91,0.035538594918952615,1
bimodal,0.05,10.0,801,1.631901617933063e-15,2.375877272697835e-14,6.910461802997053e-22,2.159519313436579e-23,1.1574851769640345e-87,1.13035661812894e-90,0.03512333216292135,1
bimodal,0.0725,6.0,201,8.229712755179645e-09,5.827027749205627e-11,1.7079608707041124e-08,1.781539050326835e-10,1.2529160181079937e-06,1.2705439704124481e-09,0.0,1
bimodal,0.0725,6.0,401,7.819986557210397e-09,5.5112137076207546e-11,2.2783367428845675e-08,2.075617600449429e-10,1.5981521038338535e-06,1.6243154492694333e-09,0.0,1
bimodal,0.0725,6.0,801,7.716451789881767e-09,5.434608318921619e-11,2.6033179419390222e-08,2.2321094684513742e-10,1.7902780924770722e-06,1.8215687832996792e-09,0.0,1
bimodal,0.0725,8.0,201,1.6933558022229402e-15,3.6637359812630166e-14,1.0160023906008359e-14,3.175007470627618e-16,1.8900048442629516e-28,1.8460917471042021e-31,0.0,1
bimodal,0.0725,8.0,401,1.5049054790645909e-15,3.68594044175552e-14,1.2297152298763555e-14,3.8428600933636244e-16,5.401926187408746e-28,5.2764694243017205e-31,0.0,1
bimodal,0.0725,8.0,801,1.3761537491720788e-15,5.906386491005833e-14,1.3451887568885792e-14,4.203714865276829e-16,8.528276564871684e-28,8.33024864052536e-31,0.0,1
bimodal,0.0725,10.0,201,1.3621436226763913e-15,4.1522341120980855e-14,4.562772340260218e-22,1.4258663563313182e-23,5.763650579907329e-73,5.628681674353492e-76,0.00014089707711442787,1
bimodal,0.0725,10.0,401,1.3703670805892968e-15,2.353672812205332e-14,6.054347283029152e-22,1.89198352594661e-23,8.270892016102112e-72,8.077219951207128e-75,0.00012176589775561098,1
bimodal,0.0725,10.0,801,1.4268966558444622e-15,2.375877272697835e-14,6.910461802997053e-22,2.159519313436579e-23,2.5626630463030505e-71,2.5026568002216225e-74,0.00011338366104868914,1
bimodal,0.1053,6.0,201,2.532833194596126e-06,2.5354484067818817e-08,4.989457609221863e-07,8.974921651903873e-10,0.00023069292161452038,2.3267873143511346e-07,0.0,1
bimodal,0.1053,6.0,401,2.4671582608311583e-06,2.464870063612068e-08,6.414617134065557e-07,1.1334380497610802e-09,0.0002813750904381482,2.8437196173292397e-07,0.0,1
bimodal,0.1053,6.0,801,2.4506386916730377e-06,2.447103186753452e-08,7.205771587777675e-07,1.2638270028940748e-09,0.00030885426965940256,3.1245427328710373e-07,0.0,1
bimodal,0.1053,8.0,201,1.4187570449904283e-15,3.68594044175552e-14,1.0160023906008359e-14,3.1750074818762954e-16,1.3364971762880267e-18,1.3052000096091845e-21,0.0,1
bimodal,0.1053,8.0,401,1.264533712468331e-15,3.68594044175552e-14,1.2297152298763555e-14,3.8428601140485597e-16,2.547021792342624e-18,2.487380703098654e-21,0.0,1
bimodal,0.1053,8.0,801,1.2329808287289725e-15,5.906386491005833e-14,1.3451887568885792e-14,4.2037148924349067e-16,3.4011775584269065e-18,3.3215375162220564e-21,0.0,1
bimodal,0.1053,10.0,201,1.1769590450927342e-15,4.1300296516055823e-14,4.562772340260218e-22,1.4258663563313182e-23,6.048979525393845e-47,5.907206644418611e-50,0.0,1
bimodal,0.1053,10.0,401,1.1528576543550912e-15,2.353672812205332e-14,6.054347283029152e-22,1.89198352594661e-23,2.8631257670489606e-46,2.7960213003654324e-49,0.0,1
bimodal,0.1053,10.0,801,1.1644041931114336e-15,2.353672812205332e-14,6.910461802997053e-22,2.159519313436579e-23,5.562622687278283e-46,5.432248809197676e-49,0.0,1
bimodal,0.1527,6.0,201,3.75753585189733e-05,4.4552138400710817e-07,1.7516904542671612e-06,2.314614764699015e-09,0.0020877650265706867,2.119942218702964e-06,0.0,1
bimodal,0.1527,6.0,401,3.702800185978425e-05,4.382806586544774e-07,2.2153722914113433e-06,2.9168690349264695e-09,0.00243762656296624,2.484224770344641e-06,0.0,1
bimodal,0.1527,6.0,801,3.6890787349975874e-05,4.364640602272374e-07,2.4704968182405828e-06,3.248325906773716e-09,0.00262130566625858,2.6762443418057703e-06,0.0,1
bimodal,0.1527,8.0,201,1.2108762909528881e-15,3.68594044175552e-14,1.0160023906008359e-14,3.175046331792868e-16,9.534647022701933e-14,9.311519056441436e-17,0.0,1
bimodal,0.1527,8.0,401,1.0172842629933554e-15,3.708144902248023e-14,1.2297152298763555e-14,3.8429258962516367e-16,1.4837876622190766e-13,1.44906795008785e-16,0.0,1
bimodal,0.1527,8.0,801,9.999041760762553e-16,5.88418203051333e-14,1.3451887568885792e-14,4.203798205767196e-16,1.8168864439772627e-13,1.7743744367423028e-16,0.0,1
bimodal,0.1527,10.0,201,9.265082600352925e-16,4.1300296516055823e-14,4.562772340260218e-22,1.4258663563313182e-23,1.6124941810589623e-34,1.5747014944048776e-37,0.0,1
bimodal,0.1527,10.0,401,9.124174896066566e-16,2.353672812205332e-14,6.054347283029152e-22,1.89198352594661e-23,4.537091060169958e-34,4.43075346420441e-37,0.0,1
bimodal,0.1527,10.0,801,1.013801225553823e-15,2.353672812205332e-14,6.910461802997053e-22,2.1595193134365793e-23,7.1255511812883035e-34,6.958546869893667e-37,0.0,1
bimodal,0.2216,6.0,201,2.0704844541356672e-05,3.377529986803296e-07,2.1318290034051946e-05,2.152329718432833e-08,0.000609926219892062,1.4718027397634705e-06,0.0,1
bimodal,0.2216,6.0,401,2.0442273964197416e-05,3.327074065140323e-07,2.652863405286877e-05,2.6779897190097552e-08,0.0007007605728076135,1.7174301698349927e-06,0.0,1
bimodal,0.2216,6.0,801,2.0376494428067704e-05,3.3144193856138315e-07,2.9382083403690588e-05,2.9658652092035635e-08,0.0007479009379723887,1.8465216171546811e-06,0.0,1
bimodal,0.2216,8.0,201,1.5681994046441135e-15,3.708144902248023e-14,3.813073751860866e-14,3.547600059590386e-16,4.3151780115464746e-13,5.314922754752101e-16,0.0,1
bimodal,0.2216,8.0,401,1.3309751514675935e-15,3.708144902248023e-14,6.117875108353401e-14,4.4406727881931127e-16,6.217647245937765e-13,7.649214779483009e-16,0.0,1
bimodal,0.2216,8.0,801,1.369115201925586e-15,5.928590951498336e-14,7.583260279570455e-14,4.944722445685919e-16,7.361649561024608e-13,9.052156083715506e-16,0.0,1
bimodal,0.2216,10.0,201,7.866511201034443e-16,4.1522341120980855e-14,4.562772340260218e-22,1.4258663702360757e-23,2.296722789042633e-30,3.904726204297677e-33,0.0,1
bimodal,0.2216,10.0,401,8.1616759155913945e-16,2.375877272697835e-14,6.054347283029152e-22,1.8919835600000517e-23,5.2356026019203894e-30,8.808620696077646e-33,0.0,1
bimodal,0.2216,10.0,801,8.327949018156289e-16,2.375877272697835e-14,6.910461802997053e-22,2.1595193637784973e-23,7.539118910601031e-30,1.2629593276280795e-32,0.0,1
bimodal,0.3215,6.0,201,3.626392483984469e-05,4.835246336654109e-07,1.144770908672758e-06,1.7582173131605884e-09,0.0012520004127414368,1.700347712212689e-06,0.0,1
bimodal,0.3215,6.0,401,3.587818222313159e-05,4.777050541804329e-07,1.4289360958067463e-06,2.182242344057635e-09,0.0014342354557103354,1.9675002559344785e-06,0.0,1
bimodal,0.3215,6.0,801,3.578152821223715e-05,4.762463525764815e-07,1.584709947159387e-06,2.4143032160877336e-09,0.0015284258164093558,2.10692617885464e-06,0.0,1
bimodal,0.3215,8.0,201,4.7416213235245284e-14,3.730349362740526e-14,1.0160023906008359e-14,3.2151355888275816e-16,9.332417024809098e-12,1.2458551054018355e-14,0.0,1
bimodal,0.3215,8.0,401,4.4524885221629916e-14,3.730349362740526e-14,1.2297152298763555e-14,3.9066024965637966e-16,1.2519355951597028e-11,1.6705278172250603e-14,0.0,1
bimodal,0.3215,8.0,801,4.3795622143868766e-14,5.950795411990839e-14,1.3451887568885792e-14,4.28244006425645e-16,1.4358570801630925e-11,1.915500007521706e-14,0.0,1
bimodal,0.3215,10.0,201,5.9252045373692e-16,4.1522341120980855e-14,4.562772340260218e-22,1.425866394364324e-23,7.214143535009362e-25,8.31390501263986e-28,0.0,1
bimodal,0.3215,10.0,401,6.298537833594557e-16,2.375877272697835e-14,6.054347283029152e-22,1.891983615518309e-23,1.2766410450478417e-24,1.4775024434195277e-27,0.0,1
bimodal,0.3215,10.0,801,6.478373361715236e-16,2.398081733190338e-14,6.910461802997053e-22,2.159519444144288e-23,1.6532473239106468e-24,1.9168432875234317e-27,0.0,1
bimodal,0.4665,6.0,201,5.263507391028892e-05,7.851183576601528e-07,2.869134889961916e-07,5.90822445518845e-10,0.0014710334868623777,1.7079809937709645e-06,0.0,1
bimodal,0.4665,6.0,401,5.232835078416865e-05,7.796732599540945e-07,3.574951032609635e-07,7.209535767041737e-10,0.0016566295772869326,1.9354624279581693e-06,0.0,1
bimodal,0.4665,6.0,801,5.225160352388714e-05,7.783103042058315e-07,3.961842738562633e-07,7.916862475159088e-10,0.001751554046200532,2.0526577765089363e-06,0.0,1
bimodal,0.4665,8.0,201,1.4845908965534796e-11,1.509903313490213e-13,1.0160023906008359e-14,3.2204194809221016e-16,1.5611594419929885e-09,1.5644333318467378e-12,0.0,1
bimodal,0.4665,8.0,401,1.4305470980551701e-11,1.4654943925052066e-13,1.2297152298763555e-14,3.914043535802783e-16,1.9521683624965023e-09,1.9571475479951773e-12,0.0,1
bimodal,0.4665,8.0,801,1.4169161942102027e-11,1.6764367671839864e-13,1.3451887568885792e-14,4.2912189307723375e-16,2.167878337939175e-09,2.173870666453893e-12,0.0,1
bimodal,0.4665,10.0,201,4.1932740545171805e-16,4.1300296516055823e-14,4.562772340260218e-22,1.425867612427715e-23,1.6653111991715523e-19,1.6353545216698043e-22,0.0,1
bimodal,0.4665,10.0,401,4.482392441128536e-16,2.398081733190338e-14,6.054347283029152e-22,1.8919863782140773e-23,2.5393505418669516e-19,2.494045749649213e-22,0.0,1
bimodal,0.4665,10.0,801,4.680531058233313e-16,2.375877272697835e-14,6.910461802997053e-22,2.1595234277232662e-23,3.0835681613444245e-19,3.0287571406098826e-22,0.0,1
bimodal,0.6769,6.0,201,3.6017056133797954e-07,1.0534247918414508e-08,8.471415790103269e-09,1.893575624597264e-10,6.73213308188765e-06,3.128592515465702e-08,0.0,1
bimodal,0.6769,6.0,401,3.569480897817761e-07,1.0429651364773918e-08,1.058043701392771e-08,2.1972285933462873e-10,7.67753843013675e-06,3.593535118770516e-08,0.0,1
bimodal,0.6769,6.0,801,3.561409777760431e-07,1.0403479189236009e-08,1.1737262123963613e-08,2.3571285065005827e-10,8.166215712755463e-06,3.8353775391561975e-08,0.0,1
bimodal,0.6769,8.0,201,3.068870797621456e-14,3.752553823233029e-14,1.0160023906008359e-14,3.1776587669303753e-16,2.5290038251369957e-12,6.692309076839204e-15,0.0,1
bimodal,0.6769,8.0,401,2.9551002214737885e-14,3.730349362740526e-14,1.2297152298763555e-14,3.84700556989259e-16,3.1643073661568734e-12,8.412051195565982e-15,0.0,1
bimodal,0.6769,8.0,801,2.925737606198876e-14,5.972999872483342e-14,1.3451887568885792e-14,4.2088064978799223e-16,3.5151712030539376e-12,9.3648491866995e-15,0.0,1
bimodal,0.6769,10.0,201,2.999538140529001e-16,4.1300296516055823e-14,4.562772340260218e-22,1.4258665715591772e-23,7.95645571500614e-22,1.5521354873465267e-24,0.0,1
bimodal,0.6769,10.0,401,3.0989028900718393e-16,2.353672812205332e-14,6.054347283029152e-22,1.891984007715662e-23,1.1711697411859049e-21,2.292230323083607e-24,0.0,1
bimodal,0.6769,10.0,801,3.2006927724076786e-16,2.375877272697835e-14,6.910461802997053e-22,2.1595200052780183e-23,1.4003700389549398e-21,2.7448652939428618e-24,0.0,1
bimodal,0.9821,6.0,201,1.3562069310187864e-06,4.3206616062718695e-08,5.007358324911295e-09,1.6786052961083684e-10,2.4806817786563842e-05,9.41382110027601e-08,0.0,1
bimodal,0.9821,6.0,401,1.3478438116703038e-06,4.290614219470967e-08,5.706777973820522e-09,1.9265299619896224e-10,2.797074594438515e-05,1.0693754723567887e-07,0.0,1
bimodal,0.9821,6.0,801,1.3457506272952999e-06,4.283095123014391e-08,6.0684863491396475e-09,2.0557355146249414e-10,2.959147194703648e-05,1.135446643374772e-07,0.0,1
bimodal,0.9821,8.0,201,2.2904118480819895e-12,7.815970093361102e-14,1.0160023906008359e-14,3.176831341593794e-16,1.2893838391234948e-10,3.4229919189446956e-13,0.0,1
bimodal,0.9821,8.0,401,2.2340351127947284e-12,7.72715225139109e-14,1.2297152298763555e-14,3.8456951600003157e-16,1.5589230920662798e-10,4.1493333774853383e-13,0.0,1
bimodal,0.9821,8.0,801,2.219843959076756e-12,9.9253938401489e-14,1.3451887568885792e-14,4.2071900461711393e-16,1.7043670013057482e-10,4.5420404474007646e-13,0.0,1
bimodal,0.9821,10.0,201,2.131734751095083e-16,4.1300296516055823e-14,4.562772340260218e-22,1.4258669920992052e-23,2.710059386444527e-18,5.802184114967965e-21,0.0,1
bimodal,0.9821,10.0,401,2.0416374291926977e-16,2.375877272697835e-14,6.054347283029152e-22,1.8919849268605024e-23,3.68103822072635e-18,7.903260656013617e-21,0.0,1
bimodal,0.9821,10.0,801,2.1015757859312339e-16,2.375877272697835e-14,6.910461802997053e-22,2.159521315414322e-23,4.246090215197159e-18,9.128119100446688e-21,0.0,1
bimodal,1.425,6.0,201,4.48191663503504e-08,1.320038078844732e-09,5.007358324911295e-09,1.6144305723437655e-10,1.5672982714479817e-06,2.9930347938208217e-09,0.0,1
bimodal,1.425,6.0,401,4.453610651005133e-08,1.3104151097564909e-09,5.706777973820522e-09,1.8455922010038713e-10,1.7706351926204455e-06,3.4047678130134053e-09,0.0,1
bimodal,1.425,6.0,801,4.446525378806789e-08,1.3080387883945832e-09,6.0684863491396475e-09,1.9655490222762075e-10,1.8750002783939385e-06,3.6175525705199325e-09,0.0,1
bimodal,1.425,8.0,201,1.083778904692763e-13,3.8413716652030416e-14,1.0160023906008359e-14,3.175999142512848e-16,9.658525294283724e-12,1.2362791617152322e-14,0.0,1
bimodal,1.425,8.0,401,1.0597725433133411e-13,3.8413716652030416e-14,1.2297152298763555e-14,3.8443985880609143e-16,1.1604118271661858e-11,1.4889428051692552e-14,0.0,1
bimodal,1.425,8.0,801,1.0537903912045693e-13,6.061817714453355e-14,1.3451887568885792e-14,4.205599498477209e-16,1.2649579512175825e-11,1.6249719851396156e-14,0.0,1
bimodal,1.425,10.0,201,1.3728503978490281e-16,4.1300296516055823e-14,4.562772340260218e-22,1.4258669652561287e-23,6.298336591577309e-19,6.8814259781894035e-22,0.0,1
bimodal,1.425,10.0,401,1.3228759836610295e-16,2.353672812205332e-14,6.054347283029152e-22,1.8919848587406994e-23,8.354555914265225e-19,9.14153343780016e-22,0.0,1
bimodal,1.425,10.0,801,1.3481456760080176e-16,2.375877272697835e-14,6.910461802997053e-22,2.1595212141107237e-23,9.534119092444001e-19,1.0439321148356333e-21,0.0,1
bimodal,2.0676,6.0,201,2.6589043740502963e-09,1.9424883923591096e-10,5.007358324911295e-09,1.610674379778435e-10,1.1496416432639122e-07,4.6198227466553763e-10,0.0,1
bimodal,2.0676,6.0,401,2.6404983890060025e-09,1.9273915796702568e-10,5.706777973820522e-09,1.8407772165270754e-10,1.3022215642793557e-07,5.265191195473961e-10,0.0,1
bimodal,2.0676,6.0,801,2.635890235701422e-09,1.9239454474018203e-10,6.0684863491396475e-09,1.9601458107991429e-10,1.3806984149109445e-07,5.599167665719378e-10,0.0,1
bimodal,2.0676,8.0,201,5.2081283829798e-15,3.730349362740526e-14,1.0160023906008359e-14,3.1760851640528324e-16,6.020044653346088e-13,1.5913814067181442e-15,0.0,1
bimodal,2.0676,8.0,401,5.100959861806515e-15,3.730349362740526e-14,1.2297152298763555e-14,3.8445302442872233e-16,7.226367844337027e-13,1.9162211172552906e-15,0.0,1
bimodal,2.0676,8.0,801,5.0735543714853e-15,5.950795411990839e-14,1.3451887568885792e-14,4.205760023228343e-16,7.874290266429969e-13,2.091110474209845e-15,0.0,1
bimodal,2.0676,10.0,201,8.425025985793247e-17,4.1522341120980855e-14,4.562772340260218e-22,1.4258672173509774e-23,5.613766640153201e-20,1.1558050824963588e-22,0.0,1
bimodal,2.0676,10.0,401,8.06603651847906e-17,2.398081733190338e-14,6.054347283029152e-22,1.891985405013432e-23,7.380866977660234e-20,1.5241737060106523e-22,0.0,1
bimodal,2.0676,10.0,801,7.910870472887625e-17,2.398081733190338e-14,6.910461802997053e-22,2.1595219907098246e-23,8.389161270133853e-20,1.7347679181924077e-22,0.0,1
bimodal,3.0,6.0,201,1.3439252870647958e-10,6.674039099152651e-11,5.007358324911295e-09,1.6084049456773745e-10,9.199735405793839e-09,1.704135415056866e-10,0.0,1
bimodal,3.0,6.0,401,1.3337627248901434e-10,6.616796000002978e-11,5.706777973820522e-09,1.8379287803671417e-10,1.0466404069349362e-08,1.9471796324559604e-10,0.0,1
bimodal,3.0,6.0,801,1.3312178844526972e-10,6.605826996519681e-11,6.0684863491396475e-09,1.9569786585884933e-10,1.1120287087749331e-08,2.073182058166506e-10,0.0,1
bimodal,3.0,8.0,201,1.6123236490966093e-16,3.68594044175552e-14,1.0160023906008359e-14,3.1760165388630178e-16,2.5692670202339747e-14,3.509749557045706e-16,0.0,1
bimodal,3.0,8.0,401,1.5567626065520739e-16,3.68594044175552e-14,1.2297152298763555e-14,3.844424018203399e-16,3.100060402110328e-14,4.2465542334445225e-16,0.0,1
bimodal,3.0,8.0,801,1.5342395817038565e-16,5.906386491005833e-14,1.3451887568885792e-14,4.205629997225008e-16,3.3862255839855813e-14,4.644599475021086e-16,0.0,1
bimodal,3.0,10.0,201,6.419346333309311e-17,4.1300296516055823e-14,4.562772340260218e-22,1.4258671568310748e-23,1.5634758167307791e-21,1.6481460134922558e-23,0.0,1
bimodal,3.0,10.0,401,5.73540424376461e-17,2.353672812205332e-14,6.054347283029152e-22,1.891985272897765e-23,2.06570042037465e-21,2.1854585936008354e-23,0.0,1
bimodal,3.0,10.0,801,5.160263256090585e-17,2.353672812205332e-14,6.910461802997053e-22,2.159521802456569e-23,2.3531791638100015e-21,2.493728109434098e-23,0.0,1
fitted-narrow,0.05,6.0,201,9.14658262493489e-16,4.418687638008123e-14,5.007358324911295e-09,1.5647994765347797e-10,8.592985527369765e-40,8.391587429072036e-43,0.0,0
fitted-narrow,0.05,6.0,401,9.417809197676232e-16,2.9531932455029164e-14,5.706777973820522e-09,1.783368116818913e-10,2.5138062863097583e-39,2.4548889514743733e-42,0.0,0
fitted-narrow,0.05,6.0,801,8.697225058796524e-16,5.917488721252084e-14,6.0684863491396475e-09,1.8964019841061398e-10,4.012608786911064e-39,3.918563268467836e-42,0.0,0
fitted-narrow,0.05,8.0,201,1.1290914546127103e-10,8.737455203799982e-13,1.0160023906008359e-14,3.175007470627612e-16,1.0599966230525896e-98,1.0351529521997946e-101,0.0,0
fitted-narrow,0.05,8.0,401,1.0852306053622733e-15,3.68594044175552e-14,1.2297152298763555e-14,3.842860093363611e-16,1.778079072158759e-97,1.7364053439050382e-100,0.0,0
fitted-narrow,0.05,8.0,801,9.933230345085929e-16,5.906386491005833e-14,1.3451887568885792e-14,4.20371486527681e-16,5.908573221197387e-97,5.770091036325573e-100,0.0,0
fitted-narrow,0.05,10.0,201,2.7135721003992623e-07,4.261022645835055e-09,4.562772340260218e-22,1.4258663563313182e-23,3.829943515272539e-187,3.7401792141333387e-190,6.801927860696518e-05,0
fitted-narrow,0.05,10.0,401,9.305539722062923e-16,2.353672812205332e-14,6.054347283029152e-22,1.89198352594661e-23,8.71067084715292e-185,8.506514499172773e-188,5.8447630922693265e-05,0
fitted-narrow,0.05,10.0,801,1.0059186276618731e-15,2.375877272697835e-14,6.910461802997053e-22,2.159519313436579e-23,9.55670071067612e-184,9.33271553776965e-187,5.242470349563046e-05,0
fitted-narrow,0.0725,6.0,201,6.946850503951981e-16,4.440892098500626e-14,5.007358324911295e-09,1.5647994765347864e-10,1.255017531711669e-31,1.2256030583140907e-34,0.0,0
fitted-narrow,0.0725,6.0,401,7.591732758823541e-16,2.9531932455029164e-14,5.706777973820522e-09,1.783368116818924e-10,2.679847208753022e-31,2.6170382898031643e-34,0.0,0
fitted-narrow,0.0725,6.0,801,5.77899781373078e-16,5.928590951498336e-14,6.0684863491396475e-09,1.8964019841061533e-10,3.7557510816512844e-31,3.667725665683345e-34,0.0,0
fitted-narrow,0.0725,8.0,201,3.440346029829866e-11,1.709743457922741e-13,1.0160023906008359e-14,3.175007470627612e-16,1.1352964089802247e-75,1.1086878993947507e-78,0.0,0
fitted-narrow,0.0725,8.0,401,7.977908301282216e-16,3.708144902248023e-14,1.2297152298763555e-14,3.842860093363611e-16,8.234398649854451e-75,8.0414049314984875e-78,0.0,0
fitted-narrow,0.0725,8.0,801,7.189020531425306e-16,5.928590951498336e-14,1.3451887568885792e-14,4.20371486527681e-16,1.9137298356810126e-74,1.868876792657239e-77,0.0,0
fitted-narrow,0.0725,10.0,201,1.038218442294332e-07,7.774425547779629e-10,4.562772340260218e-22,1.4258663563313182e-23,9.711101698499751e-142,9.483497752441163e-145,0.0,0
fitted-narrow,0.0725,10.0,401,6.713729746561934e-16,2.375877272697835e-14,6.054347283029152e-22,1.89198352594661e-23,4.740102081113711e-140,4.629005938587609e-143,0.0,0
fitted-narrow,0.0725,10.0,801,7.472760387521067e-16,2.375877272697835e-14,6.910461802997053e-22,2.159519313436579e-23,2.537435736593713e-139,2.477964586517298e-142,0.0,0
fitted-narrow,0.1053,6.0,201,5.040858403294163e-16,4.440892098500626e-14,5.007358324911295e-09,1.5647994766986543e-10,2.8893067998855828e-28,2.822431349453559e-31,0.0,0
fitted-narrow,0.1053,6.0,401,5.415716257714672e-16,2.9531932455029164e-14,5.706777973820522e-09,1.7833681170519688e-10,5.151254778421364e-28,5.0321793143871245e-31,0.0,0
fitted-narrow,0.1053,6.0,801,4.913860896888445e-16,5.928590951498336e-14,6.0684863491396475e-09,1.8964019843805505e-10,6.69211514085558e-28,6.537512826968019e-31,0.0,0
fitted-narrow,0.1053,8.0,201,8.783066966880355e-12,1.1834977442504169e-13,1.0160023906008359e-14,3.175007470627612e-16,2.102356762626835e-62,2.0530828114991426e-65,0.0,0
fitted-narrow,0.1053,8.0,401,6.082647604980464e-16,3.708144902248023e-14,1.2297152298763555e-14,3.842860093363611e-16,8.753533830901048e-62,8.548373061297641e-65,0.0,0
fitted-narrow,0.1053,8.0,801,5.547630005054659e-16,5.928590951498336e-14,1.3451887568885792e-14,4.20371486527681e-16,1.6165849031500118e-61,1.5786962304254503e-64,0.0,0
fitted-narrow,0.1053,10.0,201,3.919095566203154e-08,2.421756128967445e-10,4.562772340260218e-22,1.4258663563313182e-23,1.5247014305385973e-112,1.4889662407607197e-115,0.0,0
fitted-narrow,0.1053,10.0,401,5.411040021137231e-16,2.375877272697835e-14,6.054347283029152e-22,1.89198352594661e-23,2.4893930304246633e-111,2.431047881274895e-114,0.0,0
fitted-narrow,0.1053,10.0,801,5.385048341789902e-16,2.375877272697835e-14,6.910461802997053e-22,2.159519313436579e-23,8.184283045718907e-111,7.992463911837894e-114,0.0,0
fitted-narrow,0.1527,6.0,201,4.2340097540316986e-16,4.440892098500626e-14,5.007358324911295e-09,1.5647994811481128e-10,3.7145416200132166e-20,3.627990840131461e-23,0.0,0
fitted-narrow,0.1527,6.0,401,4.1436675057078895e-16,2.9753977059954195e-14,5.706777973820522e-09,1.7833681230262177e-10,5.508646141695761e-20,5.380331732818875e-23,0.0,0
fitted-narrow,0.1527,6.0,801,3.5161389645479775e-16,5.950795411990839e-14,6.0684863491396475e-09,1.8964019912353017e-10,6.607773253362073e-20,6.453878465873085e-23,0.0,0
fitted-narrow,0.1527,8.0,201,1.8056890831765386e-12,4.707345624410664e-14,1.0160023906008359e-14,3.175007470627612e-16,1.5134999898477292e-44,1.4780283380225062e-47,0.0,0
fitted-narrow,0.1527,8.0,401,4.696940598376852e-16,3.708144902248023e-14,1.2297152298763555e-14,3.842860093363611e-16,3.9171998497063227e-44,3.8253933314787166e-47,0.0,0
fitted-narrow,0.1527,8.0,801,4.294923615078233e-16,5.950795411990839e-14,1.3451887568885792e-14,4.20371486527681e-16,5.948322166044759e-44,5.808912868681198e-47,0.0,0
fitted-narrow,0.1527,10.0,201,1.0766026490217083e-08,1.2322698417222e-10,4.562772340260218e-22,1.4258663563313182e-23,1.2275695368964207e-80,1.1987983783714026e-83,0.0,0
fitted-narrow,0.1527,10.0,401,4.3177747956134615e-16,2.398081733190338e-14,6.054347283029152e-22,1.89198352594661e-23,8.044393675321371e-80,7.855853217463914e-83,0.0,0
fitted-narrow,0.1527,10.0,801,4.2460759658890776e-16,2.398081733190338e-14,6.910461802997053e-22,2.159519313436579e-23,1.7930390442685758e-79,1.7510146961473977e-82,0.0,0
fitted-narrow,0.2216,6.0,201,3.2211142333692473e-16,4.440892098500626e-14,5.007358324911295e-09,1.565498035729697e-10,6.598226324505621e-17,6.647653064761509e-20,0.0,0
fitted-narrow,0.2216,6.0,401,3.287107782125681e-16,2.9531932455029164e-14,5.706777973820522e-09,1.7842310773663717e-10,8.940068838955392e-17,9.015646586564619e-20,0.0,0
fitted-narrow,0.2216,6.0,801,2.8872601887597895e-16,5.906386491005833e-14,6.0684863491396475e-09,1.8973547107969654e-10,1.0300139179106174e-16,1.039178928343597e-19,0.0,0
fitted-narrow,0.2216,8.0,201,3.0804681293901805e-13,3.2862601528904634e-14,1.0160023906008359e-14,3.175007470881363e-16,1.3045897193756036e-35,1.2749920185349437e-38,0.0,0
fitted-narrow,0.2216,8.0,401,3.496729700023815e-16,3.68594044175552e-14,1.2297152298763555e-14,3.8428600937554856e-16,2.5843594179387283e-35,2.5258525802791724e-38,0.0,0
fitted-narrow,0.2216,8.0,801,3.5087159996472774e-16,5.928590951498336e-14,1.3451887568885792e-14,4.2037148657551043e-16,3.511133810736259e-35,3.431720881257525e-38,0.0,0
fitted-narrow,0.2216,10.0,201,2.472469433760928e-09,4.248379426030624e-11,4.562772340260218e-22,1.4258663563313182e-23,7.999194417105706e-63,7.811798356764543e-66,0.0,0
fitted-narrow,0.2216,10.0,401,3.4957510820972637e-16,2.353672812205332e-14,6.054347283029152e-22,1.89198352594661e-23,3.006383996857254e-62,2.935957200764958e-65,0.0,0
fitted-narrow,0.2216,10.0,801,3.5604752069857473e-16,2.398081733190338e-14,6.910461802997053e-22,2.159519313436579e-23,5.324414190903883e-62,5.199688439530542e-65,0.0,0
fitted-narrow,0.3215,6.0,201,2.331717287132054e-16,4.440892098500626e-14,5.007358324911295e-09,1.564862760071806e-10,1.8925735862793258e-15,3.4344533834226204e-18,0.0,0
fitted-narrow,0.3215,6.0,401,2.289387854333255e-16,2.9753977059954195e-14,5.706777973820522e-09,1.7834460341262486e-10,2.442508228734211e-15,4.446349398480848e-18,0.0,0
fitted-narrow,0.3215,6.0,801,2.057480860313905e-16,5.928590951498336e-14,6.0684863491396475e-09,1.8964878748027915e-10,2.752437768349299e-15,5.017801258027325e-18,0.0,0
fitted-narrow,0.3215,8.0,201,3.721448953292542e-14,3.6637359812630166e-14,1.0160023906008359e-14,3.175007470813381e-16,9.952359879110849e-31,1.3543220451477436e-33,0.0,0
fitted-narrow,0.3215,8.0,401,2.598471505590898e-16,3.708144902248023e-14,1.2297152298763555e-14,3.8428600936390507e-16,1.690958124059622e-30,2.307906095040813e-33,0.0,0
fitted-narrow,0.3215,8.0,801,2.451288364992377e-16,5.928590951498336e-14,1.3451887568885792e-14,4.203714865606916e-16,2.152409581772872e-30,2.941509682790984e-33,0.0,0
fitted-narrow,0.3215,10.0,201,4.0868241866869624e-10,5.169864536469504e-12,4.562772340260218e-22,1.4258663563313182e-23,2.751622730715645e-52,3.292998163828372e-55,0.0,0
fitted-narrow,0.3215,10.0,401,2.4526356087771373e-16,2.375877272697835e-14,6.054347283029152e-22,1.89198352594661e-23,7.358742476891466e-52,8.818207783661829e-55,0.0,0
fitted-narrow,0.3215,10.0,801,2.6530356982142456e-16,2.375877272697835e-14,6.910461802997053e-22,2.159519313436579e-23,1.1330529597967572e-51,1.358537141271675e-54,0.0,0
fitted-narrow,0.4665,6.0,201,7.282000407778935e-12,9.57012247226885e-14,5.007358324911295e-09,1.572075882073192e-10,3.110649777931224e-10,3.633343498307186e-13,0.0,0
fitted-narrow,0.4665,6.0,401,7.124805149260812e-12,7.971401316808624e-14,5.706777973820522e-09,1.79212658964922e-10,3.727471991610817e-10,4.359964532182943e-13,0.0,0
fitted-narrow,0.4665,6.0,801,7.085304934832526e-12,1.0946799022804043e-13,6.0684863491396475e-09,1.9059534695766257e-10,4.05819870734759e-10,4.749981697130212e-13,0.0,0
fitted-narrow,0.4665,8.0,201,3.051450474667718e-15,3.708144902248023e-14,1.0160023906008359e-14,3.175011467977875e-16,1.8079560772540538e-20,1.902002411006378e-23,0.0,0
fitted-narrow,0.4665,8.0,401,2.2632302402733736e-16,3.708144902248023e-14,1.2297152298763555e-14,3.842865670275215e-16,2.5482816438671075e-20,2.6827961510668814e-23,0.0,0
fitted-narrow,0.4665,8.0,801,1.9997693754947438e-16,5.928590951498336e-14,1.3451887568885792e-14,4.203721365524519e-16,2.988748748313047e-20,3.147553319305697e-23,0.0,0
fitted-narrow,0.4665,10.0,201,4.445822902767938e-11,4.60964599824365e-13,4.562772340260218e-22,1.4258663563407938e-23,4.709730980482982e-35,4.780364147293375e-38,0.0,0
fitted-narrow,0.4665,10.0,401,2.347343257664692e-16,2.375877272697835e-14,6.054347283029152e-22,1.8919835259638332e-23,8.75030457779798e-35,8.885095413815089e-38,0.0,0
fitted-narrow,0.4665,10.0,801,2.337964046916657e-16,2.375877272697835e-14,6.910461802997053e-22,2.1595193134590407e-23,1.1571763828671348e-34,1.175204538168537e-37,0.0,0
fitted-narrow,0.6769,6.0,201,3.852628474544596e-09,3.419797778292377e-11,3.541134213974844e-08,2.0394952724136716e-10,1.2481871391078532e-07,1.2427070818140169e-10,0.0,0
fitted-narrow,0.6769,6.0,401,3.807998138873344e-09,3.376054991122146e-11,4.1577883923276007e-08,2.343688784913952e-10,1.4438448237128798e-07,1.4387442809591476e-10,0.0,0
fitted-narrow,0.6769,6.0,801,3.796811725037666e-09,3.368416656712725e-11,4.480707569581115e-08,2.501754208898593e-10,1.5460847542723207e-07,1.5412515691295548e-10,0.0,0
fitted-narrow,0.6769,8.0,201,3.698399954054765e-16,3.708144902248023e-14,1.0160023906008359e-14,3.1989298863068056e-16,4.498957649472891e-15,4.3944524539751624e-18,0.0,0
fitted-narrow,0.6769,8.0,401,1.7233689253965372e-16,3.68594044175552e-14,1.2297152298763555e-14,3.8749961816390214e-16,5.78202670199051e-15,5.6477876374742215e-18,0.0,0
fitted-narrow,0.6769,8.0,801,1.4796602685891532e-16,5.906386491005833e-14,1.3451887568885792e-14,4.24052955427663e-16,6.5032820077179365e-15,6.352335475077873e-18,0.0,0
fitted-narrow,0.6769,10.0,201,3.144323555178129e-12,5.218048215738236e-14,4.562772340260218e-22,1.4258851812555532e-23,1.143402202767483e-25,1.1166122336889753e-28,0.0,0
fitted-narrow,0.6769,10.0,401,1.9741372661858134e-16,2.375877272697835e-14,6.054347283029152e-22,1.8920157779672623e-23,1.7565604865988953e-25,1.7154049181937185e-28,0.0,0
fitted-narrow,0.6769,10.0,801,1.947339592301784e-16,2.375877272697835e-14,6.910461802997053e-22,2.1595603426022664e-23,2.1403480477465875e-25,2.090200881416385e-28,0.0,0
fitted-narrow,0.9821,6.0,201,3.958691831478232e-10,5.454081630773544e-12,5.007358324911295e-09,1.667723367637142e-10,1.2317765967343204e-08,1.937734490324305e-11,0.0,0
fitted-narrow,0.9821,6.0,401,3.9142771951328955e-10,5.373257394580833e-12,5.706777973820522e-09,1.9051816602153215e-10,1.420440112641958e-08,2.246297406120748e-11,0.0,0
fitted-narrow,0.9821,6.0,801,3.9031425276830915e-10,5.3865800708763345e-12,6.0684863491396475e-09,2.0281793304728743e-10,1.5187614125197527e-08,2.407734400877317e-11,0.0,0
fitted-narrow,0.9821,8.0,201,2.6792289811040267e-16,3.708144902248023e-14,1.0160023906008359e-14,3.179433351647531e-16,1.8262847879474175e-15,2.0729888500268037e-18,0.0,0
fitted-narrow,0.9821,8.0,401,1.32289962437171e-16,3.708144902248023e-14,1.2297152298763555e-14,3.848797487546454e-16,2.290632237915926e-15,2.604614778451165e-18,0.0,0
fitted-narrow,0.9821,8.0,801,1.1331868108917924e-16,5.928590951498336e-14,1.3451887568885792e-14,4.2105126388401616e-16,2.547624528716035e-15,2.8992051945178272e-18,0.0,0
fitted-narrow,0.9821,10.0,201,1.7370745557101267e-13,3.397282455352979e-14,4.562772340260218e-22,1.4258732834396563e-23,1.0719876887664723e-24,1.1079511510816172e-27,0.0,0
fitted-narrow,0.9821,10.0,401,1.8108860541222484e-16,2.375877272697835e-14,6.054347283029152e-22,1.8919952846114282e-23,1.540647276705283e-24,1.5937374339192741e-27,0.0,0
fitted-narrow,0.9821,10.0,801,1.7915839675181565e-16,2.375877272697835e-14,6.910461802997053e-22,2.1595342176435936e-23,1.822875402306828e-24,1.8864408247343378e-27,0.0,0
fitted-narrow,1.425,6.0,201,7.047918973871578e-10,2.1363355529047112e-11,5.007358324911295e-09,1.7342123753979304e-10,2.1408250276773203e-08,6.434789865886288e-11,0.0,0
fitted-narrow,1.425,6.0,401,6.982419407293305e-10,2.1131318916900454e-11,5.706777973820522e-09,1.9834229195443516e-10,2.446930884355314e-08,7.407189822272005e-11,0.0,0
fitted-narrow,1.425,6.0,801,6.96600458855435e-10,2.1106227876543926e-11,6.0684863491396475e-09,2.112584377888755e-10,2.605345419710266e-08,7.913104257840716e-11,0.0,0
fitted-narrow,1.425,8.0,201,2.8931514581564187e-16,3.68594044175552e-14,1.0160023906008359e-14,3.187286057275073e-16,2.2783570541224567e-14,4.005710831362111e-17,0.0,0
fitted-narrow,1.425,8.0,401,2.7611585465552815e-16,3.68594044175552e-14,1.2297152298763555e-14,3.8592650538669126e-16,2.7857341123654846e-14,4.9161090806026353e-17,0.0,0
fitted-narrow,1.425,8.0,801,2.5939789260210786e-16,5.928590951498336e-14,1.3451887568885792e-14,4.2224628992392135e-16,3.0617690438362e-14,5.412740398985824e-17,0.0,0
fitted-narrow,1.425,10.0,201,3.8121460268060876e-14,3.375077994860476e-14,4.562772340260218e-22,1.4259121198380368e-23,2.568331645151837e-22,3.513456963121076e-25,0.0,0
fitted-narrow,1.425,10.0,401,1.4094059199423864e-16,2.375877272697835e-14,6.054347283029152e-22,1.8920605544533332e-23,3.4973210739279125e-22,4.797892972127879e-25,0.0,0
fitted-narrow,1.425,10.0,801,1.275547735810124e-16,2.375877272697835e-14,6.910461802997053e-22,2.1596166267715177e-23,4.0390108175334774e-22,5.548188353433227e-25,0.0,0
fitted-narrow,2.0676,6.0,201,5.955317289795262e-10,5.654454682257892e-11,5.007358324911295e-09,1.8250621994185452e-10,1.780557597429264e-08,1.5600678543152065e-10,0.0,0
fitted-narrow,2.0676,6.0,401,5.904060348881681e-10,5.6004090254191397e-11,5.706777973820522e-09,2.0904179942803972e-10,2.0274386202373248e-08,1.7899986586820546e-10,0.0,0
fitted-narrow,2.0676,6.0,801,5.891215494768004e-10,5.590239382513573e-11,6.0684863491396475e-09,2.2280539424597003e-10,2.154824348976961e-08,1.9092544050989722e-10,0.0,0
fitted-narrow,2.0676,8.0,201,5.588754830975566e-16,3.68594044175552e-14,1.0160023906008359e-14,3.201890050825842e-16,4.728305033434003e-14,2.4096800960379053e-16,0.0,0
fitted-narrow,2.0676,8.0,401,5.488953143581632e-16,3.68594044175552e-14,1.2297152298763555e-14,3.878680372250637e-16,5.714345924917672e-14,2.9242949529340606e-16,0.0,0
fitted-narrow,2.0676,8.0,801,5.388258623783802e-16,5.906386491005833e-14,1.3451887568885792e-14,4.244602245719992e-16,6.246493904431863e-14,3.202863448767665e-16,0.0,0
fitted-narrow,2.0676,10.0,201,2.4387920200278534e-14,3.3084646133829665e-14,4.562772340260218e-22,1.4260375828372627e-23,2.221935999513894e-21,8.462761804398425e-24,0.0,0
fitted-narrow,2.0676,10.0,401,9.414911446205522e-17,2.353672812205332e-14,6.054347283029152e-22,1.8922703311357682e-23,2.9507183020868326e-21,1.1277913754945449e-23,0.0,0
fitted-narrow,2.0676,10.0,801,8.774749751464917e-17,2.353672812205332e-14,6.910461802997053e-22,2.1598809694760722e-23,3.369190198074621e-21,1.2898029665143454e-23,0.0,0
fitted-narrow,3.0,6.0,201,9.88043445798339e-11,6.306510869080739e-11,5.007358324911295e-09,1.8214431353114082e-10,8.38003087954635e-09,1.7235359915967563e-10,0.0,0
fitted-narrow,3.0,6.0,401,9.796069292225478e-11,6.247002914960831e-11,5.706777973820522e-09,2.0861817966930664e-10,9.548633368445611e-09,1.9770415553462474e-10,0.0,0
fitted-narrow,3.0,6.0,801,9.774927874308419e-11,6.235412186583744e-11,6.0684863491396475e-09,2.2234964040382413e-10,1.0151840567454959e-08,2.108489344620032e-10,0.0,0
fitted-narrow,3.0,8.0,201,1.1737481303675234e-16,3.68594044175552e-14,1.0160023906008359e-14,3.2012423605581823e-16,2.292165314127287e-14,2.9776854503995637e-16,0.0,0
fitted-narrow,3.0,8.0,401,1.1359508563492945e-16,3.68594044175552e-14,1.2297152298763555e-14,3.8778197127980765e-16,2.766766887629688e-14,3.608349004049662e-16,0.0,0
fitted-narrow,3.0,8.0,801,1.1084490473498955e-16,5.906386491005833e-14,1.3451887568885792e-14,4.2436210433594224e-16,3.022689045819469e-14,3.949394236686953e-16,0.0,0
fitted-narrow,3.0,10.0,201,1.001582401157869e-14,3.3084646133829665e-14,4.562772340260218e-22,1.4260319727400003e-23,1.3489507207078203e-21,1.2762379682426531e-23,0.0,0
fitted-narrow,3.0,10.0,401,6.371248988149942e-17,2.353672812205332e-14,6.054347283029152e-22,1.892260947042145e-23,1.783122592636217e-21,1.6945470286070964e-23,0.0,0
fitted-narrow,3.0,10.0,801,5.77681771776724e-17,2.353672812205332e-14,6.910461802997053e-22,2.1598691426464824e-23,2.031721253210176e-21,1.9347418813908352e-23,0.0,0
fitted-narrow,0.05,6.0,201,0.13741692389775556,0.010340141395247082,0.06011738154246936,0.00025562955511104866,0.9506476103270779,0.00492689054209158,0.00011174595771144279,1
fitted-narrow,0.05,6.0,401,0.13803184637274757,0.010359737064609797,0.0660895639847123,0.0002876179791506906,0.9599472386833632,0.0051904139802178674,0.00010958930798004988,1
fitted-narrow,0.05,6.0,801,0.1381862968442301,0.010364582138166822,0.06923322238179955,0.00030411747823466597,0.9644831734904522,0.0053217039797430485,0.00010850694444444444,1
fitted-narrow,0.05,8.0,201,1.1375054128489604e-10,7.192024753521764e-13,2.7450577934827653e-10,2.694339449378051e-13,3.7293997874781184e-10,3.7351005781912216e-13,0.002997706778606965,1
fitted-narrow,0.05,8.0,401,5.216823151071831e-15,3.730349362740526e-14,5.006816872587659e-10,4.914471646850054e-13,8.725147090812699e-10,8.775594471826245e-13,0.002910204956359102,1
fitted-narrow,0.05,8.0,801,4.679137497616877e-15,5.950795411990839e-14,6.551185143196717e-10,6.430784776727554e-13,1.2633739024250518e-09,1.2731284797499594e-12,0.002866290184144819,1
fitted-narrow,0.05,10.0,201,2.1137455348342983e-07,1.4919254720524577e-09,4.562772340260218e-22,1.4258663563313182e-23,3.3425686243901307e-62,3.264485037888123e-65,0.03818310789800995,1
fitted-narrow,0.05,10.0,401,2.1987728746888972e-15,2.398081733190338e-14,6.054347283029152e-22,1.89198352594661e-23,1.6297113536170542e-60,1.5916414802816822e-63,0.03736021274937656,1
fitted-narrow,0.05,10.0,801,2.2705696921675462e-15,2.375877272697835e-14,6.910461802997053e-22,2.159519313436579e-23,8.589825135627379e-60,8.3891704837463e-63,0.03694112827715356,1
fitted-narrow,0.0725,6.0,201,0.11090895798349504,0.007780579866360604,0.05197507599324523,0.0002179218854301231,0.8901926292837788,0.004820342704690462,0.0,1
fitted-narrow,0.0725,6.0,401,0.11116314714332416,0.00777649731708685,0.057646067713101413,0.00024677464256936605,0.9079167152255097,0.005113700509402982,0.0,1
fitted-narrow,0.0725,6.0,801,0.11122572279371358,0.007775442434061475,0.06057180788452514,0.00026155301538221734,0.9163554744932981,0.005258541713473474,0.0,1
fitted-narrow,0.0725,8.0,201,3.6088083456007236e-11,3.5349501104064984e-13,1.3466104801505199e-10,1.3483846399932757e-13,9.889626471455137e-10,9.927234816462973e-13,1.943407960199005e-05,1
fitted-narrow,0.0725,8.0,401,3.254489449743836e-14,3.730349362740526e-14,2.405598460742925e-10,2.410187859966016e-13,2.0744518527808768e-09,2.0907089170136837e-12,1.7047225685785535e-05,1
fitted-narrow,0.0725,8.0,801,2.9302967291772046e-14,5.950795411990839e-14,3.120993747118906e-10,3.1280331118840263e-13,2.8744423455519183e-09,2.90222469942107e-12,1.5849328963795257e-05,1
fitted-narrow,0.0725,10.0,201,9.998538356334812e-08,2.6186119939097807e-09,4.562772340260218e-22,1.4258663563313182e-23,1.5749555841141e-53,2.3825076119793724e-56,0.0009328358208955224,1
fitted-narrow,0.0725,10.0,401,1.7666594702472019e-15,2.353672812205332e-14,6.054347283029152e-22,1.89198352594661e-23,1.9645810642796846e-52,2.9647114968978775e-55,0.0009010676433915212,1
fitted-narrow,0.0725,10.0,801,1.8067343025997594e-15,2.353672812205332e-14,6.910461802997053e-22,2.159519313436579e-23,7.37913890368144e-52,9.568262909238904e-55,0.0008826857053682896,1
fitted-narrow,0.1053,6.0,201,0.07491623748453242,0.005037724431724344,0.04805502169455531,0.00015102902380125606,0.862916769942924,0.003914004648058893,0.0,1
fitted-narrow,0.1053,6.0,401,0.07501510085796591,0.005031064077093861,0.053495404969276086,0.00017192285296013576,0.8835541164510945,0.0042406475231217345,0.0,1
fitted-narrow,0.1053,6.0,801,0.07503959656729312,0.005029388415777936,0.05628332903704283,0.00018265617815115294,0.8933344793734432,0.004403671947386403,0.0,1
fitted-narrow,0.1053,8.0,201,1.1936145797814648e-11,3.2862601528904634e-14,5.71063869558476e-11,1.073588725204732e-13,4.254379014684482e-09,4.53295656938078e-12,0.0,1
fitted-narrow,0.1053,8.0,401,3.0703834804807774e-13,3.907985046680551e-14,1.0031798086848458e-10,1.8806097445070385e-13,8.17150315513325e-09,8.730210138523622e-12,0.0,1
fitted-narrow,0.1053,8.0,801,2.821338677725879e-13,6.106226635438361e-14,1.2926256250783667e-10,2.4204977203502606e-13,1.0921404526348307e-08,1.168171726320562e-11,0.0,1
fitted-narrow,0.1053,10.0,201,4.384323576640991e-08,2.316187242001888e-10,4.562772340260218e-22,1.4258663563313182e-23,2.0415851240855345e-36,1.9937354727900772e-39,0.0,1
fitted-narrow,0.1053,10.0,401,1.4963244218822231e-15,2.375877272697835e-14,6.054347283029152e-22,1.89198352594661e-23,6.706703651520427e-36,6.549515285324617e-39,0.0,1
fitted-narrow,0.1053,10.0,801,1.4832185564305106e-15,2.375877272697835e-14,6.910461802997053e-22,2.159519313436579e-23,1.1219818031018855e-35,1.0956853547777997e-38,0.0,1
fitted-narrow,0.1527,6.0,201,0.04249089068560001,0.001955976236375445,0.019014252940547503,8.354742971342651e-05,0.4131416947277647,0.0028584060507302347,0.0,1
fitted-narrow,0.1527,6.0,401,0.042392006264024666,0.001944115286679482,0.021701309735683384,9.631772587453998e-05,0.44704028626895265,0.003149375941543737,0.0,1
fitted-narrow,0.1527,6.0,801,0.0423674315876537,0.0019411528737154349,0.023062214547053643,0.00010284076169147238,0.4634464425280523,0.0032924607515296056,0.0,1
fitted-narrow,0.1527,8.0,201,3.8202318891774315e-12,4.618527782440651e-14,4.079577973929856e-13,9.652815212376467e-16,2.990283337785362e-12,4.9442588191386394e-15,0.0,1
fitted-narrow,0.1527,8.0,401,1.203206471074212e-15,3.68594044175552e-14,7.402398823482369e-13,1.56465131639634e-15,6.060183386725569e-12,1.0227855325916591e-14,0.0,1
fitted-narrow,0.1527,8.0,801,1.2175553179964837e-15,5.906386491005833e-14,9.673399168907556e-13,1.965660960097747e-15,8.290097305295553e-12,1.411566471635725e-14,0.0,1
fitted-narrow,0.1527,10.0,201,1.971144503366022e-08,1.3059731074349656e-10,4.562772340260218e-22,1.4258663563313182e-23,1.4228183633920396e-34,1.3923213934938019e-37,0.0,1
fitted-narrow,0.1527,10.0,401,1.1369586657905365e-15,2.3314683517128287e-14,6.054347283029152e-22,1.89198352594661e-23,3.8712820678259615e-34,3.7886245744614494e-37,0.0,1
fitted-narrow,0.1527,10.0,801,1.225190237548522e-15,2.353672812205332e-14,6.910461802997053e-22,2.1595193134365793e-23,5.997186914587743e-34,5.869349169724808e-37,0.0,1
fitted-narrow,0.2216,6.0,201,0.010111984691204222,0.0003205733933531185,0.0043122721934860594,1.920654414878717e-05,0.18609498346657782,0.0008905582223602517,0.0,1
fitted-narrow,0.2216,6.0,401,0.010040862780560642,0.000316907988270998,0.005014934630899755,2.2473971908760185e-05,0.20803452073616852,0.0010104640888646012,0.0,1
fitted-narrow,0.2216,6.0,801,0.010023093911788858,0.00031598966200041545,0.00537600135132125,2.416368366699855e-05,0.21888934082046474,0.001070758739843069,0.0,1
fitted-narrow,0.2216,8.0,201,1.5492757844235465e-12,4.241051954068098e-14,1.0160023906008359e-14,3.189097425383246e-16,2.586730497831644e-10,2.53539586323422e-13,0.0,1
fitted-narrow,0.2216,8.0,401,1.0531879379256673e-12,4.285460875053104e-14,1.2297152298763555e-14,3.8694136740836615e-16,3.510663084071744e-10,3.443058332622285e-13,0.0,1
fitted-narrow,0.2216,8.0,801,1.0335900959858012e-12,6.483702463810914e-14,1.3451887568885792e-14,4.2390148485826726e-16,4.047164306742576e-10,3.9704007478437625e-13,0.0,1
fitted-narrow,0.2216,10.0,201,6.159448792082914e-09,1.6753931575408387e-10,4.562772340260218e-22,1.4258663563325472e-23,1.4652949362705601e-24,1.4309577586881307e-27,0.0,1
fitted-narrow,0.2216,10.0,401,8.719729586724522e-16,2.353672812205332e-14,6.054347283029152e-22,1.891983525949121e-23,2.81252784518173e-24,2.7466211757033277e-27,0.0,1
fitted-narrow,0.2216,10.0,801,8.972042356375094e-16,2.353672812205332e-14,6.910461802997053e-22,2.1595193134400265e-23,3.7690427958099025e-24,3.6807225117664004e-27,0.0,1
fitted-narrow,0.3215,6.0,201,0.005572821865939059,0.00017835810582278455,0.0021229838603795677,7.92732628946145e-06,0.10623509672144169,0.0005592203780537941,0.0,1
fitted-narrow,0.3215,6.0,401,0.005522402133824139,0.00017614431676804543,0.0024809203543517196,9.341835290170831e-06,0.11997398272015819,0.0006418113197618236,0.0,1
fitted-narrow,0.3215,6.0,801,0.0055097713950165005,0.0001755888770276215,0.0026659644845227104,1.0078779372200677e-05,0.1268440680094779,0.000683756318331015,0.0,1
fitted-narrow,0.3215,8.0,201,1.2310210578559895e-09,8.832046205498045e-12,1.236199787162297e-13,4.511881561337913e-16,1.2864200796411828e-07,1.262532967762882e-10,0.0,1
fitted-narrow,0.3215,8.0,401,1.1847233768302079e-09,8.486988889444547e-12,1.6908223619163282e-13,5.685931144754167e-16,1.6108555819625057e-07,1.5820195992742935e-10,0.0,1
fitted-narrow,0.3215,8.0,801,1.1730520420784344e-09,8.421263686386737e-12,1.9527766584254087e-13,6.340496123676482e-16,1.7898900948921605e-07,1.7584255253347063e-10,0.0,1
fitted-narrow,0.3215,10.0,201,2.03052286169807e-09,1.120659121056633e-11,4.562772340260218e-22,1.4258790248476948e-23,4.5311553054315426e-18,4.424966663022457e-21,0.0,1
fitted-narrow,0.3215,10.0,401,6.560752156135263e-16,2.398081733190338e-14,6.054347283029152e-22,1.8920064240053307e-23,7.166443683480362e-18,6.998498219004713e-21,0.0,1
fitted-narrow,0.3215,10.0,801,7.160533360719616e-16,2.398081733190338e-14,6.910461802997053e-22,2.1595491013277957e-23,8.841057147844203e-18,8.633868164850726e-21,0.0,1
fitted-narrow,0.4665,6.0,201,0.0036702512561728436,0.00010724195112365997,0.001287203256468424,4.017158386892622e-06,0.07193975545831903,0.000336553963813016,0.0,1
fitted-narrow,0.4665,6.0,401,0.003636500106331353,0.00010589920366355088,0.0015068890827803205,4.7275223374258e-06,0.08162103171259913,0.00038678496309695537,0.0,1
fitted-narrow,0.4665,6.0,801,0.003628039412866437,0.00010556221719193459,0.001620411895403728,5.096806415024053e-06,0.08647986156647178,0.00041228331820199746,0.0,1
fitted-narrow,0.4665,8.0,201,3.798123589622886e-13,3.907985046680551e-14,1.0160023906008359e-14,3.2202441082691013e-16,4.4078882138074066e-11,4.6603624909342106e-14,0.0,1
fitted-narrow,0.4665,8.0,401,3.682186495789833e-13,3.952393967665557e-14,1.2297152298763555e-14,3.9132157675575005e-16,5.607153173197413e-11,5.986124161874426e-14,0.0,1
fitted-narrow,0.4665,8.0,801,3.641378030819026e-13,6.17284001691587e-14,1.3451887568885792e-14,4.290164728691753e-16,6.276467567465254e-11,6.735772186168848e-14,0.0,1
fitted-narrow,0.4665,10.0,201,3.9637194407594214e-10,1.2008172234345693e-12,4.562772340260218e-22,1.4258674722982616e-23,1.3429083613937336e-21,1.3222033349702871e-24,0.0,1
fitted-narrow,0.4665,10.0,401,4.560664847678234e-16,2.353672812205332e-14,6.054347283029152e-22,1.8919854954847874e-23,2.082027627224992e-21,2.0505252777206027e-24,0.0,1
fitted-narrow,0.4665,10.0,801,4.840094312196212e-16,2.353672812205332e-14,6.910461802997053e-22,2.1595218497645284e-23,2.54683106746973e-21,2.5086237118621038e-24,0.0,1
fitted-narrow,0.6769,6.0,201,0.001300491880913082,4.5963515849622993e-05,0.0002936454360882748,1.0645991919685162e-06,0.02883695137170838,0.00014465785911571248,0.0,1
fitted-narrow,0.6769,6.0,401,0.0012878023916349044,4.540966926658285e-05,0.0003468012131492752,1.2617161288849544e-06,0.03305660776631414,0.00016713266014459137,0.0,1
fitted-narrow,0.6769,6.0,801,0.0012846202012134706,4.527061921977271e-05,0.0003746339412597729,1.3650669179467508e-06,0.035201196963829416,0.00017863718235334902,0.0,1
fitted-narrow,0.6769,8.0,201,1.8264508773793585e-08,1.8766832532435274e-10,8.242112841776152e-14,4.4196791486899647e-16,1.1386871102180045e-06,1.1417263069625862e-09,0.0,1
fitted-narrow,0.6769,8.0,401,1.7917431580415714e-08,1.8385870603765397e-10,1.0985257645567259e-13,5.536633176528763e-16,1.3497627853731455e-06,1.3572050245251973e-09,0.0,1
fitted-narrow,0.6769,8.0,801,1.7830297492061318e-08,1.8292412029552452e-10,1.2540127281587642e-13,6.1559153100953935e-16,1.4619513044515976e-06,1.4720131500164019e-09,0.0,1
fitted-narrow,0.6769,10.0,201,1.0478880741325677e-10,2.2886137429622977e-12,4.562772340260218e-22,1.4280881633837452e-23,8.313632058678927e-14,8.119363130933982e-17,0.0,1
fitted-narrow,0.6769,10.0,401,4.250193765170645e-16,2.353672812205332e-14,6.054347283029152e-22,1.8957545913035552e-23,1.1204552870273925e-13,1.0942964124816451e-16,0.0,1
fitted-narrow,0.6769,10.0,801,4.3680586056376423e-16,2.375877272697835e-14,6.910461802997053e-22,2.164298798223655e-23,1.2877653898335777e-13,1.2577140452710817e-16,0.0,1
fitted-narrow,0.9821,6.0,201,2.6451067436555136e-06,4.877212744780479e-08,6.165710449025311e-07,1.3007727092894933e-09,6.863813505684013e-05,1.1574845865986526e-07,0.0,1
fitted-narrow,0.9821,6.0,401,2.6297736061146603e-06,4.8401323615721026e-08,7.172431060105903e-07,1.5446968351885816e-09,7.715653980001283e-05,1.3311473745745225e-07,0.0,1
fitted-narrow,0.9821,6.0,801,2.6259339199897237e-06,4.830838173930374e-08,7.695490848064204e-07,1.6743106835118171e-09,8.15069387367623e-05,1.421665573262062e-07,0.0,1
fitted-narrow,0.9821,8.0,201,9.849528577300826e-12,1.3633538742396922e-13,6.048868876111783e-13,9.119948865304262e-16,7.128306981109427e-10,7.222861827443147e-13,0.0,1
fitted-narrow,0.9821,8.0,401,9.629981192309644e-12,1.341149413747189e-13,7.975301772591991e-13,1.1682649313813241e-15,8.561304900516986e-10,8.683734317881578e-13,0.0,1
fitted-narrow,0.9821,8.0,801,9.574817194010144e-12,1.5565326805244695e-13,9.060876461346976e-13,1.3111422563914527e-15,9.33086390442189e-10,9.468928691831543e-13,0.0,1
fitted-narrow,0.9821,10.0,201,2.3858099736697675e-12,2.4868995751603507e-14,1.4800686881050206e-21,1.5704628884759007e-23,2.909527999487233e-17,2.8581514378538237e-20,0.0,1
fitted-narrow,0.9821,10.0,401,2.0379929068937022e-16,2.353672812205332e-14,2.4598744255028367e-21,2.132304918927748e-23,3.913661236658207e-17,3.8451554752560194e-20,0.0,1
fitted-narrow,0.9821,10.0,801,2.1726496288759297e-16,2.353672812205332e-14,3.0925993430088438e-21,2.461656740995601e-23,4.494478440136152e-17,4.4161260127601984e-20,0.0,1
fitted-narrow,1.425,6.0,201,9.768792352943373e-08,3.814522697709322e-09,2.3920454343511576e-08,3.1143110259585734e-10,2.9747267102986026e-06,1.2225970384557723e-08,0.0,1
fitted-narrow,1.425,6.0,401,9.690994210015872e-08,3.774597301386962e-09,2.9374686399630127e-08,3.6641245158346806e-10,3.3600154177660557e-06,1.430270817366533e-08,0.0,1
fitted-narrow,1.425,6.0,801,9.671519927301141e-08,3.7646072925667795e-09,3.233388728023363e-08,3.955648368962753e-10,3.5574156410436763e-06,1.5397684187403997e-08,0.0,1
fitted-narrow,1.425,8.0,201,2.908409385678912e-13,4.218847493575595e-14,1.0160023906008359e-14,3.2639034998820594e-16,2.5656547221644256e-11,3.749300981888093e-14,0.0,1
fitted-narrow,1.425,8.0,401,2.8461823012815825e-13,4.218847493575595e-14,1.2297152298763555e-14,3.961018843001443e-16,3.073144708810917e-11,4.5087108327168155e-14,0.0,1
fitted-narrow,1.425,8.0,801,2.8305830361007003e-13,6.417089082333405e-14,1.3451887568885792e-14,4.338440226030246e-16,3.3452300691592134e-11,4.917088287268659e-14,0.0,1
fitted-narrow,1.425,10.0,201,4.0475433299512824e-13,2.886579864025407e-14,4.562772340260218e-22,1.426711539252993e-23,2.295894354831863e-18,2.6898647699753837e-21,0.0,1
fitted-narrow,1.425,10.0,401,1.3927459121654328e-16,2.375877272697835e-14,6.054347283029152e-22,1.8933953757178465e-23,3.031356810691649e-18,3.559084809429668e-21,0.0,1
fitted-narrow,1.425,10.0,801,1.4577786105021626e-16,2.375877272697835e-14,6.910461802997053e-22,2.161297775521811e-23,3.4520270760165413e-18,4.056960053698338e-21,0.0,1
fitted-narrow,2.0676,6.0,201,2.6829696204464313e-09,1.988345044168227e-10,5.007358324911295e-09,1.813290357888947e-10,9.590355876507008e-08,5.201414476230829e-10,0.0,1
fitted-narrow,2.0676,6.0,401,2.661015530658059e-09,1.970674734508293e-10,5.706777973820522e-09,2.0773791009494368e-10,1.0887518961535489e-07,5.962967565502161e-10,0.0,1
fitted-narrow,2.0676,6.0,801,2.6555133670205918e-09,1.9665802319934755e-10,6.0684863491396475e-09,2.2144184085183064e-10,1.1554675957194229e-07,6.35746191680879e-10,0.0,1
fitted-narrow,2.0676,8.0,201,4.60172905846853e-15,3.752553823233029e-14,1.0160023906008359e-14,3.1968930573260216e-16,4.837207859791388e-13,1.4520948448489866e-15,0.0,1
fitted-narrow,2.0676,8.0,401,4.51403057956085e-15,3.752553823233029e-14,1.2297152298763555e-14,3.8720457413625177e-16,5.810215576067063e-13,1.7513640765261857e-15,0.0,1
fitted-narrow,2.0676,8.0,801,4.484106576617947e-15,5.972999872483342e-14,1.3451887568885792e-14,4.2370411916678333e-16,6.333007539329645e-13,1.9126545596615037e-15,0.0,1
fitted-narrow,2.0676,10.0,201,1.7073017401879448e-14,3.3084646133829665e-14,4.562772340260218e-22,1.4259893296089074e-23,4.2522064707183285e-20,9.89599518775061e-23,0.0,1
fitted-narrow,2.0676,10.0,401,9.828427883870981e-17,2.375877272697835e-14,6.054347283029152e-22,1.8921897232707792e-23,5.595514999441261e-20,1.305966263245063e-22,0.0,1
fitted-narrow,2.0676,10.0,801,9.366168357715624e-17,2.375877272697835e-14,6.910461802997053e-22,2.1597794291429546e-23,6.362411940941548e-20,1.4869192020801319e-22,0.0,1
fitted-narrow,3.0,6.0,201,1.3044540378277587e-10,6.68005650794612e-11,5.007358324911295e-09,1.8222855070171024e-10,1.0201386522149191e-08,1.8192963522018882e-10,0.0,1
fitted-narrow,3.0,6.0,401,1.293340368581176e-10,6.617284498133813e-11,5.706777973820522e-09,2.0871883057293816e-10,1.1618546297580507e-08,2.0867075799623214e-10,0.0,1
fitted-narrow,3.0,6.0,801,1.290555256104421e-10,6.604916613639489e-11,6.0684863491396475e-09,2.2245902304083058e-10,1.2349723139429341e-08,2.2253514023513162e-10,0.0,1
fitted-narrow,3.0,8.0,201,1.4713602401445195e-16,3.708144902248023e-14,1.0160023906008359e-14,3.2013098024584466e-16,3.0501134229733013e-14,3.2668371559575213e-16,0.0,1
fitted-narrow,3.0,8.0,401,1.4971325704219195e-16,3.730349362740526e-14,1.2297152298763555e-14,3.8779097490548047e-16,3.678573169421475e-14,3.9570017625329484e-16,0.0,1
fitted-narrow,3.0,8.0,801,1.455682831359776e-16,5.928590951498336e-14,1.3451887568885792e-14,4.243723910074035e-16,4.017256668753706e-14,4.33010841520957e-16,0.0,1
fitted-narrow,3.0,10.0,201,1.0165574931108412e-14,3.3306690738754696e-14,4.562772340260218e-22,1.4260326854178293e-23,1.9500080751714917e-21,1.4759975301700142e-23,0.0,1
fitted-narrow,3.0,10.0,401,6.017522209218075e-17,2.398081733190338e-14,6.054347283029152e-22,1.8922621355976913e-23,2.5745923028813053e-21,1.9580939979447302e-23,0.0,1
fitted-narrow,3.0,10.0,801,5.557442809401216e-17,2.398081733190338e-14,6.910461802997053e-22,2.1598706389185943e-23,2.9319501491596724e-21,2.2347676239654518e-23,0.0,1
