init,family,excess_kurtosis,rho,t,radius,rms_error,fitted_rate,fitted_rate_se,invariant_iters,rate_over_gaussian
n01,gaussian,0.0,0.85,0.05,1,0.02988835678580816,0.20170667555158234,0.0012363013292730131,1,1.0
n01,gaussian,0.0,0.85,0.05,2,0.006304301862303523,0.20170667555158234,0.0012363013292730131,1,1.0
n01,gaussian,0.0,0.85,0.05,3,0.0012313815964756993,0.20170667555158234,0.0012363013292730131,1,1.0
n01,gaussian,0.0,0.85,0.05,4,0.0002635960946466321,0.20170667555158234,0.0012363013292730131,1,1.0
n01,gaussian,0.0,0.85,0.05,5,5.290884180822842e-05,0.20170667555158234,0.0012363013292730131,1,1.0
n01,gaussian,0.0,0.85,0.05,6,9.79188404274705e-06,0.20170667555158234,0.0012363013292730131,1,1.0
n01,gaussian,0.0,0.85,0.05,7,1.9859054708384077e-06,0.20170667555158234,0.0012363013292730131,1,1.0
n01,gaussian,0.0,0.85,0.05,8,4.293102961002324e-07,0.20170667555158234,0.0012363013292730131,1,1.0
n01,gaussian,0.0,0.85,0.1,1,0.06750019089711495,0.3154230293261696,0.0029826438396755458,1,1.0
n01,gaussian,0.0,0.85,0.1,2,0.022832128016429008,0.3154230293261696,0.0029826438396755458,1,1.0
n01,gaussian,0.0,0.85,0.1,3,0.006826928332166148,0.3154230293261696,0.0029826438396755458,1,1.0
n01,gaussian,0.0,0.85,0.1,4,0.0023064818230727376,0.3154230293261696,0.0029826438396755458,1,1.0
n01,gaussian,0.0,0.85,0.1,5,0.0006778586909850838,0.3154230293261696,0.0029826438396755458,1,1.0
n01,gaussian,0.0,0.85,0.1,6,0.00020482898697543104,0.3154230293261696,0.0029826438396755458,1,1.0
n01,gaussian,0.0,0.85,0.1,7,7.61010123154344e-05,0.3154230293261696,0.0029826438396755458,1,1.0
n01,gaussian,0.0,0.85,0.1,8,2.0608149029993444e-05,0.3154230293261696,0.0029826438396755458,1,1.0
n01,gaussian,0.0,0.85,0.2,1,0.15710452740798825,0.4350983271202293,0.002745550446691226,1,1.0
n01,gaussian,0.0,0.85,0.2,2,0.06828665112224248,0.4350983271202293,0.002745550446691226,1,1.0
n01,gaussian,0.0,0.85,0.2,3,0.03069263555644697,0.4350983271202293,0.002745550446691226,1,1.0
n01,gaussian,0.0,0.85,0.2,4,0.014295937955133217,0.4350983271202293,0.002745550446691226,1,1.0
n01,gaussian,0.0,0.85,0.2,5,0.005795222345615435,0.4350983271202293,0.002745550446691226,1,1.0
n01,gaussian,0.0,0.85,0.2,6,0.0025093355157518498,0.4350983271202293,0.002745550446691226,1,1.0
n01,gaussian,0.0,0.85,0.2,7,0.0010341985781526413,0.4350983271202293,0.002745550446691226,1,1.0
n01,gaussian,0.0,0.85,0.2,8,0.00047987421933501253,0.4350983271202293,0.002745550446691226,1,1.0
n01,gaussian,0.0,0.85,0.4,1,0.25240400091151355,0.5845124682631219,0.006506364295434732,1,1.0
n01,gaussian,0.0,0.85,0.4,2,0.14901960567411662,0.5845124682631219,0.006506364295434732,1,1.0
n01,gaussian,0.0,0.85,0.4,3,0.07991137659021715,0.5845124682631219,0.006506364295434732,1,1.0
n01,gaussian,0.0,0.85,0.4,4,0.05372938371193186,0.5845124682631219,0.006506364295434732,1,1.0
n01,gaussian,0.0,0.85,0.4,5,0.026758597514277206,0.5845124682631219,0.006506364295434732,1,1.0
n01,gaussian,0.0,0.85,0.4,6,0.015505406225557386,0.5845124682631219,0.006506364295434732,1,1.0
n01,gaussian,0.0,0.85,0.4,7,0.010684658689696841,0.5845124682631219,0.006506364295434732,1,1.0
n01,gaussian,0.0,0.85,0.4,8,0.0058824153591788995,0.5845124682631219,0.006506364295434732,1,1.0
n01,gaussian,0.0,0.85,0.8,1,0.38855024058847426,0.7026996285194271,0.004079107354091936,1,1.0
n01,gaussian,0.0,0.85,0.8,2,0.27424333329832246,0.7026996285194271,0.004079107354091936,1,1.0
n01,gaussian,0.0,0.85,0.8,3,0.1882342305462425,0.7026996285194271,0.004079107354091936,1,1.0
n01,gaussian,0.0,0.85,0.8,4,0.134848978930894,0.7026996285194271,0.004079107354091936,1,1.0
n01,gaussian,0.0,0.85,0.8,5,0.08655152109876967,0.7026996285194271,0.004079107354091936,1,1.0
n01,gaussian,0.0,0.85,0.8,6,0.06437575827754884,0.7026996285194271,0.004079107354091936,1,1.0
n01,gaussian,0.0,0.85,0.8,7,0.04752263997486256,0.7026996285194271,0.004079107354091936,1,1.0
n01,gaussian,0.0,0.85,0.8,8,0.03323824270506367,0.7026996285194271,0.004079107354091936,1,1.0
n01,gaussian,0.0,0.85,1.6,1,0.35455407771505726,0.7925676479402041,0.0027368538832180456,1,1.0
n01,gaussian,0.0,0.85,1.6,2,0.2927151989112539,0.7925676479402041,0.0027368538832180456,1,1.0
n01,gaussian,0.0,0.85,1.6,3,0.22706723804263945,0.7925676479402041,0.0027368538832180456,1,1.0
n01,gaussian,0.0,0.85,1.6,4,0.18673695602159393,0.7925676479402041,0.0027368538832180456,1,1.0
n01,gaussian,0.0,0.85,1.6,5,0.13880172835223226,0.7925676479402041,0.0027368538832180456,1,1.0
n01,gaussian,0.0,0.85,1.6,6,0.11229182156722423,0.7925676479402041,0.0027368538832180456,1,1.0
n01,gaussian,0.0,0.85,1.6,7,0.09004258354784563,0.7925676479402041,0.0027368538832180456,1,1.0
n01,gaussian,0.0,0.85,1.6,8,0.07133388397353412,0.7925676479402041,0.0027368538832180456,1,1.0
n01_exact,gaussian,0.0,0.85,0.05,1,0.02689976682617147,0.20683861223729305,0.002733441788815871,1,1.0
n01_exact,gaussian,0.0,0.85,0.05,2,0.006765560950600803,0.20683861223729305,0.002733441788815871,1,1.0
n01_exact,gaussian,0.0,0.85,0.05,3,0.0012455420086071505,0.20683861223729305,0.002733441788815871,1,1.0
n01_exact,gaussian,0.0,0.85,0.05,4,0.00025523363932146697,0.20683861223729305,0.002733441788815871,1,1.0
n01_exact,gaussian,0.0,0.85,0.05,5,4.8347993097528125e-05,0.20683861223729305,0.002733441788815871,1,1.0
n01_exact,gaussian,0.0,0.85,0.05,6,1.0023604724298592e-05,0.20683861223729305,0.002733441788815871,1,1.0
n01_exact,gaussian,0.0,0.85,0.05,7,2.471297768512858e-06,0.20683861223729305,0.002733441788815871,1,1.0
n01_exact,gaussian,0.0,0.85,0.05,8,4.7140383252676775e-07,0.20683861223729305,0.002733441788815871,1,1.0
n01_exact,gaussian,0.0,0.85,0.1,1,0.0697671979044443,0.31524443735124835,0.003319674555281315,1,1.0
n01_exact,gaussian,0.0,0.85,0.1,2,0.021141537181825893,0.31524443735124835,0.003319674555281315,1,1.0
n01_exact,gaussian,0.0,0.85,0.1,3,0.0070114690615515,0.31524443735124835,0.003319674555281315,1,1.0
n01_exact,gaussian,0.0,0.85,0.1,4,0.002549914806766255,0.31524443735124835,0.003319674555281315,1,1.0
n01_exact,gaussian,0.0,0.85,0.1,5,0.0006786162728892971,0.31524443735124835,0.003319674555281315,1,1.0
n01_exact,gaussian,0.0,0.85,0.1,6,0.00021757107872570774,0.31524443735124835,0.003319674555281315,1,1.0
n01_exact,gaussian,0.0,0.85,0.1,7,7.223240677515627e-05,0.31524443735124835,0.003319674555281315,1,1.0
n01_exact,gaussian,0.0,0.85,0.1,8,2.077980721743309e-05,0.31524443735124835,0.003319674555281315,1,1.0
n01_exact,gaussian,0.0,0.85,0.2,1,0.143820061015158,0.4415940854678404,0.006372731979913747,1,1.0
n01_exact,gaussian,0.0,0.85,0.2,2,0.07028889391141029,0.4415940854678404,0.006372731979913747,1,1.0
n01_exact,gaussian,0.0,0.85,0.2,3,0.02859404169929248,0.4415940854678404,0.006372731979913747,1,1.0
n01_exact,gaussian,0.0,0.85,0.2,4,0.014115479082759333,0.4415940854678404,0.006372731979913747,1,1.0
n01_exact,gaussian,0.0,0.85,0.2,5,0.006337536691888652,0.4415940854678404,0.006372731979913747,1,1.0
n01_exact,gaussian,0.0,0.85,0.2,6,0.0021456595812370683,0.4415940854678404,0.006372731979913747,1,1.0
n01_exact,gaussian,0.0,0.85,0.2,7,0.0011170321404480378,0.4415940854678404,0.006372731979913747,1,1.0
n01_exact,gaussian,0.0,0.85,0.2,8,0.000518410005608307,0.4415940854678404,0.006372731979913747,1,1.0
n01_exact,gaussian,0.0,0.85,0.4,1,0.24421376415490942,0.5968030670260766,0.005758206745141777,1,1.0
n01_exact,gaussian,0.0,0.85,0.4,2,0.12094080673158264,0.5968030670260766,0.005758206745141777,1,1.0
n01_exact,gaussian,0.0,0.85,0.4,3,0.07866392689694589,0.5968030670260766,0.005758206745141777,1,1.0
n01_exact,gaussian,0.0,0.85,0.4,4,0.04707374026720933,0.5968030670260766,0.005758206745141777,1,1.0
n01_exact,gaussian,0.0,0.85,0.4,5,0.028071892343521632,0.5968030670260766,0.005758206745141777,1,1.0
n01_exact,gaussian,0.0,0.85,0.4,6,0.017128494054248936,0.5968030670260766,0.005758206745141777,1,1.0
n01_exact,gaussian,0.0,0.85,0.4,7,0.009537507144043753,0.5968030670260766,0.005758206745141777,1,1.0
n01_exact,gaussian,0.0,0.85,0.4,8,0.006331539246219636,0.5968030670260766,0.005758206745141777,1,1.0
n01_exact,gaussian,0.0,0.85,0.8,1,0.3470053483887254,0.7248564015965694,0.004478911026491322,1,1.0
n01_exact,gaussian,0.0,0.85,0.8,2,0.2320268570145963,0.7248564015965694,0.004478911026491322,1,1.0
n01_exact,gaussian,0.0,0.85,0.8,3,0.17189715974628497,0.7248564015965694,0.004478911026491322,1,1.0
n01_exact,gaussian,0.0,0.85,0.8,4,0.13731264467251955,0.7248564015965694,0.004478911026491322,1,1.0
n01_exact,gaussian,0.0,0.85,0.8,5,0.09404193695037705,0.7248564015965694,0.004478911026491322,1,1.0
n01_exact,gaussian,0.0,0.85,0.8,6,0.06760591503173581,0.7248564015965694,0.004478911026491322,1,1.0
n01_exact,gaussian,0.0,0.85,0.8,7,0.049461291621431445,0.7248564015965694,0.004478911026491322,1,1.0
n01_exact,gaussian,0.0,0.85,0.8,8,0.03467510390974573,0.7248564015965694,0.004478911026491322,1,1.0
n01_exact,gaussian,0.0,0.85,1.6,1,0.3219129158641157,0.8336835492424591,0.005812402909794667,1,1.0
n01_exact,gaussian,0.0,0.85,1.6,2,0.23792545941113527,0.8336835492424591,0.005812402909794667,1,1.0
n01_exact,gaussian,0.0,0.85,1.6,3,0.21120936221557207,0.8336835492424591,0.005812402909794667,1,1.0
n01_exact,gaussian,0.0,0.85,1.6,4,0.17237635454480355,0.8336835492424591,0.005812402909794667,1,1.0
n01_exact,gaussian,0.0,0.85,1.6,5,0.1453026996345855,0.8336835492424591,0.005812402909794667,1,1.0
n01_exact,gaussian,0.0,0.85,1.6,6,0.11900324062099457,0.8336835492424591,0.005812402909794667,1,1.0
n01_exact,gaussian,0.0,0.85,1.6,7,0.10813941635710828,0.8336835492424591,0.005812402909794667,1,1.0
n01_exact,gaussian,0.0,0.85,1.6,8,0.08351149756896886,0.8336835492424591,0.005812402909794667,1,1.0
invariant,gaussian,0.0,0.85,0.05,1,0.02877763715949198,0.20566922660670645,0.003301757529328629,1,1.0
invariant,gaussian,0.0,0.85,0.05,2,0.00563633326051145,0.20566922660670645,0.003301757529328629,1,1.0
invariant,gaussian,0.0,0.85,0.05,3,0.0013716068806043623,0.20566922660670645,0.003301757529328629,1,1.0
invariant,gaussian,0.0,0.85,0.05,4,0.000265530952439152,0.20566922660670645,0.003301757529328629,1,1.0
invariant,gaussian,0.0,0.85,0.05,5,4.288620641194962e-05,0.20566922660670645,0.003301757529328629,1,1.0
invariant,gaussian,0.0,0.85,0.05,6,1.1212926168033429e-05,0.20566922660670645,0.003301757529328629,1,1.0
invariant,gaussian,0.0,0.85,0.05,7,2.3724177698018568e-06,0.20566922660670645,0.003301757529328629,1,1.0
invariant,gaussian,0.0,0.85,0.05,8,4.326512103436743e-07,0.20566922660670645,0.003301757529328629,1,1.0
invariant,gaussian,0.0,0.85,0.1,1,0.0679946935053339,0.3153432433552892,0.0015245874566338676,1,1.0
invariant,gaussian,0.0,0.85,0.1,2,0.023638071538050004,0.3153432433552892,0.0015245874566338676,1,1.0
invariant,gaussian,0.0,0.85,0.1,3,0.007145197522412088,0.3153432433552892,0.0015245874566338676,1,1.0
invariant,gaussian,0.0,0.85,0.1,4,0.002197230882253358,0.3153432433552892,0.0015245874566338676,1,1.0
invariant,gaussian,0.0,0.85,0.1,5,0.0007152204198666936,0.3153432433552892,0.0015245874566338676,1,1.0
invariant,gaussian,0.0,0.85,0.1,6,0.00022589413288325245,0.3153432433552892,0.0015245874566338676,1,1.0
invariant,gaussian,0.0,0.85,0.1,7,6.904808848179949e-05,0.3153432433552892,0.0015245874566338676,1,1.0
invariant,gaussian,0.0,0.85,0.1,8,2.191512191251215e-05,0.3153432433552892,0.0015245874566338676,1,1.0
invariant,gaussian,0.0,0.85,0.2,1,0.15371786509859833,0.4453652689303555,0.003315262544160764,1,1.0
invariant,gaussian,0.0,0.85,0.2,2,0.06365002140637774,0.4453652689303555,0.003315262544160764,1,1.0
invariant,gaussian,0.0,0.85,0.2,3,0.031010116499362333,0.4453652689303555,0.003315262544160764,1,1.0
invariant,gaussian,0.0,0.85,0.2,4,0.013098555862106993,0.4453652689303555,0.003315262544160764,1,1.0
invariant,gaussian,0.0,0.85,0.2,5,0.005531760053224941,0.4453652689303555,0.003315262544160764,1,1.0
invariant,gaussian,0.0,0.85,0.2,6,0.0025247305368701696,0.4453652689303555,0.003315262544160764,1,1.0
invariant,gaussian,0.0,0.85,0.2,7,0.0012426862252134805,0.4453652689303555,0.003315262544160764,1,1.0
invariant,gaussian,0.0,0.85,0.2,8,0.0005160180110226443,0.4453652689303555,0.003315262544160764,1,1.0
invariant,gaussian,0.0,0.85,0.4,1,0.2548989575083551,0.5776357083971979,0.0043036811230554445,1,1.0
invariant,gaussian,0.0,0.85,0.4,2,0.1627674574765404,0.5776357083971979,0.0043036811230554445,1,1.0
invariant,gaussian,0.0,0.85,0.4,3,0.09294504884461782,0.5776357083971979,0.0043036811230554445,1,1.0
invariant,gaussian,0.0,0.85,0.4,4,0.054366511208970986,0.5776357083971979,0.0043036811230554445,1,1.0
invariant,gaussian,0.0,0.85,0.4,5,0.027900380034751805,0.5776357083971979,0.0043036811230554445,1,1.0
invariant,gaussian,0.0,0.85,0.4,6,0.017702081180172722,0.5776357083971979,0.0043036811230554445,1,1.0
invariant,gaussian,0.0,0.85,0.4,7,0.009971889932818601,0.5776357083971979,0.0043036811230554445,1,1.0
invariant,gaussian,0.0,0.85,0.4,8,0.005788177375265925,0.5776357083971979,0.0043036811230554445,1,1.0
invariant,gaussian,0.0,0.85,0.8,1,0.3813795724293132,0.721115123136297,0.005536869419728677,1,1.0
invariant,gaussian,0.0,0.85,0.8,2,0.2702065039084013,0.721115123136297,0.005536869419728677,1,1.0
invariant,gaussian,0.0,0.85,0.8,3,0.18148953020550967,0.721115123136297,0.005536869419728677,1,1.0
invariant,gaussian,0.0,0.85,0.8,4,0.12924621461693483,0.721115123136297,0.005536869419728677,1,1.0
invariant,gaussian,0.0,0.85,0.8,5,0.0981833943729832,0.721115123136297,0.005536869419728677,1,1.0
invariant,gaussian,0.0,0.85,0.8,6,0.07410578177439377,0.721115123136297,0.005536869419728677,1,1.0
invariant,gaussian,0.0,0.85,0.8,7,0.054932421449820086,0.721115123136297,0.005536869419728677,1,1.0
invariant,gaussian,0.0,0.85,0.8,8,0.0359229293808774,0.721115123136297,0.005536869419728677,1,1.0
invariant,gaussian,0.0,0.85,1.6,1,0.29323161550411914,0.84006950631957,0.007396362265054026,1,1.0
invariant,gaussian,0.0,0.85,1.6,2,0.23950492025966733,0.84006950631957,0.007396362265054026,1,1.0
invariant,gaussian,0.0,0.85,1.6,3,0.18373497907381806,0.84006950631957,0.007396362265054026,1,1.0
invariant,gaussian,0.0,0.85,1.6,4,0.15860162556183688,0.84006950631957,0.007396362265054026,1,1.0
invariant,gaussian,0.0,0.85,1.6,5,0.12620093751506736,0.84006950631957,0.007396362265054026,1,1.0
invariant,gaussian,0.0,0.85,1.6,6,0.1165904247192714,0.84006950631957,0.007396362265054026,1,1.0
invariant,gaussian,0.0,0.85,1.6,7,0.10168620610159178,0.84006950631957,0.007396362265054026,1,1.0
invariant,gaussian,0.0,0.85,1.6,8,0.08386452352869392,0.84006950631957,0.007396362265054026,1,1.0
n01,laplace,3.0,0.85,0.05,1,0.03567363971797857,0.2408790974076067,0.003367742122010791,59,1.194204885628621
n01,laplace,3.0,0.85,0.05,2,0.009485008014127001,0.2408790974076067,0.003367742122010791,59,1.194204885628621
n01,laplace,3.0,0.85,0.05,3,0.002468733198492985,0.2408790974076067,0.003367742122010791,59,1.194204885628621
n01,laplace,3.0,0.85,0.05,4,0.0006281225351982061,0.2408790974076067,0.003367742122010791,59,1.194204885628621
n01,laplace,3.0,0.85,0.05,5,0.00014025032283731972,0.2408790974076067,0.003367742122010791,59,1.194204885628621
n01,laplace,3.0,0.85,0.05,6,3.446600088154977e-05,0.2408790974076067,0.003367742122010791,59,1.194204885628621
n01,laplace,3.0,0.85,0.05,7,7.007286301932583e-06,0.2408790974076067,0.003367742122010791,59,1.194204885628621
n01,laplace,3.0,0.85,0.05,8,1.814552711490956e-06,0.2408790974076067,0.003367742122010791,59,1.194204885628621
n01,laplace,3.0,0.85,0.1,1,0.07782689714425475,0.3405911958342281,0.004694365149892156,59,1.0797917848985998
n01,laplace,3.0,0.85,0.1,2,0.028527115594399403,0.3405911958342281,0.004694365149892156,59,1.0797917848985998
n01,laplace,3.0,0.85,0.1,3,0.009919828964006129,0.3405911958342281,0.004694365149892156,59,1.0797917848985998
n01,laplace,3.0,0.85,0.1,4,0.003397652360927012,0.3405911958342281,0.004694365149892156,59,1.0797917848985998
n01,laplace,3.0,0.85,0.1,5,0.0010823948919623317,0.3405911958342281,0.004694365149892156,59,1.0797917848985998
n01,laplace,3.0,0.85,0.1,6,0.00044550926330631086,0.3405911958342281,0.004694365149892156,59,1.0797917848985998
n01,laplace,3.0,0.85,0.1,7,0.0001331250763514135,0.3405911958342281,0.004694365149892156,59,1.0797917848985998
n01,laplace,3.0,0.85,0.1,8,3.903578701738457e-05,0.3405911958342281,0.004694365149892156,59,1.0797917848985998
n01,laplace,3.0,0.85,0.2,1,0.13639835904806052,0.46885809065716294,0.005565918386086618,59,1.0775911131637261
n01,laplace,3.0,0.85,0.2,2,0.07196607380780487,0.46885809065716294,0.005565918386086618,59,1.0775911131637261
n01,laplace,3.0,0.85,0.2,3,0.032053936425671066,0.46885809065716294,0.005565918386086618,59,1.0775911131637261
n01,laplace,3.0,0.85,0.2,4,0.015507272363410613,0.46885809065716294,0.005565918386086618,59,1.0775911131637261
n01,laplace,3.0,0.85,0.2,5,0.006529645415552722,0.46885809065716294,0.005565918386086618,59,1.0775911131637261
n01,laplace,3.0,0.85,0.2,6,0.0036934621252913014,0.46885809065716294,0.005565918386086618,59,1.0775911131637261
n01,laplace,3.0,0.85,0.2,7,0.0016067719289044734,0.46885809065716294,0.005565918386086618,59,1.0775911131637261
n01,laplace,3.0,0.85,0.2,8,0.0006646169079400126,0.46885809065716294,0.005565918386086618,59,1.0775911131637261
n01,laplace,3.0,0.85,0.4,1,0.2493555790166718,0.5883051311330952,0.003502836179915626,59,1.0064885919050508
n01,laplace,3.0,0.85,0.4,2,0.15437410785051736,0.5883051311330952,0.003502836179915626,59,1.0064885919050508
n01,laplace,3.0,0.85,0.4,3,0.0882656874578416,0.5883051311330952,0.003502836179915626,59,1.0064885919050508
n01,laplace,3.0,0.85,0.4,4,0.05129522644477108,0.5883051311330952,0.003502836179915626,59,1.0064885919050508
n01,laplace,3.0,0.85,0.4,5,0.030499573232452247,0.5883051311330952,0.003502836179915626,59,1.0064885919050508
n01,laplace,3.0,0.85,0.4,6,0.01652155174467792,0.5883051311330952,0.003502836179915626,59,1.0064885919050508
n01,laplace,3.0,0.85,0.4,7,0.01065122762694696,0.5883051311330952,0.003502836179915626,59,1.0064885919050508
n01,laplace,3.0,0.85,0.4,8,0.006391533433104452,0.5883051311330952,0.003502836179915626,59,1.0064885919050508
n01,laplace,3.0,0.85,0.8,1,0.33954927728356754,0.7038399485561843,0.005282852320788164,59,1.0016227702285254
n01,laplace,3.0,0.85,0.8,2,0.24978110076222856,0.7038399485561843,0.005282852320788164,59,1.0016227702285254
n01,laplace,3.0,0.85,0.8,3,0.16965309004407403,0.7038399485561843,0.005282852320788164,59,1.0016227702285254
n01,laplace,3.0,0.85,0.8,4,0.12739034904929555,0.7038399485561843,0.005282852320788164,59,1.0016227702285254
n01,laplace,3.0,0.85,0.8,5,0.09241104816506167,0.7038399485561843,0.005282852320788164,59,1.0016227702285254
n01,laplace,3.0,0.85,0.8,6,0.06054126156356379,0.7038399485561843,0.005282852320788164,59,1.0016227702285254
n01,laplace,3.0,0.85,0.8,7,0.03958923598603261,0.7038399485561843,0.005282852320788164,59,1.0016227702285254
n01,laplace,3.0,0.85,0.8,8,0.030458746482114146,0.7038399485561843,0.005282852320788164,59,1.0016227702285254
n01,laplace,3.0,0.85,1.6,1,0.3116727601752288,0.804263540015713,0.004275886982849783,59,1.0147569637820888
n01,laplace,3.0,0.85,1.6,2,0.2491507440147634,0.804263540015713,0.004275886982849783,59,1.0147569637820888
n01,laplace,3.0,0.85,1.6,3,0.20692713676509494,0.804263540015713,0.004275886982849783,59,1.0147569637820888
n01,laplace,3.0,0.85,1.6,4,0.1621430415622326,0.804263540015713,0.004275886982849783,59,1.0147569637820888
n01,laplace,3.0,0.85,1.6,5,0.13306495643137717,0.804263540015713,0.004275886982849783,59,1.0147569637820888
n01,laplace,3.0,0.85,1.6,6,0.10803420449929181,0.804263540015713,0.004275886982849783,59,1.0147569637820888
n01,laplace,3.0,0.85,1.6,7,0.07917045620281345,0.804263540015713,0.004275886982849783,59,1.0147569637820888
n01,laplace,3.0,0.85,1.6,8,0.07036401476752153,0.804263540015713,0.004275886982849783,59,1.0147569637820888
n01_exact,laplace,3.0,0.85,0.05,1,0.035310984530766726,0.23945704083307062,0.004647862824099882,59,1.1576999006276278
n01_exact,laplace,3.0,0.85,0.05,2,0.010055503571686343,0.23945704083307062,0.004647862824099882,59,1.1576999006276278
n01_exact,laplace,3.0,0.85,0.05,3,0.0022931852225961035,0.23945704083307062,0.004647862824099882,59,1.1576999006276278
n01_exact,laplace,3.0,0.85,0.05,4,0.0005994945072263067,0.23945704083307062,0.004647862824099882,59,1.1576999006276278
n01_exact,laplace,3.0,0.85,0.05,5,0.0001634849260302542,0.23945704083307062,0.004647862824099882,59,1.1576999006276278
n01_exact,laplace,3.0,0.85,0.05,6,2.7405811905627618e-05,0.23945704083307062,0.004647862824099882,59,1.1576999006276278
n01_exact,laplace,3.0,0.85,0.05,7,7.164694429646583e-06,0.23945704083307062,0.004647862824099882,59,1.1576999006276278
n01_exact,laplace,3.0,0.85,0.05,8,1.7833263407473837e-06,0.23945704083307062,0.004647862824099882,59,1.1576999006276278
n01_exact,laplace,3.0,0.85,0.1,1,0.07699291592801745,0.34519069464986346,0.003697316171079503,59,1.094993769121606
n01_exact,laplace,3.0,0.85,0.1,2,0.027797206075195438,0.34519069464986346,0.003697316171079503,59,1.094993769121606
n01_exact,laplace,3.0,0.85,0.1,3,0.010071992333598517,0.34519069464986346,0.003697316171079503,59,1.094993769121606
n01_exact,laplace,3.0,0.85,0.1,4,0.0036356594475673667,0.34519069464986346,0.003697316171079503,59,1.094993769121606
n01_exact,laplace,3.0,0.85,0.1,5,0.001200467764994016,0.34519069464986346,0.003697316171079503,59,1.094993769121606
n01_exact,laplace,3.0,0.85,0.1,6,0.00035849699148378725,0.34519069464986346,0.003697316171079503,59,1.094993769121606
n01_exact,laplace,3.0,0.85,0.1,7,0.00013056451194230653,0.34519069464986346,0.003697316171079503,59,1.094993769121606
n01_exact,laplace,3.0,0.85,0.1,8,4.9628538078442446e-05,0.34519069464986346,0.003697316171079503,59,1.094993769121606
n01_exact,laplace,3.0,0.85,0.2,1,0.16050359181424914,0.4566573675303387,0.004178801085268054,59,1.0341111499411042
n01_exact,laplace,3.0,0.85,0.2,2,0.0711958400324909,0.4566573675303387,0.004178801085268054,59,1.0341111499411042
n01_exact,laplace,3.0,0.85,0.2,3,0.030978545779748713,0.4566573675303387,0.004178801085268054,59,1.0341111499411042
n01_exact,laplace,3.0,0.85,0.2,4,0.015440323129413926,0.4566573675303387,0.004178801085268054,59,1.0341111499411042
n01_exact,laplace,3.0,0.85,0.2,5,0.006528058997142597,0.4566573675303387,0.004178801085268054,59,1.0341111499411042
n01_exact,laplace,3.0,0.85,0.2,6,0.003488522236607437,0.4566573675303387,0.004178801085268054,59,1.0341111499411042
n01_exact,laplace,3.0,0.85,0.2,7,0.0013677307165827024,0.4566573675303387,0.004178801085268054,59,1.0341111499411042
n01_exact,laplace,3.0,0.85,0.2,8,0.0006404493797286688,0.4566573675303387,0.004178801085268054,59,1.0341111499411042
n01_exact,laplace,3.0,0.85,0.4,1,0.2700799128918689,0.5896543791880108,0.006773536183459068,59,0.988021697217998
n01_exact,laplace,3.0,0.85,0.4,2,0.1414564213658035,0.5896543791880108,0.006773536183459068,59,0.988021697217998
n01_exact,laplace,3.0,0.85,0.4,3,0.09240272498765364,0.5896543791880108,0.006773536183459068,59,0.988021697217998
n01_exact,laplace,3.0,0.85,0.4,4,0.05581059650822722,0.5896543791880108,0.006773536183459068,59,0.988021697217998
n01_exact,laplace,3.0,0.85,0.4,5,0.03233111676758555,0.5896543791880108,0.006773536183459068,59,0.988021697217998
n01_exact,laplace,3.0,0.85,0.4,6,0.016530377223817668,0.5896543791880108,0.006773536183459068,59,0.988021697217998
n01_exact,laplace,3.0,0.85,0.4,7,0.010369103166772451,0.5896543791880108,0.006773536183459068,59,0.988021697217998
n01_exact,laplace,3.0,0.85,0.4,8,0.006973940644582057,0.5896543791880108,0.006773536183459068,59,0.988021697217998
n01_exact,laplace,3.0,0.85,0.8,1,0.3927170234078939,0.7146839714229545,0.008025851902022646,59,0.9859662822164375
n01_exact,laplace,3.0,0.85,0.8,2,0.23024339539147098,0.7146839714229545,0.008025851902022646,59,0.9859662822164375
n01_exact,laplace,3.0,0.85,0.8,3,0.19396508345843044,0.7146839714229545,0.008025851902022646,59,0.9859662822164375
n01_exact,laplace,3.0,0.85,0.8,4,0.13324881810648798,0.7146839714229545,0.008025851902022646,59,0.9859662822164375
n01_exact,laplace,3.0,0.85,0.8,5,0.08974811049192423,0.7146839714229545,0.008025851902022646,59,0.9859662822164375
n01_exact,laplace,3.0,0.85,0.8,6,0.07166914112635805,0.7146839714229545,0.008025851902022646,59,0.9859662822164375
n01_exact,laplace,3.0,0.85,0.8,7,0.05056190947421313,0.7146839714229545,0.008025851902022646,59,0.9859662822164375
n01_exact,laplace,3.0,0.85,0.8,8,0.03338399692820562,0.7146839714229545,0.008025851902022646,59,0.9859662822164375
n01_exact,laplace,3.0,0.85,1.6,1,0.30948749129136033,0.817024728923831,0.007626719084445235,59,0.9800178133132584
n01_exact,laplace,3.0,0.85,1.6,2,0.25007845725689165,0.817024728923831,0.007626719084445235,59,0.9800178133132584
n01_exact,laplace,3.0,0.85,1.6,3,0.21729651173225173,0.817024728923831,0.007626719084445235,59,0.9800178133132584
n01_exact,laplace,3.0,0.85,1.6,4,0.1629237884790687,0.817024728923831,0.007626719084445235,59,0.9800178133132584
n01_exact,laplace,3.0,0.85,1.6,5,0.12625259318767185,0.817024728923831,0.007626719084445235,59,0.9800178133132584
n01_exact,laplace,3.0,0.85,1.6,6,0.108900028682962,0.817024728923831,0.007626719084445235,59,0.9800178133132584
n01_exact,laplace,3.0,0.85,1.6,7,0.10097916470880916,0.817024728923831,0.007626719084445235,59,0.9800178133132584
n01_exact,laplace,3.0,0.85,1.6,8,0.07297694248091446,0.817024728923831,0.007626719084445235,59,0.9800178133132584
invariant,laplace,3.0,0.85,0.05,1,0.038055788407960825,0.25095928499829595,0.005511647100051677,59,1.2202082398948093
invariant,laplace,3.0,0.85,0.05,2,0.00967454521433796,0.25095928499829595,0.005511647100051677,59,1.2202082398948093
invariant,laplace,3.0,0.85,0.05,3,0.0022953012905897524,0.25095928499829595,0.005511647100051677,59,1.2202082398948093
invariant,laplace,3.0,0.85,0.05,4,0.0005999234468710561,0.25095928499829595,0.005511647100051677,59,1.2202082398948093
invariant,laplace,3.0,0.85,0.05,5,0.00016849362209707034,0.25095928499829595,0.005511647100051677,59,1.2202082398948093
invariant,laplace,3.0,0.85,0.05,6,2.8544703336954937e-05,0.25095928499829595,0.005511647100051677,59,1.2202082398948093
invariant,laplace,3.0,0.85,0.05,7,1.1215734784112543e-05,0.25095928499829595,0.005511647100051677,59,1.2202082398948093
invariant,laplace,3.0,0.85,0.05,8,2.3335260824842773e-06,0.25095928499829595,0.005511647100051677,59,1.2202082398948093
invariant,laplace,3.0,0.85,0.1,1,0.07708509651056238,0.3512285382959617,0.0038006444622551215,59,1.1137975704151728
invariant,laplace,3.0,0.85,0.1,2,0.02570626650083191,0.3512285382959617,0.0038006444622551215,59,1.1137975704151728
invariant,laplace,3.0,0.85,0.1,3,0.009187742013022766,0.3512285382959617,0.0038006444622551215,59,1.1137975704151728
invariant,laplace,3.0,0.85,0.1,4,0.00371078965446646,0.3512285382959617,0.0038006444622551215,59,1.1137975704151728
invariant,laplace,3.0,0.85,0.1,5,0.0013087142377029301,0.3512285382959617,0.0038006444622551215,59,1.1137975704151728
invariant,laplace,3.0,0.85,0.1,6,0.0004007788161466701,0.3512285382959617,0.0038006444622551215,59,1.1137975704151728
invariant,laplace,3.0,0.85,0.1,7,0.00013834678277945139,0.3512285382959617,0.0038006444622551215,59,1.1137975704151728
invariant,laplace,3.0,0.85,0.1,8,5.040340530174142e-05,0.3512285382959617,0.0038006444622551215,59,1.1137975704151728
invariant,laplace,3.0,0.85,0.2,1,0.1475950659771676,0.4617726663058236,0.006587535944220887,59,1.0368403162978428
invariant,laplace,3.0,0.85,0.2,2,0.06745419270989975,0.4617726663058236,0.006587535944220887,59,1.0368403162978428
invariant,laplace,3.0,0.85,0.2,3,0.029498222333732393,0.4617726663058236,0.006587535944220887,59,1.0368403162978428
invariant,laplace,3.0,0.85,0.2,4,0.014949786419341934,0.4617726663058236,0.006587535944220887,59,1.0368403162978428
invariant,laplace,3.0,0.85,0.2,5,0.008283417135381534,0.4617726663058236,0.006587535944220887,59,1.0368403162978428
invariant,laplace,3.0,0.85,0.2,6,0.0030204487566558593,0.4617726663058236,0.006587535944220887,59,1.0368403162978428
invariant,laplace,3.0,0.85,0.2,7,0.0014222166744320525,0.4617726663058236,0.006587535944220887,59,1.0368403162978428
invariant,laplace,3.0,0.85,0.2,8,0.0006312247278847231,0.4617726663058236,0.006587535944220887,59,1.0368403162978428
invariant,laplace,3.0,0.85,0.4,1,0.2491611695664873,0.5940082459596723,0.0019512204029354641,59,1.0283440537426336
invariant,laplace,3.0,0.85,0.4,2,0.15100677626273756,0.5940082459596723,0.0019512204029354641,59,1.0283440537426336
invariant,laplace,3.0,0.85,0.4,3,0.0909599096924249,0.5940082459596723,0.0019512204029354641,59,1.0283440537426336
invariant,laplace,3.0,0.85,0.4,4,0.05522819311095755,0.5940082459596723,0.0019512204029354641,59,1.0283440537426336
invariant,laplace,3.0,0.85,0.4,5,0.03222344492903947,0.5940082459596723,0.0019512204029354641,59,1.0283440537426336
invariant,laplace,3.0,0.85,0.4,6,0.018978073483857962,0.5940082459596723,0.0019512204029354641,59,1.0283440537426336
invariant,laplace,3.0,0.85,0.4,7,0.010903803936564652,0.5940082459596723,0.0019512204029354641,59,1.0283440537426336
invariant,laplace,3.0,0.85,0.4,8,0.00664355752368867,0.5940082459596723,0.0019512204029354641,59,1.0283440537426336
invariant,laplace,3.0,0.85,0.8,1,0.37985559531622015,0.7200124544574648,0.004589690614889204,59,0.9984708839913986
invariant,laplace,3.0,0.85,0.8,2,0.27600278987792437,0.7200124544574648,0.004589690614889204,59,0.9984708839913986
invariant,laplace,3.0,0.85,0.8,3,0.1833236515830577,0.7200124544574648,0.004589690614889204,59,0.9984708839913986
invariant,laplace,3.0,0.85,0.8,4,0.1319910634329921,0.7200124544574648,0.004589690614889204,59,0.9984708839913986
invariant,laplace,3.0,0.85,0.8,5,0.09436969206052716,0.7200124544574648,0.004589690614889204,59,0.9984708839913986
invariant,laplace,3.0,0.85,0.8,6,0.07045289211507051,0.7200124544574648,0.004589690614889204,59,0.9984708839913986
invariant,laplace,3.0,0.85,0.8,7,0.05155380347235536,0.7200124544574648,0.004589690614889204,59,0.9984708839913986
invariant,laplace,3.0,0.85,0.8,8,0.03863447673442503,0.7200124544574648,0.004589690614889204,59,0.9984708839913986
invariant,laplace,3.0,0.85,1.6,1,0.31006085242692344,0.8172392573872417,0.00817089110102011,59,0.97282338096957
invariant,laplace,3.0,0.85,1.6,2,0.2418877238657171,0.8172392573872417,0.00817089110102011,59,0.97282338096957
invariant,laplace,3.0,0.85,1.6,3,0.1755260489958748,0.8172392573872417,0.00817089110102011,59,0.97282338096957
invariant,laplace,3.0,0.85,1.6,4,0.14449161502649582,0.8172392573872417,0.00817089110102011,59,0.97282338096957
invariant,laplace,3.0,0.85,1.6,5,0.12257078730620508,0.8172392573872417,0.00817089110102011,59,0.97282338096957
invariant,laplace,3.0,0.85,1.6,6,0.10436123753520617,0.8172392573872417,0.00817089110102011,59,0.97282338096957
invariant,laplace,3.0,0.85,1.6,7,0.08693912518411871,0.8172392573872417,0.00817089110102011,59,0.97282338096957
invariant,laplace,3.0,0.85,1.6,8,0.07312157179555293,0.8172392573872417,0.00817089110102011,59,0.97282338096957
n01,student_t_nu5,6.0,0.85,0.05,1,0.035766885257020334,0.23184557203359826,0.0039714352379023755,77,1.1494194299697758
n01,student_t_nu5,6.0,0.85,0.05,2,0.007383342073923965,0.23184557203359826,0.0039714352379023755,77,1.1494194299697758
n01,student_t_nu5,6.0,0.85,0.05,3,0.0019837921059149667,0.23184557203359826,0.0039714352379023755,77,1.1494194299697758
n01,student_t_nu5,6.0,0.85,0.05,4,0.0004415607881726352,0.23184557203359826,0.0039714352379023755,77,1.1494194299697758
n01,student_t_nu5,6.0,0.85,0.05,5,8.79961306672817e-05,0.23184557203359826,0.0039714352379023755,77,1.1494194299697758
n01,student_t_nu5,6.0,0.85,0.05,6,2.7551157025723222e-05,0.23184557203359826,0.0039714352379023755,77,1.1494194299697758
n01,student_t_nu5,6.0,0.85,0.05,7,4.774857339689032e-06,0.23184557203359826,0.0039714352379023755,77,1.1494194299697758
n01,student_t_nu5,6.0,0.85,0.05,8,1.2883030977080058e-06,0.23184557203359826,0.0039714352379023755,77,1.1494194299697758
n01,student_t_nu5,6.0,0.85,0.1,1,0.08087290170555739,0.3384495120415314,0.001469971868878741,77,1.073001907199207
n01,student_t_nu5,6.0,0.85,0.1,2,0.026021005039838785,0.3384495120415314,0.001469971868878741,77,1.073001907199207
n01,student_t_nu5,6.0,0.85,0.1,3,0.00898700028527037,0.3384495120415314,0.001469971868878741,77,1.073001907199207
n01,student_t_nu5,6.0,0.85,0.1,4,0.0031585200194211116,0.3384495120415314,0.001469971868878741,77,1.073001907199207
n01,student_t_nu5,6.0,0.85,0.1,5,0.0010792103843152605,0.3384495120415314,0.001469971868878741,77,1.073001907199207
n01,student_t_nu5,6.0,0.85,0.1,6,0.0003506191145005092,0.3384495120415314,0.001469971868878741,77,1.073001907199207
n01,student_t_nu5,6.0,0.85,0.1,7,0.00012245303214761296,0.3384495120415314,0.001469971868878741,77,1.073001907199207
n01,student_t_nu5,6.0,0.85,0.1,8,3.931096285551635e-05,0.3384495120415314,0.001469971868878741,77,1.073001907199207
n01,student_t_nu5,6.0,0.85,0.2,1,0.1687660392609494,0.4539728789172426,0.00370089446290671,77,1.0433799686657903
n01,student_t_nu5,6.0,0.85,0.2,2,0.06774477980831532,0.4539728789172426,0.00370089446290671,77,1.0433799686657903
n01,student_t_nu5,6.0,0.85,0.2,3,0.03178903724446999,0.4539728789172426,0.00370089446290671,77,1.0433799686657903
n01,student_t_nu5,6.0,0.85,0.2,4,0.015071478738496454,0.4539728789172426,0.00370089446290671,77,1.0433799686657903
n01,student_t_nu5,6.0,0.85,0.2,5,0.007052410774685739,0.4539728789172426,0.00370089446290671,77,1.0433799686657903
n01,student_t_nu5,6.0,0.85,0.2,6,0.003105469266002471,0.4539728789172426,0.00370089446290671,77,1.0433799686657903
n01,student_t_nu5,6.0,0.85,0.2,7,0.0013015518561724758,0.4539728789172426,0.00370089446290671,77,1.0433799686657903
n01,student_t_nu5,6.0,0.85,0.2,8,0.000657192496872261,0.4539728789172426,0.00370089446290671,77,1.0433799686657903
n01,student_t_nu5,6.0,0.85,0.4,1,0.28702560135732275,0.5830322954607543,0.00298853753727156,77,0.9974676796771061
n01,student_t_nu5,6.0,0.85,0.4,2,0.1680138428206305,0.5830322954607543,0.00298853753727156,77,0.9974676796771061
n01,student_t_nu5,6.0,0.85,0.4,3,0.09019738005605474,0.5830322954607543,0.00298853753727156,77,0.9974676796771061
n01,student_t_nu5,6.0,0.85,0.4,4,0.05453130238263283,0.5830322954607543,0.00298853753727156,77,0.9974676796771061
n01,student_t_nu5,6.0,0.85,0.4,5,0.032702192982335815,0.5830322954607543,0.00298853753727156,77,0.9974676796771061
n01,student_t_nu5,6.0,0.85,0.4,6,0.019433857429207942,0.5830322954607543,0.00298853753727156,77,0.9974676796771061
n01,student_t_nu5,6.0,0.85,0.4,7,0.01074379357592055,0.5830322954607543,0.00298853753727156,77,0.9974676796771061
n01,student_t_nu5,6.0,0.85,0.4,8,0.006556133733391113,0.5830322954607543,0.00298853753727156,77,0.9974676796771061
n01,student_t_nu5,6.0,0.85,0.8,1,0.3422932080326913,0.7206722626906786,0.00516490369895844,77,1.0255765528282965
n01,student_t_nu5,6.0,0.85,0.8,2,0.26214996993058004,0.7206722626906786,0.00516490369895844,77,1.0255765528282965
n01,student_t_nu5,6.0,0.85,0.8,3,0.19128157438051355,0.7206722626906786,0.00516490369895844,77,1.0255765528282965
n01,student_t_nu5,6.0,0.85,0.8,4,0.14359468760930247,0.7206722626906786,0.00516490369895844,77,1.0255765528282965
n01,student_t_nu5,6.0,0.85,0.8,5,0.10458405919856585,0.7206722626906786,0.00516490369895844,77,1.0255765528282965
n01,student_t_nu5,6.0,0.85,0.8,6,0.07067984959454614,0.7206722626906786,0.00516490369895844,77,1.0255765528282965
n01,student_t_nu5,6.0,0.85,0.8,7,0.04931817156160912,0.7206722626906786,0.00516490369895844,77,1.0255765528282965
n01,student_t_nu5,6.0,0.85,0.8,8,0.03551968156660788,0.7206722626906786,0.00516490369895844,77,1.0255765528282965
n01,student_t_nu5,6.0,0.85,1.6,1,0.3246482594943542,0.8087840677094071,0.0076973904317364,77,1.0204606128086955
n01,student_t_nu5,6.0,0.85,1.6,2,0.25029112385245855,0.8087840677094071,0.0076973904317364,77,1.0204606128086955
n01,student_t_nu5,6.0,0.85,1.6,3,0.19741590900795153,0.8087840677094071,0.0076973904317364,77,1.0204606128086955
n01,student_t_nu5,6.0,0.85,1.6,4,0.14930328608585275,0.8087840677094071,0.0076973904317364,77,1.0204606128086955
n01,student_t_nu5,6.0,0.85,1.6,5,0.12012184013844204,0.8087840677094071,0.0076973904317364,77,1.0204606128086955
n01,student_t_nu5,6.0,0.85,1.6,6,0.10608572514612452,0.8087840677094071,0.0076973904317364,77,1.0204606128086955
n01,student_t_nu5,6.0,0.85,1.6,7,0.08440202888915214,0.8087840677094071,0.0076973904317364,77,1.0204606128086955
n01,student_t_nu5,6.0,0.85,1.6,8,0.07442213062577319,0.8087840677094071,0.0076973904317364,77,1.0204606128086955
n01_exact,student_t_nu5,6.0,0.85,0.05,1,0.03566618378175094,0.23065863593370484,0.0028056802553583417,77,1.1151623646995106
n01_exact,student_t_nu5,6.0,0.85,0.05,2,0.007669016332805572,0.23065863593370484,0.0028056802553583417,77,1.1151623646995106
n01_exact,student_t_nu5,6.0,0.85,0.05,3,0.001832994159348695,0.23065863593370484,0.0028056802553583417,77,1.1151623646995106
n01_exact,student_t_nu5,6.0,0.85,0.05,4,0.0004228235311829157,0.23065863593370484,0.0028056802553583417,77,1.1151623646995106
n01_exact,student_t_nu5,6.0,0.85,0.05,5,9.411048052796867e-05,0.23065863593370484,0.0028056802553583417,77,1.1151623646995106
n01_exact,student_t_nu5,6.0,0.85,0.05,6,2.6257431464843115e-05,0.23065863593370484,0.0028056802553583417,77,1.1151623646995106
n01_exact,student_t_nu5,6.0,0.85,0.05,7,4.706698499924587e-06,0.23065863593370484,0.0028056802553583417,77,1.1151623646995106
n01_exact,student_t_nu5,6.0,0.85,0.05,8,1.21803445934189e-06,0.23065863593370484,0.0028056802553583417,77,1.1151623646995106
n01_exact,student_t_nu5,6.0,0.85,0.1,1,0.08020956082573712,0.337419443592672,0.0029443464307427835,77,1.0703422602084365
n01_exact,student_t_nu5,6.0,0.85,0.1,2,0.026156270322059135,0.337419443592672,0.0029443464307427835,77,1.0703422602084365
n01_exact,student_t_nu5,6.0,0.85,0.1,3,0.00842244969283658,0.337419443592672,0.0029443464307427835,77,1.0703422602084365
n01_exact,student_t_nu5,6.0,0.85,0.1,4,0.0032145221520321877,0.337419443592672,0.0029443464307427835,77,1.0703422602084365
n01_exact,student_t_nu5,6.0,0.85,0.1,5,0.00103769202571544,0.337419443592672,0.0029443464307427835,77,1.0703422602084365
n01_exact,student_t_nu5,6.0,0.85,0.1,6,0.00033080171900930184,0.337419443592672,0.0029443464307427835,77,1.0703422602084365
n01_exact,student_t_nu5,6.0,0.85,0.1,7,0.00010764065852045906,0.337419443592672,0.0029443464307427835,77,1.0703422602084365
n01_exact,student_t_nu5,6.0,0.85,0.1,8,4.158461897984096e-05,0.337419443592672,0.0029443464307427835,77,1.0703422602084365
n01_exact,student_t_nu5,6.0,0.85,0.2,1,0.15725032073883632,0.46223160043567085,0.003607383623463802,77,1.0467341290270369
n01_exact,student_t_nu5,6.0,0.85,0.2,2,0.06336623258407638,0.46223160043567085,0.003607383623463802,77,1.0467341290270369
n01_exact,student_t_nu5,6.0,0.85,0.2,3,0.029807158980848576,0.46223160043567085,0.003607383623463802,77,1.0467341290270369
n01_exact,student_t_nu5,6.0,0.85,0.2,4,0.015186335946723901,0.46223160043567085,0.003607383623463802,77,1.0467341290270369
n01_exact,student_t_nu5,6.0,0.85,0.2,5,0.0069134964535691006,0.46223160043567085,0.003607383623463802,77,1.0467341290270369
n01_exact,student_t_nu5,6.0,0.85,0.2,6,0.0031280402633108327,0.46223160043567085,0.003607383623463802,77,1.0467341290270369
n01_exact,student_t_nu5,6.0,0.85,0.2,7,0.0014122459918022368,0.46223160043567085,0.003607383623463802,77,1.0467341290270369
n01_exact,student_t_nu5,6.0,0.85,0.2,8,0.0006657082584301175,0.46223160043567085,0.003607383623463802,77,1.0467341290270369
n01_exact,student_t_nu5,6.0,0.85,0.4,1,0.27808574145116166,0.5916919477306107,0.005574293608128264,77,0.9914358360774937
n01_exact,student_t_nu5,6.0,0.85,0.4,2,0.1583920519046551,0.5916919477306107,0.005574293608128264,77,0.9914358360774937
n01_exact,student_t_nu5,6.0,0.85,0.4,3,0.08543741071040507,0.5916919477306107,0.005574293608128264,77,0.9914358360774937
n01_exact,student_t_nu5,6.0,0.85,0.4,4,0.05299906269852406,0.5916919477306107,0.005574293608128264,77,0.9914358360774937
n01_exact,student_t_nu5,6.0,0.85,0.4,5,0.029585656228144783,0.5916919477306107,0.005574293608128264,77,0.9914358360774937
n01_exact,student_t_nu5,6.0,0.85,0.4,6,0.019242722261569607,0.5916919477306107,0.005574293608128264,77,0.9914358360774937
n01_exact,student_t_nu5,6.0,0.85,0.4,7,0.010878394688018813,0.5916919477306107,0.005574293608128264,77,0.9914358360774937
n01_exact,student_t_nu5,6.0,0.85,0.4,8,0.007141347013788015,0.5916919477306107,0.005574293608128264,77,0.9914358360774937
n01_exact,student_t_nu5,6.0,0.85,0.8,1,0.4454913261729807,0.7045933614568887,0.007728797304265564,77,0.9720454422489071
n01_exact,student_t_nu5,6.0,0.85,0.8,2,0.28145001724880264,0.7045933614568887,0.007728797304265564,77,0.9720454422489071
n01_exact,student_t_nu5,6.0,0.85,0.8,3,0.1780136388918157,0.7045933614568887,0.007728797304265564,77,0.9720454422489071
n01_exact,student_t_nu5,6.0,0.85,0.8,4,0.1340152391462709,0.7045933614568887,0.007728797304265564,77,0.9720454422489071
n01_exact,student_t_nu5,6.0,0.85,0.8,5,0.10092846505914435,0.7045933614568887,0.007728797304265564,77,0.9720454422489071
n01_exact,student_t_nu5,6.0,0.85,0.8,6,0.06701023610938776,0.7045933614568887,0.007728797304265564,77,0.9720454422489071
n01_exact,student_t_nu5,6.0,0.85,0.8,7,0.05113752622805687,0.7045933614568887,0.007728797304265564,77,0.9720454422489071
n01_exact,student_t_nu5,6.0,0.85,0.8,8,0.035693188830716496,0.7045933614568887,0.007728797304265564,77,0.9720454422489071
n01_exact,student_t_nu5,6.0,0.85,1.6,1,0.3368149262689238,0.7922671948225621,0.007859127868074934,77,0.9503212526413282
n01_exact,student_t_nu5,6.0,0.85,1.6,2,0.2753896584452341,0.7922671948225621,0.007859127868074934,77,0.9503212526413282
n01_exact,student_t_nu5,6.0,0.85,1.6,3,0.21099205173127342,0.7922671948225621,0.007859127868074934,77,0.9503212526413282
n01_exact,student_t_nu5,6.0,0.85,1.6,4,0.1545865247335006,0.7922671948225621,0.007859127868074934,77,0.9503212526413282
n01_exact,student_t_nu5,6.0,0.85,1.6,5,0.11928531665567772,0.7922671948225621,0.007859127868074934,77,0.9503212526413282
n01_exact,student_t_nu5,6.0,0.85,1.6,6,0.09728187671310133,0.7922671948225621,0.007859127868074934,77,0.9503212526413282
n01_exact,student_t_nu5,6.0,0.85,1.6,7,0.08285916329398774,0.7922671948225621,0.007859127868074934,77,0.9503212526413282
n01_exact,student_t_nu5,6.0,0.85,1.6,8,0.07024441080948762,0.7922671948225621,0.007859127868074934,77,0.9503212526413282
invariant,student_t_nu5,6.0,0.85,0.05,1,0.039399401943639716,0.22598358654000164,0.003097569399628849,77,1.0987719955408866
invariant,student_t_nu5,6.0,0.85,0.05,2,0.008282388538529617,0.22598358654000164,0.003097569399628849,77,1.0987719955408866
invariant,student_t_nu5,6.0,0.85,0.05,3,0.0019935817797526647,0.22598358654000164,0.003097569399628849,77,1.0987719955408866
invariant,student_t_nu5,6.0,0.85,0.05,4,0.0004545681960256014,0.22598358654000164,0.003097569399628849,77,1.0987719955408866
invariant,student_t_nu5,6.0,0.85,0.05,5,9.262442995013234e-05,0.22598358654000164,0.003097569399628849,77,1.0987719955408866
invariant,student_t_nu5,6.0,0.85,0.05,6,2.5425905060834184e-05,0.22598358654000164,0.003097569399628849,77,1.0987719955408866
invariant,student_t_nu5,6.0,0.85,0.05,7,4.443369141450841e-06,0.22598358654000164,0.003097569399628849,77,1.0987719955408866
invariant,student_t_nu5,6.0,0.85,0.05,8,1.2331247825090655e-06,0.22598358654000164,0.003097569399628849,77,1.0987719955408866
invariant,student_t_nu5,6.0,0.85,0.1,1,0.08990726136461354,0.3295338792577229,0.002859252932918821,77,1.0450006023640896
invariant,student_t_nu5,6.0,0.85,0.1,2,0.02953144947069192,0.3295338792577229,0.002859252932918821,77,1.0450006023640896
invariant,student_t_nu5,6.0,0.85,0.1,3,0.009755909023696082,0.3295338792577229,0.002859252932918821,77,1.0450006023640896
invariant,student_t_nu5,6.0,0.85,0.1,4,0.0029057961453048766,0.3295338792577229,0.002859252932918821,77,1.0450006023640896
invariant,student_t_nu5,6.0,0.85,0.1,5,0.0010034078746487928,0.3295338792577229,0.002859252932918821,77,1.0450006023640896
invariant,student_t_nu5,6.0,0.85,0.1,6,0.0003664482852305335,0.3295338792577229,0.002859252932918821,77,1.0450006023640896
invariant,student_t_nu5,6.0,0.85,0.1,7,0.00012012929865094221,0.3295338792577229,0.002859252932918821,77,1.0450006023640896
invariant,student_t_nu5,6.0,0.85,0.1,8,3.572612306890236e-05,0.3295338792577229,0.002859252932918821,77,1.0450006023640896
invariant,student_t_nu5,6.0,0.85,0.2,1,0.1607318437582133,0.46231044722405606,0.0034739634242834756,77,1.0380478215878806
invariant,student_t_nu5,6.0,0.85,0.2,2,0.07232051300251206,0.46231044722405606,0.0034739634242834756,77,1.0380478215878806
invariant,student_t_nu5,6.0,0.85,0.2,3,0.03296048215320401,0.46231044722405606,0.0034739634242834756,77,1.0380478215878806
invariant,student_t_nu5,6.0,0.85,0.2,4,0.01649445159099141,0.46231044722405606,0.0034739634242834756,77,1.0380478215878806
invariant,student_t_nu5,6.0,0.85,0.2,5,0.006887534038528259,0.46231044722405606,0.0034739634242834756,77,1.0380478215878806
invariant,student_t_nu5,6.0,0.85,0.2,6,0.0034995083829666013,0.46231044722405606,0.0034739634242834756,77,1.0380478215878806
invariant,student_t_nu5,6.0,0.85,0.2,7,0.0014459251516556314,0.46231044722405606,0.0034739634242834756,77,1.0380478215878806
invariant,student_t_nu5,6.0,0.85,0.2,8,0.000742275781297689,0.46231044722405606,0.0034739634242834756,77,1.0380478215878806
invariant,student_t_nu5,6.0,0.85,0.4,1,0.28387099902547336,0.5826237020136049,0.0026959332522129447,77,1.0086351891752805
invariant,student_t_nu5,6.0,0.85,0.4,2,0.16623723055964817,0.5826237020136049,0.0026959332522129447,77,1.0086351891752805
invariant,student_t_nu5,6.0,0.85,0.4,3,0.09519194071793473,0.5826237020136049,0.0026959332522129447,77,1.0086351891752805
invariant,student_t_nu5,6.0,0.85,0.4,4,0.05464410947985122,0.5826237020136049,0.0026959332522129447,77,1.0086351891752805
invariant,student_t_nu5,6.0,0.85,0.4,5,0.030873994234081954,0.5826237020136049,0.0026959332522129447,77,1.0086351891752805
invariant,student_t_nu5,6.0,0.85,0.4,6,0.019178896445334534,0.5826237020136049,0.0026959332522129447,77,1.0086351891752805
invariant,student_t_nu5,6.0,0.85,0.4,7,0.010680652569881736,0.5826237020136049,0.0026959332522129447,77,1.0086351891752805
invariant,student_t_nu5,6.0,0.85,0.4,8,0.006651384588519923,0.5826237020136049,0.0026959332522129447,77,1.0086351891752805
invariant,student_t_nu5,6.0,0.85,0.8,1,0.35622514525166177,0.7224433846297139,0.0029124090867914555,77,1.0018419548429938
invariant,student_t_nu5,6.0,0.85,0.8,2,0.26572754855430414,0.7224433846297139,0.0029124090867914555,77,1.0018419548429938
invariant,student_t_nu5,6.0,0.85,0.8,3,0.18318779778856967,0.7224433846297139,0.0029124090867914555,77,1.0018419548429938
invariant,student_t_nu5,6.0,0.85,0.8,4,0.12908913729758648,0.7224433846297139,0.0029124090867914555,77,1.0018419548429938
invariant,student_t_nu5,6.0,0.85,0.8,5,0.09389011654773806,0.7224433846297139,0.0029124090867914555,77,1.0018419548429938
invariant,student_t_nu5,6.0,0.85,0.8,6,0.07060882778946023,0.7224433846297139,0.0029124090867914555,77,1.0018419548429938
invariant,student_t_nu5,6.0,0.85,0.8,7,0.050353475902910935,0.7224433846297139,0.0029124090867914555,77,1.0018419548429938
invariant,student_t_nu5,6.0,0.85,0.8,8,0.037202572948922354,0.7224433846297139,0.0029124090867914555,77,1.0018419548429938
invariant,student_t_nu5,6.0,0.85,1.6,1,0.34247981255900417,0.7954567177511948,0.004559754794580488,77,0.9468939317130693
invariant,student_t_nu5,6.0,0.85,1.6,2,0.27117860253737575,0.7954567177511948,0.004559754794580488,77,0.9468939317130693
invariant,student_t_nu5,6.0,0.85,1.6,3,0.21425864219028706,0.7954567177511948,0.004559754794580488,77,0.9468939317130693
invariant,student_t_nu5,6.0,0.85,1.6,4,0.17774548362416207,0.7954567177511948,0.004559754794580488,77,0.9468939317130693
invariant,student_t_nu5,6.0,0.85,1.6,5,0.14881737345117552,0.7954567177511948,0.004559754794580488,77,0.9468939317130693
invariant,student_t_nu5,6.0,0.85,1.6,6,0.10969176800562853,0.7954567177511948,0.004559754794580488,77,0.9468939317130693
invariant,student_t_nu5,6.0,0.85,1.6,7,0.0839074590414671,0.7954567177511948,0.004559754794580488,77,0.9468939317130693
invariant,student_t_nu5,6.0,0.85,1.6,8,0.06943267960769552,0.7954567177511948,0.004559754794580488,77,0.9468939317130693
n01,uniform,-1.2,0.85,0.05,1,0.043184375697416684,0.24028911953642862,0.016196306148665542,74,1.1912799558038405
n01,uniform,-1.2,0.85,0.05,2,0.011369816751348665,0.24028911953642862,0.016196306148665542,74,1.1912799558038405
n01,uniform,-1.2,0.85,0.05,3,0.00330583024696121,0.24028911953642862,0.016196306148665542,74,1.1912799558038405
n01,uniform,-1.2,0.85,0.05,4,0.0007750403502929037,0.24028911953642862,0.016196306148665542,74,1.1912799558038405
n01,uniform,-1.2,0.85,0.05,5,0.0004489099871353329,0.24028911953642862,0.016196306148665542,74,1.1912799558038405
n01,uniform,-1.2,0.85,0.05,6,3.61229108223498e-05,0.24028911953642862,0.016196306148665542,74,1.1912799558038405
n01,uniform,-1.2,0.85,0.05,7,1.1886758995134903e-05,0.24028911953642862,0.016196306148665542,74,1.1912799558038405
n01,uniform,-1.2,0.85,0.05,8,1.6133286610224027e-06,0.24028911953642862,0.016196306148665542,74,1.1912799558038405
n01,uniform,-1.2,0.85,0.1,1,0.06912285511116682,0.3387613869308701,0.004570561179594915,74,1.0739906583693577
n01,uniform,-1.2,0.85,0.1,2,0.02393193911775623,0.3387613869308701,0.004570561179594915,74,1.0739906583693577
n01,uniform,-1.2,0.85,0.1,3,0.008359426392307369,0.3387613869308701,0.004570561179594915,74,1.0739906583693577
n01,uniform,-1.2,0.85,0.1,4,0.003164841439291491,0.3387613869308701,0.004570561179594915,74,1.0739906583693577
n01,uniform,-1.2,0.85,0.1,5,0.0008735389589871467,0.3387613869308701,0.004570561179594915,74,1.0739906583693577
n01,uniform,-1.2,0.85,0.1,6,0.00029038527806934657,0.3387613869308701,0.004570561179594915,74,1.0739906583693577
n01,uniform,-1.2,0.85,0.1,7,0.00012016637039494743,0.3387613869308701,0.004570561179594915,74,1.0739906583693577
n01,uniform,-1.2,0.85,0.1,8,3.514551664930498e-05,0.3387613869308701,0.004570561179594915,74,1.0739906583693577
n01,uniform,-1.2,0.85,0.2,1,0.15714731505627916,0.45853753650452417,0.005707411770401157,74,1.0538710629834667
n01,uniform,-1.2,0.85,0.2,2,0.06600118350261419,0.45853753650452417,0.005707411770401157,74,1.0538710629834667
n01,uniform,-1.2,0.85,0.2,3,0.029380634639286324,0.45853753650452417,0.005707411770401157,74,1.0538710629834667
n01,uniform,-1.2,0.85,0.2,4,0.015415061165931356,0.45853753650452417,0.005707411770401157,74,1.0538710629834667
n01,uniform,-1.2,0.85,0.2,5,0.006191782046930429,0.45853753650452417,0.005707411770401157,74,1.0538710629834667
n01,uniform,-1.2,0.85,0.2,6,0.00270843932788235,0.45853753650452417,0.005707411770401157,74,1.0538710629834667
n01,uniform,-1.2,0.85,0.2,7,0.0013271597870840902,0.45853753650452417,0.005707411770401157,74,1.0538710629834667
n01,uniform,-1.2,0.85,0.2,8,0.0006998277516539865,0.45853753650452417,0.005707411770401157,74,1.0538710629834667
n01,uniform,-1.2,0.85,0.4,1,0.28768502680159747,0.5845734457139595,0.004125472802203075,74,1.0001043218992725
n01,uniform,-1.2,0.85,0.4,2,0.14509456512995472,0.5845734457139595,0.004125472802203075,74,1.0001043218992725
n01,uniform,-1.2,0.85,0.4,3,0.0924571648424062,0.5845734457139595,0.004125472802203075,74,1.0001043218992725
n01,uniform,-1.2,0.85,0.4,4,0.0533730550983507,0.5845734457139595,0.004125472802203075,74,1.0001043218992725
n01,uniform,-1.2,0.85,0.4,5,0.03202926684766346,0.5845734457139595,0.004125472802203075,74,1.0001043218992725
n01,uniform,-1.2,0.85,0.4,6,0.01792050315780418,0.5845734457139595,0.004125472802203075,74,1.0001043218992725
n01,uniform,-1.2,0.85,0.4,7,0.010980586799773342,0.5845734457139595,0.004125472802203075,74,1.0001043218992725
n01,uniform,-1.2,0.85,0.4,8,0.006292117971124889,0.5845734457139595,0.004125472802203075,74,1.0001043218992725
n01,uniform,-1.2,0.85,0.8,1,0.35268906970501895,0.732921437572798,0.004427363252247878,74,1.0430081471895005
n01,uniform,-1.2,0.85,0.8,2,0.25330005205394185,0.732921437572798,0.004427363252247878,74,1.0430081471895005
n01,uniform,-1.2,0.85,0.8,3,0.1720587759103223,0.732921437572798,0.004427363252247878,74,1.0430081471895005
n01,uniform,-1.2,0.85,0.8,4,0.12788396919928144,0.732921437572798,0.004427363252247878,74,1.0430081471895005
n01,uniform,-1.2,0.85,0.8,5,0.09662328703966715,0.732921437572798,0.004427363252247878,74,1.0430081471895005
n01,uniform,-1.2,0.85,0.8,6,0.06986577644773322,0.732921437572798,0.004427363252247878,74,1.0430081471895005
n01,uniform,-1.2,0.85,0.8,7,0.052231535439689905,0.732921437572798,0.004427363252247878,74,1.0430081471895005
n01,uniform,-1.2,0.85,0.8,8,0.04008734994733003,0.732921437572798,0.004427363252247878,74,1.0430081471895005
n01,uniform,-1.2,0.85,1.6,1,0.3131605206045941,0.8290365111800698,0.004439125783279557,74,1.046013565321073
n01,uniform,-1.2,0.85,1.6,2,0.2610572396198795,0.8290365111800698,0.004439125783279557,74,1.046013565321073
n01,uniform,-1.2,0.85,1.6,3,0.23199588489173045,0.8290365111800698,0.004439125783279557,74,1.046013565321073
n01,uniform,-1.2,0.85,1.6,4,0.18593485074063573,0.8290365111800698,0.004439125783279557,74,1.046013565321073
n01,uniform,-1.2,0.85,1.6,5,0.14658466103794512,0.8290365111800698,0.004439125783279557,74,1.046013565321073
n01,uniform,-1.2,0.85,1.6,6,0.12327697431848891,0.8290365111800698,0.004439125783279557,74,1.046013565321073
n01,uniform,-1.2,0.85,1.6,7,0.10799090350447745,0.8290365111800698,0.004439125783279557,74,1.046013565321073
n01,uniform,-1.2,0.85,1.6,8,0.08412197788512352,0.8290365111800698,0.004439125783279557,74,1.046013565321073
n01_exact,uniform,-1.2,0.85,0.05,1,0.039980246777521954,0.26277241264780493,0.006500463406637331,74,1.2704224313124985
n01_exact,uniform,-1.2,0.85,0.05,2,0.010528510133476695,0.26277241264780493,0.006500463406637331,74,1.2704224313124985
n01_exact,uniform,-1.2,0.85,0.05,3,0.0034626578796885465,0.26277241264780493,0.006500463406637331,74,1.2704224313124985
n01_exact,uniform,-1.2,0.85,0.05,4,0.0006423234776316776,0.26277241264780493,0.006500463406637331,74,1.2704224313124985
n01_exact,uniform,-1.2,0.85,0.05,5,0.00016609168680824428,0.26277241264780493,0.006500463406637331,74,1.2704224313124985
n01_exact,uniform,-1.2,0.85,0.05,6,6.084801243835464e-05,0.26277241264780493,0.006500463406637331,74,1.2704224313124985
n01_exact,uniform,-1.2,0.85,0.05,7,1.5540029671386642e-05,0.26277241264780493,0.006500463406637331,74,1.2704224313124985
n01_exact,uniform,-1.2,0.85,0.05,8,3.1261715999823547e-06,0.26277241264780493,0.006500463406637331,74,1.2704224313124985
n01_exact,uniform,-1.2,0.85,0.1,1,0.07904170172583581,0.3474709782542454,0.009921680402927631,74,1.1022271516470563
n01_exact,uniform,-1.2,0.85,0.1,2,0.02967604285139064,0.3474709782542454,0.009921680402927631,74,1.1022271516470563
n01_exact,uniform,-1.2,0.85,0.1,3,0.0070407230549141865,0.3474709782542454,0.009921680402927631,74,1.1022271516470563
n01_exact,uniform,-1.2,0.85,0.1,4,0.0028445622401675865,0.3474709782542454,0.009921680402927631,74,1.1022271516470563
n01_exact,uniform,-1.2,0.85,0.1,5,0.0008180964693434515,0.3474709782542454,0.009921680402927631,74,1.1022271516470563
n01_exact,uniform,-1.2,0.85,0.1,6,0.0003118232405850365,0.3474709782542454,0.009921680402927631,74,1.1022271516470563
n01_exact,uniform,-1.2,0.85,0.1,7,0.00013249521023347743,0.3474709782542454,0.009921680402927631,74,1.1022271516470563
n01_exact,uniform,-1.2,0.85,0.1,8,5.309748047719972e-05,0.3474709782542454,0.009921680402927631,74,1.1022271516470563
n01_exact,uniform,-1.2,0.85,0.2,1,0.15012003447788919,0.45831863594705324,0.004570363218765365,74,1.0378731306183466
n01_exact,uniform,-1.2,0.85,0.2,2,0.06320401853076682,0.45831863594705324,0.004570363218765365,74,1.0378731306183466
n01_exact,uniform,-1.2,0.85,0.2,3,0.026215958679129105,0.45831863594705324,0.004570363218765365,74,1.0378731306183466
n01_exact,uniform,-1.2,0.85,0.2,4,0.013973580963139444,0.45831863594705324,0.004570363218765365,74,1.0378731306183466
n01_exact,uniform,-1.2,0.85,0.2,5,0.006396344094402683,0.45831863594705324,0.004570363218765365,74,1.0378731306183466
n01_exact,uniform,-1.2,0.85,0.2,6,0.0026702942300674696,0.45831863594705324,0.004570363218765365,74,1.0378731306183466
n01_exact,uniform,-1.2,0.85,0.2,7,0.0013146901735740268,0.45831863594705324,0.004570363218765365,74,1.0378731306183466
n01_exact,uniform,-1.2,0.85,0.2,8,0.0006101676283783658,0.45831863594705324,0.004570363218765365,74,1.0378731306183466
n01_exact,uniform,-1.2,0.85,0.4,1,0.24895033219195253,0.5813065192645984,0.00313326741907282,74,0.9740340681580294
n01_exact,uniform,-1.2,0.85,0.4,2,0.14435718542607906,0.5813065192645984,0.00313326741907282,74,0.9740340681580294
n01_exact,uniform,-1.2,0.85,0.4,3,0.0850587472439931,0.5813065192645984,0.00313326741907282,74,0.9740340681580294
n01_exact,uniform,-1.2,0.85,0.4,4,0.050658137844792624,0.5813065192645984,0.00313326741907282,74,0.9740340681580294
n01_exact,uniform,-1.2,0.85,0.4,5,0.028732182248275673,0.5813065192645984,0.00313326741907282,74,0.9740340681580294
n01_exact,uniform,-1.2,0.85,0.4,6,0.015435089119856266,0.5813065192645984,0.00313326741907282,74,0.9740340681580294
n01_exact,uniform,-1.2,0.85,0.4,7,0.009942076162905197,0.5813065192645984,0.00313326741907282,74,0.9740340681580294
n01_exact,uniform,-1.2,0.85,0.4,8,0.005646660908745202,0.5813065192645984,0.00313326741907282,74,0.9740340681580294
n01_exact,uniform,-1.2,0.85,0.8,1,0.3976929777510213,0.7054472993100207,0.005003400474066861,74,0.9732235209017976
n01_exact,uniform,-1.2,0.85,0.8,2,0.2687918618855202,0.7054472993100207,0.005003400474066861,74,0.9732235209017976
n01_exact,uniform,-1.2,0.85,0.8,3,0.18358573129448985,0.7054472993100207,0.005003400474066861,74,0.9732235209017976
n01_exact,uniform,-1.2,0.85,0.8,4,0.13938545687441592,0.7054472993100207,0.005003400474066861,74,0.9732235209017976
n01_exact,uniform,-1.2,0.85,0.8,5,0.09572739204594444,0.7054472993100207,0.005003400474066861,74,0.9732235209017976
n01_exact,uniform,-1.2,0.85,0.8,6,0.0732155575016158,0.7054472993100207,0.005003400474066861,74,0.9732235209017976
n01_exact,uniform,-1.2,0.85,0.8,7,0.048566407551258454,0.7054472993100207,0.005003400474066861,74,0.9732235209017976
n01_exact,uniform,-1.2,0.85,0.8,8,0.0320853591719065,0.7054472993100207,0.005003400474066861,74,0.9732235209017976
n01_exact,uniform,-1.2,0.85,1.6,1,0.3200926768204682,0.8034427839779998,0.005501507742602432,74,0.9637263260238995
n01_exact,uniform,-1.2,0.85,1.6,2,0.2513830953892306,0.8034427839779998,0.005501507742602432,74,0.9637263260238995
n01_exact,uniform,-1.2,0.85,1.6,3,0.20973444215364043,0.8034427839779998,0.005501507742602432,74,0.9637263260238995
n01_exact,uniform,-1.2,0.85,1.6,4,0.17099238229665173,0.8034427839779998,0.005501507742602432,74,0.9637263260238995
n01_exact,uniform,-1.2,0.85,1.6,5,0.1361989773338973,0.8034427839779998,0.005501507742602432,74,0.9637263260238995
n01_exact,uniform,-1.2,0.85,1.6,6,0.1051709837390647,0.8034427839779998,0.005501507742602432,74,0.9637263260238995
n01_exact,uniform,-1.2,0.85,1.6,7,0.07954296239149522,0.8034427839779998,0.005501507742602432,74,0.9637263260238995
n01_exact,uniform,-1.2,0.85,1.6,8,0.07316063503090255,0.8034427839779998,0.005501507742602432,74,0.9637263260238995
invariant,uniform,-1.2,0.85,0.05,1,0.03119368020484684,0.23306095856015477,0.012549738452761354,74,1.1331834246930315
invariant,uniform,-1.2,0.85,0.05,2,0.00884613474545443,0.23306095856015477,0.012549738452761354,74,1.1331834246930315
invariant,uniform,-1.2,0.85,0.05,3,0.003181488216765034,0.23306095856015477,0.012549738452761354,74,1.1331834246930315
invariant,uniform,-1.2,0.85,0.05,4,0.0008189068556768507,0.23306095856015477,0.012549738452761354,74,1.1331834246930315
invariant,uniform,-1.2,0.85,0.05,5,0.00021956363778811427,0.23306095856015477,0.012549738452761354,74,1.1331834246930315
invariant,uniform,-1.2,0.85,0.05,6,2.8315639131273292e-05,0.23306095856015477,0.012549738452761354,74,1.1331834246930315
invariant,uniform,-1.2,0.85,0.05,7,5.407235926619779e-06,0.23306095856015477,0.012549738452761354,74,1.1331834246930315
invariant,uniform,-1.2,0.85,0.05,8,1.4446240028355314e-06,0.23306095856015477,0.012549738452761354,74,1.1331834246930315
invariant,uniform,-1.2,0.85,0.1,1,0.07197107334379144,0.3313685186729704,0.013609214328017545,74,1.0508185149209808
invariant,uniform,-1.2,0.85,0.1,2,0.025434276702544115,0.3313685186729704,0.013609214328017545,74,1.0508185149209808
invariant,uniform,-1.2,0.85,0.1,3,0.010973056409932735,0.3313685186729704,0.013609214328017545,74,1.0508185149209808
invariant,uniform,-1.2,0.85,0.1,4,0.0037566601940707926,0.3313685186729704,0.013609214328017545,74,1.0508185149209808
invariant,uniform,-1.2,0.85,0.1,5,0.001774813619442287,0.3313685186729704,0.013609214328017545,74,1.0508185149209808
invariant,uniform,-1.2,0.85,0.1,6,0.0003439462683293628,0.3313685186729704,0.013609214328017545,74,1.0508185149209808
invariant,uniform,-1.2,0.85,0.1,7,9.539890429560466e-05,0.3313685186729704,0.013609214328017545,74,1.0508185149209808
invariant,uniform,-1.2,0.85,0.1,8,3.3472210576266745e-05,0.3313685186729704,0.013609214328017545,74,1.0508185149209808
invariant,uniform,-1.2,0.85,0.2,1,0.1383307996170652,0.44635741934877277,0.005640821341192749,74,1.0022277229223557
invariant,uniform,-1.2,0.85,0.2,2,0.07190068427990713,0.44635741934877277,0.005640821341192749,74,1.0022277229223557
invariant,uniform,-1.2,0.85,0.2,3,0.02969393259314324,0.44635741934877277,0.005640821341192749,74,1.0022277229223557
invariant,uniform,-1.2,0.85,0.2,4,0.013412434316512387,0.44635741934877277,0.005640821341192749,74,1.0022277229223557
invariant,uniform,-1.2,0.85,0.2,5,0.00581112560825592,0.44635741934877277,0.005640821341192749,74,1.0022277229223557
invariant,uniform,-1.2,0.85,0.2,6,0.0029428157007559672,0.44635741934877277,0.005640821341192749,74,1.0022277229223557
invariant,uniform,-1.2,0.85,0.2,7,0.0012628274223569073,0.44635741934877277,0.005640821341192749,74,1.0022277229223557
invariant,uniform,-1.2,0.85,0.2,8,0.000471084280598462,0.44635741934877277,0.005640821341192749,74,1.0022277229223557
invariant,uniform,-1.2,0.85,0.4,1,0.24155331042052175,0.5908464934377299,0.005766398189769479,74,1.0228704438601774
invariant,uniform,-1.2,0.85,0.4,2,0.1452926182682464,0.5908464934377299,0.005766398189769479,74,1.0228704438601774
invariant,uniform,-1.2,0.85,0.4,3,0.07990552323792253,0.5908464934377299,0.005766398189769479,74,1.0228704438601774
invariant,uniform,-1.2,0.85,0.4,4,0.05154552270137446,0.5908464934377299,0.005766398189769479,74,1.0228704438601774
invariant,uniform,-1.2,0.85,0.4,5,0.03372118459785636,0.5908464934377299,0.005766398189769479,74,1.0228704438601774
invariant,uniform,-1.2,0.85,0.4,6,0.017769677522040523,0.5908464934377299,0.005766398189769479,74,1.0228704438601774
invariant,uniform,-1.2,0.85,0.4,7,0.01048433839235827,0.5908464934377299,0.005766398189769479,74,1.0228704438601774
invariant,uniform,-1.2,0.85,0.4,8,0.005785630934809448,0.5908464934377299,0.005766398189769479,74,1.0228704438601774
invariant,uniform,-1.2,0.85,0.8,1,0.3392326540717489,0.7265633608390191,0.0031739087578192345,74,1.0075552953029558
invariant,uniform,-1.2,0.85,0.8,2,0.2560646108719232,0.7265633608390191,0.0031739087578192345,74,1.0075552953029558
invariant,uniform,-1.2,0.85,0.8,3,0.17386240152745983,0.7265633608390191,0.0031739087578192345,74,1.0075552953029558
invariant,uniform,-1.2,0.85,0.8,4,0.12489114498937726,0.7265633608390191,0.0031739087578192345,74,1.0075552953029558
invariant,uniform,-1.2,0.85,0.8,5,0.09166925106582116,0.7265633608390191,0.0031739087578192345,74,1.0075552953029558
invariant,uniform,-1.2,0.85,0.8,6,0.06838065153127644,0.7265633608390191,0.0031739087578192345,74,1.0075552953029558
invariant,uniform,-1.2,0.85,0.8,7,0.05011851265573778,0.7265633608390191,0.0031739087578192345,74,1.0075552953029558
invariant,uniform,-1.2,0.85,0.8,8,0.036696098157621176,0.7265633608390191,0.0031739087578192345,74,1.0075552953029558
invariant,uniform,-1.2,0.85,1.6,1,0.34171570387106426,0.8093205322752574,0.006080636182774832,74,0.9633971072476764
invariant,uniform,-1.2,0.85,1.6,2,0.2437694468567145,0.8093205322752574,0.006080636182774832,74,0.9633971072476764
invariant,uniform,-1.2,0.85,1.6,3,0.19983025116267047,0.8093205322752574,0.006080636182774832,74,0.9633971072476764
invariant,uniform,-1.2,0.85,1.6,4,0.16451550591691552,0.8093205322752574,0.006080636182774832,74,0.9633971072476764
invariant,uniform,-1.2,0.85,1.6,5,0.12910145233751932,0.8093205322752574,0.006080636182774832,74,0.9633971072476764
invariant,uniform,-1.2,0.85,1.6,6,0.10745630650886433,0.8093205322752574,0.006080636182774832,74,0.9633971072476764
invariant,uniform,-1.2,0.85,1.6,7,0.08888322476325575,0.8093205322752574,0.006080636182774832,74,0.9633971072476764
invariant,uniform,-1.2,0.85,1.6,8,0.07491896805466808,0.8093205322752574,0.006080636182774832,74,0.9633971072476764
n01,gauss_mix_kappa0.6,-0.72,0.85,0.05,1,0.0342285412437733,0.22549169771761865,0.004097076420010258,43,1.1179188646136493
n01,gauss_mix_kappa0.6,-0.72,0.85,0.05,2,0.00794644837322167,0.22549169771761865,0.004097076420010258,43,1.1179188646136493
n01,gauss_mix_kappa0.6,-0.72,0.85,0.05,3,0.0015305379915161713,0.22549169771761865,0.004097076420010258,43,1.1179188646136493
n01,gauss_mix_kappa0.6,-0.72,0.85,0.05,4,0.00043082035315624464,0.22549169771761865,0.004097076420010258,43,1.1179188646136493
n01,gauss_mix_kappa0.6,-0.72,0.85,0.05,5,8.054530713661658e-05,0.22549169771761865,0.004097076420010258,43,1.1179188646136493
n01,gauss_mix_kappa0.6,-0.72,0.85,0.05,6,1.6191081470964166e-05,0.22549169771761865,0.004097076420010258,43,1.1179188646136493
n01,gauss_mix_kappa0.6,-0.72,0.85,0.05,7,4.368393370554119e-06,0.22549169771761865,0.004097076420010258,43,1.1179188646136493
n01,gauss_mix_kappa0.6,-0.72,0.85,0.05,8,1.1249390120403074e-06,0.22549169771761865,0.004097076420010258,43,1.1179188646136493
n01,gauss_mix_kappa0.6,-0.72,0.85,0.1,1,0.07258396163289743,0.32881830057276257,0.002943888935884681,43,1.0424676386984455
n01,gauss_mix_kappa0.6,-0.72,0.85,0.1,2,0.020077214999024234,0.32881830057276257,0.002943888935884681,43,1.0424676386984455
n01,gauss_mix_kappa0.6,-0.72,0.85,0.1,3,0.007246067131059017,0.32881830057276257,0.002943888935884681,43,1.0424676386984455
n01,gauss_mix_kappa0.6,-0.72,0.85,0.1,4,0.002301719844669593,0.32881830057276257,0.002943888935884681,43,1.0424676386984455
n01,gauss_mix_kappa0.6,-0.72,0.85,0.1,5,0.000832879225490516,0.32881830057276257,0.002943888935884681,43,1.0424676386984455
n01,gauss_mix_kappa0.6,-0.72,0.85,0.1,6,0.0002573158435114267,0.32881830057276257,0.002943888935884681,43,1.0424676386984455
n01,gauss_mix_kappa0.6,-0.72,0.85,0.1,7,8.366551365644663e-05,0.32881830057276257,0.002943888935884681,43,1.0424676386984455
n01,gauss_mix_kappa0.6,-0.72,0.85,0.1,8,2.8103749734146743e-05,0.32881830057276257,0.002943888935884681,43,1.0424676386984455
n01,gauss_mix_kappa0.6,-0.72,0.85,0.2,1,0.15166338650490546,0.43833289869990066,0.0034938887333207437,43,1.0074341163320024
n01,gauss_mix_kappa0.6,-0.72,0.85,0.2,2,0.07101153102489827,0.43833289869990066,0.0034938887333207437,43,1.0074341163320024
n01,gauss_mix_kappa0.6,-0.72,0.85,0.2,3,0.030430778452890415,0.43833289869990066,0.0034938887333207437,43,1.0074341163320024
n01,gauss_mix_kappa0.6,-0.72,0.85,0.2,4,0.012755674091834203,0.43833289869990066,0.0034938887333207437,43,1.0074341163320024
n01,gauss_mix_kappa0.6,-0.72,0.85,0.2,5,0.005259551578446542,0.43833289869990066,0.0034938887333207437,43,1.0074341163320024
n01,gauss_mix_kappa0.6,-0.72,0.85,0.2,6,0.002616953606049102,0.43833289869990066,0.0034938887333207437,43,1.0074341163320024
n01,gauss_mix_kappa0.6,-0.72,0.85,0.2,7,0.001159809835494336,0.43833289869990066,0.0034938887333207437,43,1.0074341163320024
n01,gauss_mix_kappa0.6,-0.72,0.85,0.2,8,0.0004683083283338434,0.43833289869990066,0.0034938887333207437,43,1.0074341163320024
n01,gauss_mix_kappa0.6,-0.72,0.85,0.4,1,0.26311173095112533,0.58350943831313,0.0025087892530842202,43,0.9982839887864626
n01,gauss_mix_kappa0.6,-0.72,0.85,0.4,2,0.14558459854958947,0.58350943831313,0.0025087892530842202,43,0.9982839887864626
n01,gauss_mix_kappa0.6,-0.72,0.85,0.4,3,0.08771498183237564,0.58350943831313,0.0025087892530842202,43,0.9982839887864626
n01,gauss_mix_kappa0.6,-0.72,0.85,0.4,4,0.05249263085779112,0.58350943831313,0.0025087892530842202,43,0.9982839887864626
n01,gauss_mix_kappa0.6,-0.72,0.85,0.4,5,0.029406637256544688,0.58350943831313,0.0025087892530842202,43,0.9982839887864626
n01,gauss_mix_kappa0.6,-0.72,0.85,0.4,6,0.01668688499554039,0.58350943831313,0.0025087892530842202,43,0.9982839887864626
n01,gauss_mix_kappa0.6,-0.72,0.85,0.4,7,0.010177643226566415,0.58350943831313,0.0025087892530842202,43,0.9982839887864626
n01,gauss_mix_kappa0.6,-0.72,0.85,0.4,8,0.006065554130855632,0.58350943831313,0.0025087892530842202,43,0.9982839887864626
n01,gauss_mix_kappa0.6,-0.72,0.85,0.8,1,0.3506660181351402,0.7227272405194337,0.004352043600540512,43,1.0285009571475145
n01,gauss_mix_kappa0.6,-0.72,0.85,0.8,2,0.2463970279227211,0.7227272405194337,0.004352043600540512,43,1.0285009571475145
n01,gauss_mix_kappa0.6,-0.72,0.85,0.8,3,0.19004968753593207,0.7227272405194337,0.004352043600540512,43,1.0285009571475145
n01,gauss_mix_kappa0.6,-0.72,0.85,0.8,4,0.1424658348810846,0.7227272405194337,0.004352043600540512,43,1.0285009571475145
n01,gauss_mix_kappa0.6,-0.72,0.85,0.8,5,0.09934264608774304,0.7227272405194337,0.004352043600540512,43,1.0285009571475145
n01,gauss_mix_kappa0.6,-0.72,0.85,0.8,6,0.07074868927164345,0.7227272405194337,0.004352043600540512,43,1.0285009571475145
n01,gauss_mix_kappa0.6,-0.72,0.85,0.8,7,0.05167951175258929,0.7227272405194337,0.004352043600540512,43,1.0285009571475145
n01,gauss_mix_kappa0.6,-0.72,0.85,0.8,8,0.03494521485739778,0.7227272405194337,0.004352043600540512,43,1.0285009571475145
n01,gauss_mix_kappa0.6,-0.72,0.85,1.6,1,0.32517650967154554,0.8146904231076927,0.004607651878576537,43,1.0279127910721353
n01,gauss_mix_kappa0.6,-0.72,0.85,1.6,2,0.2840370322010455,0.8146904231076927,0.004607651878576537,43,1.0279127910721353
n01,gauss_mix_kappa0.6,-0.72,0.85,1.6,3,0.23028205289181342,0.8146904231076927,0.004607651878576537,43,1.0279127910721353
n01,gauss_mix_kappa0.6,-0.72,0.85,1.6,4,0.1757872268903282,0.8146904231076927,0.004607651878576537,43,1.0279127910721353
n01,gauss_mix_kappa0.6,-0.72,0.85,1.6,5,0.15351334965799676,0.8146904231076927,0.004607651878576537,43,1.0279127910721353
n01,gauss_mix_kappa0.6,-0.72,0.85,1.6,6,0.12285864240592188,0.8146904231076927,0.004607651878576537,43,1.0279127910721353
n01,gauss_mix_kappa0.6,-0.72,0.85,1.6,7,0.09433040356530485,0.8146904231076927,0.004607651878576537,43,1.0279127910721353
n01,gauss_mix_kappa0.6,-0.72,0.85,1.6,8,0.08153032367997984,0.8146904231076927,0.004607651878576537,43,1.0279127910721353
n01_exact,gauss_mix_kappa0.6,-0.72,0.85,0.05,1,0.028984425654785165,0.23159302895493808,0.002309999080145465,43,1.1196798627194706
n01_exact,gauss_mix_kappa0.6,-0.72,0.85,0.05,2,0.00659930355380938,0.23159302895493808,0.002309999080145465,43,1.1196798627194706
n01_exact,gauss_mix_kappa0.6,-0.72,0.85,0.05,3,0.0015912129750207378,0.23159302895493808,0.002309999080145465,43,1.1196798627194706
n01_exact,gauss_mix_kappa0.6,-0.72,0.85,0.05,4,0.0003453504310808437,0.23159302895493808,0.002309999080145465,43,1.1196798627194706
n01_exact,gauss_mix_kappa0.6,-0.72,0.85,0.05,5,9.098553625087262e-05,0.23159302895493808,0.002309999080145465,43,1.1196798627194706
n01_exact,gauss_mix_kappa0.6,-0.72,0.85,0.05,6,2.0533050703431753e-05,0.23159302895493808,0.002309999080145465,43,1.1196798627194706
n01_exact,gauss_mix_kappa0.6,-0.72,0.85,0.05,7,4.034952441453286e-06,0.23159302895493808,0.002309999080145465,43,1.1196798627194706
n01_exact,gauss_mix_kappa0.6,-0.72,0.85,0.05,8,1.0636194920983478e-06,0.23159302895493808,0.002309999080145465,43,1.1196798627194706
n01_exact,gauss_mix_kappa0.6,-0.72,0.85,0.1,1,0.06366218477261808,0.3347044140887624,0.0026823579811734973,43,1.0617298021212396
n01_exact,gauss_mix_kappa0.6,-0.72,0.85,0.1,2,0.02326189151874099,0.3347044140887624,0.0026823579811734973,43,1.0617298021212396
n01_exact,gauss_mix_kappa0.6,-0.72,0.85,0.1,3,0.007113918463422776,0.3347044140887624,0.0026823579811734973,43,1.0617298021212396
n01_exact,gauss_mix_kappa0.6,-0.72,0.85,0.1,4,0.00234610467071661,0.3347044140887624,0.0026823579811734973,43,1.0617298021212396
n01_exact,gauss_mix_kappa0.6,-0.72,0.85,0.1,5,0.0007748738315288981,0.3347044140887624,0.0026823579811734973,43,1.0617298021212396
n01_exact,gauss_mix_kappa0.6,-0.72,0.85,0.1,6,0.00026740282804177065,0.3347044140887624,0.0026823579811734973,43,1.0617298021212396
n01_exact,gauss_mix_kappa0.6,-0.72,0.85,0.1,7,8.677232476290366e-05,0.3347044140887624,0.0026823579811734973,43,1.0617298021212396
n01_exact,gauss_mix_kappa0.6,-0.72,0.85,0.1,8,3.263725891540452e-05,0.3347044140887624,0.0026823579811734973,43,1.0617298021212396
n01_exact,gauss_mix_kappa0.6,-0.72,0.85,0.2,1,0.13280327628495084,0.45092673487170576,0.005858857994331307,43,1.021134000003596
n01_exact,gauss_mix_kappa0.6,-0.72,0.85,0.2,2,0.06868114085295006,0.45092673487170576,0.005858857994331307,43,1.021134000003596
n01_exact,gauss_mix_kappa0.6,-0.72,0.85,0.2,3,0.0314315085600168,0.45092673487170576,0.005858857994331307,43,1.021134000003596
n01_exact,gauss_mix_kappa0.6,-0.72,0.85,0.2,4,0.012425320376647925,0.45092673487170576,0.005858857994331307,43,1.021134000003596
n01_exact,gauss_mix_kappa0.6,-0.72,0.85,0.2,5,0.006873554732653382,0.45092673487170576,0.005858857994331307,43,1.021134000003596
n01_exact,gauss_mix_kappa0.6,-0.72,0.85,0.2,6,0.002768000470194999,0.45092673487170576,0.005858857994331307,43,1.021134000003596
n01_exact,gauss_mix_kappa0.6,-0.72,0.85,0.2,7,0.0011415617931447904,0.45092673487170576,0.005858857994331307,43,1.021134000003596
n01_exact,gauss_mix_kappa0.6,-0.72,0.85,0.2,8,0.0005400038560925923,0.45092673487170576,0.005858857994331307,43,1.021134000003596
n01_exact,gauss_mix_kappa0.6,-0.72,0.85,0.4,1,0.27535342487675213,0.5764960544332011,0.0034344370054168972,43,0.9659736792338096
n01_exact,gauss_mix_kappa0.6,-0.72,0.85,0.4,2,0.15832651081716131,0.5764960544332011,0.0034344370054168972,43,0.9659736792338096
n01_exact,gauss_mix_kappa0.6,-0.72,0.85,0.4,3,0.09468273648448834,0.5764960544332011,0.0034344370054168972,43,0.9659736792338096
n01_exact,gauss_mix_kappa0.6,-0.72,0.85,0.4,4,0.05055909639415858,0.5764960544332011,0.0034344370054168972,43,0.9659736792338096
n01_exact,gauss_mix_kappa0.6,-0.72,0.85,0.4,5,0.028591141341468864,0.5764960544332011,0.0034344370054168972,43,0.9659736792338096
n01_exact,gauss_mix_kappa0.6,-0.72,0.85,0.4,6,0.016925962147989852,0.5764960544332011,0.0034344370054168972,43,0.9659736792338096
n01_exact,gauss_mix_kappa0.6,-0.72,0.85,0.4,7,0.00998158319000975,0.5764960544332011,0.0034344370054168972,43,0.9659736792338096
n01_exact,gauss_mix_kappa0.6,-0.72,0.85,0.4,8,0.006062609262069717,0.5764960544332011,0.0034344370054168972,43,0.9659736792338096
n01_exact,gauss_mix_kappa0.6,-0.72,0.85,0.8,1,0.3700965423073918,0.7221668679694133,0.002387957708431593,43,0.9962895635311599
n01_exact,gauss_mix_kappa0.6,-0.72,0.85,0.8,2,0.26079220206725073,0.7221668679694133,0.002387957708431593,43,0.9962895635311599
n01_exact,gauss_mix_kappa0.6,-0.72,0.85,0.8,3,0.19082588286838897,0.7221668679694133,0.002387957708431593,43,0.9962895635311599
n01_exact,gauss_mix_kappa0.6,-0.72,0.85,0.8,4,0.1402461280424874,0.7221668679694133,0.002387957708431593,43,0.9962895635311599
n01_exact,gauss_mix_kappa0.6,-0.72,0.85,0.8,5,0.09894450736046105,0.7221668679694133,0.002387957708431593,43,0.9962895635311599
n01_exact,gauss_mix_kappa0.6,-0.72,0.85,0.8,6,0.07529790531791494,0.7221668679694133,0.002387957708431593,43,0.9962895635311599
n01_exact,gauss_mix_kappa0.6,-0.72,0.85,0.8,7,0.05163839560849356,0.7221668679694133,0.002387957708431593,43,0.9962895635311599
n01_exact,gauss_mix_kappa0.6,-0.72,0.85,0.8,8,0.037073338308612175,0.7221668679694133,0.002387957708431593,43,0.9962895635311599
n01_exact,gauss_mix_kappa0.6,-0.72,0.85,1.6,1,0.3027858825612591,0.8127375338955026,0.002220510752661718,43,0.974875340450235
n01_exact,gauss_mix_kappa0.6,-0.72,0.85,1.6,2,0.2434414748459962,0.8127375338955026,0.002220510752661718,43,0.974875340450235
n01_exact,gauss_mix_kappa0.6,-0.72,0.85,1.6,3,0.20085512264458505,0.8127375338955026,0.002220510752661718,43,0.974875340450235
n01_exact,gauss_mix_kappa0.6,-0.72,0.85,1.6,4,0.16670137337570656,0.8127375338955026,0.002220510752661718,43,0.974875340450235
n01_exact,gauss_mix_kappa0.6,-0.72,0.85,1.6,5,0.1338750325327993,0.8127375338955026,0.002220510752661718,43,0.974875340450235
n01_exact,gauss_mix_kappa0.6,-0.72,0.85,1.6,6,0.11049616794454815,0.8127375338955026,0.002220510752661718,43,0.974875340450235
n01_exact,gauss_mix_kappa0.6,-0.72,0.85,1.6,7,0.08755121855141532,0.8127375338955026,0.002220510752661718,43,0.974875340450235
n01_exact,gauss_mix_kappa0.6,-0.72,0.85,1.6,8,0.06960045434028354,0.8127375338955026,0.002220510752661718,43,0.974875340450235
invariant,gauss_mix_kappa0.6,-0.72,0.85,0.05,1,0.03196237385564994,0.2158970977910904,0.0051829654447504555,43,1.0497297109204495
invariant,gauss_mix_kappa0.6,-0.72,0.85,0.05,2,0.007764821269465054,0.2158970977910904,0.0051829654447504555,43,1.0497297109204495
invariant,gauss_mix_kappa0.6,-0.72,0.85,0.05,3,0.0014333440925268495,0.2158970977910904,0.0051829654447504555,43,1.0497297109204495
invariant,gauss_mix_kappa0.6,-0.72,0.85,0.05,4,0.00038089538544250557,0.2158970977910904,0.0051829654447504555,43,1.0497297109204495
invariant,gauss_mix_kappa0.6,-0.72,0.85,0.05,5,7.538404164387606e-05,0.2158970977910904,0.0051829654447504555,43,1.0497297109204495
invariant,gauss_mix_kappa0.6,-0.72,0.85,0.05,6,1.3166850241774624e-05,0.2158970977910904,0.0051829654447504555,43,1.0497297109204495
invariant,gauss_mix_kappa0.6,-0.72,0.85,0.05,7,4.393076117659957e-06,0.2158970977910904,0.0051829654447504555,43,1.0497297109204495
invariant,gauss_mix_kappa0.6,-0.72,0.85,0.05,8,6.435657406589589e-07,0.2158970977910904,0.0051829654447504555,43,1.0497297109204495
invariant,gauss_mix_kappa0.6,-0.72,0.85,0.1,1,0.07201680387362029,0.32285188915814755,0.0030350520241666182,43,1.0238110248469747
invariant,gauss_mix_kappa0.6,-0.72,0.85,0.1,2,0.024465990334261153,0.32285188915814755,0.0030350520241666182,43,1.0238110248469747
invariant,gauss_mix_kappa0.6,-0.72,0.85,0.1,3,0.007271935993608901,0.32285188915814755,0.0030350520241666182,43,1.0238110248469747
invariant,gauss_mix_kappa0.6,-0.72,0.85,0.1,4,0.0024797136168396602,0.32285188915814755,0.0030350520241666182,43,1.0238110248469747
invariant,gauss_mix_kappa0.6,-0.72,0.85,0.1,5,0.000869995204865878,0.32285188915814755,0.0030350520241666182,43,1.0238110248469747
invariant,gauss_mix_kappa0.6,-0.72,0.85,0.1,6,0.00023592655715624168,0.32285188915814755,0.0030350520241666182,43,1.0238110248469747
invariant,gauss_mix_kappa0.6,-0.72,0.85,0.1,7,8.726718163940303e-05,0.32285188915814755,0.0030350520241666182,43,1.0238110248469747
invariant,gauss_mix_kappa0.6,-0.72,0.85,0.1,8,2.6116289855210887e-05,0.32285188915814755,0.0030350520241666182,43,1.0238110248469747
invariant,gauss_mix_kappa0.6,-0.72,0.85,0.2,1,0.14404097738654495,0.4462623579678746,0.0037906279268617596,43,1.0020142770442646
invariant,gauss_mix_kappa0.6,-0.72,0.85,0.2,2,0.07020306548214833,0.4462623579678746,0.0037906279268617596,43,1.0020142770442646
invariant,gauss_mix_kappa0.6,-0.72,0.85,0.2,3,0.02849886463371792,0.4462623579678746,0.0037906279268617596,43,1.0020142770442646
invariant,gauss_mix_kappa0.6,-0.72,0.85,0.2,4,0.014046739030009001,0.4462623579678746,0.0037906279268617596,43,1.0020142770442646
invariant,gauss_mix_kappa0.6,-0.72,0.85,0.2,5,0.0064313272267882,0.4462623579678746,0.0037906279268617596,43,1.0020142770442646
invariant,gauss_mix_kappa0.6,-0.72,0.85,0.2,6,0.0026977707995219685,0.4462623579678746,0.0037906279268617596,43,1.0020142770442646
invariant,gauss_mix_kappa0.6,-0.72,0.85,0.2,7,0.0012152881622494545,0.4462623579678746,0.0037906279268617596,43,1.0020142770442646
invariant,gauss_mix_kappa0.6,-0.72,0.85,0.2,8,0.000500217206415618,0.4462623579678746,0.0037906279268617596,43,1.0020142770442646
invariant,gauss_mix_kappa0.6,-0.72,0.85,0.4,1,0.26942752116879937,0.5897606019008401,0.005260637832956559,43,1.0209905539553397
invariant,gauss_mix_kappa0.6,-0.72,0.85,0.4,2,0.13942535389952154,0.5897606019008401,0.005260637832956559,43,1.0209905539553397
invariant,gauss_mix_kappa0.6,-0.72,0.85,0.4,3,0.08441117026332413,0.5897606019008401,0.005260637832956559,43,1.0209905539553397
invariant,gauss_mix_kappa0.6,-0.72,0.85,0.4,4,0.05135444241929643,0.5897606019008401,0.005260637832956559,43,1.0209905539553397
invariant,gauss_mix_kappa0.6,-0.72,0.85,0.4,5,0.03134652280330965,0.5897606019008401,0.005260637832956559,43,1.0209905539553397
invariant,gauss_mix_kappa0.6,-0.72,0.85,0.4,6,0.01698737493244141,0.5897606019008401,0.005260637832956559,43,1.0209905539553397
invariant,gauss_mix_kappa0.6,-0.72,0.85,0.4,7,0.010066767104372768,0.5897606019008401,0.005260637832956559,43,1.0209905539553397
invariant,gauss_mix_kappa0.6,-0.72,0.85,0.4,8,0.006651255726786827,0.5897606019008401,0.005260637832956559,43,1.0209905539553397
invariant,gauss_mix_kappa0.6,-0.72,0.85,0.8,1,0.3838687185297689,0.7140569604099409,0.005252758739701102,43,0.9902121554521579
invariant,gauss_mix_kappa0.6,-0.72,0.85,0.8,2,0.2596430276139683,0.7140569604099409,0.005252758739701102,43,0.9902121554521579
invariant,gauss_mix_kappa0.6,-0.72,0.85,0.8,3,0.1774072290975035,0.7140569604099409,0.005252758739701102,43,0.9902121554521579
invariant,gauss_mix_kappa0.6,-0.72,0.85,0.8,4,0.1244792558011368,0.7140569604099409,0.005252758739701102,43,0.9902121554521579
invariant,gauss_mix_kappa0.6,-0.72,0.85,0.8,5,0.09435631105272374,0.7140569604099409,0.005252758739701102,43,0.9902121554521579
invariant,gauss_mix_kappa0.6,-0.72,0.85,0.8,6,0.06389142397353194,0.7140569604099409,0.005252758739701102,43,0.9902121554521579
invariant,gauss_mix_kappa0.6,-0.72,0.85,0.8,7,0.048330086505529876,0.7140569604099409,0.005252758739701102,43,0.9902121554521579
invariant,gauss_mix_kappa0.6,-0.72,0.85,0.8,8,0.03612371397855393,0.7140569604099409,0.005252758739701102,43,0.9902121554521579
invariant,gauss_mix_kappa0.6,-0.72,0.85,1.6,1,0.32128684506174965,0.8270497798489098,0.0055061760102897385,43,0.9845016080541943
invariant,gauss_mix_kappa0.6,-0.72,0.85,1.6,2,0.23833813516880703,0.8270497798489098,0.0055061760102897385,43,0.9845016080541943
invariant,gauss_mix_kappa0.6,-0.72,0.85,1.6,3,0.19288493739956328,0.8270497798489098,0.0055061760102897385,43,0.9845016080541943
invariant,gauss_mix_kappa0.6,-0.72,0.85,1.6,4,0.16602867400825305,0.8270497798489098,0.0055061760102897385,43,0.9845016080541943
invariant,gauss_mix_kappa0.6,-0.72,0.85,1.6,5,0.138361521129754,0.8270497798489098,0.0055061760102897385,43,0.9845016080541943
invariant,gauss_mix_kappa0.6,-0.72,0.85,1.6,6,0.11766502625898312,0.8270497798489098,0.0055061760102897385,43,0.9845016080541943
invariant,gauss_mix_kappa0.6,-0.72,0.85,1.6,7,0.09458026830100794,0.8270497798489098,0.0055061760102897385,43,0.9845016080541943
invariant,gauss_mix_kappa0.6,-0.72,0.85,1.6,8,0.08077648729440744,0.8270497798489098,0.0055061760102897385,43,0.9845016080541943
n01,gauss_mix_kappa0.9,-1.62,0.85,0.05,1,0.07088357298318625,0.5127712074808094,0.003265878323937349,44,2.5421628018933795
n01,gauss_mix_kappa0.9,-1.62,0.85,0.05,2,0.0356315601725802,0.5127712074808094,0.003265878323937349,44,2.5421628018933795
n01,gauss_mix_kappa0.9,-1.62,0.85,0.05,3,0.017044219057410107,0.5127712074808094,0.003265878323937349,44,2.5421628018933795
n01,gauss_mix_kappa0.9,-1.62,0.85,0.05,4,0.009915108368682235,0.5127712074808094,0.003265878323937349,44,2.5421628018933795
n01,gauss_mix_kappa0.9,-1.62,0.85,0.05,5,0.004739968445005275,0.5127712074808094,0.003265878323937349,44,2.5421628018933795
n01,gauss_mix_kappa0.9,-1.62,0.85,0.05,6,0.0025564097650910855,0.5127712074808094,0.003265878323937349,44,2.5421628018933795
n01,gauss_mix_kappa0.9,-1.62,0.85,0.05,7,0.0012636782990600524,0.5127712074808094,0.003265878323937349,44,2.5421628018933795
n01,gauss_mix_kappa0.9,-1.62,0.85,0.05,8,0.0006373734361999274,0.5127712074808094,0.003265878323937349,44,2.5421628018933795
n01,gauss_mix_kappa0.9,-1.62,0.85,0.1,1,0.0836575592754621,0.5235106835269037,0.011337100248984851,44,1.6597097702259298
n01,gauss_mix_kappa0.9,-1.62,0.85,0.1,2,0.04281607891270244,0.5235106835269037,0.011337100248984851,44,1.6597097702259298
n01,gauss_mix_kappa0.9,-1.62,0.85,0.1,3,0.020698543866835062,0.5235106835269037,0.011337100248984851,44,1.6597097702259298
n01,gauss_mix_kappa0.9,-1.62,0.85,0.1,4,0.011636254552801668,0.5235106835269037,0.011337100248984851,44,1.6597097702259298
n01,gauss_mix_kappa0.9,-1.62,0.85,0.1,5,0.005135465593154988,0.5235106835269037,0.011337100248984851,44,1.6597097702259298
n01,gauss_mix_kappa0.9,-1.62,0.85,0.1,6,0.002417722009773092,0.5235106835269037,0.011337100248984851,44,1.6597097702259298
n01,gauss_mix_kappa0.9,-1.62,0.85,0.1,7,0.0018668401289523146,0.5235106835269037,0.011337100248984851,44,1.6597097702259298
n01,gauss_mix_kappa0.9,-1.62,0.85,0.1,8,0.0009371349492337054,0.5235106835269037,0.011337100248984851,44,1.6597097702259298
n01,gauss_mix_kappa0.9,-1.62,0.85,0.2,1,0.16030302523324313,0.4807793347641989,0.010901085856334205,44,1.104990078785908
n01,gauss_mix_kappa0.9,-1.62,0.85,0.2,2,0.06970998801526064,0.4807793347641989,0.010901085856334205,44,1.104990078785908
n01,gauss_mix_kappa0.9,-1.62,0.85,0.2,3,0.03607885348762579,0.4807793347641989,0.010901085856334205,44,1.104990078785908
n01,gauss_mix_kappa0.9,-1.62,0.85,0.2,4,0.020177805680268536,0.4807793347641989,0.010901085856334205,44,1.104990078785908
n01,gauss_mix_kappa0.9,-1.62,0.85,0.2,5,0.011058375849213374,0.4807793347641989,0.010901085856334205,44,1.104990078785908
n01,gauss_mix_kappa0.9,-1.62,0.85,0.2,6,0.0043156809685792035,0.4807793347641989,0.010901085856334205,44,1.104990078785908
n01,gauss_mix_kappa0.9,-1.62,0.85,0.2,7,0.002156927278644678,0.4807793347641989,0.010901085856334205,44,1.104990078785908
n01,gauss_mix_kappa0.9,-1.62,0.85,0.2,8,0.0007925349271879731,0.4807793347641989,0.010901085856334205,44,1.104990078785908
n01,gauss_mix_kappa0.9,-1.62,0.85,0.4,1,0.25117503940268,0.5875165950413428,0.0039818219650968895,44,1.0051395426810101
n01,gauss_mix_kappa0.9,-1.62,0.85,0.4,2,0.1505756014575962,0.5875165950413428,0.0039818219650968895,44,1.0051395426810101
n01,gauss_mix_kappa0.9,-1.62,0.85,0.4,3,0.09785794637114023,0.5875165950413428,0.0039818219650968895,44,1.0051395426810101
n01,gauss_mix_kappa0.9,-1.62,0.85,0.4,4,0.055862251441295446,0.5875165950413428,0.0039818219650968895,44,1.0051395426810101
n01,gauss_mix_kappa0.9,-1.62,0.85,0.4,5,0.03173304192160208,0.5875165950413428,0.0039818219650968895,44,1.0051395426810101
n01,gauss_mix_kappa0.9,-1.62,0.85,0.4,6,0.018527331832928158,0.5875165950413428,0.0039818219650968895,44,1.0051395426810101
n01,gauss_mix_kappa0.9,-1.62,0.85,0.4,7,0.010837670673744082,0.5875165950413428,0.0039818219650968895,44,1.0051395426810101
n01,gauss_mix_kappa0.9,-1.62,0.85,0.4,8,0.006156984923279719,0.5875165950413428,0.0039818219650968895,44,1.0051395426810101
n01,gauss_mix_kappa0.9,-1.62,0.85,0.8,1,0.36971296025409295,0.7267339687892131,0.006446137683520712,44,1.0342028646299783
n01,gauss_mix_kappa0.9,-1.62,0.85,0.8,2,0.27311962924205013,0.7267339687892131,0.006446137683520712,44,1.0342028646299783
n01,gauss_mix_kappa0.9,-1.62,0.85,0.8,3,0.18436903986516717,0.7267339687892131,0.006446137683520712,44,1.0342028646299783
n01,gauss_mix_kappa0.9,-1.62,0.85,0.8,4,0.13214678908246957,0.7267339687892131,0.006446137683520712,44,1.0342028646299783
n01,gauss_mix_kappa0.9,-1.62,0.85,0.8,5,0.09381177563329257,0.7267339687892131,0.006446137683520712,44,1.0342028646299783
n01,gauss_mix_kappa0.9,-1.62,0.85,0.8,6,0.0704054253752436,0.7267339687892131,0.006446137683520712,44,1.0342028646299783
n01,gauss_mix_kappa0.9,-1.62,0.85,0.8,7,0.05814404767543412,0.7267339687892131,0.006446137683520712,44,1.0342028646299783
n01,gauss_mix_kappa0.9,-1.62,0.85,0.8,8,0.03843229855301849,0.7267339687892131,0.006446137683520712,44,1.0342028646299783
n01,gauss_mix_kappa0.9,-1.62,0.85,1.6,1,0.3148271196780106,0.8094693592627328,0.0033861697075893435,44,1.0213252602051754
n01,gauss_mix_kappa0.9,-1.62,0.85,1.6,2,0.2649698769241456,0.8094693592627328,0.0033861697075893435,44,1.0213252602051754
n01,gauss_mix_kappa0.9,-1.62,0.85,1.6,3,0.22473622920693806,0.8094693592627328,0.0033861697075893435,44,1.0213252602051754
n01,gauss_mix_kappa0.9,-1.62,0.85,1.6,4,0.1733223358926805,0.8094693592627328,0.0033861697075893435,44,1.0213252602051754
n01,gauss_mix_kappa0.9,-1.62,0.85,1.6,5,0.1428454045524662,0.8094693592627328,0.0033861697075893435,44,1.0213252602051754
n01,gauss_mix_kappa0.9,-1.62,0.85,1.6,6,0.11169529083136273,0.8094693592627328,0.0033861697075893435,44,1.0213252602051754
n01,gauss_mix_kappa0.9,-1.62,0.85,1.6,7,0.09152253626917015,0.8094693592627328,0.0033861697075893435,44,1.0213252602051754
n01,gauss_mix_kappa0.9,-1.62,0.85,1.6,8,0.07385319366772868,0.8094693592627328,0.0033861697075893435,44,1.0213252602051754
n01_exact,gauss_mix_kappa0.9,-1.62,0.85,0.05,1,0.059860596931513986,0.5072435751344896,0.005250755345668744,44,2.4523640419350747
n01_exact,gauss_mix_kappa0.9,-1.62,0.85,0.05,2,0.03207513992214705,0.5072435751344896,0.005250755345668744,44,2.4523640419350747
n01_exact,gauss_mix_kappa0.9,-1.62,0.85,0.05,3,0.015526107673503039,0.5072435751344896,0.005250755345668744,44,2.4523640419350747
n01_exact,gauss_mix_kappa0.9,-1.62,0.85,0.05,4,0.008071317062238592,0.5072435751344896,0.005250755345668744,44,2.4523640419350747
n01_exact,gauss_mix_kappa0.9,-1.62,0.85,0.05,5,0.004634410344246425,0.5072435751344896,0.005250755345668744,44,2.4523640419350747
n01_exact,gauss_mix_kappa0.9,-1.62,0.85,0.05,6,0.002236195104480712,0.5072435751344896,0.005250755345668744,44,2.4523640419350747
n01_exact,gauss_mix_kappa0.9,-1.62,0.85,0.05,7,0.000993918737124897,0.5072435751344896,0.005250755345668744,44,2.4523640419350747
n01_exact,gauss_mix_kappa0.9,-1.62,0.85,0.05,8,0.0005158857881360781,0.5072435751344896,0.005250755345668744,44,2.4523640419350747
n01_exact,gauss_mix_kappa0.9,-1.62,0.85,0.1,1,0.07562431990963725,0.5032308225548874,0.012218687270120503,44,1.5963194363813082
n01_exact,gauss_mix_kappa0.9,-1.62,0.85,0.1,2,0.03751672914963606,0.5032308225548874,0.012218687270120503,44,1.5963194363813082
n01_exact,gauss_mix_kappa0.9,-1.62,0.85,0.1,3,0.016840888113270402,0.5032308225548874,0.012218687270120503,44,1.5963194363813082
n01_exact,gauss_mix_kappa0.9,-1.62,0.85,0.1,4,0.007617679603646785,0.5032308225548874,0.012218687270120503,44,1.5963194363813082
n01_exact,gauss_mix_kappa0.9,-1.62,0.85,0.1,5,0.00364633196935154,0.5032308225548874,0.012218687270120503,44,1.5963194363813082
n01_exact,gauss_mix_kappa0.9,-1.62,0.85,0.1,6,0.001851757728930815,0.5032308225548874,0.012218687270120503,44,1.5963194363813082
n01_exact,gauss_mix_kappa0.9,-1.62,0.85,0.1,7,0.001353597425505658,0.5032308225548874,0.012218687270120503,44,1.5963194363813082
n01_exact,gauss_mix_kappa0.9,-1.62,0.85,0.1,8,0.0006123633236005457,0.5032308225548874,0.012218687270120503,44,1.5963194363813082
n01_exact,gauss_mix_kappa0.9,-1.62,0.85,0.2,1,0.14339172837887137,0.47046598170907034,0.005974620486562698,44,1.0653810754975173
n01_exact,gauss_mix_kappa0.9,-1.62,0.85,0.2,2,0.07347808774737999,0.47046598170907034,0.005974620486562698,44,1.0653810754975173
n01_exact,gauss_mix_kappa0.9,-1.62,0.85,0.2,3,0.02862382911817601,0.47046598170907034,0.005974620486562698,44,1.0653810754975173
n01_exact,gauss_mix_kappa0.9,-1.62,0.85,0.2,4,0.014875101876077918,0.47046598170907034,0.005974620486562698,44,1.0653810754975173
n01_exact,gauss_mix_kappa0.9,-1.62,0.85,0.2,5,0.006363640979133204,0.47046598170907034,0.005974620486562698,44,1.0653810754975173
n01_exact,gauss_mix_kappa0.9,-1.62,0.85,0.2,6,0.0033244430959153376,0.47046598170907034,0.005974620486562698,44,1.0653810754975173
n01_exact,gauss_mix_kappa0.9,-1.62,0.85,0.2,7,0.001727049336847945,0.47046598170907034,0.005974620486562698,44,1.0653810754975173
n01_exact,gauss_mix_kappa0.9,-1.62,0.85,0.2,8,0.0006977929297459467,0.47046598170907034,0.005974620486562698,44,1.0653810754975173
n01_exact,gauss_mix_kappa0.9,-1.62,0.85,0.4,1,0.2839836243104425,0.5868259802671536,0.009787090314668508,44,0.9832824472423715
n01_exact,gauss_mix_kappa0.9,-1.62,0.85,0.4,2,0.14285746728575338,0.5868259802671536,0.009787090314668508,44,0.9832824472423715
n01_exact,gauss_mix_kappa0.9,-1.62,0.85,0.4,3,0.06942057870260726,0.5868259802671536,0.009787090314668508,44,0.9832824472423715
n01_exact,gauss_mix_kappa0.9,-1.62,0.85,0.4,4,0.04910651683589223,0.5868259802671536,0.009787090314668508,44,0.9832824472423715
n01_exact,gauss_mix_kappa0.9,-1.62,0.85,0.4,5,0.03137415329307336,0.5868259802671536,0.009787090314668508,44,0.9832824472423715
n01_exact,gauss_mix_kappa0.9,-1.62,0.85,0.4,6,0.01829284288526131,0.5868259802671536,0.009787090314668508,44,0.9832824472423715
n01_exact,gauss_mix_kappa0.9,-1.62,0.85,0.4,7,0.010294671543840145,0.5868259802671536,0.009787090314668508,44,0.9832824472423715
n01_exact,gauss_mix_kappa0.9,-1.62,0.85,0.4,8,0.005852668528319978,0.5868259802671536,0.009787090314668508,44,0.9832824472423715
n01_exact,gauss_mix_kappa0.9,-1.62,0.85,0.8,1,0.3660475474249063,0.7172833440871517,0.006030129339435348,44,0.9895523340999165
n01_exact,gauss_mix_kappa0.9,-1.62,0.85,0.8,2,0.25185012065958473,0.7172833440871517,0.006030129339435348,44,0.9895523340999165
n01_exact,gauss_mix_kappa0.9,-1.62,0.85,0.8,3,0.18085034631209132,0.7172833440871517,0.006030129339435348,44,0.9895523340999165
n01_exact,gauss_mix_kappa0.9,-1.62,0.85,0.8,4,0.1163058350893925,0.7172833440871517,0.006030129339435348,44,0.9895523340999165
n01_exact,gauss_mix_kappa0.9,-1.62,0.85,0.8,5,0.08955689672916882,0.7172833440871517,0.006030129339435348,44,0.9895523340999165
n01_exact,gauss_mix_kappa0.9,-1.62,0.85,0.8,6,0.07045852159901043,0.7172833440871517,0.006030129339435348,44,0.9895523340999165
n01_exact,gauss_mix_kappa0.9,-1.62,0.85,0.8,7,0.04834977509354895,0.7172833440871517,0.006030129339435348,44,0.9895523340999165
n01_exact,gauss_mix_kappa0.9,-1.62,0.85,0.8,8,0.03431269314089951,0.7172833440871517,0.006030129339435348,44,0.9895523340999165
n01_exact,gauss_mix_kappa0.9,-1.62,0.85,1.6,1,0.32534293258465424,0.8200599304341599,0.004176209850478081,44,0.9836585250834342
n01_exact,gauss_mix_kappa0.9,-1.62,0.85,1.6,2,0.25809462984210774,0.8200599304341599,0.004176209850478081,44,0.9836585250834342
n01_exact,gauss_mix_kappa0.9,-1.62,0.85,1.6,3,0.21342768078764449,0.8200599304341599,0.004176209850478081,44,0.9836585250834342
n01_exact,gauss_mix_kappa0.9,-1.62,0.85,1.6,4,0.1790389746141494,0.8200599304341599,0.004176209850478081,44,0.9836585250834342
n01_exact,gauss_mix_kappa0.9,-1.62,0.85,1.6,5,0.15386843127399924,0.8200599304341599,0.004176209850478081,44,0.9836585250834342
n01_exact,gauss_mix_kappa0.9,-1.62,0.85,1.6,6,0.12466425958890359,0.8200599304341599,0.004176209850478081,44,0.9836585250834342
n01_exact,gauss_mix_kappa0.9,-1.62,0.85,1.6,7,0.09621418249949618,0.8200599304341599,0.004176209850478081,44,0.9836585250834342
n01_exact,gauss_mix_kappa0.9,-1.62,0.85,1.6,8,0.07835438504511369,0.8200599304341599,0.004176209850478081,44,0.9836585250834342
invariant,gauss_mix_kappa0.9,-1.62,0.85,0.05,1,0.06893611355854173,0.5158375299876587,0.005299578005773973,44,2.5080929145227717
invariant,gauss_mix_kappa0.9,-1.62,0.85,0.05,2,0.030474576715248333,0.5158375299876587,0.005299578005773973,44,2.5080929145227717
invariant,gauss_mix_kappa0.9,-1.62,0.85,0.05,3,0.015149000135735212,0.5158375299876587,0.005299578005773973,44,2.5080929145227717
invariant,gauss_mix_kappa0.9,-1.62,0.85,0.05,4,0.008450396438884589,0.5158375299876587,0.005299578005773973,44,2.5080929145227717
invariant,gauss_mix_kappa0.9,-1.62,0.85,0.05,5,0.004118495801731527,0.5158375299876587,0.005299578005773973,44,2.5080929145227717
invariant,gauss_mix_kappa0.9,-1.62,0.85,0.05,6,0.0023450348771971033,0.5158375299876587,0.005299578005773973,44,2.5080929145227717
invariant,gauss_mix_kappa0.9,-1.62,0.85,0.05,7,0.0011855530706380301,0.5158375299876587,0.005299578005773973,44,2.5080929145227717
invariant,gauss_mix_kappa0.9,-1.62,0.85,0.05,8,0.0006131848814619162,0.5158375299876587,0.005299578005773973,44,2.5080929145227717
invariant,gauss_mix_kappa0.9,-1.62,0.85,0.1,1,0.07109969786181937,0.5554286281916566,0.018217585301678007,44,1.7613462152600154
invariant,gauss_mix_kappa0.9,-1.62,0.85,0.1,2,0.028086657020926185,0.5554286281916566,0.018217585301678007,44,1.7613462152600154
invariant,gauss_mix_kappa0.9,-1.62,0.85,0.1,3,0.013155649275305391,0.5554286281916566,0.018217585301678007,44,1.7613462152600154
invariant,gauss_mix_kappa0.9,-1.62,0.85,0.1,4,0.006567106241848844,0.5554286281916566,0.018217585301678007,44,1.7613462152600154
invariant,gauss_mix_kappa0.9,-1.62,0.85,0.1,5,0.004719968765622229,0.5554286281916566,0.018217585301678007,44,1.7613462152600154
invariant,gauss_mix_kappa0.9,-1.62,0.85,0.1,6,0.0029697941604889897,0.5554286281916566,0.018217585301678007,44,1.7613462152600154
invariant,gauss_mix_kappa0.9,-1.62,0.85,0.1,7,0.0018240916123441122,0.5554286281916566,0.018217585301678007,44,1.7613462152600154
invariant,gauss_mix_kappa0.9,-1.62,0.85,0.1,8,0.0008572374451214544,0.5554286281916566,0.018217585301678007,44,1.7613462152600154
invariant,gauss_mix_kappa0.9,-1.62,0.85,0.2,1,0.13831640747796192,0.48007431430045283,0.011069582280001213,44,1.0779338843674517
invariant,gauss_mix_kappa0.9,-1.62,0.85,0.2,2,0.06956010727286624,0.48007431430045283,0.011069582280001213,44,1.0779338843674517
invariant,gauss_mix_kappa0.9,-1.62,0.85,0.2,3,0.03361059196885687,0.48007431430045283,0.011069582280001213,44,1.0779338843674517
invariant,gauss_mix_kappa0.9,-1.62,0.85,0.2,4,0.019199080415578176,0.48007431430045283,0.011069582280001213,44,1.0779338843674517
invariant,gauss_mix_kappa0.9,-1.62,0.85,0.2,5,0.0107664595452735,0.48007431430045283,0.011069582280001213,44,1.0779338843674517
invariant,gauss_mix_kappa0.9,-1.62,0.85,0.2,6,0.0038730801921993485,0.48007431430045283,0.011069582280001213,44,1.0779338843674517
invariant,gauss_mix_kappa0.9,-1.62,0.85,0.2,7,0.0016552300710760178,0.48007431430045283,0.011069582280001213,44,1.0779338843674517
invariant,gauss_mix_kappa0.9,-1.62,0.85,0.2,8,0.0008208923110834866,0.48007431430045283,0.011069582280001213,44,1.0779338843674517
invariant,gauss_mix_kappa0.9,-1.62,0.85,0.4,1,0.2567627229764428,0.5815558855286743,0.0028485323645969147,44,1.0067865907084483
invariant,gauss_mix_kappa0.9,-1.62,0.85,0.4,2,0.1416402570285621,0.5815558855286743,0.0028485323645969147,44,1.0067865907084483
invariant,gauss_mix_kappa0.9,-1.62,0.85,0.4,3,0.09027447211144361,0.5815558855286743,0.0028485323645969147,44,1.0067865907084483
invariant,gauss_mix_kappa0.9,-1.62,0.85,0.4,4,0.051817688611728675,0.5815558855286743,0.0028485323645969147,44,1.0067865907084483
invariant,gauss_mix_kappa0.9,-1.62,0.85,0.4,5,0.029416823553031827,0.5815558855286743,0.0028485323645969147,44,1.0067865907084483
invariant,gauss_mix_kappa0.9,-1.62,0.85,0.4,6,0.017488680108802165,0.5815558855286743,0.0028485323645969147,44,1.0067865907084483
invariant,gauss_mix_kappa0.9,-1.62,0.85,0.4,7,0.009768369286843045,0.5815558855286743,0.0028485323645969147,44,1.0067865907084483
invariant,gauss_mix_kappa0.9,-1.62,0.85,0.4,8,0.0056857891789565415,0.5815558855286743,0.0028485323645969147,44,1.0067865907084483
invariant,gauss_mix_kappa0.9,-1.62,0.85,0.8,1,0.3585679117609512,0.7134312759352374,0.005284902143779702,44,0.9893444930573071
invariant,gauss_mix_kappa0.9,-1.62,0.85,0.8,2,0.24299490761075543,0.7134312759352374,0.005284902143779702,44,0.9893444930573071
invariant,gauss_mix_kappa0.9,-1.62,0.85,0.8,3,0.18143688538770308,0.7134312759352374,0.005284902143779702,44,0.9893444930573071
invariant,gauss_mix_kappa0.9,-1.62,0.85,0.8,4,0.13657002433144327,0.7134312759352374,0.005284902143779702,44,0.9893444930573071
invariant,gauss_mix_kappa0.9,-1.62,0.85,0.8,5,0.08437181880446075,0.7134312759352374,0.005284902143779702,44,0.9893444930573071
invariant,gauss_mix_kappa0.9,-1.62,0.85,0.8,6,0.06508225773038888,0.7134312759352374,0.005284902143779702,44,0.9893444930573071
invariant,gauss_mix_kappa0.9,-1.62,0.85,0.8,7,0.04841511327934917,0.7134312759352374,0.005284902143779702,44,0.9893444930573071
invariant,gauss_mix_kappa0.9,-1.62,0.85,0.8,8,0.03280529971128798,0.7134312759352374,0.005284902143779702,44,0.9893444930573071
invariant,gauss_mix_kappa0.9,-1.62,0.85,1.6,1,0.3277221010267129,0.821549652904566,0.0029969620751780133,44,0.9779543796368216
invariant,gauss_mix_kappa0.9,-1.62,0.85,1.6,2,0.25772197686563114,0.821549652904566,0.0029969620751780133,44,0.9779543796368216
invariant,gauss_mix_kappa0.9,-1.62,0.85,1.6,3,0.21668690996549805,0.821549652904566,0.0029969620751780133,44,0.9779543796368216
invariant,gauss_mix_kappa0.9,-1.62,0.85,1.6,4,0.17948219277853056,0.821549652904566,0.0029969620751780133,44,0.9779543796368216
invariant,gauss_mix_kappa0.9,-1.62,0.85,1.6,5,0.15264590844000903,0.821549652904566,0.0029969620751780133,44,0.9779543796368216
invariant,gauss_mix_kappa0.9,-1.62,0.85,1.6,6,0.12349760743861289,0.821549652904566,0.0029969620751780133,44,0.9779543796368216
invariant,gauss_mix_kappa0.9,-1.62,0.85,1.6,7,0.0974182138917562,0.821549652904566,0.0029969620751780133,44,0.9779543796368216
invariant,gauss_mix_kappa0.9,-1.62,0.85,1.6,8,0.08083499077341,0.821549652904566,0.0029969620751780133,44,0.9779543796368216
