t,trial,alpha,delta,posterior_mean_mse,posterior_mean_rel_error,score_mse,score_rel_error,score_cosine,score_max_abs_error,identity_residual,grid_self_conv_rel_error,legacy_vs_analytic_max_abs_mean
0.05,0,0.951229424500714,0.09516258196404048,0.005269524511922949,0.06279289207751998,0.5265135436260575,0.3721202153964234,0.9305106945407333,2.9824404733276957,1.1241233287257155e-15,1.2132780223572087e-05,0.00012117521951598986
0.05,1,0.951229424500714,0.09516258196404048,0.0021773967508691384,0.07041735576732575,0.2175583160465498,0.24622316659796983,0.9794924630822694,0.8800388183215242,1.174473833091626e-15,1.3937244076678387e-05,5.346073227554052e-06
0.05,2,0.951229424500714,0.09516258196404048,0.0016129539058045612,0.07478181656474399,0.1611610449347251,0.21268389837224771,0.9911104051634074,0.8352178853201633,9.42394093699567e-16,1.2066664256886159e-05,1.6200185294079628e-06
0.05,3,0.951229424500714,0.09516258196404048,0.001449652767059319,0.03861582440249465,0.14484453268691458,0.19029008067542066,0.9826251259170962,0.7161878083636082,1.7417154134138871e-15,1.2807568939781571e-05,5.907261752402526e-05
0.05,4,0.951229424500714,0.09516258196404048,0.003398236525135575,0.0866985467191582,0.3395406076734828,0.3038756524992171,0.95370035452049,1.5614912091271858,6.085849806296135e-16,1.2512713681331729e-05,6.29476737563639e-05
0.05,5,0.951229424500714,0.09516258196404048,0.0015906052974911117,0.05329541632327275,0.1589280455565837,0.18615019086399184,0.9825342902418444,0.7351467767446216,1.07370099714348e-15,9.068633758059995e-06,1.233548118739769e-05
0.05,6,0.951229424500714,0.09516258196404048,0.001409669821229179,0.04791906373927346,0.14084956835075796,0.23801485973523862,0.9736303107244605,0.9067077211507937,1.2506784601936002e-15,1.6549445571146152e-05,7.98750365516021e-06
0.05,7,0.951229424500714,0.09516258196404048,0.0029293373023104178,0.060044624616189715,0.2926897407964853,0.29594883675207717,0.965081949608491,2.016400778932641,1.1715132698089032e-15,1.0213155811390888e-05,4.466652440904273e-05
0.05,8,0.951229424500714,0.09516258196404048,0.001472301223308092,0.04028510714139965,0.14710749188374914,0.21969849743244868,0.9775314175114687,0.8917430838203518,1.8380324587777905e-15,1.2314110312984466e-05,8.704398255598988e-05
0.05,9,0.951229424500714,0.09516258196404048,0.006143615195070133,0.053499963767735005,0.6138498074565106,0.4699708657674135,0.9287456103754483,2.458252236921923,1.0356205164431458e-15,9.662604483758247e-06,0.0011201972643384295
0.05,10,0.951229424500714,0.09516258196404048,0.001853096472659228,0.06285818553623161,0.1851552997415915,0.22832402752518022,0.9735852143953094,1.041609094710243,9.834344369959684e-16,1.4243361011535221e-05,2.5153592879023634e-05
0.05,11,0.951229424500714,0.09516258196404048,0.00506529143765297,0.04654437783878712,0.506107247115579,0.3771371928148179,0.9314527378435217,2.3124687551686436,1.6563471369016331e-15,7.439391011544323e-06,0.0001109341728706692
0.05,12,0.951229424500714,0.09516258196404048,0.007518087654782765,0.08306867061258039,0.751182571303099,0.48695135995408484,0.8860985148291124,3.478784536989254,1.1130406913780184e-15,1.2037878629714966e-05,0.0007331220024819896
0.05,13,0.951229424500714,0.09516258196404048,0.0015600117335466794,0.053574969755651874,0.15587123735157635,0.16979006626980167,0.9890153496762625,0.7807054537854444,1.2140209648294455e-15,1.0322700127000981e-05,2.0007986658576726e-06
0.05,14,0.951229424500714,0.09516258196404048,0.0017942109017363135,0.04423306451915142,0.17927164732761816,0.2156356681335256,0.98413672894283,0.6924244321973774,1.3014697845256286e-15,1.3634934364829605e-05,0.0003156375443831294
0.05,15,0.951229424500714,0.09516258196404048,0.0014828112840841556,0.06639959887155578,0.14815762256070306,0.18838612878456043,0.9836079101405222,0.7901447659966829,8.528623511319512e-16,1.2777477111371888e-05,2.0760522529639225e-05
0.05,16,0.951229424500714,0.09516258196404048,0.008915896032278572,0.12110837868048312,0.8908469832401334,0.4386343747230938,0.9270081616790423,3.945200893923407,6.825304811843291e-16,1.1191708384545047e-05,0.0001808148146406896
0.05,17,0.951229424500714,0.09516258196404048,0.0012758675587536323,0.07752180998482344,0.12748048671886025,0.21432878022361093,0.9874787046563326,0.8134056645554062,5.250627738671829e-16,1.58049960041094e-05,2.3574288749994565e-06
0.05,18,0.951229424500714,0.09516258196404048,0.002267809821414059,0.06499706456495488,0.22659209244421324,0.3142752422542091,0.9495117283619279,1.3402753804925907,1.163950852754471e-15,1.3807835305913968e-05,7.236759213702197e-06
0.05,19,0.951229424500714,0.09516258196404048,0.0017062722706951917,0.05724723709331259,0.1704851087801033,0.24548288729563367,0.9800738402485434,0.9290619491473742,1.0500581079071482e-15,1.0259709465938945e-05,2.863248161411036e-05
0.05,20,0.951229424500714,0.09516258196404048,0.007112661558318507,0.04752041608134524,0.7106737302786599,0.4463926731068213,0.9136259499768647,2.844025605925187,1.0279105214961201e-15,7.744108720352092e-06,0.006212094796605339
0.05,21,0.951229424500714,0.09516258196404048,0.002354526789171733,0.05926232901260253,0.2352565664177746,0.25454849925477935,0.9683265768102519,1.4018657748421535,9.690303079820735e-16,1.7413885848176504e-05,4.283739734295411e-06
0.05,22,0.951229424500714,0.09516258196404048,0.0013640342425334953,0.034236601585470046,0.13628981154535263,0.20152234795585208,0.9885577331344212,0.7753080290600955,1.8897293215337173e-15,9.650081278130879e-06,1.7053689333579314e-05
0.05,23,0.951229424500714,0.09516258196404048,0.0018706348027214747,0.11130751877572839,0.186907671950785,0.2261662464983381,0.9935516703518101,0.8811407662225919,7.111514663151864e-16,1.284659449881729e-05,1.7295029090813596e-06
0.05,24,0.951229424500714,0.09516258196404048,0.0018249105046802547,0.05979737632151005,0.18233905060040975,0.20815206128305366,0.9907579872768953,0.759834242970302,1.382983950308851e-15,1.3739104471457728e-05,9.991186130431373e-06
0.05,25,0.951229424500714,0.09516258196404048,0.0022453548226905005,0.07152413003962817,0.2243484628864973,0.2142739005484969,0.9773406370289087,0.9680298406398586,1.3258179828582636e-15,9.451183011703487e-06,5.460901164378029e-06
0.05,26,0.951229424500714,0.09516258196404048,0.0015721786736984755,0.05114253328839445,0.15708691796183125,0.24259861222084322,0.9745385136488514,0.9476484627293138,1.1436540671036925e-15,1.3258667487068741e-05,1.741837007729341e-05
0.05,27,0.951229424500714,0.09516258196404048,0.005136931285080013,0.07834522466585483,0.5132652648548081,0.3446355353828842,0.9396432057385702,2.472713719362872,8.915702773988605e-16,8.779720196226896e-06,8.465409462382611e-05
0.05,28,0.951229424500714,0.09516258196404048,0.0013287316211461507,0.065629840730871,0.13276248982137479,0.22298333758411787,0.9865077302677144,0.8010580921179304,1.1708552421470334e-15,1.5537929368649242e-05,4.7811287586796425e-06
0.05,29,0.951229424500714,0.09516258196404048,0.006630779328952672,0.055381548114994905,0.6625256441240611,0.4642677072806007,0.9023258772604612,2.932991575742817,1.0590616055141413e-15,1.2053328921391642e-05,0.0005134778076236746
0.05,30,0.951229424500714,0.09516258196404048,0.0013861770452794912,0.0621353065890524,0.13850224750864093,0.18849397681555327,0.9865922348760134,0.6940676428466501,1.256877749530035e-15,1.0393377127333277e-05,8.882998678072518e-06
0.05,31,0.951229424500714,0.09516258196404048,0.003002716381313596,0.055505067193557446,0.30002153682980176,0.25418843147315223,0.9671548724184075,1.7841855055813662,1.1179340023450834e-15,1.0248776735313945e-05,4.471679452044963e-05
0.05,32,0.951229424500714,0.09516258196404048,0.0019463592117682812,0.06427670786057528,0.19447380564197714,0.2040824836902269,0.9948903763748985,0.808689302133788,1.2947146760762282e-15,1.3367595547820334e-05,3.3927637826947077e-06
0.05,33,0.951229424500714,0.09516258196404048,0.0011397143608839644,0.04205772410390621,0.11387650736091628,0.19275253612506396,0.983261073987321,0.7083013830857823,1.820475294272168e-15,1.7405277392581846e-05,3.784678214158177e-06
0.05,34,0.951229424500714,0.09516258196404048,0.0015880430692908785,0.049141507820425784,0.1586720361488598,0.2491393512265176,0.9810734334375356,0.8659413107566718,1.2605374244232362e-15,1.4573741795000206e-05,7.577314551365788e-06
0.05,35,0.951229424500714,0.09516258196404048,0.0013091461145460677,0.0200293850071035,0.13080557047117763,0.23952650876066897,0.973721110920059,0.7068049562607523,3.5032646848226424e-15,1.3018436976064485e-05,0.00043001461673819463
0.05,36,0.951229424500714,0.09516258196404048,0.008832935966936642,0.08279189988490653,0.8825578865894214,0.5610728926455726,0.8792301195453028,3.806624159495652,7.44736980232899e-16,1.237684133799109e-05,9.760893537880122e-05
0.05,37,0.951229424500714,0.09516258196404048,0.005649779747288569,0.03265027376344834,0.5645073950640218,0.39261775042448793,0.9333283070977185,2.1606240933743055,1.945122993914072e-15,5.17907034201497e-06,0.0023038194003506263
0.05,38,0.951229424500714,0.09516258196404048,0.001860327038668645,0.051455186645361285,0.18587775409652002,0.23973208338415064,0.9718089268456461,0.9128080584717956,1.5012094301001813e-15,1.1113133834693414e-05,2.583397035527124e-05
0.05,39,0.951229424500714,0.09516258196404048,0.003374025070153344,0.06321883336795603,0.3371214787880978,0.2808868640925176,0.9611950336463255,1.4635092638214031,8.726137670228528e-16,7.075508918321725e-06,9.568350996358443e-06
0.05,40,0.951229424500714,0.09516258196404048,0.0009588672261265819,0.027876749322841295,0.09580685694743313,0.21201821691527023,0.9793161024418416,0.7096136149971397,1.752616734807411e-15,1.8269917201620512e-05,3.3310072399483914e-05
0.05,41,0.951229424500714,0.09516258196404048,0.001294756962441858,0.04189661829383108,0.12936785375745508,0.19167294551020989,0.9908948516319405,0.8174074938050429,1.737335940639379e-15,1.1467464558785795e-05,1.3384730816801138e-05
0.05,42,0.951229424500714,0.09516258196404048,0.001706169816870507,0.07159167257720317,0.17047487193118632,0.2763003715436848,0.9638729303372577,1.062664158070586,1.0445383697695295e-15,1.6318871852738352e-05,1.0355515959736827e-05
0.05,43,0.951229424500714,0.09516258196404048,0.0018628602601395952,0.030786039986414545,0.1861308652473347,0.2667467027699286,0.9655189526833313,0.9985578422332103,2.121754142453141e-15,1.0951989532825797e-05,0.00015051599658910675
0.05,44,0.951229424500714,0.09516258196404048,0.0013043668951210263,0.05035307402204887,0.13032804659790365,0.178931943468796,0.9886262602555302,0.7420759265732171,1.1388788773022624e-15,1.2094082676555489e-05,1.3173187697668176e-05
0.05,45,0.951229424500714,0.09516258196404048,0.0023632710858185147,0.08464228394907286,0.23613026775526666,0.2168566217952091,0.977377323637193,1.3835899157723792,6.964573456645395e-16,1.012818311755367e-05,3.167714981877623e-06
0.05,46,0.951229424500714,0.09516258196404048,0.0017496196691138125,0.06721331192401149,0.17481623814418887,0.2483682012231279,0.9765680096621329,0.8942515600096472,1.0636533814904707e-15,1.1293602150048399e-05,1.0712428750503378e-05
0.05,47,0.951229424500714,0.09516258196404048,0.0017202222991139259,0.046318875348333205,0.1718789497006294,0.1997062956855822,0.9800147282680379,0.9885748101331953,1.96590492712081e-15,1.347852226403114e-05,1.586692630128894e-05
0.05,48,0.951229424500714,0.09516258196404048,0.0024167760178693065,0.05853095889274877,0.24147630444449608,0.28468917326772897,0.9644166877510467,1.3632939699416537,1.1575093172165586e-15,1.6117823351775005e-05,2.68819217317251e-05
0.05,49,0.951229424500714,0.09516258196404048,0.004118157103979997,0.038429391691808056,0.411472702161146,0.29632803667074764,0.9579150567505713,2.0396884629376424,2.1079072329920738e-15,6.377664078662419e-06,0.00026737067303161943
0.05,50,0.951229424500714,0.09516258196404048,0.0021953368879863407,0.05981519684272767,0.21935083549405274,0.2590133423668122,0.9662895525041335,1.1207171333705384,9.546647949780968e-16,1.1653547089585745e-05,1.0880811163960225e-05
0.05,51,0.951229424500714,0.09516258196404048,0.0013649649737909242,0.0408697362610781,0.13638280714892254,0.20108317443107043,0.9886964106051047,0.8629700579388184,2.2473177157168746e-15,1.3944098376005849e-05,7.246804915617133e-05
0.05,52,0.951229424500714,0.09516258196404048,0.0030251207310706893,0.05528245523454688,0.30226010570950856,0.30884397944978753,0.9517226589152291,1.8086949754161896,1.2163548963673214e-15,1.1899509176626798e-05,3.0022111628280612e-05
0.05,53,0.951229424500714,0.09516258196404048,0.0023908765993081475,0.06243929385179999,0.23888851979454595,0.2838904983900501,0.9595210549927903,1.6855730406152116,1.2616967144803047e-15,1.264906758774153e-05,1.971065023276264e-05
0.05,54,0.951229424500714,0.09516258196404048,0.0009395834204674791,0.03917003257821814,0.09388008256215466,0.21196548654791386,0.9912250405250812,0.7076148395643826,1.5650647953226587e-15,2.1473019267279855e-05,4.474122995645757e-06
0.05,55,0.951229424500714,0.09516258196404048,0.0017003721908262477,0.0423865456749619,0.1698955922207922,0.21966708848982708,0.9782442403355227,0.8917705463468111,1.4562819008883346e-15,9.396974928086388e-06,1.4841791619701894e-05
0.05,56,0.951229424500714,0.09516258196404048,0.002312517690752285,0.04390653349245967,0.2310591555843467,0.22296529760780442,0.9766503431484461,0.9471093176189611,1.0575313934272003e-15,8.708947467483315e-06,3.0262357234578374e-05
0.05,57,0.951229424500714,0.09516258196404048,0.005647913254660468,0.06311095292670689,0.5643209012645247,0.3842858250643822,0.9378503368416153,2.4201568239489237,8.409057894112001e-16,1.024752805766919e-05,0.00026409194850085527
0.05,58,0.951229424500714,0.09516258196404048,0.002401792975307632,0.04531898117255134,0.23997924815116298,0.2075755998386538,0.9782553150770888,0.9971242907561924,1.6988075548323747e-15,8.922711758216964e-06,6.184299568601226e-05
0.05,59,0.951229424500714,0.09516258196404048,0.002082221045121945,0.032251972893935575,0.20804867281656136,0.24432088399503987,0.9698685745674104,0.8896116487529624,2.021975220788135e-15,9.841264732049763e-06,0.0002993433713704974
0.0725,0,0.9300657466602784,0.1349777068892587,0.020482828774297,0.05467353283590678,0.9725079118569464,0.5219929079068936,0.8982283545071776,3.1071364969192814,1.5026891015116012e-15,5.905581514717981e-06,0.13805601126142975
0.0725,1,0.9300657466602784,0.1349777068892587,0.006264528059844289,0.05540179553502529,0.29743465462609214,0.32866897796706457,0.9508124895115712,1.9994011106054426,1.2817487827093035e-15,6.3236001697518095e-06,0.0005181655517467743
0.0725,2,0.9300657466602784,0.1349777068892587,0.00144219256486817,0.05517426903388396,0.06847412021114721,0.15154151925747414,0.9957091450795074,0.5801841313461265,1.152059715439477e-15,1.0509942177277385e-05,1.1447689886701085e-05
0.0725,3,0.9300657466602784,0.1349777068892587,0.001666850478853681,0.0768903531524501,0.07914069372106929,0.13606142201866975,0.9939106377252171,0.6234454839282333,1.0737849372584985e-15,7.469683572474411e-06,3.1700655329092164e-06
0.0725,4,0.9300657466602784,0.1349777068892587,0.002230361122708141,0.05563347882511907,0.10589571694577878,0.15658700915788057,0.9881276295170135,0.8650646308891603,9.211127179367629e-16,4.254939773793023e-06,4.050881180295285e-05
0.0725,5,0.9300657466602784,0.1349777068892587,0.001402585826970137,0.06300582444123194,0.06659362477796679,0.18536695156490784,0.9862628547369426,0.5354804716343167,6.788337827097798e-16,1.1640843664107168e-05,1.2682988869139322e-05
0.0725,6,0.9300657466602784,0.1349777068892587,0.0027565117275989964,0.05094593963671722,0.13087691616015518,0.2376880442602468,0.9715933625987964,1.0153519816788446,1.2215847065923488e-15,4.792780609490717e-06,8.435861175604131e-05
0.0725,7,0.9300657466602784,0.1349777068892587,0.0067756127950354865,0.06861423736742575,0.3217005387029274,0.3026945303216873,0.9551165565002354,1.8344247244761434,6.726550475354292e-16,3.6823217380328816e-06,5.93999568950232e-05
0.0725,8,0.9300657466602784,0.1349777068892587,0.0019030745254187264,0.09755732822364765,0.09035641772026842,0.20744705897886426,0.9792199121750157,0.7788956262951485,7.928322192818855e-16,1.2803687682480499e-05,7.76350384350255e-06
0.0725,9,0.9300657466602784,0.1349777068892587,0.0017410272804099832,0.09759624433158047,0.08266254742519578,0.17116880730394268,0.9976650277905098,0.6522793055699658,7.101398133906831e-16,9.952996486254473e-06,3.0721348305284835e-06
0.0725,10,0.9300657466602784,0.1349777068892587,0.0013865080690747753,0.05391851554921989,0.06583026601876163,0.13070104723636436,0.9963240495512199,0.5806391978050844,1.4229995454667958e-15,5.2893619513309394e-06,1.8121878063492858e-05
0.0725,11,0.9300657466602784,0.1349777068892587,0.0014740097127558644,0.07263407704823954,0.06998477229902356,0.19105638315796736,0.9845008955130297,0.565645758205916,1.0207462805756505e-15,8.96768017495051e-06,1.1458590895740972e-05
0.0725,12,0.9300657466602784,0.1349777068892587,0.0014993584034103768,0.0846162186400449,0.07118830734236975,0.14749166712508696,0.9951604953893167,0.6009567703440295,1.0310926302207052e-15,8.541815571036983e-06,2.4939278491231676e-06
0.0725,13,0.9300657466602784,0.1349777068892587,0.0013786150434215222,0.03166702557100483,0.06545551163396138,0.16882186877434785,0.9857987246191302,0.5638978803459689,1.798605332350292e-15,7.646955662074992e-06,4.26155583954646e-05
0.0725,14,0.9300657466602784,0.1349777068892587,0.00999712899410301,0.0891234214101277,0.4746554858096419,0.3437075761330702,0.9599576663121193,2.4855942955132386,6.389299882582954e-16,5.875242071225492e-06,0.0005356026373815048
0.0725,15,0.9300657466602784,0.1349777068892587,0.0038401725744693278,0.061471043810696735,0.18232824443925727,0.20650498193725855,0.9814102797985704,1.1613866632564722,1.0332114978947494e-15,3.92879493109064e-06,5.9027470586614506e-05
0.0725,16,0.9300657466602784,0.1349777068892587,0.0012500081033671555,0.04706052293298235,0.05934935959311004,0.16984990194097577,0.9972447964868153,0.5127410466178568,1.7435303358958658e-15,1.2363251885254049e-05,6.034545695143834e-06
0.0725,17,0.9300657466602784,0.1349777068892587,0.0017660148494034798,0.06498301402359394,0.08384893670823958,0.16116203851606262,0.9876531066306183,0.7448274315838295,9.10913835908496e-16,8.215849444275245e-06,1.0251369168046143e-05
0.0725,18,0.9300657466602784,0.1349777068892587,0.0013311023356993937,0.043274315378168046,0.063199647237365,0.1056647913804305,0.9964330491100462,0.5708495110646976,2.1129867878311936e-15,4.2509861983385105e-06,1.915299009969118e-05
0.0725,19,0.9300657466602784,0.1349777068892587,0.0015812545350440054,0.04579106992660513,0.07507666850780237,0.16410861425612297,0.9937974086856325,0.536761962139658,1.4146810707973261e-15,8.064025438866008e-06,1.7617278925241564e-05
0.0725,20,0.9300657466602784,0.1349777068892587,0.0016023685910116882,0.06043151303234219,0.07607914656912015,0.1584642332534886,0.9913855419102401,0.5918693407291955,1.059717083815962e-15,6.3723130251964186e-06,2.5301217129403142e-05
0.0725,21,0.9300657466602784,0.1349777068892587,0.00198392294925847,0.06810894853715926,0.09419503457889197,0.18702828103904426,0.9873075785361365,0.8370858146323712,1.1876127239658735e-15,7.4336837418030294e-06,1.3014838015301677e-05
0.0725,22,0.9300657466602784,0.1349777068892587,0.002444915624456149,0.08414511120067096,0.11608258872865951,0.1765675195369278,0.9843368804045122,0.7259272187305061,1.1627904438603857e-15,8.492981072640524e-06,2.4178603713731484e-05
0.0725,23,0.9300657466602784,0.1349777068892587,0.001316799306163055,0.046893224475537745,0.06252055112515874,0.14219064790978483,0.9958411156162067,0.5758937596369418,1.5263648685165212e-15,8.171529229290996e-06,4.384549157743223e-06
0.0725,24,0.9300657466602784,0.1349777068892587,0.0019738875421643374,0.07615404944744772,0.0937185616802855,0.1981211294108935,0.9813692440029866,0.7661601470850554,9.11482738662185e-16,1.0051170003739262e-05,1.1167473280310203e-05
0.0725,25,0.9300657466602784,0.1349777068892587,0.0015388051528527655,0.07471472298858499,0.07306120665488569,0.12750953493049585,0.9960896591618303,0.5507291151809679,1.0485978891500788e-15,6.139327181080939e-06,4.7508602550594414e-06
0.0725,26,0.9300657466602784,0.1349777068892587,0.004319907853048855,0.0921654920119501,0.2051056820264395,0.24013574589642817,0.9707842653764863,1.201178336213836,8.35497339775183e-16,4.904387498827862e-06,2.9107306157516444e-05
0.0725,27,0.9300657466602784,0.1349777068892587,0.015534575464513579,0.122697348332369,0.7375689028624786,0.45369257964064336,0.9302693292717166,3.227067787970924,5.709502532307126e-16,6.4908967228416904e-06,8.191062583673414e-05
0.0725,28,0.9300657466602784,0.1349777068892587,0.001440665776972016,0.0344940670357452,0.06840162957398466,0.18114731508002577,0.9846279853286788,0.5203629680745054,2.2422819603454503e-15,8.49887301836739e-06,7.325658182555372e-05
0.0725,29,0.9300657466602784,0.1349777068892587,0.0016410781597604885,0.0510299574338386,0.07791704514688,0.17747693753806854,0.9877762147855929,0.6001698357937597,1.4810996312953783e-15,9.357767455862207e-06,8.773809508588748e-06
0.0725,30,0.9300657466602784,0.1349777068892587,0.0017134472815349842,0.061993746971433804,0.08135307169747802,0.14000558551055803,0.9915526868991236,0.5445813814520952,1.6459548166169183e-15,5.978294841602968e-06,1.7461490067427476e-05
0.0725,31,0.9300657466602784,0.1349777068892587,0.0015131356143753753,0.062111606931026006,0.0718424380200424,0.1487580228776914,0.9953533615416765,0.4828751007450074,1.261947202331037e-15,9.497699709100828e-06,6.527970730529908e-06
0.0725,32,0.9300657466602784,0.1349777068892587,0.004635098269268346,0.07179966577095798,0.22007066449505172,0.23642143862831444,0.9743288296151923,1.217120241257311,8.882232736251845e-16,5.244496347202731e-06,6.592655833514982e-05
0.0725,33,0.9300657466602784,0.1349777068892587,0.00367689469561104,0.068056953683968,0.17457594465827386,0.2727565398287214,0.9624691283070488,1.470892904150555,9.324538432886062e-16,7.055330218461613e-06,1.0857498956462486e-05
0.0725,34,0.9300657466602784,0.1349777068892587,0.003327652322744342,0.04390397154154877,0.1579942032146917,0.20914829882487354,0.9780937961627959,1.1193481553146678,1.8780917940035758e-15,4.30573816539848e-06,0.00010791845517088561
0.0725,35,0.9300657466602784,0.1349777068892587,0.001857016753626086,0.0428091629304276,0.08816963248838436,0.1486592855057413,0.9909147000773292,0.5986352652616629,1.4242924789992253e-15,6.124512532615973e-06,0.00015267095425008925
0.0725,36,0.9300657466602784,0.1349777068892587,0.0066010525272645355,0.06804766132016538,0.31341256034926673,0.28626689282497575,0.9602791124874779,2.2512712630027427,9.552092341852271e-16,4.9119214687553745e-06,0.0002667177459622083
0.0725,37,0.9300657466602784,0.1349777068892587,0.0013918688697776617,0.039903723866313585,0.06608479243964285,0.1607581057403081,0.9913178662063935,0.6072579217932352,2.2889479784643452e-15,8.311290797929723e-06,7.01472591742025e-05
0.0725,38,0.9300657466602784,0.1349777068892587,0.004030939529178309,0.08150870818250328,0.19138570299733232,0.2529512991702214,0.967629767441093,1.7121281511376232,5.888496555248475e-16,6.487843303867482e-06,2.0876570223649082e-05
0.0725,39,0.9300657466602784,0.1349777068892587,0.0015106970751258273,0.10358224015206388,0.071726658176365,0.19808998438649583,0.99646463114708,0.522342044853207,8.743673593003163e-16,1.6724144535668245e-05,1.2311658594277297e-06
0.0725,40,0.9300657466602784,0.1349777068892587,0.0019095129012647056,0.07873348926263325,0.09066210652520443,0.16468144165674325,0.9885362620253023,0.5487104199412935,1.0360563432090775e-15,6.6092694904158945e-06,9.788432341395481e-06
0.0725,41,0.9300657466602784,0.1349777068892587,0.0024323738218743375,0.04672853178788744,0.11548711422783943,0.1672758673656868,0.9859112730445291,0.9549979597521658,1.215637151237701e-15,4.242631916246148e-06,1.947014365466515e-05
0.0725,42,0.9300657466602784,0.1349777068892587,0.0144189608331882,0.06687419973363691,0.6846004351033401,0.45110020147864144,0.936414054565332,2.2137300943171616,9.512334331201035e-16,4.809282840746299e-06,0.0009281854872833506
0.0725,43,0.9300657466602784,0.1349777068892587,0.00311187570060812,0.08159167368779706,0.14774930615806228,0.2533049034583387,0.9674209377287636,1.1742154546813726,1.0603767082539395e-15,8.647836320877506e-06,2.5577854427416558e-05
0.0725,44,0.9300657466602784,0.1349777068892587,0.0019424274552488417,0.09273735294881578,0.09222486255453682,0.15789958146704167,0.9972502852815854,0.6179649838187564,1.0709437753418916e-15,7.946690239925988e-06,2.6294072528465495e-06
0.0725,45,0.9300657466602784,0.1349777068892587,0.0014353766840257656,0.06311844203740473,0.0681505077785797,0.143384414623545,0.9922171975975957,0.5319177413194893,1.3590108696611815e-15,7.5379767958623095e-06,1.0733998042300463e-05
0.0725,46,0.9300657466602784,0.1349777068892587,0.00198126328992999,0.05537970199984729,0.09406875613521151,0.17344593250603352,0.986810572561576,0.8258483046074158,9.963050223514195e-16,5.8509132587239e-06,7.191155073305033e-06
0.0725,47,0.9300657466602784,0.1349777068892587,0.0019836976167982526,0.042330714878161445,0.09418433597848028,0.19701635198069972,0.9856272590905892,0.7192068503544184,2.1002810121123495e-15,7.023095773157398e-06,9.92056814717035e-05
0.0725,48,0.9300657466602784,0.1349777068892587,0.002685866096183228,0.0825675799879404,0.12752271951832336,0.19798066671994652,0.9822594186257373,0.9390060509378584,6.752708667951455e-16,8.877705549989707e-06,5.940840513807277e-06
0.0725,49,0.9300657466602784,0.1349777068892587,0.009384139244566984,0.09084141794941436,0.4455512352259012,0.2739928223048587,0.969733190495505,1.996875460649549,8.001724494577604e-16,3.000139386622982e-06,0.00017032516703885392
0.0725,50,0.9300657466602784,0.1349777068892587,0.0012671368008831275,0.03524011497571835,0.060162616103606764,0.1602791043439663,0.9929257567824116,0.5021019736845393,1.866802926816303e-15,8.017759189849937e-06,1.2692015206150487e-05
0.0725,51,0.9300657466602784,0.1349777068892587,0.001746316814558638,0.04323941785636683,0.08291369016852919,0.18283152948874767,0.9846605950287088,0.5492304233870873,1.5541786979528123e-15,6.9481027734155605e-06,2.2944759568988005e-05
0.0725,52,0.9300657466602784,0.1349777068892587,0.0019808374734113475,0.07751946755270034,0.09404853871612637,0.17950730631480968,0.9953607226316883,0.6571998634358742,9.345689580734004e-16,9.164617542331464e-06,2.826669936795319e-06
0.0725,53,0.9300657466602784,0.1349777068892587,0.0021256921802987024,0.07232321957713186,0.10092612140111396,0.18984412482477944,0.9828536221459573,0.8740054856867965,7.288934284152229e-16,7.345538914177362e-06,1.470487285276656e-05
0.0725,54,0.9300657466602784,0.1349777068892587,0.001819604920057683,0.04788007999748643,0.08639334931269313,0.18381695801167647,0.9848177788364123,0.5755116010640933,1.3322615558555281e-15,7.778661815655405e-06,3.322232347824361e-05
0.0725,55,0.9300657466602784,0.1349777068892587,0.0012989805697439794,0.056245648004006936,0.06167453213345628,0.13313715565850984,0.9940455101571339,0.4875951682740818,1.6414437956561672e-15,8.838188808251257e-06,1.6280717139993683e-05
0.0725,56,0.9300657466602784,0.1349777068892587,0.0033042003093068954,0.0869790694868552,0.15688072085011184,0.230039035144527,0.9733771325822131,1.4787804873362362,1.0098032152332019e-15,7.054860663645081e-06,3.819861804310598e-06
0.0725,57,0.9300657466602784,0.1349777068892587,0.0014055838867828695,0.06078745524520801,0.06673597019911104,0.14594760019610445,0.9926974732530008,0.5578456767199851,1.0638770806407836e-15,8.815946371626936e-06,3.4644633020164406e-06
0.0725,58,0.9300657466602784,0.1349777068892587,0.0012627894066207712,0.08407726816823595,0.059956205389408525,0.11311284605467321,0.9966746325333189,0.49742717684157145,7.74125496467649e-16,7.330004344300867e-06,2.333745530117004e-06
0.0725,59,0.9300657466602784,0.1349777068892587,0.01481523154834399,0.07418100126969934,0.7034150436699954,0.5654139898023609,0.8868228262536124,3.5273535996948855,7.006149227826276e-16,4.6526316848385375e-06,0.0036338595016531805
0.1053,0,0.9000544657400421,0.18990195870140736,0.0011302593810315375,0.06897584207638942,0.025389655842671874,0.12645215885834363,0.9962445635746657,0.3761756459855332,7.827688805940259e-16,8.157764117510034e-06,1.4008048686342534e-05
0.1053,1,0.9000544657400421,0.18990195870140736,0.003292252275665896,0.08972411098560162,0.07395572523372668,0.13787265833942622,0.9904504938605153,1.022561439985957,7.680477531133303e-16,2.6745781412388065e-06,2.0761912763483936e-05
0.1053,2,0.9000544657400421,0.18990195870140736,0.0017791946280579782,0.054945425055231464,0.03996705538714055,0.13887794116857174,0.9933184409416713,0.3511563332978611,1.1726758052872342e-15,4.9316752785777206e-06,4.096468680037102e-05
0.1053,3,0.9000544657400421,0.18990195870140736,0.0014192966365346956,0.045417214713416726,0.031882463216000675,0.10558353086484303,0.994587711788189,0.45879911827861575,1.445821731094571e-15,4.458405054593776e-06,9.634831311911007e-05
0.1053,4,0.9000544657400421,0.18990195870140736,0.0017109065651503999,0.03769015498584886,0.03843306200076958,0.1196289400676438,0.9939982960031618,0.43501787969273886,1.7804939639446835e-15,3.132017871626249e-06,4.16437685060167e-05
0.1053,5,0.9000544657400421,0.18990195870140736,0.0018223242461756141,0.05044409941632056,0.04093590039653409,0.12209148475181165,0.9928357035858687,0.4329699993794036,1.2919437853539766e-15,3.165949426186927e-06,3.136972231621016e-05
0.1053,6,0.9000544657400421,0.18990195870140736,0.0037812930975204082,0.07307051603189861,0.08494132585627702,0.14947605548317058,0.9888238609443465,0.9723671855502491,1.0524462639683713e-15,3.2525766240413635e-06,7.298990300841357e-05
0.1053,7,0.9000544657400421,0.18990195870140736,0.003475450760818068,0.07785447715577797,0.07807101643765144,0.15579701223990325,0.9879361443765114,0.7555377958797025,8.254740767724854e-16,3.064750577798211e-06,6.002294728513213e-05
0.1053,8,0.9000544657400421,0.18990195870140736,0.0030129586531830025,0.04739556640415372,0.06768179460072277,0.19107986638232352,0.9820060203159667,0.9010650596908665,1.2291047165126303e-15,5.371467407625632e-06,0.0004999588605452132
0.1053,9,0.9000544657400421,0.18990195870140736,0.003674411564232635,0.08353753674846699,0.08254038551315257,0.1716051042038118,0.9853852924699221,0.9423670924138352,9.03282273918657e-16,3.761868121053876e-06,3.666593194689982e-05
0.1053,10,0.9000544657400421,0.18990195870140736,0.0015429849612608661,0.05562589546263298,0.03466094402249306,0.12000395763950734,0.9984349888498146,0.3826295633013297,1.2439255093428744e-15,4.458347785406328e-06,7.958125544771377e-06
0.1053,11,0.9000544657400421,0.18990195870140736,0.0016552798435639133,0.04928626169346755,0.037183487486777876,0.1449685806029894,0.9914929818987361,0.5001638434055659,1.3324784909700342e-15,3.3690114564650112e-06,2.5022628144188985e-05
0.1053,12,0.9000544657400421,0.18990195870140736,0.005922230980993377,0.05217015601425602,0.1330344246211882,0.24023652096192363,0.9735892315860373,1.4113974219564436,1.2068146900817155e-15,2.253060104255137e-06,0.0005451600369426046
0.1053,13,0.9000544657400421,0.18990195870140736,0.0022812235829953948,0.07714641478090252,0.051244415790275805,0.1411128980820429,0.9903668674629409,0.567435511024438,1.2708682589852442e-15,4.316202823471562e-06,1.6888907962475663e-05
0.1053,14,0.9000544657400421,0.18990195870140736,0.005113890979188157,0.09757735534689434,0.11487622589783984,0.215979044422304,0.9796163608668477,1.2551517589128411,7.068151796182597e-16,4.386989763401299e-06,1.2551590197085183e-05
0.1053,15,0.9000544657400421,0.18990195870140736,0.0012202347071891258,0.05281081535624254,0.027410822491506438,0.11164716532696657,0.9937866735088758,0.4343479364380247,1.6789192113623926e-15,6.825968401185537e-06,3.4131988562058346e-05
0.1053,16,0.9000544657400421,0.18990195870140736,0.0015131197539551763,0.032589297777656484,0.03399006497659704,0.12790026208494487,0.9929179902778876,0.45799188688041004,2.2023493280097486e-15,5.371704270604872e-06,0.00010329190361435536
0.1053,17,0.9000544657400421,0.18990195870140736,0.0199866880175677,0.06357329446344394,0.44897227903365516,0.39008384584613165,0.9414615803917924,2.559732289805539,9.512097694957739e-16,2.3663046864760236e-06,0.04151138350293371
0.1053,18,0.9000544657400421,0.18990195870140736,0.001207738880248084,0.04924211259448815,0.02713012166227454,0.12184989669143366,0.9982482736076023,0.36284621765115244,1.463851638450298e-15,8.393860514721517e-06,2.3282766128396304e-06
0.1053,19,0.9000544657400421,0.18990195870140736,0.0010437752475084792,0.06788025064965936,0.02344691382888907,0.08624525858724798,0.9968684358946216,0.3201757610213132,1.4658884052653315e-15,4.542950188725675e-06,9.881347374895988e-06
0.1053,20,0.9000544657400421,0.18990195870140736,0.004154442281918165,0.07355731360124294,0.09332358706890787,0.20658476116261315,0.9787436732061778,1.100068305832428,8.589831302452015e-16,3.960906744897088e-06,8.54131888811116e-05
0.1053,21,0.9000544657400421,0.18990195870140736,0.0030599153060367913,0.052297407216086826,0.06873660845627638,0.1512392988370285,0.988802628676864,0.8377882233091078,1.0437495525007036e-15,3.050691291518961e-06,9.510823836200721e-05
0.1053,22,0.9000544657400421,0.18990195870140736,0.0017770640957361285,0.04286408175913774,0.0399191960343927,0.12483887020449158,0.9937013216032622,0.3692109225461375,1.7360692639884764e-15,3.0829650832778455e-06,0.00010744863079525935
0.1053,23,0.9000544657400421,0.18990195870140736,0.0049280449912861585,0.0736930357918205,0.11070146234200307,0.17917416344042295,0.9842747094390483,1.2636452880168392,9.00153048798006e-16,2.7512277576166305e-06,0.00011277883068627759
0.1053,24,0.9000544657400421,0.18990195870140736,0.0014087645780278364,0.06776731127566445,0.03164587562797288,0.12146323953020723,0.9978232725034625,0.4485955856307955,1.1150443896511987e-15,3.902884162837941e-06,1.1274446043874065e-05
0.1053,25,0.9000544657400421,0.18990195870140736,0.001066435544577657,0.040463857379408524,0.023955944900459568,0.1065266971454744,0.9958532835360708,0.33234637372900977,1.6277328484449887e-15,2.948428588806668e-06,3.646892061381912e-05
0.1053,26,0.9000544657400421,0.18990195870140736,0.0012180276786227953,0.05681715214478166,0.027361244760346223,0.13178445982115886,0.995012513350059,0.394911832749691,1.1374092705618325e-15,6.959936431938655e-06,5.360931948805714e-06
0.1053,27,0.9000544657400421,0.18990195870140736,0.0010341339519270487,0.039122592597353754,0.02323033595234305,0.11630687356733878,0.993490737158967,0.3412672791530005,1.8281447860654325e-15,5.752527170977672e-06,1.052518468847019e-05
0.1053,28,0.9000544657400421,0.18990195870140736,0.0013799550541334121,0.03880765769711563,0.030998710995724384,0.1079894961362027,0.9951402083190235,0.36916872279385515,1.9327065963749357e-15,4.1738533532358644e-06,0.0001547245948676501
0.1053,29,0.9000544657400421,0.18990195870140736,0.0013345258099870666,0.045133863719387296,0.029978208185992547,0.1146454017907117,0.9944120306533949,0.34131998644252515,1.830740927690148e-15,4.691977689982068e-06,8.163041188335995e-06
0.1053,30,0.9000544657400421,0.18990195870140736,0.006914813041462221,0.0844515011353491,0.1553313569305789,0.21682845525074038,0.9787656503665383,1.7814125216425076,9.009339669596397e-16,3.970244950369952e-06,3.736913973551026e-05
0.1053,31,0.9000544657400421,0.18990195870140736,0.001441104173922449,0.02295843900564053,0.03237233826445719,0.10787019097886909,0.9951098162753529,0.3611924993918425,3.807665189640397e-15,2.8590837419843e-06,0.0006411578097735848
0.1053,32,0.9000544657400421,0.18990195870140736,0.0031360959747186064,0.08429044520279133,0.07044789791085333,0.16178292405553032,0.9869391999525604,0.8035873769494382,7.633301238865158e-16,4.602785630079445e-06,1.1415852167490081e-05
0.1053,33,0.9000544657400421,0.18990195870140736,0.001518822778272146,0.099415134321274,0.03411817523792314,0.11009529467587761,0.9975431820487296,0.4013047268571288,1.2799381894607962e-15,5.024122120891714e-06,6.158376648468522e-06
0.1053,34,0.9000544657400421,0.18990195870140736,0.0017765570734642282,0.05533416990397679,0.0399078065062859,0.14277980800409937,0.9898209118997731,0.4871161601781422,1.5857410467570177e-15,3.714151558851709e-06,2.337173067767928e-05
0.1053,35,0.9000544657400421,0.18990195870140736,0.002126249030574217,0.042530870659874785,0.04776313475303752,0.14157306381212653,0.990095271539675,0.8465796209672851,1.3060192926743446e-15,3.831232823977053e-06,0.00010285466458226367
0.1053,36,0.9000544657400421,0.18990195870140736,0.003381949408372057,0.04943624614624628,0.07597064266569303,0.17682118959082832,0.9845735311977964,0.7329564707782393,1.2790532485341286e-15,3.7907674885161137e-06,0.0001331318741450982
0.1053,37,0.9000544657400421,0.18990195870140736,0.006294703499544184,0.052036450494178016,0.14140148550612164,0.2400985537919599,0.974238269475294,1.3944802957613855,1.0127453506677502e-15,2.631905597391332e-06,0.0008357167646990682
0.1053,38,0.9000544657400421,0.18990195870140736,0.005092381840736976,0.06118520651766033,0.11439305395349424,0.2187411722240423,0.9765121484659833,1.1900874960742676,8.762205132891066e-16,3.0596093971893703e-06,6.372054472286726e-05
0.1053,39,0.9000544657400421,0.18990195870140736,0.003087615739737486,0.05468847477355735,0.06935885896811161,0.16329960867946813,0.986677982656443,0.7048655525591814,1.3741969730656798e-15,3.292142084851471e-06,0.00021996983357164268
0.1053,40,0.9000544657400421,0.18990195870140736,0.0016989360932567657,0.06345472388489865,0.038164162519151154,0.1125456329674155,0.9964871495738211,0.459974084106078,1.1053458316402066e-15,3.288409774750018e-06,7.887471772938248e-06
0.1053,41,0.9000544657400421,0.18990195870140736,0.0016611719453518488,0.04768231984493323,0.0373158451022919,0.1125405105638078,0.9968703320828796,0.46231545971044197,1.1190099467380474e-15,4.592413941226117e-06,2.8507345722905697e-05
0.1053,42,0.9000544657400421,0.18990195870140736,0.0014705273315349923,0.06068421189545922,0.03303328729803687,0.1293025369316888,0.9938787943919214,0.49255874678192724,1.0641731685196188e-15,4.630415107415149e-06,9.770728898850223e-06
0.1053,43,0.9000544657400421,0.18990195870140736,0.001830501157577052,0.04832847900138061,0.04111958298287022,0.12300576401739628,0.9935543646013031,0.3916521376759441,1.6945775751997353e-15,4.465751227591391e-06,4.561608559827679e-05
0.1053,44,0.9000544657400421,0.18990195870140736,0.0015353655879660612,0.052468652269511466,0.0344897857300351,0.13942764856964174,0.9924865062581711,0.43739904853421274,1.3740930547579832e-15,5.886148463270381e-06,7.783244974080006e-06
0.1053,45,0.9000544657400421,0.18990195870140736,0.005609024519173891,0.06811263525606791,0.12599869069430852,0.1975535972327994,0.9802953557356926,1.4153328527414617,1.114216504996691e-15,2.527617033691861e-06,0.0006588287447812924
0.1053,46,0.9000544657400421,0.18990195870140736,0.0021383846980813728,0.08687927197261253,0.04803574511717053,0.11996346377625666,0.9932363144623578,0.4586325910722113,1.1373674322118925e-15,2.4544602699844633e-06,2.7381659927439017e-05
0.1053,47,0.9000544657400421,0.18990195870140736,0.008569085158202197,0.0893679361456224,0.19249220727965866,0.23345657210930781,0.979489303707329,1.4028655491303264,1.090584197515712e-15,2.285279939888063e-06,0.00010470014754648815
0.1053,48,0.9000544657400421,0.18990195870140736,0.005903365969544891,0.06977591841007291,0.13261064919743717,0.21574569885964548,0.9766773391555267,1.2835655150502938,1.1308295989146565e-15,3.843455873773911e-06,0.00043947570564562
0.1053,49,0.9000544657400421,0.18990195870140736,0.002416337817473249,0.07717733777440673,0.05427956327094342,0.15295870649711668,0.9923970935913848,0.46641781285571504,9.444411954048006e-16,4.487031935285234e-06,4.5407009103937135e-05
0.1053,50,0.9000544657400421,0.18990195870140736,0.0014350261463595194,0.07049941350023102,0.03223580409308473,0.11057411262135727,0.9973529518995907,0.4202910485386293,9.700831000883124e-16,3.5963783576308377e-06,1.1249328551454774e-05
0.1053,51,0.9000544657400421,0.18990195870140736,0.004080888837820181,0.05308601949573879,0.09167131444632923,0.24171256073243214,0.9703710344412361,1.1929767506337237,1.06475223879051e-15,4.8551267107012095e-06,0.00038120060227431196
0.1053,52,0.9000544657400421,0.18990195870140736,0.0027212755076535997,0.06460328448870688,0.06112955110300403,0.14377736632571625,0.9905360927995301,0.648024608609304,1.6610289656235792e-15,5.356512775025573e-06,0.0004218784146325927
0.1053,53,0.9000544657400421,0.18990195870140736,0.0016510895524501994,0.0597493894263272,0.03708935860712134,0.11375102787341888,0.9936045375609502,0.3879468261398147,1.1997271791705482e-15,3.1185829382572327e-06,3.0216177353215024e-05
0.1053,54,0.9000544657400421,0.18990195870140736,0.003081295998861751,0.05620241461433712,0.06921689505386094,0.1606676278181881,0.9871070666168187,0.7606369738456387,1.3476846317426651e-15,3.143705856728126e-06,5.6604575696672654e-05
0.1053,55,0.9000544657400421,0.18990195870140736,0.0011395750294579945,0.04847942172616127,0.025598918522963192,0.14054633243961676,0.9960339797236472,0.3163901399056339,1.5068062220712435e-15,6.014501278222839e-06,8.209667927916442e-06
0.1053,56,0.9000544657400421,0.18990195870140736,0.005453459949745999,0.09410166103091187,0.12250415577128679,0.1950251792237383,0.9812602233061358,1.0508104090077564,9.120991620010424e-16,2.126246755582012e-06,6.664070611883677e-05
0.1053,57,0.9000544657400421,0.18990195870140736,0.01656428612800913,0.1599528956530133,0.37209292939985833,0.37502412877975316,0.9414235920082525,2.624960987243406,4.0391374754662247e-16,2.2888423240335707e-06,0.00010766174602838685
0.1053,58,0.9000544657400421,0.18990195870140736,0.001532226503414943,0.06140816747153378,0.034419270698041994,0.11087721660317162,0.9943008060890249,0.44841704863088194,1.1961155832140517e-15,4.799365161539189e-06,4.798753356938246e-05
0.1053,59,0.9000544657400421,0.18990195870140736,0.002255814547442861,0.0489316368193885,0.050673638251243804,0.1386689877594347,0.991020865820412,0.6095260241859739,1.3523270669233712e-15,4.361885125635396e-06,2.8441288117075914e-05
0.1527,0,0.8583871993476365,0.2631714159961208,0.008359769493129277,0.08870255928476636,0.08893717562847732,0.2201030129033156,0.9809106357454783,1.1297750419697876,6.14822568301988e-16,1.6641343695923284e-06,0.0008197363348136921
0.1527,1,0.8583871993476365,0.2631714159961208,0.001593572703291081,0.04744867643857279,0.016953560203523475,0.08317154031491525,0.9974064690786221,0.25084254840412923,1.4452564968988178e-15,1.6239038535666825e-06,8.72100608373394e-05
0.1527,2,0.8583871993476365,0.2631714159961208,0.0011803173214356838,0.04961581667540776,0.012557055430790932,0.07552034010134126,0.9989024804891974,0.21990460037283643,1.4779592270966465e-15,1.9892728615480852e-06,1.3319017820201395e-05
0.1527,3,0.8583871993476365,0.2631714159961208,0.0016361071819542715,0.054841074759918354,0.017406072249727976,0.08491885431020753,0.9968582095815816,0.2634447563700846,2.0170555922117117e-15,2.4573967805779972e-06,6.346794046607762e-05
0.1527,4,0.8583871993476365,0.2631714159961208,0.0014864401916210414,0.05384701990828129,0.015813808322356286,0.07460412008638795,0.9984406458853793,0.279556486397762,1.4029494000210387e-15,1.4753876296420768e-06,4.888783455470058e-05
0.1527,5,0.8583871993476365,0.2631714159961208,0.012780549642065781,0.06774244983472505,0.13596858012401888,0.24769960009374162,0.9734424686917793,1.2255551199161188,8.417819266691169e-16,1.4775414857223966e-06,0.005863199376843209
0.1527,6,0.8583871993476365,0.2631714159961208,0.0015382138043851508,0.051486328310023276,0.016364612850532197,0.08339680558981484,0.9973924227839223,0.29615220515282237,2.1050560510264254e-15,1.1338735363606255e-06,3.5309998212773586e-05
0.1527,7,0.8583871993476365,0.2631714159961208,0.0013198309312304306,0.08701808205347276,0.014041300472125637,0.0920372660495574,0.9988367165582905,0.23760471563706198,1.0108474958557258e-15,3.030365007606992e-06,4.473807033736343e-06
0.1527,8,0.8583871993476365,0.2631714159961208,0.0031396180047500127,0.07933987271542331,0.03340149009183492,0.13257006618744813,0.9912217223383543,0.5764738335955988,1.178845667650348e-15,2.608413317992029e-06,0.0001640846298845977
0.1527,9,0.8583871993476365,0.2631714159961208,0.0013171578152004456,0.04216215900967361,0.014012861961945483,0.08776782273016225,0.9966386229677588,0.26919521857896545,1.479677057075761e-15,2.424440804216216e-06,0.0001324871752164114
0.1527,10,0.8583871993476365,0.2631714159961208,0.0026801286883899322,0.046663857390099595,0.02851311582958855,0.1064269583203882,0.9943205579887058,0.5244763998966613,1.5297868831932292e-15,1.2729326027402414e-06,0.0003237333387891006
0.1527,11,0.8583871993476365,0.2631714159961208,0.003349474300995716,0.05627269119903513,0.0356340906786436,0.13933541680712924,0.9902657793425806,0.6134269313257823,1.1014732811521153e-15,1.658741437846701e-06,0.0006099488080797411
0.1527,12,0.8583871993476365,0.2631714159961208,0.0012975549129611117,0.06015076621322044,0.013804312340963657,0.08593676912639034,0.9979034158325352,0.22103864897483883,1.3275691094943894e-15,2.7533176329985053e-06,3.380821273946122e-05
0.1527,13,0.8583871993476365,0.2631714159961208,0.0022365697674057664,0.08168368850965901,0.023794220447416976,0.10665073638082759,0.9946177990774903,0.5131613841354654,1.1801641166039706e-15,1.907045979105077e-06,1.2057961626760205e-05
0.1527,14,0.8583871993476365,0.2631714159961208,0.008693588170646572,0.06423724630505387,0.09248857622329301,0.19339047979855128,0.9834169345629832,1.2235752408749612,7.359362794894822e-16,1.480217162298038e-06,0.005188089586119604
0.1527,15,0.8583871993476365,0.2631714159961208,0.001391484286827391,0.04585693874466081,0.01480359984848215,0.08111262504757095,0.9975865281890551,0.30123162483441845,1.236813873479701e-15,9.945915607727277e-07,4.245072329545074e-05
0.1527,16,0.8583871993476365,0.2631714159961208,0.01354645549895601,0.08680109745013764,0.14411683155189733,0.3084334291822069,0.960810557084137,1.6456223256974207,5.792500254962661e-16,2.53319690868489e-06,0.00573184334768384
0.1527,17,0.8583871993476365,0.2631714159961208,0.0016401475156621079,0.024725725907012806,0.017449056194305285,0.08888172129939724,0.9965716391601983,0.30936339868642504,2.0862208203202228e-15,1.2391904845772959e-06,0.010972966936019901
0.1527,18,0.8583871993476365,0.2631714159961208,0.0014042809709509203,0.0506946821401403,0.01493974007869923,0.09308082835122077,0.9960399188031557,0.2650588113558725,1.6893638110613311e-15,1.7582092835775107e-06,2.5284887458620897e-05
0.1527,19,0.8583871993476365,0.2631714159961208,0.0014753194340779523,0.05595364607186948,0.015695497791480505,0.09194385818935055,0.9982226321735673,0.26994557897761506,1.7667861364936554e-15,2.7174805981477822e-06,1.1283695234842739e-05
0.1527,20,0.8583871993476365,0.2631714159961208,0.0013200879967143878,0.039346331801839676,0.014044035317639442,0.09074181929841761,0.9981249546246498,0.3004501362236043,2.286083164316598e-15,1.8870741796495266e-06,2.1835550728321884e-05
0.1527,21,0.8583871993476365,0.2631714159961208,0.0035851078545403097,0.07949565621884792,0.03814092806845225,0.1274902073272387,0.9920806734574533,0.8451797058188575,7.809429827445022e-16,1.8535866534667318e-06,6.270237702743486e-05
0.1527,22,0.8583871993476365,0.2631714159961208,0.0013567609107960517,0.10126153197624126,0.014434187869473496,0.10108626006984643,0.9989571602808398,0.28051733962303915,1.0265820167239378e-15,3.992154895974726e-06,5.03967488274526e-06
0.1527,23,0.8583871993476365,0.2631714159961208,0.003644458121331593,0.05989715286882309,0.038772338432763245,0.1426889916727648,0.9899566773243248,0.6901792591951716,1.4416076740932564e-15,1.9802680588060635e-06,0.00010264909519397403
0.1527,24,0.8583871993476365,0.2631714159961208,0.003927918252397416,0.056633490318247125,0.04178798898162016,0.11458390900274382,0.9935493017836932,0.8539219447239801,1.5460155967655926e-15,1.6866148283256707e-06,0.0006716735433123233
0.1527,25,0.8583871993476365,0.2631714159961208,0.0019499296601067648,0.07431645964000484,0.020744739048920387,0.09455068641740613,0.99650476974856,0.38809245100164413,1.3184101956651048e-15,1.9690163109988553e-06,2.4110692915968457e-05
0.1527,26,0.8583871993476365,0.2631714159961208,0.0009824015018264187,0.06652326373228537,0.01045148612978209,0.07470678569320507,0.9989026180854605,0.23702454154066466,1.4540710220995399e-15,2.6321503653084308e-06,6.73690872085575e-06
0.1527,27,0.8583871993476365,0.2631714159961208,0.009301904303873185,0.09107859826165092,0.09896027604981053,0.21045903181883613,0.9834072533608479,0.9420166115140445,8.878097769627513e-16,9.03723138259716e-07,0.0019721256394484854
0.1527,28,0.8583871993476365,0.2631714159961208,0.0049699092344499705,0.04972550597441252,0.052873430398427526,0.1605903543711695,0.9905267104522327,0.6331666867203081,1.5289397973495589e-15,1.0288534930506267e-06,0.00017338313257297955
0.1527,29,0.8583871993476365,0.2631714159961208,0.002643465773997049,0.04497481577408106,0.02812306966155826,0.13165166559859684,0.9917313526782613,0.5125816761824349,1.3763012766892836e-15,2.3636550504077673e-06,0.0002659041469226242
0.1527,30,0.8583871993476365,0.2631714159961208,0.002418681230598904,0.04057008788957877,0.0257316517604787,0.09604580337313542,0.9953826223922011,0.524303700449829,2.2668433408868968e-15,1.151186132407638e-06,0.00012984372952162815
0.1527,31,0.8583871993476365,0.2631714159961208,0.0014757570570565195,0.07454554494205821,0.015700153536083977,0.07553461261461981,0.9984206119773101,0.27626365901187455,1.4941102950892506e-15,1.8095381447712162e-06,1.7927395666417212e-05
0.1527,32,0.8583871993476365,0.2631714159961208,0.0017526844259360991,0.03615037389776214,0.018646303912911652,0.09026487432210317,0.9966550758360998,0.2979114174657588,1.9549436864127543e-15,1.9821729882813036e-06,0.0009238723721396447
0.1527,33,0.8583871993476365,0.2631714159961208,0.007365321966591962,0.08882995897798676,0.07835753531738454,0.14916888126109035,0.989342313788009,0.9440853759090229,9.6754110040571e-16,1.1347212189241636e-06,0.0003187105093248599
0.1527,34,0.8583871993476365,0.2631714159961208,0.0016419723607317984,0.0664011903474609,0.017468470194486878,0.09526629421874629,0.9961626476888674,0.3448539094215266,1.167721545392408e-15,2.203295594932916e-06,1.488224335437563e-05
0.1527,35,0.8583871993476365,0.2631714159961208,0.0015826399659831973,0.08791082366908244,0.01683724996568136,0.0771960172866876,0.9990170759310469,0.2740663921785136,1.3319822413691032e-15,1.7304875561189977e-06,6.721511082115328e-06
0.1527,36,0.8583871993476365,0.2631714159961208,0.0016375806798132383,0.07447749895812164,0.017421748368307427,0.09894596306057589,0.997939884947043,0.32491513140504313,9.756106299230626e-16,2.284582982247599e-06,1.0518890750543797e-05
0.1527,37,0.8583871993476365,0.2631714159961208,0.00498895159428971,0.11748438125600748,0.05307601657055096,0.17368960702161518,0.9856781200950133,0.8182791587355265,5.963436917986952e-16,1.906183923939757e-06,0.00016719294646200256
0.1527,38,0.8583871993476365,0.2631714159961208,0.002376646966762897,0.03498659845699996,0.02528446135549573,0.09678216761952287,0.9954167139973357,0.4597632427538658,2.315859114691538e-15,1.255839590638497e-06,0.0010296117609538413
0.1527,39,0.8583871993476365,0.2631714159961208,0.008031818420953199,0.04527568787301286,0.08544819879393145,0.19720736779491066,0.9863827152244057,1.03445537166145,1.5835780634085738e-15,1.2959336503112264e-06,0.0027683234747950536
0.1527,40,0.8583871993476365,0.2631714159961208,0.0016861624436927557,0.04834804249003618,0.017938595737130792,0.07285896744629844,0.9973447333186202,0.27147651334993417,1.9309066138186803e-15,1.1223063352357056e-06,0.00018048387948965683
0.1527,41,0.8583871993476365,0.2631714159961208,0.001527739476770747,0.08441415591783233,0.016253179501155984,0.09096360848690267,0.996777830124259,0.2976004256218219,8.526186822452343e-16,2.803354137842883e-06,1.5159451128843315e-05
0.1527,42,0.8583871993476365,0.2631714159961208,0.0011085566311634359,0.03974765289723618,0.01179361415179286,0.06923907246158098,0.9979011417192645,0.2780215689422365,1.996057336851445e-15,1.472872813946389e-06,6.139357755385877e-05
0.1527,43,0.8583871993476365,0.2631714159961208,0.0019372628161303022,0.05599732599335563,0.020609980150565713,0.09155701034211688,0.9958036644473426,0.3601049470111115,1.386916447875563e-15,1.1973704860952017e-06,3.962933524270795e-05
0.1527,44,0.8583871993476365,0.2631714159961208,0.0011875300478368525,0.06961478688451977,0.012633789545915538,0.08934831492546559,0.99826758157832,0.21554669119728498,1.294586799497253e-15,2.9749759668935894e-06,5.893620070612782e-06
0.1527,45,0.8583871993476365,0.2631714159961208,0.0014666754802206998,0.04671447660261455,0.015603537260396618,0.08578038327383519,0.9976679227073211,0.2665298370799887,1.3471202669441028e-15,1.5031961977025087e-06,4.310830450204861e-05
0.1527,46,0.8583871993476365,0.2631714159961208,0.0012696057387175965,0.03871648244482845,0.013506969140243904,0.09010616212848271,0.9975634651931423,0.266212079371573,1.797221499496436e-15,3.010689746840123e-06,0.00015990583083613785
0.1527,47,0.8583871993476365,0.2631714159961208,0.0029442555508917253,0.06587647024408556,0.031323085312338905,0.10655898155304776,0.9943134982163121,0.4059933228635635,9.69139722365965e-16,1.4658297709617729e-06,0.00010364068957513517
0.1527,48,0.8583871993476365,0.2631714159961208,0.0016608884427860367,0.04441546652603451,0.017669712933684793,0.10470544585079056,0.9972405427222862,0.30448911902222253,1.4806147885283975e-15,2.033073794775784e-06,2.0610318659075588e-05
0.1527,49,0.8583871993476365,0.2631714159961208,0.0008716364704346811,0.032384794953977274,0.009273088919371304,0.08621225524697798,0.9967221515627219,0.20000033110334448,1.822721447186371e-15,1.4681496433541508e-06,0.0001101455169019161
0.1527,50,0.8583871993476365,0.2631714159961208,0.006780956604862685,0.1222060329351696,0.07214064083841235,0.12694310564168226,0.9925694561832082,0.9811689617987382,8.1356281449318905e-16,1.060830004238332e-06,0.00010943321993647781
0.1527,51,0.8583871993476365,0.2631714159961208,0.011492935976694471,0.09995022511911325,0.1222700298478571,0.2275091554940888,0.9815376951773894,1.0885507720771557,5.824928940227825e-16,2.0917496038604773e-06,0.0004059861602193626
0.1527,52,0.8583871993476365,0.2631714159961208,0.0018525723584605649,0.053689204112848034,0.019708982806796817,0.08318173911733766,0.9976014972656436,0.2677349297293681,1.5852407759314954e-15,1.5672520388657116e-06,0.00021678945161607288
0.1527,53,0.8583871993476365,0.2631714159961208,0.0017225678847269555,0.03733657596066126,0.0183259027203858,0.0909951310564488,0.9964378982716725,0.31726431577531455,2.20257333496737e-15,1.5960589630497307e-06,0.00011726801083278282
0.1527,54,0.8583871993476365,0.2631714159961208,0.0097753101942971,0.08855830447939962,0.10399670472823179,0.23563243287640115,0.9780422910918009,1.0231243553661338,6.571849949433026e-16,1.1842424333149492e-06,0.0006105413982209207
0.1527,55,0.8583871993476365,0.2631714159961208,0.0019555195666752243,0.04234402778933557,0.02080420845207015,0.09078910544632245,0.9960527979713741,0.3599666483998143,1.6896347051209958e-15,1.7980006694075613e-06,0.00017639676489622502
0.1527,56,0.8583871993476365,0.2631714159961208,0.001262942203963389,0.06586227207909985,0.01343607771659539,0.08722994604497858,0.9973914354533622,0.2329213218897368,1.0401040496480806e-15,2.678952448976641e-06,1.785826584438377e-05
0.1527,57,0.8583871993476365,0.2631714159961208,0.0032272891187543565,0.05401221182536852,0.03433419777835153,0.09482193220206653,0.995549164926876,0.424743323013989,1.3533818229945065e-15,1.1008793266308459e-06,0.001030596226272884
0.1527,58,0.8583871993476365,0.2631714159961208,0.0026257667997737714,0.06255492827585381,0.027934775381406974,0.08983431932579691,0.9959589519860452,0.5826490276080829,1.1910739011019854e-15,1.1521658063955714e-06,0.00021497885408972017
0.1527,59,0.8583871993476365,0.2631714159961208,0.001309095066672455,0.049416296045661265,0.013927084706666908,0.08038343410846406,0.9969345319510522,0.21985711840947442,1.4086005937171954e-15,1.7924216886032135e-06,0.00017898723570630715
0.2216,0,0.8012357945621662,0.3580212015123343,0.001012269762432687,0.07099968672027664,0.00506990076016295,0.049392863238337456,0.9991708842396971,0.16567418380589638,2.0788002695571817e-15,1.0231265443997173e-06,1.6707152921791035e-05
0.2216,1,0.8012357945621662,0.3580212015123343,0.0020216466794002333,0.04606611109741856,0.01012531285340423,0.07621755066680078,0.9971699692987979,0.24373302771043548,1.6569799710378887e-15,1.0554577514934518e-06,0.0017115095295436866
0.2216,2,0.8012357945621662,0.3580212015123343,0.001004683331483709,0.04683976514346111,0.005031904513053172,0.06889182050805077,0.9985343300133057,0.14915209346177272,1.7361338282129551e-15,1.1695998311855855e-06,7.186944322690181e-05
0.2216,3,0.8012357945621662,0.3580212015123343,0.011709373827541777,0.0723644267510665,0.05864579331760275,0.19035604374529363,0.987314308181091,0.7792511864242289,9.40639805784774e-16,5.852035412100965e-07,0.010535461068230223
0.2216,4,0.8012357945621662,0.3580212015123343,0.0009666497289823351,0.03662580836572957,0.004841415181661842,0.04384346002959221,0.9990477683822505,0.1395130014961461,3.389153393616423e-15,4.1540670052577445e-07,0.00012308649849512854
0.2216,5,0.8012357945621662,0.3580212015123343,0.0010472647246155542,0.03752783836378458,0.005245171218648663,0.06963126757259115,0.9976500726277937,0.15915303810049286,2.0403285153864886e-15,1.4131538086648313e-06,0.00014013287996172963
0.2216,6,0.8012357945621662,0.3580212015123343,0.003744717959980456,0.040735604868597064,0.01875522626130326,0.10281711341820299,0.9952503020218023,0.47624618209728586,1.9368549039327653e-15,5.656100850237179e-07,0.003141057515925194
0.2216,7,0.8012357945621662,0.3580212015123343,0.001145934703859841,0.049411167596705795,0.005739354707419153,0.05369443102595875,0.9993937793461044,0.17370182359958664,2.4923773754670843e-15,1.2165993472327687e-06,4.451360432000673e-05
0.2216,8,0.8012357945621662,0.3580212015123343,0.002685977806469527,0.07246357892233923,0.01345258095043236,0.0750714190296072,0.9972799473640364,0.2920328136927326,1.1913689301487992e-15,7.299878644336769e-07,4.7108045118850195e-05
0.2216,9,0.8012357945621662,0.3580212015123343,0.0012024456199767773,0.05617962688923217,0.006022386708582787,0.062384026454520985,0.998860347467205,0.15101346458102416,2.0620545529538964e-15,9.434551759240243e-07,0.00010199664926879848
0.2216,10,0.8012357945621662,0.3580212015123343,0.001390771065584594,0.06976041767969955,0.0069656049645055295,0.06175273732027833,0.9993360340283501,0.16827695925134922,1.2577779882204865e-15,1.3686091406522203e-06,1.2526736575702024e-05
0.2216,11,0.8012357945621662,0.3580212015123343,0.0013576726983298443,0.05411241150911509,0.0067998335036434255,0.06391771338598931,0.999024815710277,0.18315486025547179,1.482556039403843e-15,9.746891956156206e-07,2.2920633596879014e-05
0.2216,12,0.8012357945621662,0.3580212015123343,0.0028161013360305763,0.07289089436537802,0.014104297919485387,0.06839985119922237,0.9977088340060516,0.4451728499550658,1.7615522083866185e-15,4.497956410526099e-07,0.00012287814406164443
0.2216,13,0.8012357945621662,0.3580212015123343,0.003723450810123045,0.035887329784887935,0.0186487108409775,0.10283492377700434,0.9950352719037627,0.5183418321309752,1.8272277137072186e-15,6.002824488604396e-07,0.0024616271400228484
0.2216,14,0.8012357945621662,0.3580212015123343,0.01878650305025431,0.1121608094763559,0.09409122906762854,0.22812574752012996,0.9803928684766491,0.9141777842552772,6.567959556952356e-16,1.2222623345720628e-06,0.005595084907007886
0.2216,15,0.8012357945621662,0.3580212015123343,0.000889332246107682,0.04018962803654274,0.00445417456681028,0.06027328895531974,0.9988845992904293,0.16268097298394402,2.065994684244292e-15,1.2701254013498016e-06,3.8812268428278784e-05
0.2216,16,0.8012357945621662,0.3580212015123343,0.001576559041732132,0.05133797131245322,0.00789611443585031,0.0657522309740106,0.997935570331142,0.2413771367786275,1.7024034713089192e-15,1.224552032502173e-06,0.00020210469056181068
0.2216,17,0.8012357945621662,0.3580212015123343,0.006501983429991297,0.07566436184750552,0.032564847788261186,0.1509218082443698,0.9898331720474572,0.6470986627457096,9.125220216648648e-16,6.224659634819133e-07,0.0007003829235125991
0.2216,18,0.8012357945621662,0.3580212015123343,0.0018998097556589292,0.05173604723617181,0.009515098921094844,0.062186756750400814,0.9981567865508925,0.2988198712989897,1.828223880428788e-15,6.924150506960164e-07,0.00025991977704187263
0.2216,19,0.8012357945621662,0.3580212015123343,0.001536337034869824,0.06077622944510576,0.007694664594380746,0.06625382727850625,0.9979983930286231,0.19514919128856922,1.2195489809736936e-15,1.0365029677575382e-06,2.7542815750306038e-05
0.2216,20,0.8012357945621662,0.3580212015123343,0.0009715354815773699,0.040985540956322127,0.004865885220889352,0.061626196238630054,0.9988370936077191,0.13286075264407815,1.6641515952457636e-15,1.6033410805996675e-06,0.00018251315146344815
0.2216,21,0.8012357945621662,0.3580212015123343,0.0023659908139064094,0.047910688938435336,0.011849942644869141,0.07948046850655686,0.9968364791005283,0.32357415199135753,1.4986080403271973e-15,7.265161730420096e-07,0.0006445514356625548
0.2216,22,0.8012357945621662,0.3580212015123343,0.0015212293042372194,0.06362514461259489,0.00761899830673575,0.06137607017638472,0.9982013890928342,0.23387457729171568,2.1710002298100174e-15,9.84779239542793e-07,6.416677302922835e-05
0.2216,23,0.8012357945621662,0.3580212015123343,0.001531179075495651,0.12591450354862818,0.0076688312215758905,0.05801493356171682,0.9991155191694671,0.1934591424459553,1.560352118312685e-15,1.1593338520500732e-06,6.241561889164249e-06
0.2216,24,0.8012357945621662,0.3580212015123343,0.008587212315644235,0.0768582547400448,0.04300860883381402,0.12484008556157196,0.992954240755415,0.7861603583138859,1.0156629213822643e-15,5.270846222863118e-07,0.004074121232719108
0.2216,25,0.8012357945621662,0.3580212015123343,0.0009020086761561433,0.10643379821925221,0.004517663811203392,0.04484979295327883,0.9994858051185415,0.14603509770648504,1.8409380904066754e-15,1.3218232328168508e-06,9.68793493094644e-06
0.2216,26,0.8012357945621662,0.3580212015123343,0.0008340554486584764,0.0408803736406342,0.004177323585177074,0.055738464867611276,0.9994268718827489,0.13511842418574127,1.945533631550604e-15,9.692808312687286e-07,2.0505983785223947e-05
0.2216,27,0.8012357945621662,0.3580212015123343,0.020877876551417658,0.09707472159115971,0.1045657651022241,0.24214989260542968,0.9770356210180511,1.1921062075386153,7.365164325250566e-16,8.272004367101256e-07,0.010748992715751582
0.2216,28,0.8012357945621662,0.3580212015123343,0.006775811909899057,0.08916891714530506,0.03393630357007006,0.11812105064012346,0.9939529069187393,0.5364764609586872,8.342688283160101e-16,5.974131510863317e-07,0.0017502620238010191
0.2216,29,0.8012357945621662,0.3580212015123343,0.0008733165105240541,0.033875789027440734,0.004373960583321457,0.04542641559770392,0.999184149509951,0.12256838838835371,2.550668743626761e-15,7.520917789595253e-07,0.00010323869233452854
0.2216,30,0.8012357945621662,0.3580212015123343,0.008952158660486303,0.10781792235358559,0.044836423730395536,0.14113502315768567,0.9919372301108513,0.8165012242436935,9.144321745138155e-16,7.981048615135542e-07,0.0003583394090893588
0.2216,31,0.8012357945621662,0.3580212015123343,0.0013773839793033466,0.042963181375298205,0.006898556435118907,0.07349620094251039,0.9975437151725522,0.22014932917533714,1.9874686656581066e-15,8.774635574397183e-07,8.22910943505395e-05
0.2216,32,0.8012357945621662,0.3580212015123343,0.0012279893551010671,0.06116811813497891,0.006150321185073342,0.05884726603002751,0.9993843114211948,0.17444241298097785,1.706126885328316e-15,1.0593517851343446e-06,1.6698294197814434e-05
0.2216,33,0.8012357945621662,0.3580212015123343,0.0026326745217840936,0.07230726547428522,0.013185614205425182,0.07665059720955976,0.9970789791986268,0.27744459084935014,1.719449216266387e-15,6.884572774030733e-07,0.00018580186538963428
0.2216,34,0.8012357945621662,0.3580212015123343,0.0013294598092838475,0.05965092143984158,0.006658530707759308,0.05939239548383634,0.9988180106956703,0.17977596711115273,1.7361650023667678e-15,8.082684667264222e-07,0.00010582795826830083
0.2216,35,0.8012357945621662,0.3580212015123343,0.05438579812097167,0.12034808066152633,0.272388457571771,0.4016064956859345,0.9573287713213764,1.6779693865709833,7.685281429244773e-16,5.823989109330626e-07,0.06282736576599013
0.2216,36,0.8012357945621662,0.3580212015123343,0.0011082724720132835,0.03796483529039103,0.005550725366748716,0.06002003092122602,0.9985680619274394,0.15593331308429037,2.471703765265876e-15,7.767726270216239e-07,6.771224909440932e-05
0.2216,37,0.8012357945621662,0.3580212015123343,0.0012936137025788062,0.06616790801022042,0.006478997335947413,0.05923772463937685,0.9993787407590853,0.17591501095812356,1.2457120666934729e-15,1.1579682939891505e-06,1.731346826838731e-05
0.2216,38,0.8012357945621662,0.3580212015123343,0.0019188772378821183,0.05451345571221556,0.00961059741982054,0.07432279232647829,0.9972363172405764,0.23763958201198765,1.761977652197845e-15,1.0367015440900875e-06,0.00020490085897884036
0.2216,39,0.8012357945621662,0.3580212015123343,0.00961579139155839,0.07360085019445121,0.04816019394718615,0.17384863900946576,0.98748879770293,0.8487015157201547,1.2513228186060953e-15,6.70403311699958e-07,0.0082723286418378
0.2216,40,0.8012357945621662,0.3580212015123343,0.04037863713236149,0.17216771820655846,0.20223431607769313,0.3550601764210873,0.9660485538848412,1.7215708820614206,5.778556946600588e-16,8.96794889588917e-07,0.047956523456793576
0.2216,41,0.8012357945621662,0.3580212015123343,0.0028198471502195047,0.03753696773904826,0.014123058636152682,0.0910119771085033,0.9961935276550944,0.3142794248709171,1.753526256797426e-15,4.6197033995062784e-07,0.0011790565263247732
0.2216,42,0.8012357945621662,0.3580212015123343,0.0014602524680962783,0.039692717662156415,0.007313598976066856,0.05582420470729534,0.9984749205811527,0.1954261202576204,2.267077205390007e-15,4.922018515579266e-07,0.0006553307760726046
0.2216,43,0.8012357945621662,0.3580212015123343,0.001051047816792074,0.029939817272581704,0.005264118640189145,0.06100266136906985,0.9988557542885312,0.13854728312573217,2.0772499698825323e-15,1.4946835595265077e-06,0.0012360963019284466
0.2216,44,0.8012357945621662,0.3580212015123343,0.008609797919353134,0.08937866996060426,0.043121727662077114,0.14499148721184643,0.9913292659633682,0.7317952557873413,1.0321901232827043e-15,6.48748151956285e-07,0.0005043429664400856
0.2216,45,0.8012357945621662,0.3580212015123343,0.000993503033454243,0.03587752941912413,0.004975908568511448,0.07441096762137135,0.9979229725079513,0.16929450995525297,1.791728383900499e-15,1.2815154550238948e-06,5.156666345812466e-05
0.2216,46,0.8012357945621662,0.3580212015123343,0.0013097213230029597,0.05625793609867571,0.006559671519908577,0.04962556150798604,0.9993323051871197,0.1885466214421525,2.3113320590772785e-15,7.988400084968213e-07,3.7489074331209515e-05
0.2216,47,0.8012357945621662,0.3580212015123343,0.0008224297197550485,0.04161634769578283,0.004119096723136578,0.03800102126213283,0.9992780052291326,0.1523464701608157,1.942148085354167e-15,6.648923926569247e-07,6.589102968701521e-05
0.2216,48,0.8012357945621662,0.3580212015123343,0.0025599340419210264,0.08136088256258271,0.012821297273477982,0.0947302096448769,0.9955056940801008,0.36555883022530855,8.970742868553926e-16,1.1174231466008957e-06,3.13535042353319e-05
0.2216,49,0.8012357945621662,0.3580212015123343,0.0010170167861436024,0.06026608679147969,0.005093675982948072,0.06739209883430847,0.9989009685115361,0.19165528622711614,1.2105251771762472e-15,1.535585982813703e-06,4.246260710427663e-05
0.2216,50,0.8012357945621662,0.3580212015123343,0.001815713982901758,0.039892737154743715,0.009093909591875485,0.06986134471712621,0.9975814719572681,0.3255504111165928,1.6440447514113742e-15,6.241020106513117e-07,0.0005379139411176848
0.2216,51,0.8012357945621662,0.3580212015123343,0.0012655170756850325,0.03659142906236042,0.006338276833040728,0.04705939158794198,0.9990476030235544,0.2363082816516795,2.249453502140975e-15,7.404960758729978e-07,0.0002504405766696749
0.2216,52,0.8012357945621662,0.3580212015123343,0.0008500020524421992,0.06561060173105646,0.004257191325620902,0.048859561608501335,0.9991446998458664,0.14092164185225053,1.7378797904946288e-15,1.2437265607284897e-06,1.2021600857170522e-05
0.2216,53,0.8012357945621662,0.3580212015123343,0.002900387945515259,0.058568506327633454,0.014526443044586236,0.09038181795805753,0.9960777054113167,0.36582237712529064,1.4085462921506956e-15,7.623889088371362e-07,0.00019097936966272488
0.2216,54,0.8012357945621662,0.3580212015123343,0.0060245903394582434,0.06628466322108756,0.030173849180564424,0.1444364573294989,0.9900396849747624,0.6543349008467048,1.3117371426702253e-15,8.583225797044282e-07,0.0017950952431740053
0.2216,55,0.8012357945621662,0.3580212015123343,0.0014031963087381308,0.07699294654931127,0.007027836152324425,0.05937464075633653,0.9982841201578713,0.21543329010304957,1.836526970161658e-15,8.943933249981991e-07,8.494945454451397e-05
0.2216,56,0.8012357945621662,0.3580212015123343,0.001628590506055108,0.05790879558760351,0.00815671133433861,0.07537203227201951,0.997690425389804,0.217618306478915,1.4224134184134991e-15,1.2055571101217879e-06,7.309746733247247e-05
0.2216,57,0.8012357945621662,0.3580212015123343,0.0012274759030732993,0.058539235789284015,0.00614774958714312,0.06002143062783748,0.9990001127075083,0.19805748717962324,1.876542181965351e-15,9.919393986218257e-07,2.66477853823055e-05
0.2216,58,0.8012357945621662,0.3580212015123343,0.002420020485708811,0.04331685128040819,0.012120547462189829,0.08388101222565639,0.996655058108249,0.29169501992777636,1.811274875671167e-15,7.239560521460146e-07,0.0009668544293106596
0.2216,59,0.8012357945621662,0.3580212015123343,0.0008649891190160091,0.05616687076300929,0.0043322532735670435,0.05670832077885725,0.9990019738633659,0.12714547274178445,1.5952571349257693e-15,1.2381189535626928e-06,2.371065308925946e-05
0.3215,0,0.7250606300274414,0.4742870827842097,0.001120922015074497,0.03193746951807819,0.0026196390362853744,0.044428905151447824,0.9990442345324703,0.12704782368822065,2.325110719335852e-15,5.91052489726947e-07,0.0006726357963804386
0.3215,1,0.7250606300274414,0.4742870827842097,0.0023890489689880156,0.050973156769073165,0.005583301830629481,0.06100608129682057,0.998173354490762,0.26162639627098905,2.081559311667707e-15,3.937534039202877e-07,0.0031981090927075684
0.3215,2,0.7250606300274414,0.4742870827842097,0.005186457202450559,0.11874890533529646,0.012120955396401907,0.06453157566683404,0.9980428381400025,0.43275789613369886,1.5663226603071362e-15,3.529510359327948e-07,0.00025049241369938524
0.3215,3,0.7250606300274414,0.4742870827842097,0.0008865524168089425,0.087392171176849,0.002071908025315662,0.04093745513014573,0.9996517412056899,0.09203288467009374,3.847545271271173e-15,7.583993288712622e-07,3.89791519300256e-05
0.3215,4,0.7250606300274414,0.4742870827842097,0.0016121235526671605,0.047498302338434724,0.003767596436761287,0.06189146053928243,0.9980879839218343,0.23407496570715658,2.0546974926825287e-15,6.060337372477061e-07,0.00012939094586964656
0.3215,5,0.7250606300274414,0.4742870827842097,0.0008986907764870899,0.029924638543816964,0.0021002758514638772,0.041658028837582496,0.9991368704284547,0.10287421124113916,3.0268777764331828e-15,5.047586900076905e-07,0.0003736112414352011
0.3215,6,0.7250606300274414,0.4742870827842097,0.0032535868155642526,0.04773655564872429,0.0076037609355268845,0.0678714831199625,0.997774375358657,0.3162632905210603,1.6503066229506398e-15,3.681019678653364e-07,0.001956487428483644
0.3215,7,0.7250606300274414,0.4742870827842097,0.0014170192871678956,0.055334096183060774,0.003311630059819627,0.05930611810345395,0.9986069742366103,0.1338386850499811,1.6784939422173962e-15,7.196900992570846e-07,0.00014050630740092274
0.3215,8,0.7250606300274414,0.4742870827842097,0.003415269045708453,0.08054872739172665,0.007981618695356215,0.06577874155551922,0.9979358292563825,0.3653938381271571,1.794602937145038e-15,3.632073210741018e-07,0.00026886835755275673
0.3215,9,0.7250606300274414,0.4742870827842097,0.0010199959474935416,0.07278623462201078,0.0023837708288113,0.03667278970502095,0.9995675954627015,0.10924327905099407,3.647900393669063e-15,5.941371230277333e-07,7.009468266094832e-05
0.3215,10,0.7250606300274414,0.4742870827842097,0.010681353339515356,0.0812033384673465,0.02496274476926204,0.10901008401988685,0.9945471650582222,0.5177552534166379,1.1869803260011128e-15,4.755608980359862e-07,0.010961445884997145
0.3215,11,0.7250606300274414,0.4742870827842097,0.0007777927045994074,0.05477566453052029,0.001817732280841292,0.0357372605097879,0.9995312189681823,0.08536737900599745,4.002808591234173e-15,5.138853451305002e-07,6.742985068808327e-05
0.3215,12,0.7250606300274414,0.4742870827842097,0.0009383680855871387,0.07218169606528037,0.0021930032904609043,0.0317279121158703,0.9996431825292758,0.11700123760556336,2.8045883442753902e-15,4.98370799094536e-07,0.00022219534542257738
0.3215,13,0.7250606300274414,0.4742870827842097,0.0008427423075833428,0.036323596924273734,0.0019695220691403935,0.04263405004084694,0.999498139329324,0.09734753631786086,2.44359841200502e-15,6.731919183286085e-07,9.483371434493293e-05
0.3215,14,0.7250606300274414,0.4742870827842097,0.016245122264598164,0.08750663247962888,0.03796549256884899,0.15223550135454803,0.9910597454518523,0.73012840323273,9.687081645192363e-16,4.231555967684673e-07,0.011033053784649027
0.3215,15,0.7250606300274414,0.4742870827842097,0.0007253495971277698,0.03134696714289515,0.0016951706666796852,0.03734500673463928,0.9995448050598277,0.08401880546718044,3.942657135128003e-15,4.3563255366436403e-07,0.0001526793163586504
0.3215,16,0.7250606300274414,0.4742870827842097,0.0029898805005030057,0.05577472082121206,0.006987468858326945,0.05357946214265994,0.9989813523129167,0.25128535464344104,2.244913399309792e-15,3.75848820743764e-07,0.001098737137792405
0.3215,17,0.7250606300274414,0.4742870827842097,0.001369309757488473,0.05003423022159507,0.00320013100397967,0.041804853318010926,0.9991432970921018,0.1466625719439516,2.6236458999472456e-15,5.329992363525551e-07,0.0008239206890956474
0.3215,18,0.7250606300274414,0.4742870827842097,0.0010321043584168464,0.03958047952642581,0.002412068663536194,0.038109125190164996,0.9992980655063864,0.10114249685903864,3.1802765085371406e-15,5.521298528587067e-07,0.0003152012378850877
0.3215,19,0.7250606300274414,0.4742870827842097,0.0007735184113801366,0.07138395452414807,0.001807743088712713,0.03371467812634243,0.9994731050600993,0.10411073468999632,3.0647309065034283e-15,5.808269723937141e-07,8.177152575439273e-05
0.3215,20,0.7250606300274414,0.4742870827842097,0.005342088414369651,0.08912551536540826,0.012484671687566522,0.07903129981202607,0.9970133772290531,0.3882823120068486,1.5626148307438957e-15,4.3127069220100393e-07,0.0020954591766478847
0.3215,21,0.7250606300274414,0.4742870827842097,0.019132898980035257,0.09995964503461473,0.044714340847408475,0.17266630308687048,0.9885829572952877,0.7081354244626055,6.445530351100233e-16,4.83692904012179e-07,0.03123822795344733
0.3215,22,0.7250606300274414,0.4742870827842097,0.0024501548379417476,0.037405946068966925,0.005726108660636027,0.058926168780737045,0.9983772963132101,0.27023080414400646,1.8685173957276507e-15,4.097250215227293e-07,0.002243397491564547
0.3215,23,0.7250606300274414,0.4742870827842097,0.0013375497520175471,0.03969527297517015,0.0031259066163725254,0.04506832592092672,0.998997543930192,0.15451723583746713,2.806704336859411e-15,4.4040063385168254e-07,0.000453155263139271
0.3215,24,0.7250606300274414,0.4742870827842097,0.0007091370161341156,0.05471560310080787,0.0016572812243467235,0.0325331894398099,0.9996269431362389,0.07911604593087018,2.1073562765973576e-15,5.917426471042088e-07,5.4242739469828605e-05
0.3215,25,0.7250606300274414,0.4742870827842097,0.006465490313510333,0.06748591301482783,0.015110106310893517,0.08595318276784099,0.9967365433897498,0.4599177209911396,1.3648245920060383e-15,4.447825618045094e-07,0.002012903843788938
0.3215,26,0.7250606300274414,0.4742870827842097,0.0027735948612602453,0.05202844654432115,0.006482000774081479,0.06277620735238779,0.9982178728026531,0.25300836611393507,1.873325632046215e-15,4.229169804988203e-07,0.0005627714897284974
0.3215,27,0.7250606300274414,0.4742870827842097,0.0007266935908815263,0.05501948139688619,0.001698311633182721,0.027373668589613667,0.9997880753733147,0.08272487964525244,3.715004055844554e-15,4.0100931964204e-07,0.00010806069207408564
0.3215,28,0.7250606300274414,0.4742870827842097,0.004624144433383755,0.10769279568389101,0.010806808238402493,0.06575308125606173,0.9981179964660605,0.3988772484817331,1.1986301504306893e-15,3.6017416683379266e-07,0.0001357305095038286
0.3215,29,0.7250606300274414,0.4742870827842097,0.00098300291947316,0.06016053399918433,0.0022973166607520253,0.05260416255932203,0.9993688594908032,0.11130075379727455,2.187349535533603e-15,5.972528775405644e-07,3.164449039128048e-05
0.3215,30,0.7250606300274414,0.4742870827842097,0.012116772575285236,0.10932333709371274,0.02831737623593708,0.1299918231249405,0.9923611997193096,0.602498801256165,1.1420300400749737e-15,6.148667410298822e-07,0.004009645436805487
0.3215,31,0.7250606300274414,0.4742870827842097,0.0010143061532973318,0.02807640185050328,0.002370473554973896,0.043419210052173425,0.9990781094279113,0.09631989176800415,3.773813509776058e-15,4.797173030758822e-07,0.0012465923621844954
0.3215,32,0.7250606300274414,0.4742870827842097,0.0010568755207676361,0.04904668457057753,0.0024699598486459633,0.055766813267766335,0.9992282798282903,0.09103839054343421,2.2493172131374554e-15,8.403089057467676e-07,4.920227721716408e-05
0.3215,33,0.7250606300274414,0.4742870827842097,0.0008684165270818303,0.052066864870760975,0.0020295237344836563,0.03426919363201188,0.9994904139816592,0.0949927442035956,4.344190618396959e-15,4.960602514062093e-07,0.0004388232671951875
0.3215,34,0.7250606300274414,0.4742870827842097,0.0007171576889729125,0.04476254493434862,0.0016760258536636793,0.03941663100284869,0.9996927985785526,0.0750703185934416,2.8475482504829894e-15,5.199951933256989e-07,5.026750162429039e-05
0.3215,35,0.7250606300274414,0.4742870827842097,0.0009602691115186988,0.12003426685266508,0.002244186853361312,0.03938635930496631,0.999632624102564,0.09737721351221329,2.6695051160502215e-15,8.250126118969993e-07,0.0001538299369137977
0.3215,36,0.7250606300274414,0.4742870827842097,0.0010556079411366357,0.06779510937284369,0.00246699746496689,0.03504414774099688,0.9995088108816782,0.08384906906561107,3.3291388990689415e-15,6.296606708403262e-07,0.00041236145048384465
0.3215,37,0.7250606300274414,0.4742870827842097,0.001521333109174696,0.045422846509229814,0.003555415583235353,0.04631167073476796,0.9989613887897372,0.14612710681639385,2.4565681001417914e-15,4.5032170429139057e-07,0.0009595872946317474
0.3215,38,0.7250606300274414,0.4742870827842097,0.00092491514307899,0.04876343202088642,0.0021615632323004775,0.03608885695045912,0.9993621062912047,0.10798478001264233,2.8188211604668393e-15,4.91525379792413e-07,0.00026748685523680926
0.3215,39,0.7250606300274414,0.4742870827842097,0.0006920127153790733,0.027781600916271496,0.0016172610569098124,0.03832760594126964,0.9994441691048501,0.08593896589368599,3.640219721055844e-15,6.418936739284737e-07,0.00040151881185557237
0.3215,40,0.7250606300274414,0.4742870827842097,0.0011460899431898998,0.03638128300378768,0.0026784574786630606,0.03821923506189511,0.9992694293378135,0.12408758210936055,3.4816612623611447e-15,3.3900836344831845e-07,0.0003073183755212261
0.3215,41,0.7250606300274414,0.4742870827842097,0.0007460618315236192,0.0358067618773712,0.001743575976792591,0.03198081694607917,0.9997065156878455,0.09004206853220564,5.009172837976906e-15,5.719562250756195e-07,0.0001306552821395135
0.3215,42,0.7250606300274414,0.4742870827842097,0.0031312365590429273,0.06700999056644802,0.007317823552040402,0.06080665495410264,0.9981995499547112,0.2878614659703107,1.560232733343341e-15,4.817027784285996e-07,0.0007330814324418844
0.3215,43,0.7250606300274414,0.4742870827842097,0.0010165945470367783,0.049026489999442244,0.0023758216215562554,0.041172472178861434,0.9992839254940983,0.10431826939264743,2.6220516852550077e-15,5.223383370221103e-07,7.316300887569294e-05
0.3215,44,0.7250606300274414,0.4742870827842097,0.00105632847867756,0.06509616972830302,0.0024686813896681033,0.03936790501251729,0.999285205395614,0.1576822491974692,2.9831452516711944e-15,4.899927994756173e-07,8.226912322595314e-05
0.3215,45,0.7250606300274414,0.4742870827842097,0.0027009084156368224,0.09331339010796663,0.006312129678855194,0.05366323954760715,0.9986358206014864,0.25043306022285794,1.3335853603971553e-15,4.689208552695802e-07,6.857309880214935e-05
0.3215,46,0.7250606300274414,0.4742870827842097,0.0011031944355495691,0.028659390315063277,0.0025782089825280028,0.04012685175004518,0.9991946333490596,0.1333710319145247,3.622289760221985e-15,3.889461527567682e-07,0.0009839069413444257
0.3215,47,0.7250606300274414,0.4742870827842097,0.001655945902623333,0.060831817777493725,0.0038700110000075266,0.0602092079323396,0.9982926165920012,0.14970988661054863,1.829287244522451e-15,5.972399171662786e-07,0.0006194832775832104
0.3215,48,0.7250606300274414,0.4742870827842097,0.004400765444343858,0.07751835841474873,0.010284762715426499,0.08384759982857497,0.996547988229251,0.3324056299068139,1.4087971673405111e-15,5.324888520740265e-07,0.0008304488436893798
0.3215,49,0.7250606300274414,0.4742870827842097,0.0013568653691152133,0.04880171383002201,0.0031710479766799294,0.0475221455414806,0.9989606256592154,0.1738371009786719,2.491231623784675e-15,5.08226202837696e-07,0.0005418386701748767
0.3215,50,0.7250606300274414,0.4742870827842097,0.002780882907521627,0.03856579884348009,0.006499033226141307,0.06575187656917385,0.9981197502990049,0.2724020887020444,2.086294553142714e-15,3.9211160260028163e-07,0.002175599393993144
0.3215,51,0.7250606300274414,0.4742870827842097,0.0015426540463141167,0.04149422866953996,0.0036052434557095076,0.04381462739260489,0.9991128683583066,0.17624348176663762,2.0199907413794643e-15,3.6164354787266284e-07,0.0010549700441913057
0.3215,52,0.7250606300274414,0.4742870827842097,0.0020952029950012403,0.05684424219146575,0.004896572179718053,0.061167111926385485,0.9981407067560814,0.1953387082973128,1.322825738603911e-15,7.394441289082e-07,0.0012936736211566213
0.3215,53,0.7250606300274414,0.4742870827842097,0.0011816380099955936,0.040777112115436845,0.002761534715273922,0.047431393058138246,0.9992448218170265,0.09412300993223788,1.936961988509723e-15,5.757274770799326e-07,0.0005093816671983831
0.3215,54,0.7250606300274414,0.4742870827842097,0.0007772440590119014,0.03759578488008021,0.0018164500744265897,0.031340683497049424,0.999516122120597,0.12936376384454107,2.9764756318656105e-15,3.4732024022396566e-07,0.00020166736436078025
0.3215,55,0.7250606300274414,0.4742870827842097,0.0009559409727929953,0.03869377908701909,0.002234071822156791,0.032370941750670366,0.9997014183237488,0.10520470502365376,2.8697084914974463e-15,4.144832593673176e-07,0.00014958694424493935
0.3215,56,0.7250606300274414,0.4742870827842097,0.003411362456731474,0.06410415754539403,0.007972488842569674,0.06753525722556418,0.99782619915363,0.3681760212681764,1.4172559102349776e-15,5.669522175697909e-07,0.0012522940149117812
0.3215,57,0.7250606300274414,0.4742870827842097,0.0022445564542277986,0.045367971988564,0.005245617114809412,0.0571814756555593,0.998738381423873,0.2457496132633672,2.432416603776408e-15,4.4751400982423055e-07,0.0032136696467208736
0.3215,58,0.7250606300274414,0.4742870827842097,0.0008779607354267218,0.03954083735168078,0.002051828926472464,0.0360739059231676,0.9995869750797161,0.10507010467410849,3.870132933185444e-15,4.244756287904953e-07,7.742149290523859e-05
0.3215,59,0.7250606300274414,0.4742870827842097,0.05743270187491501,0.13832146834394685,0.13422249341839215,0.27675541520201424,0.9756936228823616,1.4725268080465592,5.822866216895699e-16,4.3023063427124576e-07,0.03145492847033404
0.4665,0,0.6271936088306561,0.6066281770419779,0.0005249112087205431,0.05785101967762219,0.0005611047398232985,0.027053584208101323,0.9997722840485664,0.047946066657535646,3.0103431291765796e-15,5.035258711047865e-07,0.0001325939672988663
0.4665,1,0.6271936088306561,0.6066281770419779,0.0005051298932937518,0.09641355913112515,0.0005399594686583613,0.025386776543467708,0.9998557678086717,0.05032220614289695,4.4597376612775695e-15,4.602196940470848e-07,2.9979086576814584e-05
0.4665,2,0.6271936088306561,0.6066281770419779,0.0038843789098052623,0.036691151021069075,0.00415221351983313,0.05956874830340973,0.9987299510912075,0.1985633411658685,2.408624789870069e-15,3.831176146981006e-07,0.04614114844689432
0.4665,3,0.6271936088306561,0.6066281770419779,0.004677772105966963,0.09113837469848245,0.00500031254213253,0.05539417560969744,0.9986256818285295,0.23876259506413366,1.835074390650165e-15,3.0908175083800147e-07,0.0027642866547644973
0.4665,4,0.6271936088306561,0.6066281770419779,0.001147402869326089,0.02644328867270722,0.001226518271604447,0.03578376702438944,0.9993624964370018,0.08355850571677248,2.962604650004675e-15,4.368920895265099e-07,0.008385844058400593
0.4665,5,0.6271936088306561,0.6066281770419779,0.0006444192359062481,0.038627030174820824,0.0006888530511315652,0.019214240603291573,0.9998460093567683,0.05013652163893667,4.4639136130021795e-15,3.0143858583514794e-07,0.0009408698189917741
0.4665,6,0.6271936088306561,0.6066281770419779,0.0005631668629532656,0.027367485848433497,0.0006019981872452784,0.028855152868468136,0.9996568652945612,0.05134319954961919,3.394461872227946e-15,3.602555071480836e-07,0.0004205227469100681
0.4665,7,0.6271936088306561,0.6066281770419779,0.001780693302399749,0.061500753354656684,0.0019034751697977954,0.04154970538099267,0.9991796859440336,0.15586177542369128,2.9349983195608428e-15,4.0959528086194543e-07,0.02267767361979467
0.4665,8,0.6271936088306561,0.6066281770419779,0.0004682641574168376,0.07738541919364221,0.0005005517768545736,0.02338437223890106,0.9998513917734504,0.05497554320850573,3.635916712242106e-15,4.2657894927067684e-07,4.33035524246006e-05
0.4665,9,0.6271936088306561,0.6066281770419779,0.0008925107201943257,0.040707997713969594,0.0009540508701744227,0.033004736604227224,0.9994556814545699,0.08271367101491323,3.2232370955243874e-15,5.008041628574419e-07,0.002038717978964044
0.4665,10,0.6271936088306561,0.6066281770419779,0.0015943765859122543,0.04693951609370097,0.0017043115950967165,0.04735928438327618,0.9989041236794158,0.14352321757177888,1.3094645946126341e-15,5.00841420058153e-07,0.00440300223369694
0.4665,11,0.6271936088306561,0.6066281770419779,0.001856867170262665,0.04329010004420459,0.001984901356929015,0.04312958871391347,0.9990952105255222,0.16482680888442935,2.403199740130513e-15,3.9194820840164706e-07,0.003768307143731997
0.4665,12,0.6271936088306561,0.6066281770419779,0.0009718101180867844,0.028597113236126574,0.0010388180980091047,0.029108952345380794,0.9995858274423783,0.06907976767523105,5.111527229097565e-15,4.4142342213892967e-07,0.0026816542648808728
0.4665,13,0.6271936088306561,0.6066281770419779,0.0005630148265804351,0.022497592627665094,0.0006018356677029214,0.020765476750997366,0.9998301353494439,0.042015699284772445,4.876818391964058e-15,3.7246831968637175e-07,0.0019161786257284597
0.4665,14,0.6271936088306561,0.6066281770419779,0.0005421799454176559,0.03475702944159838,0.0005795641856315304,0.030165780156033672,0.9996130856340666,0.038889420982543,3.140683264133605e-15,4.620229502095427e-07,0.0102666261192077
0.4665,15,0.6271936088306561,0.6066281770419779,0.0026261918492671,0.05562564559123805,0.002807272296396312,0.05087586143755266,0.9987484608228142,0.18561719182605918,2.459154995862411e-15,4.1551648292914676e-07,0.009020668578317625
0.4665,16,0.6271936088306561,0.6066281770419779,0.0008062595605648237,0.02929567045232673,0.0008618525446684135,0.028910680523300845,0.9996009780050874,0.0785814406699914,3.274843759497149e-15,3.6817267556868814e-07,0.0033409269284021548
0.4665,17,0.6271936088306561,0.6066281770419779,0.0005167284870951179,0.035586953308992454,0.0005523578054610616,0.01914696689997679,0.9998648788632791,0.05782176714439924,4.035551911326861e-15,3.634744844557839e-07,0.0015546597725126093
0.4665,18,0.6271936088306561,0.6066281770419779,0.0005303576410859395,0.02584561189357293,0.0005669267130724504,0.020666962167442036,0.9998407450537027,0.04241669997321518,5.9489909220505795e-15,3.05369112724651e-07,0.0008630781182019653
0.4665,19,0.6271936088306561,0.6066281770419779,0.020666699355563957,0.13701196591012807,0.022091703839160565,0.09943586973940781,0.9958799669777,0.5873273987244376,1.0839828030457087e-15,2.527834018202499e-07,0.06889388907053684
0.4665,20,0.6271936088306561,0.6066281770419779,0.0017355979265543647,0.05832376478983496,0.00185527039018824,0.0383438011678015,0.9993441618029214,0.1765411505676262,2.038187179242601e-15,3.515436939603024e-07,0.0007901846632241694
0.4665,21,0.6271936088306561,0.6066281770419779,0.0005091602927351499,0.03709221976021622,0.0005442677710767067,0.019296419218696254,0.9999154037253262,0.05529653021111436,4.244461115705259e-15,3.5741146755637136e-07,0.00037957066881355583
0.4665,22,0.6271936088306561,0.6066281770419779,0.0017397480567148983,0.041600576347066584,0.0018597066789648462,0.040046986215079634,0.9992819795784569,0.15143545460045837,3.3214793168067504e-15,3.303730970669677e-07,0.0027081602498819635
0.4665,23,0.6271936088306561,0.6066281770419779,0.012859151316411459,0.07474417818301778,0.01374581192756513,0.09467915402508614,0.9964647360470076,0.4334313595132451,1.3751441709402699e-15,3.026963138310302e-07,0.042649687596054475
0.4665,24,0.6271936088306561,0.6066281770419779,0.0006685533980592864,0.05086935799504957,0.0007146513052948585,0.020638484526975292,0.9998716271431959,0.05789539536417965,6.548905375309375e-15,2.9651782188688007e-07,0.002268794722242229
0.4665,25,0.6271936088306561,0.6066281770419779,0.0008554856322776064,0.03750235284431913,0.0009144728387334791,0.027378134662919357,0.9996459523363314,0.07735751622419107,4.5260226763460985e-15,3.3831651332895777e-07,0.0013246589083085736
0.4665,26,0.6271936088306561,0.6066281770419779,0.0030220828381654205,0.045795341828884735,0.0032304606502240587,0.04822811758126314,0.9989373321523805,0.18276077236662003,2.630234791788958e-15,3.4765636404915954e-07,0.008024740104745742
0.4665,27,0.6271936088306561,0.6066281770419779,0.00093657227914346,0.057400183847356144,0.0010011505494337497,0.026859986228680608,0.9996584637731492,0.08439776627743178,3.0669107072879394e-15,3.496571815141101e-07,0.076148919332649
0.4665,28,0.6271936088306561,0.6066281770419779,0.0005101181343656093,0.04865915699381099,0.0005452916575358349,0.01757609996974976,0.9998892146500646,0.04927952723643214,7.807872067386704e-15,2.923114298840379e-07,0.002399430794255475
0.4665,29,0.6271936088306561,0.6066281770419779,0.0008374943727480103,0.06574942527815095,0.0008952410509001546,0.02683894214216274,0.9997557024068052,0.07155880575949469,3.690007501721332e-15,4.193899115425707e-07,0.0011443119225432868
0.4665,30,0.6271936088306561,0.6066281770419779,0.0009522878498121211,0.043105239008451986,0.0010179497357431953,0.023299071293718925,0.9997346058944709,0.06864854314876778,5.279233496377798e-15,3.0860050464376216e-07,0.000794445335068561
0.4665,31,0.6271936088306561,0.6066281770419779,0.000499156085949134,0.04514424980379738,0.0005335737570176686,0.019539818977592747,0.9998911936299844,0.048076937868349656,5.775382034585245e-15,3.461738186577544e-07,0.0002555587229409184
0.4665,32,0.6271936088306561,0.6066281770419779,0.0005810895554454103,0.03821009351317498,0.0006211566802259296,0.022552620338157477,0.9998381972334238,0.06035808636312634,3.863135164884408e-15,3.3898546212635444e-07,0.00011495064123268062
0.4665,33,0.6271936088306561,0.6066281770419779,0.006680262178308124,0.06452341265115286,0.007140877750824642,0.0749474319132838,0.9982396139900632,0.26358379338274673,1.371119039278583e-15,2.7791394034875113e-07,0.035454502500005924
0.4665,34,0.6271936088306561,0.6066281770419779,0.014495770724354018,0.09916716668701443,0.015495279059962142,0.10901330959361122,0.9958723670852232,0.5283099678869387,9.32886008892501e-16,3.769265363681001e-07,0.05222218979093851
0.4665,35,0.6271936088306561,0.6066281770419779,0.0008480369164063767,0.025095244573571186,0.0009065105210852615,0.026089986707383113,0.999693104650753,0.08586406229718668,4.5134879442336424e-15,3.813582597350372e-07,0.004534728321473169
0.4665,36,0.6271936088306561,0.6066281770419779,0.0033162842364179105,0.04042485185902424,0.003544947741144616,0.05365263141630879,0.9988232650364233,0.18296718010677115,2.5237009579948163e-15,4.1602749198977574e-07,0.017524918742112927
0.4665,37,0.6271936088306561,0.6066281770419779,0.00028650491918360513,0.02985208729286375,0.0003062599263758496,0.01710306944453646,0.9998705848357905,0.041775968963560395,5.175332490129039e-15,3.4164537630543023e-07,0.0008792602968019647
0.4665,38,0.6271936088306561,0.6066281770419779,0.0006864492734509986,0.024293981306701948,0.000733781132089856,0.021954730824095405,0.9997604475301541,0.0646581651756084,4.084378818405914e-15,3.3041470815372736e-07,0.00653340540042513
0.4665,39,0.6271936088306561,0.6066281770419779,0.0008529589593879582,0.037795560079313034,0.0009117719474002201,0.02521695026818507,0.9996821875240038,0.07278931453887583,4.978707344999071e-15,3.3841321287677225e-07,0.0005206058327646423
0.4665,40,0.6271936088306561,0.6066281770419779,0.0009414110063296736,0.035978295534636336,0.0010063229151858798,0.029123295704959064,0.9995947990446621,0.10040901540314806,3.614871689727035e-15,3.2894320911034687e-07,0.06290659455680192
0.4665,41,0.6271936088306561,0.6066281770419779,0.006963591544901922,0.06103541445839913,0.007443743164795171,0.07615377292737155,0.9979043984838301,0.3179206030016548,8.873649306127797e-16,2.977631276993398e-07,0.029924212622857604
0.4665,42,0.6271936088306561,0.6066281770419779,0.0006404764662832803,0.02858328856878453,0.000684638420758423,0.025192424813391855,0.9997681099591631,0.05802943965530227,5.805195292366743e-15,3.497752455337585e-07,0.0014117034110390225
0.4665,43,0.6271936088306561,0.6066281770419779,0.0014826095524283437,0.06792280071604387,0.0015848380323266013,0.02931875974111665,0.999573695977835,0.1543616980267939,3.016005775507739e-15,3.6602687442261416e-07,0.0015328009531465348
0.4665,44,0.6271936088306561,0.6066281770419779,0.0025357594010996416,0.05814768798282956,0.0027106043753125416,0.04496230684985837,0.9990667138622156,0.18535831357945765,1.737208829692466e-15,3.326409147553034e-07,0.009694002345763009
0.4665,45,0.6271936088306561,0.6066281770419779,0.0005743962311217288,0.03394092852676181,0.0006140018396723349,0.02405214746546448,0.999783334414538,0.05941842450325607,4.9100810291861276e-15,3.867377364487377e-07,0.0003035078759052734
0.4665,46,0.6271936088306561,0.6066281770419779,0.0008128088860799969,0.03443817630515533,0.0008688534574478669,0.024915010277161524,0.9997000872137649,0.08979180481655469,2.811862075254799e-15,3.838077181612222e-07,0.0023871259354528718
0.4665,47,0.6271936088306561,0.6066281770419779,0.0008893273586297312,0.07279018128045986,0.0009506480103520541,0.031589344933025156,0.9996743491054157,0.06905950571911501,4.456107522088025e-15,5.517857027416619e-07,0.00804468056260077
0.4665,48,0.6271936088306561,0.6066281770419779,0.0006686668847640116,0.033019621105199126,0.0007147726171031616,0.02129700025173199,0.9998227476178975,0.06085482261822728,5.159113668565991e-15,3.885500622281358e-07,0.0009340579439262031
0.4665,49,0.6271936088306561,0.6066281770419779,0.0008656947947237135,0.03574688758465709,0.0009253859404980589,0.027907247682384874,0.9996469889874123,0.08026657423776085,3.3665554751136674e-15,3.939987064405101e-07,0.0013049690576260042
0.4665,50,0.6271936088306561,0.6066281770419779,0.0004508872056047759,0.06304010792310293,0.00048197665431300326,0.02136519638413875,0.9998267232867861,0.05385577294818855,4.994159295400924e-15,4.095052050128987e-07,0.0003498525702454458
0.4665,51,0.6271936088306561,0.6066281770419779,0.00043731721605018214,0.06478981388637155,0.00046747099062752884,0.01733453810541332,0.9998996197757575,0.05398751555489989,6.786576709536988e-15,3.5941112175707985e-07,7.428271619229487e-05
0.4665,52,0.6271936088306561,0.6066281770419779,0.0004377040474677263,0.07048256804458006,0.0004678844947369705,0.017451418483532485,0.999913129010793,0.05167496099514013,4.824549576333671e-15,3.8363997294572866e-07,0.00024058863066694913
0.4665,53,0.6271936088306561,0.6066281770419779,0.002569038359304488,0.0655937362279625,0.0027461779749516834,0.0467178900440079,0.9989637591116461,0.2127220407762822,2.0606803727532217e-15,3.4835897096371756e-07,0.008951209833826246
0.4665,54,0.6271936088306561,0.6066281770419779,0.0005560155792589056,0.04567383191333699,0.0005943538102343433,0.02096213836370822,0.9998805734708975,0.0510086803264973,6.282231557805687e-15,3.266328847867609e-07,0.0001591890183145761
0.4665,55,0.6271936088306561,0.6066281770419779,0.0005565013612791282,0.06682275239106536,0.0005948730877607876,0.024430487313317307,0.9997591232172388,0.0476287583552355,4.654271527218785e-15,4.101417871984964e-07,0.00035813857864064325
0.4665,56,0.6271936088306561,0.6066281770419779,0.0013824135125331159,0.03830536216987101,0.0014777333030643425,0.03525071272523177,0.9994541699110369,0.10869220014548597,3.578472188038697e-15,2.9528511983375467e-07,0.004705530606051722
0.4665,57,0.6271936088306561,0.6066281770419779,0.004464391396092082,0.05471807922499363,0.00477221886512858,0.07480289357699137,0.9973999714919414,0.2613822072553751,1.7445344742253433e-15,3.954918515712017e-07,0.026772699502440878
0.4665,58,0.6271936088306561,0.6066281770419779,0.0010468938890551174,0.03412844094346903,0.0011190790241890358,0.028090530057770784,0.9996164666277778,0.10883077152511422,3.84251420330024e-15,3.019405307344224e-07,0.009299200803086105
0.4665,59,0.6271936088306561,0.6066281770419779,0.0010334179202885594,0.030153659866219297,0.001104673864186727,0.032217767332703894,0.9994812445978162,0.09585989667489958,3.9974268630614845e-15,4.332087967172409e-07,0.006617862987956302
0.6769,0,0.5081899418539597,0.741742982998469,0.00267272081059075,0.05992492964696855,0.0012545813654316357,0.024963764290508495,0.9997232296433016,0.1170967691850846,3.9086326386274034e-15,2.543724187526157e-07,0.08326141456947078
0.6769,1,0.5081899418539597,0.741742982998469,0.00038059299493470143,0.06030048197949227,0.00017865123710895787,0.013645027078610763,0.9999332089692109,0.028776885545363617,9.234856205996304e-15,3.4258017812758307e-07,0.0007149580385913401
0.6769,2,0.5081899418539597,0.741742982998469,0.0007690855097611275,0.030469325247367195,0.0003610105272299388,0.018071287225988397,0.9998452758068141,0.0657363473105379,5.146295052588555e-15,3.2171037560930026e-07,0.05684665872518013
0.6769,3,0.5081899418539597,0.741742982998469,0.0014835089504767866,0.04118388894041826,0.0006963625521020423,0.024715622150386512,0.9997111074850791,0.08311318958942593,7.0482785769884545e-15,2.847092603883792e-07,0.050879070584781916
0.6769,4,0.5081899418539597,0.741742982998469,0.0003143762423294473,0.037323154081673714,0.0001475689394111339,0.013207796847717735,0.9999370564109161,0.02962411581043245,6.331582227562998e-15,3.0440624593175265e-07,0.001405717967975062
0.6769,5,0.5081899418539597,0.741742982998469,0.0017435302579083625,0.10664128211353348,0.000818417158638641,0.020859206504038517,0.9997831676357709,0.10126103824114097,4.568083742410597e-15,2.493879484246766e-07,0.23897107631301806
0.6769,6,0.5081899418539597,0.741742982998469,0.0002776631946999023,0.02266039300894149,0.0001303357494566437,0.010398952304222641,0.9999493983651909,0.021130197914512983,1.707822235366787e-14,2.90124671790586e-07,0.0166275152816846
0.6769,7,0.5081899418539597,0.741742982998469,0.0007971494489473209,0.04419677910523932,0.0003741838055626738,0.019079532669503806,0.999827722360671,0.04002048799612057,4.260407480293874e-15,3.9797023059995825e-07,0.11248099624206787
0.6769,8,0.5081899418539597,0.741742982998469,0.0009248274193478529,0.03166516037713326,0.00043411614185680193,0.022645989242138714,0.9997582603779187,0.05644746650502741,4.3543584154600955e-15,3.982066460344654e-07,0.0226269533538348
0.6769,9,0.5081899418539597,0.741742982998469,0.00060605615357834,0.026061450358031202,0.0002844841682197624,0.018622821108127522,0.9998279543844297,0.034744906525510544,5.479499523408413e-15,4.223899412706381e-07,0.02069592575034296
0.6769,10,0.5081899418539597,0.741742982998469,0.0005578955528627381,0.03517811684079534,0.00026187747021884464,0.015532995209937684,0.9999075433821147,0.03221587086822786,8.87902859253136e-15,2.7590932651695043e-07,0.0040487052735762585
0.6769,11,0.5081899418539597,0.741742982998469,0.000335333721012115,0.03216398203789471,0.0001574064286533759,0.011208818232987512,0.9999553243939263,0.03374577757993391,1.2404207856162156e-14,2.4250080254188277e-07,0.0014915903127589863
0.6769,12,0.5081899418539597,0.741742982998469,0.000362786096622018,0.021796499811484953,0.00017029263762086117,0.011394589718788513,0.9999397335462504,0.03020191221060431,6.4544692249227495e-15,2.948062132515771e-07,0.006530684347009874
0.6769,13,0.5081899418539597,0.741742982998469,0.0006353047922099449,0.04894646413761927,0.0002982135472278682,0.015775614710210113,0.9998765882039544,0.047975620347208814,5.510395354228534e-15,2.497527872787412e-07,0.02595019975882329
0.6769,14,0.5081899418539597,0.741742982998469,0.00032230984261029296,0.019780377841378982,0.0001512929898370871,0.011092940121680545,0.9999391430649385,0.02462513394877952,8.21733806305313e-15,3.1390530779554314e-07,0.012741351851078525
0.6769,15,0.5081899418539597,0.741742982998469,0.0005143562391483445,0.04983462333418623,0.00024144001508574216,0.014041502412211675,0.9999369286964935,0.03752945029522259,5.781595109103535e-15,2.8503511118227807e-07,0.0009203927163911052
0.6769,16,0.5081899418539597,0.741742982998469,0.00031045154528166444,0.03328238097143586,0.0001457266774877774,0.010369571162994362,0.9999463015482768,0.026490578033586232,7.120966783343723e-15,2.912250896132387e-07,0.010862985619946808
0.6769,17,0.5081899418539597,0.741742982998469,0.0005296474009766215,0.05744619376161834,0.00024861772201627486,0.016991261414193267,0.99990092126043,0.031017886115082494,6.5049193956523676e-15,3.3498220794462555e-07,0.003638805693863434
0.6769,18,0.5081899418539597,0.741742982998469,0.00149296881338442,0.05221369850852341,0.0007008030337552066,0.024660438855573567,0.9997231629696471,0.1000063246603804,3.969537610765513e-15,3.0727872349682554e-07,0.027960852245743184
0.6769,19,0.5081899418539597,0.741742982998469,0.00046764954416582237,0.0318026054624649,0.0002195157838178233,0.013453055138847324,0.9999240792634646,0.029625144716937335,6.539401664897854e-15,2.9553614096605266e-07,0.005386195935750404
0.6769,20,0.5081899418539597,0.741742982998469,0.0004839454328541803,0.05554052105783803,0.00022716511187354465,0.01842137681668016,0.9998796823492606,0.035539889061288576,5.243344397866068e-15,3.908606902171108e-07,0.0003748980544855951
0.6769,21,0.5081899418539597,0.741742982998469,0.00033617237961849173,0.03245463441905845,0.00015780009695399148,0.013018955127426903,0.9999362055050636,0.030052655778317394,8.291750949986558e-15,2.9233483456121495e-07,0.0035352915460403755
0.6769,22,0.5081899418539597,0.741742982998469,0.0017733188227820437,0.047252227857055615,0.0008323999802806825,0.020819663071279394,0.9997873330042161,0.08695483254774294,4.534563237071352e-15,2.3883698645589474e-07,0.047137596583333496
0.6769,23,0.5081899418539597,0.741742982998469,0.0035970510429759357,0.048485716444856324,0.0016884641265716652,0.039300237587617276,0.9993224443838107,0.1273453097828141,3.2573254168997092e-15,2.858906660707551e-07,0.15207331245610067
0.6769,24,0.5081899418539597,0.741742982998469,0.00038110390947074463,0.033993901013120824,0.00017889106158059943,0.011301236213379974,0.9999585255816241,0.034182725339920506,8.558897290619418e-15,2.597329443101365e-07,0.0012762724854768481
0.6769,25,0.5081899418539597,0.741742982998469,0.010194481570204807,0.08361823722284902,0.004785313362149572,0.056782577244167486,0.999127562896961,0.1826867136728434,1.731884640093389e-15,3.202024476343744e-07,0.22225383174083446
0.6769,26,0.5081899418539597,0.741742982998469,0.0022788559316982504,0.04725652641202306,0.001069700275121532,0.03472155470534941,0.9994183811459901,0.11965734133132244,2.973036812040466e-15,4.1635537791554125e-07,0.046416488698593494
0.6769,27,0.5081899418539597,0.741742982998469,0.0003296714189151885,0.03791059040139029,0.00015474853087815824,0.012311357436285865,0.9999550145618414,0.027165398287570586,6.419044652737046e-15,2.46065433818291e-07,0.00046048106635079855
0.6769,28,0.5081899418539597,0.741742982998469,0.000585028045557239,0.03971050340218597,0.00027461352540176896,0.016789161208830082,0.9998925470263801,0.03509331071871702,4.274661155971394e-15,3.248776134904292e-07,0.001154674748321538
0.6769,29,0.5081899418539597,0.741742982998469,0.0004992391910811736,0.029499823486838786,0.00023434403755967408,0.011819798637355229,0.999932487105528,0.044674137941920655,7.868404721910617e-15,2.4722837130328046e-07,0.01956500075866363
0.6769,30,0.5081899418539597,0.741742982998469,0.00036576513078633076,0.02715804059946691,0.0001716910031870358,0.013088307564895164,0.9999338753170105,0.02125130219907989,5.783170678827475e-15,2.8138416800372994e-07,0.0019686806552898783
0.6769,31,0.5081899418539597,0.741742982998469,0.00019821461146119033,0.035290553422569114,9.304239968128752e-05,0.008550249551631495,0.9999654253141292,0.026511331111741088,9.934799837111821e-15,2.598659537207179e-07,0.002722547931878039
0.6769,32,0.5081899418539597,0.741742982998469,0.0018379215720807072,0.042038884998117705,0.0008627246610721058,0.026952662749439058,0.9996522040851293,0.08872031213276554,3.43654994277797e-15,3.377987708688952e-07,0.020324339620640952
0.6769,33,0.5081899418539597,0.741742982998469,0.00039374733499348793,0.023858918559180813,0.00018482591493049005,0.012980825248373861,0.9999303470775631,0.02666095135546165,8.394103075892561e-15,2.732555072359157e-07,0.007327455906286584
0.6769,34,0.5081899418539597,0.741742982998469,0.0004690036028308285,0.04181896136380054,0.00022015138210481562,0.012567520060270697,0.9999387705419975,0.02668609714450887,5.888716253259071e-15,2.838981871808483e-07,0.0025843737935205002
0.6769,35,0.5081899418539597,0.741742982998469,0.00036476355777698816,0.0336993912479229,0.00017122086248671907,0.012986404410211528,0.9999315433851806,0.027619531158682653,7.0666525652077356e-15,3.0817640177427696e-07,0.012946022412036795
0.6769,36,0.5081899418539597,0.741742982998469,0.00024762099496036935,0.03417404846317018,0.0001162338710185948,0.008829790461143567,0.9999625135501126,0.02146841179610992,6.8430255466885515e-15,2.6325651121578814e-07,0.0028755358251402463
0.6769,37,0.5081899418539597,0.741742982998469,0.0006251014081289181,0.039554591054230474,0.0002934240550064309,0.021697661959676026,0.9998346453678523,0.028320441140330277,5.777903348943077e-15,3.771674273957515e-07,0.0005512427848191059
0.6769,38,0.5081899418539597,0.741742982998469,0.00040755221963366384,0.035831687321961125,0.0001913059598917404,0.013790682469021053,0.999915564119235,0.0276377750953416,5.166232260643001e-15,3.264010689597698e-07,0.0020281906240169484
0.6769,39,0.5081899418539597,0.741742982998469,0.00046641076195486216,0.028423443468394365,0.00021893429656650123,0.014555710055149407,0.9999069746707887,0.030159149996041745,6.806984731709552e-15,3.419637348805857e-07,0.012084822573680043
0.6769,40,0.5081899418539597,0.741742982998469,0.0005093466665631518,0.0361154996757164,0.000239088510061628,0.015253124758201097,0.99992363520631,0.031112961205004064,6.5899649380206125e-15,3.2991628358134957e-07,0.003717097945807435
0.6769,41,0.5081899418539597,0.741742982998469,0.0005122382377305662,0.05260005527640091,0.00024044582029361322,0.015359099982848082,0.9998909821973336,0.032764249672844414,5.786322532451085e-15,3.0950032342288466e-07,0.0019183146985155552
0.6769,42,0.5081899418539597,0.741742982998469,0.028366691356779078,0.12854648199571744,0.013315390905831082,0.10129536888752116,0.9965872347832713,0.41545810284399964,1.0532551209111239e-15,2.52702106807435e-07,0.5997275100825683
0.6769,43,0.5081899418539597,0.741742982998469,0.000656354448475984,0.030277983460409493,0.0003080943048421581,0.01569785394388978,0.9998767871841382,0.044751874357190635,5.905026427093908e-15,2.563907357516566e-07,0.034569182710138646
0.6769,44,0.5081899418539597,0.741742982998469,0.0009394032578474287,0.030424944801152955,0.0004409580743529495,0.01684711087738279,0.9998581160837261,0.060272728164403766,5.995711869536011e-15,2.8976797464381523e-07,0.04550591417945404
0.6769,45,0.5081899418539597,0.741742982998469,0.0004949967904146783,0.029544502788788878,0.00023235264481869363,0.014930183994766639,0.9998987112220641,0.03297676845536035,6.818066836543233e-15,3.062853684765522e-07,0.0029909567207224153
0.6769,46,0.5081899418539597,0.741742982998469,0.000548795316385882,0.03567357306152141,0.000257605798048807,0.01261185356462724,0.9999256449774829,0.03926573363142949,1.0107570087406286e-14,2.4626708846263486e-07,0.012022730814776672
0.6769,47,0.5081899418539597,0.741742982998469,0.0004973555056448604,0.03336524108939387,0.0002334598312342815,0.014269109406880085,0.9999277867469117,0.029702388582756867,6.373128221108571e-15,2.918224619099648e-07,0.0013913447311453275
0.6769,48,0.5081899418539597,0.741742982998469,0.0005341252999037238,0.052496610667193896,0.0002507196581885714,0.015202963471899332,0.9999037762894771,0.035069439117140444,5.52838898317962e-15,3.010409208683024e-07,0.0031560750958186667
0.6769,49,0.5081899418539597,0.741742982998469,0.0003068967644977164,0.03391547199863977,0.00014405805511911782,0.010401379285456485,0.9999554305062901,0.03268023523321695,8.391889129282383e-15,2.6801574701570623e-07,0.013359251088463586
0.6769,50,0.5081899418539597,0.741742982998469,0.000652433155894958,0.06825682934545628,0.00030625364098341656,0.018512470913441166,0.9998827170967053,0.037952757861471564,5.243548819279076e-15,3.4001961217314186e-07,0.00028181319239750646
0.6769,51,0.5081899418539597,0.741742982998469,0.00033778765073487363,0.055112114894652287,0.00015855830897325678,0.0131678027572673,0.9999439202359472,0.024813460580246582,7.132677830104369e-15,2.9423370394844724e-07,0.004782984600097434
0.6769,52,0.5081899418539597,0.741742982998469,0.0002743844289495414,0.03684171991225513,0.0001287966891867795,0.011820028442940498,0.999955931338204,0.023109120822188745,7.735018230116585e-15,2.593740708000596e-07,0.0024605723834364435
0.6769,53,0.5081899418539597,0.741742982998469,0.0013303624032576468,0.036212501393626216,0.0006244752066075236,0.024589156976254384,0.9997126321829083,0.07419592739540803,3.4134550048107576e-15,4.0599102690972796e-07,0.193535747945907
0.6769,54,0.5081899418539597,0.741742982998469,0.0005463909788289423,0.05294604516742074,0.0002564771964069175,0.017347982361382994,0.9999041406038534,0.035934720907765616,5.7356857960449e-15,3.3494319393836004e-07,0.0011830787718117575
0.6769,55,0.5081899418539597,0.741742982998469,0.0004333709199863654,0.03803820996823835,0.00020342531789344778,0.011685660377473478,0.9999317542336095,0.034414021215088075,6.145325725627059e-15,3.0976073693692137e-07,0.006452125601021319
0.6769,56,0.5081899418539597,0.741742982998469,0.0005647093816969118,0.04049454066881815,0.0002650758973230623,0.01377124503713523,0.9999201701876099,0.03301490769031723,4.866580815408129e-15,2.704641405879128e-07,0.005404628807660239
0.6769,57,0.5081899418539597,0.741742982998469,0.00045727546231481343,0.0461223845406147,0.00021464616566610042,0.01286510381135454,0.9999400089770781,0.03507024849858276,7.35796756993999e-15,2.961060141018731e-07,0.003546562247532803
0.6769,58,0.5081899418539597,0.741742982998469,0.00047931382503403223,0.02733051178464579,0.00022499102438931496,0.015044257082201345,0.9998985896116638,0.03631748208321295,5.842317689956657e-15,2.9096122698446834e-07,0.014198910166727141
0.6769,59,0.5081899418539597,0.741742982998469,0.0006837817240852209,0.039696606669425816,0.0003209687318109443,0.018743618481783374,0.9998739857753305,0.03705137397228597,4.639403148344183e-15,3.65120982969192e-07,0.0017096868715915647
0.9821,0,0.3745237725257959,0.8597319438130459,0.00019994497245807584,0.05812002918666825,3.794400248643761e-05,0.0075466683527883665,0.9999792672632412,0.01103570304297885,1.0400361190641757e-14,1.8798371521097645e-07,0.0038741465772959005
0.9821,1,0.3745237725257959,0.8597319438130459,0.0001478422976752935,0.03352584254436742,2.8056361916117982e-05,0.005838485508281369,0.9999862584335355,0.011624623365139426,1.7854334459186205e-14,1.952712895134732e-07,0.039301998743967746
0.9821,2,0.3745237725257959,0.8597319438130459,0.0006102747647688074,0.036339606339779805,0.00011581320053772917,0.010027650909408485,0.9999553922447135,0.03702311600797126,8.873984887982736e-15,2.641511429593752e-07,0.49457202131763167
0.9821,3,0.3745237725257959,0.8597319438130459,0.0002549850478817069,0.03350355114027187,4.838908011481322e-05,0.005603362009933498,0.9999843065880868,0.01694796220205741,1.2425227328110605e-14,2.2389273200707703e-07,0.06107003355040405
0.9821,4,0.3745237725257959,0.8597319438130459,0.00015984941886454095,0.01885083676763418,3.0334980031185895e-05,0.005965092464297136,0.9999846481499836,0.011090799364363302,1.8285198144059794e-14,3.007949475482905e-07,0.12593976003647
0.9821,5,0.3745237725257959,0.8597319438130459,0.00020622618973496654,0.025192481052110645,3.913600307060906e-05,0.006127850913797017,0.999981490116565,0.014580941293951044,1.5859394576585264e-14,2.5620487455353135e-07,0.10975353484331779
0.9821,6,0.3745237725257959,0.8597319438130459,0.00019808567791952268,0.059213504634514746,3.759116002320129e-05,0.006996409526070976,0.9999832091954592,0.010109743059137699,1.0168569138183398e-14,1.830933519020093e-07,0.014958859320975487
0.9821,7,0.3745237725257959,0.8597319438130459,0.0003550892853722505,0.03123964700971707,6.738608408819696e-05,0.008430689536922666,0.9999666115107674,0.026795061295071143,8.883190812028708e-15,2.5330955779689544e-07,0.16979946194859127
0.9821,8,0.3745237725257959,0.8597319438130459,0.00036966370736188283,0.02284689117328721,7.015190459078009e-05,0.007789797218657863,0.9999703140996608,0.016313974957543165,9.193225144873527e-15,2.4264071366593254e-07,0.134861014780569
0.9821,9,0.3745237725257959,0.8597319438130459,0.00023581389465639403,0.023042468973116414,4.4750927693642856e-05,0.0076774052620295075,0.999971919245917,0.013238821884619445,1.444332282703125e-14,2.8938150141308283e-07,0.07621757464124135
0.9821,10,0.3745237725257959,0.8597319438130459,0.0002367582152369154,0.020999151243765366,4.49301335121978e-05,0.006780468012217438,0.9999791937536306,0.010577536411143174,1.4393280287415228e-14,2.4299496440631354e-07,0.05676843702275158
0.9821,11,0.3745237725257959,0.8597319438130459,0.00019740026278264702,0.01865174986505399,3.746108726699136e-05,0.006577857368061038,0.9999813994988868,0.011804442381926239,1.48247953121878e-14,2.8982305690089906e-07,0.12513387022269773
0.9821,12,0.3745237725257959,0.8597319438130459,8.485961881991745e-05,0.01043002503140144,1.6103998754838403e-05,0.003246277409910163,0.9999949263155886,0.008028825446224297,3.397901725747192e-14,1.8225447973434887e-07,0.1832823944825146
0.9821,13,0.3745237725257959,0.8597319438130459,0.00011762481901031943,0.05970366930807833,2.2321923727940247e-05,0.004543867244767568,0.999992527288758,0.014100879681201661,2.7499944095423556e-14,1.1721067028595415e-07,0.25795437408048205
0.9821,14,0.3745237725257959,0.8597319438130459,0.0002481961496176438,0.026811880504219277,4.7100735779644765e-05,0.006892514050331078,0.9999770507777065,0.015917322975200543,1.8054188437751588e-14,2.515446913560541e-07,0.10457637964428268
0.9821,15,0.3745237725257959,0.8597319438130459,0.00015515460367778895,0.06583899262468455,2.9444034502877082e-05,0.004878245943021764,0.9999903131481304,0.013827640062722857,2.2206360761521927e-14,1.2223939234706834e-07,0.08690971302078361
0.9821,16,0.3745237725257959,0.8597319438130459,0.0006732487017949424,0.03490673864087255,0.00012776390474261506,0.009678528609673255,0.9999565807587774,0.04316462384823305,9.06889911518329e-15,2.1926315635687722e-07,0.268782170582621
0.9821,17,0.3745237725257959,0.8597319438130459,0.000353656341052653,0.023283943532672473,6.711415105503656e-05,0.008366595858913532,0.999976522608163,0.02486982030387974,1.474779195874609e-14,2.961948625126678e-07,0.15690517197980713
0.9821,18,0.3745237725257959,0.8597319438130459,0.00013831706233254543,0.037168517456127224,2.624873680263885e-05,0.005526703513680292,0.9999889597510278,0.011016856089965277,1.7767172355512124e-14,1.7519274744963998e-07,0.03560559724311382
0.9821,19,0.3745237725257959,0.8597319438130459,0.00022319776707135287,0.04060639829008498,4.235673707924075e-05,0.006793303897982447,0.9999817094309271,0.011939914558026066,1.4053648227825355e-14,1.9744670171973214e-07,0.010378127334367881
0.9821,20,0.3745237725257959,0.8597319438130459,0.00019438058605478762,0.018856781970335593,3.6888036492763255e-05,0.0077467732818677325,0.9999700426506773,0.012651665251939503,9.718235746951882e-15,3.1102946778942446e-07,0.14764755181362754
0.9821,21,0.3745237725257959,0.8597319438130459,0.004511565366697383,0.04655393313959686,0.0008561698020568429,0.022539905633286766,0.9997861037186667,0.07832718533091909,5.100196207974974e-15,2.6380342211772635e-07,4.934608345875088
0.9821,22,0.3745237725257959,0.8597319438130459,0.000955219885510678,0.04047217975651269,0.00018127420392383963,0.015676497661757934,0.9999001927012455,0.04148908787075367,5.3642556945469305e-15,2.7874443595712236e-07,0.33013045078729464
0.9821,23,0.3745237725257959,0.8597319438130459,0.0005219156332042993,0.038224972866646584,9.90450914596864e-05,0.009741015428861957,0.9999531060410183,0.025626741527851937,7.16055360660612e-15,2.7208128097880975e-07,0.2023468879526874
0.9821,24,0.3745237725257959,0.8597319438130459,0.0001644840583486689,0.0399945866020929,3.1214505882462246e-05,0.004362829425735746,0.9999923528699688,0.01071997029422933,2.849999486038648e-14,1.5249185296191563e-07,0.1315716153492252
0.9821,25,0.3745237725257959,0.8597319438130459,0.0002689968405355728,0.024703827964820065,5.104812919597572e-05,0.008831780879890122,0.999970013954466,0.011977241073188205,8.871848493731487e-15,3.4600676021049426e-07,0.06915767402562034
0.9821,26,0.3745237725257959,0.8597319438130459,0.0003681690711142061,0.03275687650826123,6.986826414310561e-05,0.010092501968940284,0.9999584391877429,0.014658900965688115,7.543424463719256e-15,3.13972310728379e-07,0.06473766064538622
0.9821,27,0.3745237725257959,0.8597319438130459,0.00029181029448447927,0.03726702966949346,5.537748913296042e-05,0.007140343609840687,0.9999794787969574,0.01426727435692765,1.344341006457505e-14,2.3120333834124969e-07,0.026055481504067113
0.9821,28,0.3745237725257959,0.8597319438130459,0.00013454602059478584,0.0269767230832862,2.553309781799748e-05,0.0052461563860567734,0.9999915009149519,0.011356173705019401,1.2077429374288664e-14,1.3511819395897692e-07,0.013715580832806995
0.9821,29,0.3745237725257959,0.8597319438130459,0.0003284522588319985,0.027686229097504192,6.233111626955575e-05,0.008522448307254864,0.9999646908408042,0.013764959670031107,1.0833226962945658e-14,3.0185474589324423e-07,0.07676732528140418
0.9821,30,0.3745237725257959,0.8597319438130459,0.0003050937185283771,0.048734411512706126,5.789831408171336e-05,0.008618569628631133,0.9999712721693912,0.016501180941655313,1.4750904574252607e-14,2.3163342620080078e-07,0.011197415052216261
0.9821,31,0.3745237725257959,0.8597319438130459,0.0002064056694328542,0.020819240728232165,3.917006333238615e-05,0.0057480576610820094,0.9999860591651504,0.011221449346783707,1.715695687605399e-14,2.3818776414273678e-07,0.056561854709091475
0.9821,32,0.3745237725257959,0.8597319438130459,0.00021726819034666674,0.04027630523811272,4.123146810538738e-05,0.006321813621764689,0.9999806916307483,0.012087385295381559,2.1674166908023108e-14,2.0757852795482817e-07,0.06232927209944596
0.9821,33,0.3745237725257959,0.8597319438130459,0.0003061312263443251,0.026983106998424843,5.809520424936339e-05,0.008543494643128473,0.9999641756315525,0.016022908572448813,9.27432464725254e-15,2.8509983810748395e-07,0.12030545726448583
0.9821,34,0.3745237725257959,0.8597319438130459,0.00015365131580277237,0.02550895153968781,2.9158752216624365e-05,0.005220115819075135,0.9999883213959593,0.010654503035811613,1.9341900164729614e-14,1.963851453194688e-07,0.06462063197118606
0.9821,35,0.3745237725257959,0.8597319438130459,0.000323460174232138,0.03441364111276511,6.138375726301985e-05,0.006726802694331392,0.9999776079284783,0.02548061765002929,1.237616515922784e-14,2.1812899889636653e-07,0.6553000955977974
0.9821,36,0.3745237725257959,0.8597319438130459,0.00021107064676474657,0.025326838817419522,4.0055346464561707e-05,0.008086585796981693,0.9999786850577739,0.011661153357610754,9.498174483096697e-15,3.1523393721266794e-07,0.04601568470242834
0.9821,37,0.3745237725257959,0.8597319438130459,0.0002184051356276382,0.019216275936942695,4.1447228742115735e-05,0.006343812236406059,0.99998099298702,0.012717847836963614,1.393949484400152e-14,2.2484150230331574e-07,0.1978269231287808
0.9821,38,0.3745237725257959,0.8597319438130459,0.0003070688545694603,0.03912511142837511,5.827314004474064e-05,0.007998051243816353,0.999977411131156,0.014809696273804906,1.68549201118798e-14,2.2494631578825308e-07,0.025049937109244413
0.9821,39,0.3745237725257959,0.8597319438130459,0.0002599915454695775,0.028660748465733285,4.933917430616521e-05,0.007074228504802424,0.9999796584788608,0.012834208551807946,1.5415034966309843e-14,2.430169716926321e-07,0.12653259170229247
0.9821,40,0.3745237725257959,0.8597319438130459,0.0003326696281720576,0.02226526508334222,6.313145583677839e-05,0.007411103036795174,0.9999733589277329,0.023659746996647524,9.393587589472362e-15,2.605999595951662e-07,0.15243963858126885
0.9821,41,0.3745237725257959,0.8597319438130459,0.0001803477055608071,0.020076412032309348,3.422498552524204e-05,0.0055665064759292315,0.9999859314107244,0.01280779271424426,2.0446038256612632e-14,2.3414849396286566e-07,0.08715561138643552
0.9821,42,0.3745237725257959,0.8597319438130459,0.00016878400557986258,0.019368786551883926,3.2030516439897266e-05,0.004865836863501998,0.9999897470475787,0.011609379411303689,2.0307912434798738e-14,1.874835941265638e-07,0.06435661298804107
0.9821,43,0.3745237725257959,0.8597319438130459,0.00010512760511745741,0.04560745444972033,1.995029962959634e-05,0.004883037000624472,0.9999903531436695,0.009607664500179497,2.461372662315831e-14,1.478065767043174e-07,0.31928215876849175
0.9821,44,0.3745237725257959,0.8597319438130459,0.0001796717921089443,0.024802200618363024,3.4096715924947384e-05,0.0048579486389995295,0.9999891243290723,0.010386830803795988,1.55884772169398e-14,2.0278552107838505e-07,0.05025826687063273
0.9821,45,0.3745237725257959,0.8597319438130459,0.0002824355303267986,0.021065991626794157,5.3598419271208976e-05,0.0068078045883113916,0.9999771550612226,0.018487772606184727,2.106010291651961e-14,2.4341583780264755e-07,0.26564531479736764
0.9821,46,0.3745237725257959,0.8597319438130459,0.00018549400747286296,0.0407984535614808,3.5201610694389634e-05,0.006273873303268785,0.9999804395239372,0.014791346287259977,1.215835967779934e-14,1.9318337981218462e-07,0.3945925213129925
0.9821,47,0.3745237725257959,0.8597319438130459,0.00021536610529308446,0.04177199983257086,4.0870505190865344e-05,0.007810709303923398,0.9999755958767059,0.01298092319678057,1.4129619000966148e-14,2.212507040710839e-07,0.03311167090371264
0.9821,48,0.3745237725257959,0.8597319438130459,0.0001486062030670143,0.02173377359262883,2.8201329942702564e-05,0.004959146864893616,0.9999884516853192,0.012051172297567803,1.877571661225797e-14,2.0021620875333889e-07,0.1080695379835046
0.9821,49,0.3745237725257959,0.8597319438130459,0.0002537310596682195,0.0338785149075406,4.815110798025238e-05,0.0059425508369735916,0.9999854686419758,0.012616728810507238,1.2800177375753102e-14,2.073412481347369e-07,0.03551073425862561
0.9821,50,0.3745237725257959,0.8597319438130459,0.0011476928592651337,0.0477956587640614,0.00021780022858416192,0.012983726368807506,0.999936844620605,0.035045445852278756,6.8898143278699334e-15,2.3061929168075004e-07,0.2737837366044671
0.9821,51,0.3745237725257959,0.8597319438130459,0.00011234660219121024,0.04921159981826386,2.132026477324904e-05,0.004048979671588878,0.9999942049396391,0.012645434453702364,1.987237312100897e-14,1.1903799729308335e-07,0.13576450492764738
0.9821,52,0.3745237725257959,0.8597319438130459,0.00013791532563918755,0.02997163492821865,2.617249833610313e-05,0.004864530848646188,0.999991527261489,0.010880898152817675,1.8942239335132593e-14,2.083518032541973e-07,0.02016157823259522
0.9821,53,0.3745237725257959,0.8597319438130459,0.00021474965419172214,0.04083842964175038,4.075351989318395e-05,0.006780514059122501,0.999981235215924,0.013459013580039425,1.3460319606803988e-14,2.1176850279942863e-07,0.030290893610273734
0.9821,54,0.3745237725257959,0.8597319438130459,0.0002001384947059182,0.012276002166822017,3.7980727634177194e-05,0.007017886502371669,0.9999772868915664,0.011728810786932553,1.4411457187486976e-14,3.5655319316557063e-07,0.2093736576637849
0.9821,55,0.3745237725257959,0.8597319438130459,0.00036582611335598733,0.02235246032005821,6.942363583407445e-05,0.009343002677083628,0.9999595877266092,0.01932706221257474,1.3316954765541476e-14,3.522137147112662e-07,0.3866598368713964
0.9821,56,0.3745237725257959,0.8597319438130459,0.00022907501274410454,0.03744129003422475,4.347207507288309e-05,0.006124458947304457,0.9999875132630939,0.012978806071688442,1.629974377251042e-14,1.8248906963681377e-07,0.017962762035312024
0.9821,57,0.3745237725257959,0.8597319438130459,0.0003395755473295202,0.027773124873191814,6.444200748736746e-05,0.010440158495641973,0.9999522648308823,0.014319087504264916,1.0236283716307622e-14,2.984503409449347e-07,0.02779269293043929
0.9821,58,0.3745237725257959,0.8597319438130459,0.0002075392631307445,0.023054089097601607,3.9385187931731934e-05,0.005530228886978041,0.9999847529692922,0.022044937847454316,1.671857052188091e-14,2.2420059669281088e-07,0.17948612574222278
0.9821,59,0.3745237725257959,0.8597319438130459,0.00035232594105631573,0.022333993637361244,6.686167808635669e-05,0.009291643004847285,0.9999609532660381,0.015260078451486025,1.1693977982108225e-14,2.8648259096421454e-07,0.05298629705027813
1.425,0,0.24050846320834213,0.9421556791251615,5.3137935637624414e-05,0.019352528410692276,3.462741440368233e-06,0.0022112144793177964,0.999997945466493,0.004006287774391382,4.590777178879575e-14,1.4445307709959301e-07,0.18040079328704423
1.425,1,0.24050846320834213,0.9421556791251615,7.815031957475017e-05,0.022425918384273682,5.0926771415240215e-06,0.0019999469750785486,0.9999982150343989,0.0040491340678667775,4.2534107273396693e-14,1.0527670957465737e-07,0.14746992893097316
1.425,2,0.24050846320834213,0.9421556791251615,9.610592024715837e-05,0.022113557642251983,6.262756516813502e-06,0.0027323471032332366,0.9999964642938948,0.004075094491803766,2.9166198351532784e-14,1.7015846295804568e-07,0.28314185196935526
1.425,3,0.24050846320834213,0.9421556791251615,7.65374090295224e-05,0.02872146789980496,4.98757158712958e-06,0.0022664548899785602,0.9999977155459745,0.0036845306096761066,4.499924891594134e-14,1.1664213128437279e-07,0.10850138396314728
1.425,4,0.24050846320834213,0.9421556791251615,4.662379212218215e-05,0.020674621309589542,3.038246314075568e-06,0.0018600266651876002,0.9999986861522234,0.003858169896212349,5.460125733413408e-14,1.2842657614002814e-07,0.22210689166588404
1.425,5,0.24050846320834213,0.9421556791251615,2.85413837434535e-05,0.016201851640678458,1.8599034958356753e-06,0.0013511139812303616,0.9999990958090763,0.0026321636131871884,9.080782836831712e-14,1.1861289794008206e-07,0.3280974444997592
1.425,6,0.24050846320834213,0.9421556791251615,3.763557542731716e-05,0.017904303183037075,2.4525278428769343e-06,0.0014052922409960955,0.9999991857312641,0.003219033036837793,6.264121100327948e-14,1.0485586578478587e-07,0.21314043597679236
1.425,7,0.24050846320834213,0.9421556791251615,9.764489716577608e-05,0.021528280256828576,6.363044175487524e-06,0.0027008617714910192,0.9999970105866834,0.0040480305593647015,2.489898142291728e-14,1.4919849667331868e-07,0.15471716252194118
1.425,8,0.24050846320834213,0.9421556791251615,0.00043384691341796333,0.027726744473836336,2.8271698323268827e-05,0.00572553780497729,0.9999876968719452,0.015083577234358048,1.5429698314781298e-14,2.3775316669564735e-07,1.3669849527383373
1.425,9,0.24050846320834213,0.9421556791251615,3.738334907715506e-05,0.014519447890631379,2.4360914754384297e-06,0.0014584991334120959,0.9999989670051889,0.0027400657301668296,6.358720862311952e-14,1.436664320101871e-07,0.3400634394398679
1.425,10,0.24050846320834213,0.9421556791251615,7.240026020705821e-05,0.017837853095344722,4.717973671805694e-06,0.0021480332621998605,0.9999977353329884,0.003747400896814579,5.861096917721312e-14,1.570341195872413e-07,0.33274479317870387
1.425,11,0.24050846320834213,0.9421556791251615,6.31739538317128e-05,0.027918819798409187,4.116740051340727e-06,0.0021993857562002035,0.9999978764380475,0.003854461831789946,4.3461505220052496e-14,1.1596415792322245e-07,0.13279569947019393
1.425,12,0.24050846320834213,0.9421556791251615,0.0005232285032102638,0.034902519830249674,3.409626285077447e-05,0.0053046087501019785,0.9999881988489172,0.016891814729761423,2.000772063276521e-14,1.622651915689753e-07,1.8324799282900146
1.425,13,0.24050846320834213,0.9421556791251615,8.079029122535545e-05,0.018725723760951916,5.264711284857667e-06,0.002352646496976496,0.9999976132622399,0.0038660692141185837,3.556298860340414e-14,1.354069958202083e-07,0.18562774236847435
1.425,14,0.24050846320834213,0.9421556791251615,5.8734270718885233e-05,0.017980090636928722,3.827427444209604e-06,0.0023057927794775867,0.9999973498525174,0.0033727142098133323,5.047410575852044e-14,1.8875090524766348e-07,0.5086713223182924
1.425,15,0.24050846320834213,0.9421556791251615,2.5135113751695274e-05,0.016604537912371525,1.6379334076865428e-06,0.0015186050360965736,0.9999990355401116,0.0028542883330482383,5.848423269260758e-14,7.013366808972465e-08,0.054125942956502526
1.425,16,0.24050846320834213,0.9421556791251615,5.00340910540181e-05,0.025930316726353694,3.2604789487010424e-06,0.0018508184437757398,0.9999987437484829,0.0038012628282015903,5.951419818340056e-14,1.2020528592326833e-07,0.18563459236883217
1.425,17,0.24050846320834213,0.9421556791251615,1.322929810106987e-05,0.01212000466182956,8.620891687241792e-07,0.0008521297096031889,0.9999996864728543,0.0019249089251096585,1.1008667700609584e-13,9.34263047980897e-08,0.2156965920476095
1.425,18,0.24050846320834213,0.9421556791251615,0.00036501734879524933,0.022955105013477715,2.3786409557688516e-05,0.004860943438262588,0.9999902138133463,0.012398800493744755,1.6167867241425264e-14,2.1922430475888003e-07,4.431846177958009
1.425,19,0.24050846320834213,0.9421556791251615,4.9185164885113224e-05,0.023569987375936394,3.205158549261211e-06,0.001987372011178024,0.9999982581788723,0.0032017546865723556,5.031727607654533e-14,1.1917935424986966e-07,0.15538294756615012
1.425,20,0.24050846320834213,0.9421556791251615,2.92890422127734e-05,0.03939944987319654,1.908624770644067e-06,0.0014853330353051992,0.9999991703394039,0.0030745116991282018,7.00412982020956e-14,6.73990214750806e-08,0.058980027510668886
1.425,21,0.24050846320834213,0.9421556791251615,3.378779727723503e-05,0.019518687085160986,2.201786810246279e-06,0.0017272188761228923,0.999998799452738,0.0027831686699446023,5.680083286663708e-14,1.2584171948026923e-07,0.19348788977151776
1.425,22,0.24050846320834213,0.9421556791251615,8.211632031641654e-05,0.018626222805792587,5.351122166832409e-06,0.0018558262158422899,0.9999983802173774,0.004878923697337445,5.010863037843978e-14,1.3437847110936458e-07,0.36268020501552073
1.425,23,0.24050846320834213,0.9421556791251615,3.586282638171939e-05,0.02098648226128255,2.337006388949412e-06,0.001603023674987381,0.9999988081559623,0.003789289111451488,6.575898627590916e-14,1.117148445394812e-07,0.28494750466776164
1.425,24,0.24050846320834213,0.9421556791251615,4.524352216100381e-05,0.017471015771425586,2.948300817771938e-06,0.0015980518388264212,0.9999989255759563,0.0034035249882563567,4.2303413226920514e-14,1.3880195291516072e-07,0.23671982842698414
1.425,25,0.24050846320834213,0.9421556791251615,4.6239693980284957e-05,0.014849030503125296,3.013216501811253e-06,0.0016640780501866424,0.9999987339332037,0.0032420655527283238,6.016319605597253e-14,1.4922734144017415e-07,0.3877884420238475
1.425,26,0.24050846320834213,0.9421556791251615,6.615029404851408e-05,0.022222337726011576,4.310693702074255e-06,0.002152514940885645,0.9999978634029012,0.003983999771586921,4.2998503594109895e-14,1.2695865402865031e-07,0.15248735681857178
1.425,27,0.24050846320834213,0.9421556791251615,6.867276656899327e-05,0.02640510094740287,4.475070997203144e-06,0.002343970756584991,0.9999977582373106,0.003940541599163128,3.692443319078372e-14,1.1056394470851415e-07,0.08754344794994223
1.425,28,0.24050846320834213,0.9421556791251615,3.694310100396382e-05,0.01434040638315627,2.4074026445911133e-06,0.0014520551646937242,0.9999990128398718,0.0031992817512396243,5.896674274810034e-14,1.302192851083184e-07,0.3303369783682728
1.425,29,0.24050846320834213,0.9421556791251615,3.433650443546841e-05,0.026348158040519938,2.237543393422647e-06,0.0016498801899219313,0.9999988880573704,0.003456055844725636,4.745781954020475e-14,9.474762451298415e-08,0.11839976097451921
1.425,30,0.24050846320834213,0.9421556791251615,0.00029954887215900356,0.023932799630198363,1.9520146588195215e-05,0.004336647559015399,0.9999919389043594,0.012710423271869331,2.342081194926486e-14,2.0534585749090208e-07,3.781511732231911
1.425,31,0.24050846320834213,0.9421556791251615,8.336074536993227e-05,0.026047546892408326,5.432215309622585e-06,0.002154421179088996,0.999997798871146,0.003662082758613572,4.951829727611166e-14,1.1373498385176794e-07,0.14166324568201938
1.425,32,0.24050846320834213,0.9421556791251615,6.951756842737665e-05,0.014413421182745054,4.5301226353374724e-06,0.0023030451194021237,0.999997998415712,0.006481590703663054,3.247999622850895e-14,1.9694197189528526e-07,1.1394228939445237
1.425,33,0.24050846320834213,0.9421556791251615,0.0005337323263106153,0.027118787226115333,3.4780746037699976e-05,0.005600898912246714,0.9999863803630659,0.0156202646396435,1.3692867129751308e-14,2.2839416322390565e-07,6.596031287951812
1.425,34,0.24050846320834213,0.9421556791251615,0.003226159594190834,0.047853099449923574,0.00021023316743482847,0.015794815104361114,0.9999266653137839,0.036771980521439485,6.2152489803635445e-15,3.0144540624397344e-07,5.602145617791197
1.425,35,0.24050846320834213,0.9421556791251615,6.184175081880117e-05,0.017938241493897486,4.029926844835191e-06,0.0024244739032219104,0.9999975530380512,0.00422720894911488,4.2947807910863905e-14,1.7848822677215857e-07,0.27642479781100937
1.425,36,0.24050846320834213,0.9421556791251615,2.585707517590348e-05,0.015128243584503752,1.6849801307471236e-06,0.0014589129910685028,0.999999150712003,0.002288441237074945,5.99780644895037e-14,1.3671881572403951e-07,0.2985243629353066
1.425,37,0.24050846320834213,0.9421556791251615,6.454436825481721e-05,0.011379082539750193,4.206043310046846e-06,0.002650434646403959,0.9999965688672272,0.004212276204126564,3.940328335549998e-14,2.3691871599758033e-07,0.9286666890174655
1.425,38,0.24050846320834213,0.9421556791251615,4.283258069915154e-05,0.01904611250506996,2.791191460585212e-06,0.001449418846576585,0.9999991849216704,0.003280827036442391,5.94569943876161e-14,6.949735242103503e-08,0.07725967117674387
1.425,39,0.24050846320834213,0.9421556791251615,0.0006985902727753131,0.03519362514789585,4.552373851844503e-05,0.005748918264776275,0.9999893196182805,0.01979088655346306,1.6890468379516414e-14,2.043740972555071e-07,1.3562159307514237
1.425,40,0.24050846320834213,0.9421556791251615,0.00010501212383154447,0.013685535697716484,6.843130591529724e-06,0.002512962378469681,0.9999971727851426,0.008060109863686993,2.885922039977792e-14,1.8364412036148313e-07,1.7319636697648726
1.425,41,0.24050846320834213,0.9421556791251615,2.5155940025719424e-05,0.0378517397095808,1.639290554915604e-06,0.0013144253239242604,0.999999139206591,0.0026772449258412045,6.433420453546835e-14,5.420755035822384e-08,0.7532335150758052
1.425,42,0.24050846320834213,0.9421556791251615,4.282825737568553e-05,0.01675202871159506,2.7909097305717085e-06,0.0017101779789780707,0.9999986809722722,0.003280691216655973,4.6949657547909757e-14,1.2205694530757106e-07,0.2905600945560566
1.425,43,0.24050846320834213,0.9421556791251615,4.1894733157753585e-05,0.01577185977514164,2.7300764867463707e-06,0.0012944908530275402,0.9999991841002922,0.0037304526926431603,6.001916132688316e-14,1.0468206198470359e-07,0.4173784417411337
1.425,44,0.24050846320834213,0.9421556791251615,0.00011584247466609035,0.016602678068844454,7.548892006580661e-06,0.0025652105058628946,0.9999969035500489,0.004263999019294973,4.2535644963455504e-14,1.51132152847189e-07,0.24360511266473017
1.425,45,0.24050846320834213,0.9421556791251615,0.00010002178705719516,0.027781560599062758,6.517934557047415e-06,0.0029589220538815478,0.9999962205966235,0.0038803547373233993,3.335165663999252e-14,1.429494691852618e-07,0.10289247599752377
1.425,46,0.24050846320834213,0.9421556791251615,4.129431812585522e-05,0.011349174284603754,2.6909503523298224e-06,0.001691218548540195,0.9999986037740485,0.0031506759405637297,4.533776685036548e-14,2.0366482519904275e-07,0.9867316205308965
1.425,47,0.24050846320834213,0.9421556791251615,3.302270749454382e-05,0.023793430589666056,2.151929621322063e-06,0.0015214849178428024,0.9999991430403019,0.0030264603629005515,6.203069613689087e-14,8.512859905599384e-08,0.12037723977614989
1.425,48,0.24050846320834213,0.9421556791251615,3.4825178413614834e-05,0.028429140472110502,2.269387905533468e-06,0.001291886008376417,0.9999993714917345,0.0033509693107580674,6.958997807661464e-14,6.476883235477623e-08,0.04541799129934049
1.425,49,0.24050846320834213,0.9421556791251615,8.419175306747282e-05,0.022077547263029903,5.4863680492239e-06,0.0027375990491654506,0.9999967339797693,0.003811422470088921,2.888054194651043e-14,1.5175294295154286e-07,0.12781041494850376
1.425,50,0.24050846320834213,0.9421556791251615,4.8413718736694495e-05,0.023519453773366915,3.1548871468236127e-06,0.0015935813887870322,0.9999988470257382,0.0032819336030118773,5.001890147897116e-14,7.967545665047906e-08,0.1840109120543929
1.425,51,0.24050846320834213,0.9421556791251615,7.238854205847193e-05,0.016902429835061232,4.717210056918792e-06,0.002527390317472988,0.9999971696858573,0.0033611715125900776,3.492987129418527e-14,1.9450971982719705e-07,0.40830853955547297
1.425,52,0.24050846320834213,0.9421556791251615,3.773248941152319e-05,0.017813844802427516,2.4588432570010717e-06,0.0014338277525411736,0.9999991636939549,0.003669463854476973,6.904211491245451e-14,1.0420325025999288e-07,0.22625439275035591
1.425,53,0.24050846320834213,0.9421556791251615,6.805397945071202e-05,0.01363760480588772,4.434747643058263e-06,0.0019192375463737055,0.9999982287299088,0.004283839945712131,5.851725673002428e-14,1.6298412159931413e-07,0.834498874453842
1.425,54,0.24050846320834213,0.9421556791251615,0.0003930279121470077,0.024941436428815217,2.561172206413659e-05,0.004552166170828735,0.9999903331167274,0.015216053594345968,2.027996026765519e-14,1.4772619791332734e-07,1.0512687920918566
1.425,55,0.24050846320834213,0.9421556791251615,4.951936278217022e-05,0.018250079714040083,3.2269366046848157e-06,0.0015088912342849016,0.9999988681867674,0.003301708300963213,6.97990641891742e-14,1.1807816035661936e-07,0.34641948468588946
1.425,56,0.24050846320834213,0.9421556791251615,0.00028430226187287544,0.02526700606208408,1.8526598972364934e-05,0.004069066313863979,0.9999930416379921,0.01347083750771949,1.8259137872145015e-14,1.8715272916801325e-07,1.8319949829855646
1.425,57,0.24050846320834213,0.9421556791251615,4.764747828147653e-05,0.01920299563255311,3.104954974153806e-06,0.0017915258877955378,0.9999986473249688,0.0033694978324367852,5.821583503561659e-14,1.4069930781265835e-07,0.23006090539392876
1.425,58,0.24050846320834213,0.9421556791251615,0.00032129724353058357,0.039686259889899954,2.0937382427435557e-05,0.004245408883516228,0.9999928473530756,0.015273618860692117,1.8291384799620157e-14,1.3958518758768825e-07,0.9477035752767505
1.425,59,0.24050846320834213,0.9421556791251615,5.9591686650505416e-05,0.021011891469544526,3.883301080293128e-06,0.0017054607078068453,0.9999985463251597,0.005953966458559279,3.8643651910746313e-14,1.1275996447618595e-07,0.4821776755510121
2.0676,0,0.1264889912870887,0.9840005350831748,3.7534103059737558e-06,0.0037856124625919372,6.202129519230579e-08,0.0002518720051352293,0.9999999704026428,0.000683540902058688,3.4938537880924537e-13,9.6749026164296e-08,3.905352886415108
2.0676,1,0.1264889912870887,0.9840005350831748,1.3908153935868163e-06,0.00569441335846847,2.298181255226458e-08,0.00013723515907026546,0.9999999918253878,0.0002858353164192362,4.1238359635055584e-13,2.4975291918775034e-08,0.07118059851294789
2.0676,2,0.1264889912870887,0.9840005350831748,2.045466044467514e-06,0.005183440306558149,3.3799250017476094e-08,0.00016094571228574057,0.9999999883065315,0.0003740168456833892,3.802463833967246e-13,4.996709266615074e-08,0.2866490633842791
2.0676,3,0.1264889912870887,0.9840005350831748,4.003283004629771e-06,0.01418359644548028,6.615018789002353e-08,0.0002912650283345098,0.9999999644230194,0.0005262330699985496,2.9443531502258737e-13,3.581501692580792e-08,0.044840696042271255
2.0676,4,0.1264889912870887,0.9840005350831748,3.913865207589669e-06,0.007325083073590124,6.467264956258452e-08,0.0002473981116836791,0.9999999737337454,0.00041315709762618225,3.7737182903826897e-13,5.400650923571867e-08,0.24119947198812697
2.0676,5,0.1264889912870887,0.9840005350831748,5.668152764710179e-06,0.006032976122522474,9.366047065402708e-08,0.00026347176848987047,0.9999999678207079,0.0009264191675606437,3.8412856084817416e-13,6.78279374682404e-08,1.3603258305458859
2.0676,6,0.1264889912870887,0.9840005350831748,4.075000158889061e-06,0.008085986397927849,6.733524106354821e-08,0.00026679167560194933,0.9999999693928494,0.0004642166979824669,3.3769379260667677e-13,4.280711606675419e-08,0.09303558319009586
2.0676,7,0.1264889912870887,0.9840005350831748,2.516474204561394e-06,0.004914313314304409,4.158218173924098e-08,0.00020040925071890237,0.9999999827988901,0.0004932513761390922,3.096913807927432e-13,6.59712710588636e-08,0.4590937099522706
2.0676,8,0.1264889912870887,0.9840005350831748,4.59070793550244e-06,0.008508478082021736,7.585678857338948e-08,0.0002517555481801056,0.9999999707083556,0.0009132150542678907,3.286562891091807e-13,5.0401120847580926e-08,0.41413871427255927
2.0676,9,0.1264889912870887,0.9840005350831748,2.9467916378518894e-06,0.006180037553603676,4.869274050602921e-08,0.0002833325363934203,0.9999999617913318,0.0004377292418604739,2.749747613808216e-13,7.675829341376707e-08,0.3141045577364567
2.0676,10,0.1264889912870887,0.9840005350831748,5.189169877801525e-06,0.00686120793810688,8.574576466684138e-08,0.0002703719465549979,0.9999999669185305,0.0005048576668738036,2.7330626806309657e-13,6.620656051865824e-08,0.5481937646845825
2.0676,11,0.1264889912870887,0.9840005350831748,0.0001761191730021226,0.02076490383333453,2.910190554015854e-06,0.001550270313034195,0.9999992171751702,0.004259399313314205,4.5644423580951054e-14,1.1685015861537327e-07,6.1309059775838595
2.0676,12,0.1264889912870887,0.9840005350831748,2.555438572805689e-06,0.007903121985738976,4.222602837146771e-08,0.0002015738128985016,0.9999999831221785,0.00036349387630746355,3.1654930080931853e-13,4.422685745840266e-08,0.15314534919082318
2.0676,13,0.1264889912870887,0.9840005350831748,3.1659711412171844e-05,0.012604420313383392,5.231445930844507e-07,0.0007844468802907918,0.9999997766747608,0.002165716877951418,9.792963766929173e-14,1.0057481971988808e-07,6.506009758776041
2.0676,14,0.1264889912870887,0.9840005350831748,1.2439603744364637e-06,0.012728929218054168,2.0555182434399778e-08,0.0001275437905062115,0.9999999931141825,0.00033549109513408837,7.69925987751318e-13,1.6067216844334076e-08,0.06260083001685957
2.0676,15,0.1264889912870887,0.9840005350831748,2.3095314312786237e-06,0.011846202577003712,3.816266247984873e-08,0.00018891980107949908,0.9999999844170013,0.0003736831660344775,4.3892906897935273e-13,2.2810017808443237e-08,0.027693500438522034
2.0676,16,0.1264889912870887,0.9840005350831748,4.377151063542621e-06,0.007773944570397097,7.232797804738796e-08,0.00028798114860978326,0.9999999610822115,0.0005441962705206027,3.4079322562834475e-13,3.931424475324346e-08,0.16124605137836145
2.0676,17,0.1264889912870887,0.9840005350831748,1.2882262862956236e-05,0.007913494068427406,2.1286631693228925e-07,0.00040830034294415425,0.9999999379253224,0.000987773913838641,2.339028238993553e-13,8.317669961427134e-08,6.106169336693776
2.0676,18,0.1264889912870887,0.9840005350831748,4.984135266446346e-05,0.013947032508984523,8.235777584632183e-07,0.0009573083849406241,0.9999996925362798,0.002063060729801558,1.1468253868557645e-13,1.0550315160511432e-07,6.678221362792758
2.0676,19,0.1264889912870887,0.9840005350831748,6.59726970127261e-06,0.00821080216842062,1.0901318487743393e-07,0.00034239319857061825,0.9999999416817461,0.0007700085117439137,3.480909144420125e-13,4.900441136266066e-08,0.22948950849017397
2.0676,20,0.1264889912870887,0.9840005350831748,5.98764697636029e-06,0.01054595734548723,9.893978818066886e-08,0.00025539202513778444,0.9999999683530659,0.0007356150273820639,4.62670677071693e-13,2.783599309549868e-08,0.2636053283381841
2.0676,21,0.1264889912870887,0.9840005350831748,1.8987720298394099e-06,0.007198078089561358,3.137528033590296e-08,0.0002034662296316248,0.9999999839123604,0.0004066679467973344,4.025956551046005e-13,2.8816991632703082e-08,0.04030090724168972
2.0676,22,0.1264889912870887,0.9840005350831748,3.703790761468507e-06,0.008648733024350768,6.12013825885192e-08,0.00030869314055022924,0.9999999623867459,0.0006443028305398446,2.380437384537801e-13,6.010916685799482e-08,0.4283679068713804
2.0676,23,0.1264889912870887,0.9840005350831748,2.2550213028467526e-06,0.0038967437944354465,3.726193794112778e-08,0.00019267043845113112,0.9999999817093369,0.0003692592850599308,5.814892325869812e-13,7.415160195052547e-08,0.7514663948786173
2.0676,24,0.1264889912870887,0.9840005350831748,2.8536013558125337e-06,0.01114857189129876,4.715286569345119e-08,0.00018277173085600053,0.9999999850131506,0.0004675385961818712,4.259785787839629e-13,2.78478289621701e-08,0.10461522262267124
2.0676,25,0.1264889912870887,0.9840005350831748,2.301321818106432e-06,0.004897966375486103,3.802700695581623e-08,0.0001594597398089748,0.9999999874502151,0.0003850043197193287,5.879219285676778e-13,5.61632670110732e-08,0.45350109651267567
2.0676,26,0.1264889912870887,0.9840005350831748,2.668822424406064e-06,0.00488457591365422,4.409958142239268e-08,0.0002226360406448818,0.9999999756522346,0.0003225103272653587,3.7562896627782013e-13,7.311631972766888e-08,0.5471842004719015
2.0676,27,0.1264889912870887,0.9840005350831748,3.6986652628199023e-06,0.007485123247045674,6.111668892628467e-08,0.0002651789585366926,0.9999999712071602,0.00039387929757395135,3.024992923655428e-13,4.628385387662791e-08,0.10553831954067015
2.0676,28,0.1264889912870887,0.9840005350831748,4.280166323053473e-06,0.007250151268487223,7.072540366071026e-08,0.00024295719528530954,0.9999999715506532,0.0005694854719111575,3.404618394589544e-13,5.611505681309055e-08,0.5068199003846339
2.0676,29,0.1264889912870887,0.9840005350831748,1.9830552864541993e-06,0.00886487075581059,3.27679755949173e-08,0.00019831959412162754,0.9999999852392649,0.0003808593947614014,4.794538610533794e-13,3.403999160332546e-08,0.08193882517652509
2.0676,30,0.1264889912870887,0.9840005350831748,3.4653036295316436e-06,0.008186569510082366,5.72606248232645e-08,0.00023973696205819835,0.9999999759794507,0.00045356918241568067,4.220226351118727e-13,4.158758359342363e-08,0.13161800006719038
2.0676,31,0.1264889912870887,0.9840005350831748,5.1783479295944305e-06,0.00585572475176835,8.556694295817692e-08,0.0003027354998781869,0.99999995762026,0.00043585672618851046,3.117186483428173e-13,7.973864778811431e-08,0.8565545873533423
2.0676,32,0.1264889912870887,0.9840005350831748,1.3949694936876264e-06,0.004998143562271293,2.3050454839598076e-08,0.0001533501042624491,0.9999999910806572,0.00029210812174129686,7.91049178631307e-13,3.087134605111402e-08,0.11515119277664711
2.0676,33,0.1264889912870887,0.9840005350831748,3.371740925517e-06,0.008408209946661305,5.571459611561276e-08,0.00020798851314577144,0.9999999802277524,0.00037361205858954527,3.6326292869196863e-13,3.9478835429453324e-08,0.09970215801538576
2.0676,34,0.1264889912870887,0.9840005350831748,3.900651768381218e-06,0.00891237914673514,6.445431089270306e-08,0.00025310385841258685,0.9999999696615006,0.00038104270572691945,3.045715522723469e-13,4.848527210343383e-08,0.16441144534137261
2.0676,35,0.1264889912870887,0.9840005350831748,1.4731705828713031e-06,0.005348121579769994,2.4342648455851886e-08,0.00015862760949322807,0.9999999898339934,0.00031570860507246223,5.075156859360344e-13,5.0680653606937125e-08,0.27510891238182134
2.0676,36,0.1264889912870887,0.9840005350831748,1.7401970278877778e-06,0.009292428766069113,2.8754989399277284e-08,0.0002018685916248723,0.9999999859723351,0.0003574688720107133,3.4132154663631203e-13,2.5404768785343598e-08,0.03119448686537784
2.0676,37,0.1264889912870887,0.9840005350831748,3.231546708693957e-06,0.010666682305205807,5.33980289947457e-08,0.00023701030569459934,0.9999999751512954,0.0004295710302809619,5.237742963205689e-13,3.5261849129866995e-08,0.059265691729298506
2.0676,38,0.1264889912870887,0.9840005350831748,1.8184086586834587e-06,0.009993258808151356,3.0047357204986184e-08,0.00017813738946586776,0.9999999861992549,0.0003730283327405548,4.582165230507726e-13,3.160691109852063e-08,0.09484471225894835
2.0676,39,0.1264889912870887,0.9840005350831748,4.2471314480160565e-06,0.010943888561929646,7.017953588467017e-08,0.00036552485348814126,0.999999942726548,0.0005065692501990959,2.755480339452569e-13,4.534231964724494e-08,0.04010660466496055
2.0676,40,0.1264889912870887,0.9840005350831748,4.8196448468603075e-06,0.009606274294102766,7.963973863808161e-08,0.0003240005557750617,0.9999999573896717,0.0004990902281507559,2.849604375564964e-13,5.916859720507121e-08,0.22148777927475766
2.0676,41,0.1264889912870887,0.9840005350831748,3.308750343108172e-06,0.0075346360190971335,5.467374068348989e-08,0.0002483057739238204,0.9999999722637872,0.0003950091293938307,2.986656679230747e-13,4.729152641627928e-08,0.1399158875065292
2.0676,42,0.1264889912870887,0.9840005350831748,2.2067026122921376e-06,0.007834942736055023,3.6463520628365735e-08,0.00018465551839835643,0.9999999859749721,0.00032737645513369884,5.085557523666033e-13,2.897733086598531e-08,0.09887610920614383
2.0676,43,0.1264889912870887,0.9840005350831748,3.563863324219018e-06,0.01163857349728043,5.888922372933729e-08,0.00022249289574034499,0.9999999788217199,0.00039814310157471056,3.870640613032554e-13,3.219096340168563e-08,0.09733738123767277
2.0676,44,0.1264889912870887,0.9840005350831748,1.0995095030388408e-06,0.006509885533676141,1.816827841767547e-08,0.0001494173739590984,0.9999999915436051,0.0002652542742531683,5.431284361346501e-13,1.9540654088390153e-08,0.03802520488162081
2.0676,45,0.1264889912870887,0.9840005350831748,3.5164727919560455e-06,0.007063719216335046,5.8106143290152804e-08,0.0002969765439069612,0.9999999564206903,0.0004428535602671868,2.934425559428857e-13,7.242770249094646e-08,0.49939232451936555
2.0676,46,0.1264889912870887,0.9840005350831748,3.2157658558726478e-06,0.010772186148948933,5.3137266421163946e-08,0.00020994858595704886,0.9999999806442599,0.000501868471584288,4.76998815675887e-13,3.037715620144136e-08,0.05881375965902419
2.0676,47,0.1264889912870887,0.9840005350831748,1.550695767354971e-05,0.006953316680944727,2.5623673433070727e-07,0.0005272162558309275,0.9999998748189207,0.0013976282533989526,1.3098196820883941e-13,1.09896397283696e-07,3.2266081121601298
2.0676,48,0.1264889912870887,0.9840005350831748,6.821897312826054e-06,0.007051976541151964,1.127249281372123e-07,0.00027560975642663743,0.9999999665270035,0.0008605282099258815,4.692320370100215e-13,6.483967594546491e-08,5.884120119796572
2.0676,49,0.1264889912870887,0.9840005350831748,3.2601476838051067e-06,0.010528109172139978,5.387063107542151e-08,0.00026900252470429516,0.9999999673317465,0.0003967567279904438,2.4852785692165357e-13,4.2740693781899505e-08,0.08403733001023148
2.0676,50,0.1264889912870887,0.9840005350831748,9.468745098065441e-07,0.008619950172497127,1.5646140095396187e-08,0.00014763210596009806,0.9999999918687545,0.0002955959568818889,6.333145825666762e-13,1.7108432583669746e-08,0.010860009583592345
2.0676,51,0.1264889912870887,0.9840005350831748,2.289483078908791e-06,0.004771411133486707,3.783138380815852e-08,0.00019975498083667036,0.9999999814406402,0.00039829681256753346,4.676823310445597e-13,4.064154059547423e-08,0.15423748341118693
2.0676,52,0.1264889912870887,0.9840005350831748,3.5512030538487752e-06,0.005801801785581148,5.868002561299423e-08,0.00023254042324478746,0.9999999739190909,0.0007833404012846934,2.898609134743437e-13,5.234817390122566e-08,0.4688425041536126
2.0676,53,0.1264889912870887,0.9840005350831748,3.3929770687662122e-06,0.010876467150152308,5.606550182583605e-08,0.0003137484255116728,0.999999956433901,0.0003897324845378858,2.551694094431782e-13,4.276272844197992e-08,0.06487919165162193
2.0676,54,0.1264889912870887,0.9840005350831748,5.322982396945053e-05,0.016890744569846836,8.795688071164335e-07,0.0009634449165887725,0.999999651757121,0.0024606939468720945,7.31057796942177e-14,7.864238490132708e-08,1.2693906894062632
2.0676,55,0.1264889912870887,0.9840005350831748,5.1612440109086334e-06,0.0094209766739844,8.528431806419411e-08,0.00030667727353464143,0.9999999551327282,0.000530234909151106,4.670770211530315e-13,5.800887122318726e-08,0.2230952576719358
2.0676,56,0.1264889912870887,0.9840005350831748,7.918778715582439e-06,0.012728415032038256,1.30849779865547e-07,0.0006416780923427683,0.999999849703563,0.0005261058623542425,1.4553028274234727e-13,7.950848676451308e-08,0.06671605274439393
2.0676,57,0.1264889912870887,0.9840005350831748,2.716819525566302e-06,0.008011091012297909,4.489268479687553e-08,0.00019630030856473862,0.9999999820525965,0.0004167457111610151,4.899431424739169e-13,4.1696160630770596e-08,0.21638492299957346
2.0676,58,0.1264889912870887,0.9840005350831748,1.5734488538011046e-06,0.005885284371825145,2.5999645089777377e-08,0.0001360149052837248,0.9999999915721282,0.0003845984371277922,7.102266156090625e-13,3.9524618756119394e-08,0.2920727274445487
2.0676,59,0.1264889912870887,0.9840005350831748,3.900727868044002e-06,0.009789211430852436,6.445556836240313e-08,0.00026903266789491325,0.9999999703787515,0.0004746075110440007,3.9904247867991803e-13,4.4595432020522995e-08,0.1152116127498318
3.0,0,0.049787068367863944,0.9975212478233336,3.7215917599142034e-07,0.0022853997454891674,9.270806778714744e-10,2.844752358713025e-05,0.9999999997004595,7.378275812119917e-05,2.35956394627523e-12,2.1065765087928316e-08,0.11368795057392275
3.0,1,0.049787068367863944,0.9975212478233336,5.567895350228191e-09,0.0006859790180202437,1.3870108621749411e-11,4.017956562365723e-06,0.9999999999922436,8.358823917697933e-06,2.0572896587207786e-11,1.05571554826576e-08,0.018073446743367475
3.0,2,0.049787068367863944,0.9975212478233336,2.765993754368631e-08,0.0011712539976913437,6.890329542347576e-11,1.1824047279952056e-05,0.9999999999448571,1.3314186100288339e-05,6.597336021926515e-12,1.713594955768223e-08,0.0173528942416091
3.0,3,0.049787068367863944,0.9975212478233336,4.46330911027152e-08,0.00215935416578832,1.1118488814631848e-10,1.2400176739185034e-05,0.9999999999316105,1.690934269449329e-05,1.0241517912682765e-11,1.111416669410958e-08,0.012643993090206668
3.0,4,0.049787068367863944,0.9975212478233336,8.294607076948744e-09,0.0007763839780407611,2.0662583237507908e-11,4.462613257324972e-06,0.9999999999903992,9.21952625276834e-06,1.810060301865895e-11,1.090738325323344e-08,0.013937930576508849
3.0,5,0.049787068367863944,0.9975212478233336,8.258836673471283e-09,0.002117446287648362,2.0573476070421423e-11,5.832721381377826e-06,0.9999999999852376,9.816349181512862e-06,2.078867740631577e-11,5.103221751660759e-09,0.005267428756070128
3.0,6,0.049787068367863944,0.9975212478233336,4.120634473858284e-08,0.0016077785359094948,1.0264856673500736e-10,1.1257740114919108e-05,0.9999999999418985,1.3797398248804882e-05,1.1243095771743273e-11,8.990354977149419e-09,0.015219568772568887
3.0,7,0.049787068367863944,0.9975212478233336,1.4607382706476866e-07,0.002186212092175976,3.638825302461163e-10,1.5324190935707103e-05,0.9999999998997658,5.501865004120532e-05,5.181532120437213e-12,1.0022212830272994e-08,0.05797198886962887
3.0,8,0.049787068367863944,0.9975212478233336,3.370953389918398e-08,0.001727247580763228,8.39733628888496e-11,1.141053476122173e-05,0.9999999999453588,1.4862434804197022e-05,5.768358529895959e-12,1.2437949041773525e-08,0.012373127120805377
3.0,9,0.049787068367863944,0.9975212478233336,1.807019614143469e-08,0.001064862899557128,4.5014420626363126e-11,5.754836124885778e-06,0.9999999999837844,1.7060849282213297e-05,1.8187733213615258e-11,9.884134772868943e-09,0.03155262181808939
3.0,10,0.049787068367863944,0.9975212478233336,1.493694251942924e-08,0.002163573886892327,3.720921500675587e-11,6.468808341229067e-06,0.9999999999837289,1.1532881143860862e-05,1.3124471408178849e-11,5.570127580925486e-09,0.006847144828271895
3.0,11,0.049787068367863944,0.9975212478233336,1.4340874497562054e-08,0.0010942579150467807,3.572435803872814e-11,6.201242451111732e-06,0.9999999999809228,1.2328969792751998e-05,1.1797554163894528e-11,1.004095887275451e-08,0.01683149842883866
3.0,12,0.049787068367863944,0.9975212478233336,2.26312376483633e-08,0.002119196841510459,5.637636928953894e-11,8.791633077866203e-06,0.9999999999668231,1.4051660226055418e-05,8.847284934306525e-12,6.2299388448360965e-09,0.008397661311447244
3.0,13,0.049787068367863944,0.9975212478233336,1.2437165349725856e-08,0.001277424183497502,3.0982053989567407e-11,6.2221349473001266e-06,0.999999999984833,1.1732926338714478e-05,1.4278430958194998e-11,4.904129886050426e-09,0.012407221270857638
3.0,14,0.049787068367863944,0.9975212478233336,1.7284271400155727e-08,0.0018348474401481392,4.305661415804265e-11,7.212396916547241e-06,0.999999999978984,1.1171775130103256e-05,1.1981832422692435e-11,6.408601572690126e-09,0.007620743434665941
3.0,15,0.049787068367863944,0.9975212478233336,9.141739536148737e-09,0.001419011440007438,2.2772863421876098e-11,4.158387671034579e-06,0.999999999992034,1.048252239277403e-05,3.13380941253151e-11,5.078331017607824e-09,0.01150424210293964
3.0,16,0.049787068367863944,0.9975212478233336,5.168034009382709e-07,0.0037600737388184024,1.2874019456607368e-09,2.936330287876812e-05,0.9999999996696048,8.994250748184385e-05,2.627971846388092e-12,1.3882548143717027e-08,0.12284192628437639
3.0,17,0.049787068367863944,0.9975212478233336,3.131380564753915e-08,0.00193320600862996,7.800539672016458e-11,9.462430197410559e-06,0.9999999999588446,1.652178112365732e-05,8.89001280460771e-12,7.337076306813572e-09,0.011820754904338066
3.0,18,0.049787068367863944,0.9975212478233336,1.3048514537356829e-08,0.0014132231037824062,3.250497766229723e-11,5.594564911289435e-06,0.9999999999851918,1.064961174845891e-05,1.3242976059835038e-11,7.610989485022027e-09,0.011263584120406733
3.0,19,0.049787068367863944,0.9975212478233336,4.727421975859743e-08,0.001180097179133189,1.1776416793440465e-10,9.113803970027028e-06,0.9999999999730932,2.2767197387807414e-05,1.1709340391906722e-11,1.4144032677974023e-08,0.058180536507864915
3.0,20,0.049787068367863944,0.9975212478233336,2.4770232369189756e-08,0.0015982589752575529,6.170479003922528e-11,8.721680277712064e-06,0.9999999999659964,1.1371479271771179e-05,1.1124651805866187e-11,9.93182156555456e-09,0.012996680490993812
3.0,21,0.049787068367863944,0.9975212478233336,3.224097207465168e-08,0.0017123023062902503,8.03150484374921e-11,1.035314967884556e-05,0.9999999999527042,1.573585589154103e-05,7.249340305487853e-12,1.0965586359452534e-08,0.012285406279463423
3.0,22,0.049787068367863944,0.9975212478233336,2.852840798308508e-08,0.0009739235002779558,7.106673036121391e-11,7.336055027247062e-06,0.9999999999731425,1.281271414521612e-05,1.0702800191093063e-11,1.3214882098358796e-08,0.014920479288078714
3.0,23,0.049787068367863944,0.9975212478233336,2.5817921217875916e-07,0.0026589351641470747,6.431467352679584e-10,2.8416235457536857e-05,0.9999999997420348,6.653146083834827e-05,3.131468472312832e-12,1.9250092262871417e-08,0.09519853790179009
3.0,24,0.049787068367863944,0.9975212478233336,2.753997505083984e-08,0.0017091516883959276,6.86044584837472e-11,7.26271275416369e-06,0.9999999999736495,1.480342479487362e-05,1.041478551692617e-11,7.793901165309968e-09,0.03506318257788119
3.0,25,0.049787068367863944,0.9975212478233336,1.7098361182378308e-08,0.0011977526770919793,4.259349573548012e-11,5.983763132706687e-06,0.9999999999840353,1.1399961814317905e-05,1.124846872840957e-11,9.31154344038783e-09,0.013958349445136353
3.0,26,0.049787068367863944,0.9975212478233336,1.8132377022769027e-08,0.0014507380408233536,4.516931857668923e-11,6.4552261772532e-06,0.9999999999791654,1.155666068930472e-05,1.9306141056454244e-11,8.276621369203505e-09,0.019803995428185877
3.0,27,0.049787068367863944,0.9975212478233336,7.805372269312689e-07,0.004139411446060353,1.94438570410253e-09,4.184023431885618e-05,0.9999999994309398,0.00011846418014682669,2.3301439322914645e-12,1.7205208244746786e-08,0.13696446172371154
3.0,28,0.049787068367863944,0.9975212478233336,8.176463715399582e-09,0.0008880934216487657,2.0368277911517295e-11,3.6348231027793174e-06,0.9999999999939019,8.285402654628626e-06,2.366044462517482e-11,5.44520864635403e-09,0.01317481446304769
3.0,29,0.049787068367863944,0.9975212478233336,3.4583411917471256e-08,0.0009500911675151695,8.615026857283261e-11,9.323738428251265e-06,0.9999999999572273,1.2265598827609914e-05,1.0252258843076043e-11,1.433164512798036e-08,0.01840673764018197
3.0,30,0.049787068367863944,0.9975212478233336,9.833662759059644e-09,0.001305682409748299,2.4496503981943986e-11,4.985704791975382e-06,0.9999999999897319,8.860970555746306e-06,2.224371354130628e-11,6.961216253910078e-09,0.011449355067289946
3.0,31,0.049787068367863944,0.9975212478233336,7.610585516372832e-09,0.0006580911932121299,1.895862640163713e-11,4.751791603727145e-06,0.999999999988723,9.215704448450879e-06,2.1266687034823133e-11,1.3116605553300952e-08,0.026101323751968365
3.0,32,0.049787068367863944,0.9975212478233336,1.7436362414364992e-08,0.001052463290202722,4.3435486022006196e-11,7.441190398125003e-06,0.999999999973496,1.250220182491546e-05,8.43704101048476e-12,1.3096610641037583e-08,0.014148035814454618
3.0,33,0.049787068367863944,0.9975212478233336,2.892971096113679e-08,0.0007943184825230658,7.206641076845314e-11,7.716219142445774e-06,0.9999999999724315,2.147495504756236e-05,1.309714575115034e-11,1.688187976300571e-08,0.03630400311552967
3.0,34,0.049787068367863944,0.9975212478233336,1.0349377601342948e-08,0.0016384552896607286,2.578119423409438e-11,5.716510769240829e-06,0.9999999999872328,9.273691929490013e-06,1.4914320795578144e-11,5.999346132916153e-09,0.008118177911169103
3.0,35,0.049787068367863944,0.9975212478233336,6.3900673923598675e-09,0.0019862889378834156,1.5918210249568633e-11,4.718046404411566e-06,0.9999999999911271,1.019911146471486e-05,1.994574148071867e-11,3.779179884066923e-09,0.004718127890577933
3.0,36,0.049787068367863944,0.9975212478233336,1.7593769219597078e-08,0.0010962016649007224,4.382759998022634e-11,5.579565836868685e-06,0.9999999999849443,1.4472728777192856e-05,1.0374471459366263e-11,8.844641058239574e-09,0.024006881717068038
3.0,37,0.049787068367863944,0.9975212478233336,4.9000341259798394e-08,0.0017727546258326896,1.220640858037131e-10,1.547215446328288e-05,0.9999999998933258,1.3790188303275386e-05,7.533536186993573e-12,1.2085219125396356e-08,0.013938009576459909
3.0,38,0.049787068367863944,0.9975212478233336,1.921693666457516e-08,0.0014355060792370432,4.7871050396961757e-11,7.401539601094993e-06,0.9999999999755554,1.3622568235227561e-05,1.4511490133409278e-11,8.189029186714491e-09,0.018050843273654943
3.0,39,0.049787068367863944,0.9975212478233336,1.0299230780220743e-08,0.001524846647111092,2.5656274167753695e-11,7.762549432668302e-06,0.9999999999741409,1.0009282201461911e-05,1.1001434992514982e-11,9.181660886904242e-09,0.010734957319864458
3.0,40,0.049787068367863944,0.9975212478233336,5.950734829871634e-09,0.003024727514249987,1.482379485928078e-11,4.143795090159981e-06,0.9999999999923987,7.837041428149227e-06,1.9380678739006557e-11,2.5162498953831905e-09,0.004048587606975525
3.0,41,0.049787068367863944,0.9975212478233336,6.993969651889617e-09,0.0019885744701769745,1.7422582981392774e-11,3.899606051270464e-06,0.9999999999936698,7.474348022284971e-06,3.599141625426926e-11,3.532410934061789e-09,0.006615444658003705
3.0,42,0.049787068367863944,0.9975212478233336,7.062953894674929e-09,0.0016971664812639397,1.7594428692940577e-11,4.05745772377571e-06,0.9999999999938113,8.31341203716418e-06,2.1186163980490825e-11,3.842049841192788e-09,0.007991682675971695
3.0,43,0.049787068367863944,0.9975212478233336,1.3525170504274953e-07,0.0023207832081423253,3.369236887949306e-10,1.7327226479283077e-05,0.9999999998811919,4.310204859203637e-05,8.074568773544594e-12,1.3711444961534557e-08,0.07488902338859052
3.0,44,0.049787068367863944,0.9975212478233336,3.649778990597802e-07,0.002290654041469671,9.091914962656759e-10,2.9739725389490165e-05,0.9999999997227421,7.138009590423877e-05,2.429120292516817e-12,2.099107275401639e-08,0.1261729258703515
3.0,45,0.049787068367863944,0.9975212478233336,2.595660959909212e-08,0.0008737008802273033,6.466015827292531e-11,7.879368925946957e-06,0.9999999999689994,1.2897034984860056e-05,1.1391168450208716e-11,1.4052988439381852e-08,0.020343579499446762
3.0,46,0.049787068367863944,0.9975212478233336,1.349870178980233e-08,0.001487541691658198,3.3626433024230453e-11,5.67779048777961e-06,0.9999999999855006,1.1598695661030334e-05,2.2445086558635048e-11,7.41665736793172e-09,0.009884264982535553
3.0,47,0.049787068367863944,0.9975212478233336,1.6516115446364516e-08,0.0015562173602746894,4.1143071275743276e-11,4.850134194968604e-06,0.9999999999888407,1.096942816114499e-05,1.8203198947128448e-11,5.736435515981952e-09,0.011273007341815577
3.0,48,0.049787068367863944,0.9975212478233336,1.9686731130565017e-08,0.0017241342340244088,4.9041349022345796e-11,9.546398357598198e-06,0.9999999999634622,1.2721811037508246e-05,8.675981397832487e-12,8.546286406039316e-09,0.0115134757314245
3.0,49,0.049787068367863944,0.9975212478233336,9.507997714508993e-08,0.0024219608533038437,2.3685244204721574e-10,1.4141071669279414e-05,0.999999999914215,3.877906559779376e-05,8.254688003533539e-12,1.0276162334446303e-08,0.0495502467899898
3.0,50,0.049787068367863944,0.9975212478233336,9.826279127546567e-08,0.001680759591249654,2.447811071769356e-10,1.729006159329792e-05,0.9999999998951936,4.2097353961878525e-05,3.947183119845298e-12,1.935013552179582e-08,0.0677847480553121
3.0,51,0.049787068367863944,0.9975212478233336,5.9058863932232975e-09,0.0026823226123524435,1.4712073526844772e-11,4.6694986006534825e-06,0.999999999990253,9.335682026989645e-06,1.3834503288955118e-11,3.1748968004388202e-09,0.0045732374312093226
3.0,52,0.049787068367863944,0.9975212478233336,1.389600711592171e-08,0.0015868069020035602,3.4616154935485524e-11,6.122692938079324e-06,0.9999999999842014,9.45556789060456e-06,1.2481966235507873e-11,5.54011595827794e-09,0.010033852786877712
3.0,53,0.049787068367863944,0.9975212478233336,1.3314207520655527e-06,0.00501421206705726,3.3166841851176107e-09,5.07240291493276e-05,0.9999999990966908,0.00013429938470332914,2.1041916190929856e-12,1.7940689122097224e-08,0.21687390881716145
3.0,54,0.049787068367863944,0.9975212478233336,1.6322802155735137e-08,0.0013939255836821517,4.066151115841016e-11,7.061755964375945e-06,0.9999999999798583,1.2302179938084024e-05,1.2824496310224385e-11,6.720742730610024e-09,0.011761045390504016
3.0,55,0.049787068367863944,0.9975212478233336,1.4697285263607242e-08,0.0014142192235297294,3.6612208065960285e-11,6.849557644697935e-06,0.9999999999811604,1.2164434562533799e-05,1.3505826396355851e-11,8.375135901881867e-09,0.010159394764003501
3.0,56,0.049787068367863944,0.9975212478233336,1.4086904480749108e-08,0.0008335872088387634,3.5091696773074756e-11,6.203879257234838e-06,0.9999999999807688,1.044551493523116e-05,1.5087789240977884e-11,1.3780172258889681e-08,0.02366268314767842
3.0,57,0.049787068367863944,0.9975212478233336,4.429308351196806e-08,0.0022219012111063087,1.1033789984566133e-10,1.0578959558450228e-05,0.9999999999474736,1.4050662184850182e-05,6.869620531589175e-12,8.931021455417069e-09,0.009887292956851007
3.0,58,0.049787068367863944,0.9975212478233336,2.7729455404917734e-08,0.0011544401083885669,6.907647042508169e-11,8.980066374110606e-06,0.9999999999634125,1.504446364408718e-05,7.313372840937655e-12,1.0058017708222235e-08,0.01668182987866884
3.0,59,0.049787068367863944,0.9975212478233336,1.0301627126449807e-08,0.0012987155158860435,2.5662243673136316e-11,4.6424421905239235e-06,0.9999999999904924,9.999920337233625e-06,1.9811109628886273e-11,6.829208838394592e-09,0.011442755958599421
