family,rho,n_chains,t_eval,rep,t_train,rho_hat,q_hat,rho_abs_err,n_params_learned,rel_score_err_vs_true_params
laplace,0.85,4000,0.5,4,0.15,0.8477906621802386,0.2756997178922059,0.0022093378197614033,2,0.003309378596840427
student,0.85,250,0.5,3,0.15,0.8511059881522706,0.2759439284222429,0.0011059881522705872,2,0.0010333076641057535
gaussian,0.85,500,0.5,3,0.15,0.8467336336178255,0.27957697815833793,0.0032663663821744793,2,0.0027296004163509984
mixture,0.7,500,1.2,3,0.15,0.7036661699955793,0.5112045359638426,0.003666169995579338,2,0.0020190227528156684
uniform,0.7,60,1.2,0,0.15,0.6717365135252151,0.518816435171598,0.028263486474784827,2,0.011500279464953274
student,0.85,500,0.5,1,0.15,0.8478542827691721,0.2801735813590623,0.0021457172308279038,2,0.0018328486565048552
uniform,0.7,125,0.5,2,0.15,0.6661099946159468,0.5430841661087839,0.03389000538405318,2,0.021668439683053625
uniform,0.7,125,0.15,2,0.15,0.700405081380253,0.4751025458575325,0.0004050813802530806,2,0.03506460445612257
student,0.85,125,1.2,3,0.15,0.8396566219380829,0.27201205393162897,0.010343378061917097,2,0.011413011889433278
uniform,0.7,4000,0.5,0,0.15,0.6991011141375446,0.5143966799096388,0.0008988858624553453,2,0.0019254489901818007
student,0.7,125,1.2,0,0.15,0.6914131501477182,0.505646109820658,0.008586849852281753,2,0.004919638804920454
laplace,0.85,2000,1.2,4,0.15,0.8515496566629926,0.27526316812364,0.0015496566629926711,2,0.0007864628325675977
mixture,0.85,4000,0.15,3,0.15,0.8514963548300808,0.2762297393584002,0.001496354830080815,2,0.0019897997273232884
laplace,0.7,500,0.15,3,0.15,0.6982803876956457,0.5100482029986095,0.0017196123043542455,2,0.0014124153088540417
mixture,0.7,1000,0.15,3,0.15,0.6962855840347735,0.5109262109408993,0.0037144159652264808,2,0.003217322887773502
mixture,0.7,4000,0.5,4,0.15,0.7057185059267655,0.5079426088168304,0.0057185059267655935,2,0.003936630905362331
mixture,0.7,250,0.5,2,0.15,0.7034639959508298,0.49747216257576216,0.0034639959508298013,2,0.005371112673139783
student,0.7,60,0.5,4,0.15,0.6981602800748743,0.5270151057107768,0.0018397199251256602,2,0.00791794582393495
mixture,0.7,125,0.15,3,0.15,0.6774547577935999,0.5149106287412292,0.022545242206400085,2,0.0195226227934171
mixture,0.85,500,1.2,3,0.15,0.8463633401101796,0.28777494010329024,0.003636659889820426,2,0.00199516082790882
gaussian,0.85,4000,0.15,3,0.15,0.848384657396038,0.27635468559761284,0.0016153426039620111,2,0.001974875448989135
mixture,0.7,1000,1.2,2,0.15,0.708160726015279,0.4968620459964741,0.008160726015279063,2,0.0021540562748672346
gaussian,0.7,60,0.5,1,0.15,0.6938198767387475,0.5115981239442887,0.0061801232612525014,2,0.004605095813230691
laplace,0.7,500,0.5,1,0.15,0.7065891906579117,0.49726950492692207,0.006589190657911748,2,0.005545243632967725
gaussian,0.7,4000,0.15,3,0.15,0.6950974236489017,0.5150252168021323,0.004902576351098253,2,0.0064979420143551295
gaussian,0.7,2000,0.15,4,0.15,0.701626813157156,0.5086427289527147,0.0016268131571560707,2,0.001935742842448588
student,0.7,250,1.2,1,0.15,0.6929142576170051,0.503745818597271,0.007085742382994864,2,0.004455327567695002
laplace,0.7,500,1.2,3,0.15,0.6943778995910372,0.5203776397635432,0.005622100408962716,2,0.0014323014590530553
uniform,0.7,2000,0.15,0,0.15,0.7034022023727742,0.5091971902160162,0.0034022023727742212,2,0.0029271567155546643
gaussian,0.85,4000,0.5,1,0.15,0.8512395951665458,0.27463807184160294,0.001239595166545815,2,0.001701630678568425
student,0.85,2000,0.15,3,0.15,0.8491976245218442,0.28205484434629324,0.000802375478155759,2,0.005852884160731749
uniform,0.85,250,0.15,1,0.15,0.8468938599108836,0.28171701952860567,0.0031061400891163604,2,0.005854703555804009
student,0.85,1000,0.15,1,0.15,0.8464443858876066,0.28502196308082123,0.003555614112393357,2,0.009887331567541319
mixture,0.85,2000,1.2,2,0.15,0.8508352192976577,0.2746808047582662,0.00083521929765773,2,0.0005944728906236821
uniform,0.85,125,1.2,0,0.15,0.8340150419244848,0.27023285182258244,0.015984958075515143,2,0.01685712767314532
gaussian,0.85,60,0.15,0,0.15,0.8407281442435306,0.2585618269355909,0.009271855756469383,2,0.026799368377546415
gaussian,0.7,2000,0.15,2,0.15,0.6949035538191315,0.5130998420358069,0.005096446180868464,2,0.005249901087064054
uniform,0.85,2000,1.2,3,0.15,0.8493695154484373,0.27771172626378615,0.0006304845515626711,2,0.0004956648445636355
laplace,0.85,1000,0.15,2,0.15,0.8515025855324319,0.2814370541724074,0.001502585532431877,2,0.005158416129659375
student,0.85,60,1.2,0,0.15,0.8509661916105867,0.2475551635235315,0.000966191610586753,2,0.011576243426655064
laplace,0.85,500,0.15,3,0.15,0.8432986109593809,0.27980688874980536,0.006701389040619121,2,0.005986515281473156
laplace,0.7,4000,0.15,2,0.15,0.7005483873645661,0.5091031380084822,0.0005483873645661941,2,0.0010007780953490734
gaussian,0.85,125,1.2,3,0.15,0.8347404473621138,0.28951650578863153,0.015259552637886142,2,0.009789234558932929
laplace,0.7,250,1.2,0,0.15,0.6869716189689759,0.5284286261139709,0.013028381031024105,2,0.003513700150388318
laplace,0.85,500,0.5,0,0.15,0.8496704941370259,0.28188714620167155,0.0003295058629740888,2,0.0030338473221646653
mixture,0.85,125,0.5,1,0.15,0.8582070118794708,0.27317473237156065,0.008207011879470816,2,0.00707185866383532
mixture,0.85,1000,0.5,0,0.15,0.848833567136454,0.2763480181283819,0.0011664328635460075,2,0.0018436602800507202
gaussian,0.7,1000,0.5,4,0.15,0.6903601359459004,0.5093307957529883,0.009639864054099556,2,0.008150760124860438
uniform,0.85,60,0.5,3,0.15,0.8415143874877551,0.27797957558009667,0.008485612512244889,2,0.008460823521836913
uniform,0.85,2000,1.2,4,0.15,0.85074420264947,0.2799829301304786,0.0007442026494700604,2,0.0016151202506887333
laplace,0.85,4000,0.15,4,0.15,0.8508203605951835,0.27976261698158783,0.0008203605951835335,2,0.002971422993801056
mixture,0.85,125,0.15,3,0.15,0.8475446208833384,0.28184180241152335,0.0024553791166616046,2,0.0058699598891476905
uniform,0.85,500,0.5,4,0.15,0.8514594777119081,0.2793934602796958,0.0014594777119081304,2,0.0025340458936369756
student,0.85,4000,0.15,4,0.15,0.8501088943732059,0.2826638232770028,0.00010889437320593665,2,0.006507087228962793
gaussian,0.7,60,0.5,0,0.15,0.699593666798576,0.516288966414506,0.00040633320142391405,2,0.0030733354812847824
laplace,0.85,250,0.15,3,0.15,0.8652491304436604,0.26756907369315136,0.015249130443660386,2,0.017544222972800165
student,0.7,2000,0.5,1,0.15,0.6985199095854189,0.5083282390715425,0.0014800904145810811,2,0.0018570209827546325
laplace,0.85,60,0.5,3,0.15,0.8336984481295737,0.25829173122186083,0.016301551870426256,2,0.028253525121277722
mixture,0.7,125,0.5,4,0.15,0.7093671197761939,0.5130277578260465,0.009367119776193977,2,0.008641377919620002
gaussian,0.85,250,0.15,0,0.15,0.8338958570680647,0.29253290624563794,0.016104142931935295,2,0.02245751016436812
uniform,0.85,1000,1.2,4,0.15,0.8472317395098367,0.27516129959207714,0.002768260490163321,2,0.0033321560339309975
student,0.85,250,0.15,3,0.15,0.8527228246730489,0.2729863242937362,0.0027228246730489625,2,0.006187268915563152
gaussian,0.7,250,0.5,4,0.15,0.6872487375105367,0.5183685603888603,0.012751262489463233,2,0.0084044796769301
mixture,0.7,125,1.2,3,0.15,0.7010643665423237,0.4996636640324387,0.0010643665423237803,2,0.0017964026439690021
gaussian,0.7,500,0.5,2,0.15,0.698268602719024,0.507202424193638,0.0017313972809759326,2,0.002527305921121842
laplace,0.7,500,1.2,0,0.15,0.7076484038461384,0.507155506248072,0.007648403846138407,2,0.0032310947045093553
laplace,0.85,250,0.5,2,0.15,0.8627012167495275,0.27286261910898396,0.01270121674952751,2,0.011196898826735382
laplace,0.85,500,0.5,4,0.15,0.8503830905691677,0.2782790940392489,0.0003830905691677433,2,0.0008712690248824081
student,0.85,2000,0.15,1,0.15,0.8472533899892416,0.2840773411289527,0.002746610010758377,2,0.008627875217522533
uniform,0.7,60,0.15,3,0.15,0.6961512126885022,0.5000558368969715,0.0038487873114977367,2,0.01008231770196848
uniform,0.7,2000,1.2,3,0.15,0.7058898439605599,0.5022981580064277,0.005889843960559915,2,0.0016887627397125095
gaussian,0.7,60,0.5,4,0.15,0.7183886125102757,0.481455526608895,0.018388612510275792,2,0.01364273939614044
gaussian,0.7,4000,0.5,2,0.15,0.6964296065185546,0.5092090280760556,0.0035703934814453886,2,0.0031164003150718146
mixture,0.7,250,0.15,2,0.15,0.6925063005472761,0.5063435158875869,0.007493699452723823,2,0.0069582329445979875
laplace,0.85,4000,0.5,2,0.15,0.8498470260845848,0.2775872571237016,0.00015297391541513328,2,0.00012829959321523191
mixture,0.7,4000,0.5,2,0.15,0.7004650409718896,0.5121821255905373,0.0004650409718895965,2,0.0013647056876031002
mixture,0.7,250,0.5,0,0.15,0.6898507983170238,0.5004152478603223,0.010149201682976172,2,0.012099444965357843
uniform,0.7,1000,0.15,3,0.15,0.7055622079197784,0.509435113487905,0.005562207919778461,2,0.004558110242795768
uniform,0.7,250,1.2,4,0.15,0.6979689187809145,0.4873691204929954,0.002031081219085462,2,0.005692649975814183
uniform,0.85,125,1.2,3,0.15,0.8373948743837195,0.3011422918716507,0.012605125616280466,2,0.005644376480487658
laplace,0.85,1000,0.5,0,0.15,0.8509583418072236,0.2698267898178261,0.0009583418072236505,2,0.005267355244471025
mixture,0.85,60,0.5,0,0.15,0.8466811600834626,0.2676258198817335,0.003318839916537364,2,0.009983254458287816
uniform,0.85,250,1.2,3,0.15,0.8610091371259967,0.272236232832173,0.011009137125996715,2,0.008431755594272602
laplace,0.85,250,0.5,1,0.15,0.8512230336769866,0.2677657310006958,0.001223033676986618,2,0.006683376136451719
student,0.85,250,1.2,1,0.15,0.8474292919851063,0.2703416543888776,0.0025707080148936745,2,0.004886399713114679
student,0.85,125,0.5,2,0.15,0.8477497691406018,0.29487380144689573,0.002250230859398128,2,0.0113699925568067
gaussian,0.7,60,0.15,4,0.15,0.701704853056297,0.5051094767270395,0.0017048530562970843,2,0.00503760011098257
laplace,0.85,500,0.15,0,0.15,0.8544456780998884,0.2651459931675924,0.004445678099888384,2,0.016574518633394802
gaussian,0.7,4000,1.2,3,0.15,0.6997003987984027,0.5121286815045145,0.0002996012015972216,2,0.0003394246695327891
laplace,0.7,2000,0.15,0,0.15,0.6988909055464659,0.5029686285961207,0.0011090944535340208,2,0.00679695550985394
gaussian,0.7,500,1.2,0,0.15,0.7087600672743655,0.5040294004545451,0.008760067274365513,2,0.003174646387668835
laplace,0.7,60,0.5,0,0.15,0.7030490717879985,0.5465516268594758,0.003049071787998514,2,0.01986209997227635
uniform,0.7,250,1.2,0,0.15,0.6895142863376538,0.5162621344471605,0.010485713662346186,2,0.0038359197679898286
student,0.85,4000,0.15,1,0.15,0.8511537848843944,0.275580503692093,0.0011537848843944376,2,0.002652652603090353
gaussian,0.85,2000,0.5,2,0.15,0.8524479881952832,0.2777783099666347,0.002447988195283246,2,0.0026926154624099105
uniform,0.7,250,0.5,1,0.15,0.6915274588542717,0.525838049095211,0.008472541145728263,2,0.006833012298655326
student,0.7,125,1.2,2,0.15,0.6975873477512325,0.5440086000792684,0.0024126522487674107,2,0.006124883737498176
laplace,0.7,250,1.2,1,0.15,0.7123355176464264,0.4808363370494414,0.012335517646426486,2,0.003345284994469214
gaussian,0.85,125,1.2,0,0.15,0.842761118757009,0.28044938291529253,0.007238881242990991,2,0.005644153228427496
laplace,0.7,125,1.2,4,0.15,0.7070859663570199,0.5173249201047789,0.007085966357019968,2,0.004940591805515304
laplace,0.85,2000,1.2,0,0.15,0.8505192025541579,0.2736898854523982,0.0005192025541579381,2,0.0011231435018492037
gaussian,0.85,4000,0.5,3,0.15,0.847147733921972,0.2831702032365885,0.0028522660780280207,2,0.0033803300463003676
uniform,0.85,1000,1.2,0,0.15,0.8566289562853068,0.27081429471561197,0.006628956285306797,2,0.004148837134936545
mixture,0.7,250,1.2,3,0.15,0.6929055345389102,0.5294130219306142,0.007094465461089716,2,0.0021443662040551556
laplace,0.7,125,0.5,4,0.15,0.6830254778995226,0.5121631035470618,0.01697452210047734,2,0.012961113907836821
mixture,0.7,125,1.2,2,0.15,0.705627507185126,0.509317146136852,0.005627507185126057,2,0.0025631333757519287
student,0.7,4000,0.15,0,0.15,0.7003761150300175,0.511228194101499,0.0003761150300175542,2,0.001199709010661844
uniform,0.85,2000,0.15,1,0.15,0.853077694299323,0.277048851401573,0.0030776942993230305,2,0.00249416958984049
uniform,0.85,60,0.5,0,0.15,0.8374779320031522,0.2908388497570236,0.012522067996847741,2,0.010453896161133527
student,0.7,1000,0.5,3,0.15,0.6997688403613334,0.5106034690848379,0.0002311596386666004,2,0.0002521633478838499
laplace,0.85,1000,0.15,3,0.15,0.8519197269056847,0.28301643613542027,0.00191972690568476,2,0.007204544678644104
uniform,0.7,250,0.15,2,0.15,0.6995582598603217,0.5202620436482436,0.0004417401396782372,2,0.009787257550450377
uniform,0.85,125,0.5,0,0.15,0.8625812303679348,0.27515507925593213,0.012581230367934793,2,0.011699421093443305
student,0.7,500,0.5,0,0.15,0.7053964386511739,0.5039546693368802,0.005396438651173896,2,0.003556495513349048
mixture,0.7,1000,0.15,1,0.15,0.6979614954849924,0.516937230019768,0.002038504515007533,2,0.006959030619508128
mixture,0.85,1000,1.2,3,0.15,0.8480505205352201,0.27989335375859575,0.0019494794647798575,2,0.001092832709933015
gaussian,0.85,500,0.5,4,0.15,0.8574305264918599,0.2855484908679987,0.0074305264918599345,2,0.012077377593107381
mixture,0.85,4000,0.5,2,0.15,0.8533205809781994,0.2738723721235501,0.0033205809781994278,2,0.002785822053101492
gaussian,0.85,60,1.2,4,0.15,0.8351858462454823,0.2704075928736124,0.014814153754517667,2,0.016213507693444804
student,0.85,4000,1.2,4,0.15,0.8509459266636136,0.27625018084833797,0.0009459266636135943,2,0.0004978062703231685
gaussian,0.85,2000,1.2,4,0.15,0.8543863528581738,0.27470801056268035,0.004386352858173792,2,0.0031057205167535603
gaussian,0.7,1000,0.15,4,0.15,0.6977404434948582,0.5107298522838937,0.0022595565051417577,2,0.0020186350133493645
student,0.7,125,0.5,1,0.15,0.712632016307117,0.5386148344051213,0.012632016307117078,2,0.021727598340230882
uniform,0.7,4000,1.2,2,0.15,0.7020982766644706,0.5080058946213718,0.0020982766644705997,2,0.0006700014021675502
student,0.7,125,0.15,2,0.15,0.7244311899230399,0.460057067954491,0.024431189923039942,2,0.05567913230340516
mixture,0.85,60,1.2,1,0.15,0.8274298620203578,0.30225046423171775,0.022570137979642135,2,0.012018468883211479
student,0.85,500,1.2,3,0.15,0.8485521381985772,0.2721532942326758,0.0014478618014227562,2,0.0034795150076170718
student,0.85,60,0.15,4,0.15,0.8422794111998092,0.2773470765001088,0.007720588800190775,2,0.006109968073800955
student,0.85,4000,1.2,1,0.15,0.849245269840063,0.2734843301350935,0.0007547301599369893,2,0.0021657219135553106
laplace,0.85,500,1.2,3,0.15,0.8531582304988251,0.2820472159499703,0.003158230498825132,2,0.0046018912664585404
gaussian,0.7,500,0.15,0,0.15,0.6920507638683719,0.5175781363726786,0.007949236131628012,2,0.010009952455066577
gaussian,0.85,250,0.15,3,0.15,0.8571136237450847,0.2740892618225983,0.0071136237450847295,2,0.006987687945612874
mixture,0.7,250,1.2,4,0.15,0.691017455422304,0.514690504077423,0.008982544577695983,2,0.0033340472773052982
gaussian,0.85,125,1.2,1,0.15,0.8461602920314886,0.28186480566143646,0.0038397079685114077,2,0.0021275804253300928
uniform,0.7,500,1.2,3,0.15,0.70505277226941,0.5137409368061658,0.005052772269410033,2,0.0032080727141587085
student,0.7,500,0.5,4,0.15,0.7017580107611764,0.4960140810049728,0.0017580107611764317,2,0.006528154625657909
gaussian,0.7,1000,0.15,1,0.15,0.698011459017779,0.5054257083096294,0.00198854098222101,2,0.004607141315914858
student,0.7,2000,1.2,4,0.15,0.7031597893674196,0.5143687918210559,0.003159789367419674,2,0.002330859723348167
uniform,0.85,60,1.2,1,0.15,0.8531933729331088,0.2945423096092899,0.00319337293310884,2,0.00920495464700744
gaussian,0.7,1000,1.2,1,0.15,0.6962620830399975,0.5129205294952134,0.003737916960002474,2,0.0012927933807868898
gaussian,0.85,1000,0.15,2,0.15,0.8501615177230275,0.2764125691121364,0.00016151772302752665,2,0.0013975441490768458
gaussian,0.7,2000,0.5,1,0.15,0.7012794572076202,0.5084179451558951,0.0012794572076202382,2,0.0008607070808487813
laplace,0.7,250,0.5,1,0.15,0.693591027782117,0.49314155572927804,0.006408972217882947,2,0.012760938659609136
gaussian,0.85,125,0.15,1,0.15,0.8515227449544593,0.28368190971458696,0.0015227449544593652,2,0.007997865656821238
laplace,0.85,1000,1.2,3,0.15,0.8466345114876952,0.2771394519508485,0.0033654885123047817,2,0.00310721117363191
student,0.85,1000,1.2,4,0.15,0.8532128113463796,0.27263128204194914,0.0032128113463796293,2,0.001649898895065931
uniform,0.85,500,1.2,1,0.15,0.8496511999763241,0.26993381597560084,0.00034880002367587704,2,0.003347255937776857
gaussian,0.85,1000,0.5,1,0.15,0.8489594587249468,0.2675295821098681,0.0010405412750531529,2,0.008333770090652136
uniform,0.85,1000,0.15,3,0.15,0.8487250824740575,0.2777290640161909,0.0012749175259424428,2,0.0010408722347967753
laplace,0.85,1000,1.2,1,0.15,0.8451308335790416,0.2873858578222683,0.00486916642095836,2,0.002191666164161434
mixture,0.85,500,1.2,1,0.15,0.8472073645549668,0.28125419569290533,0.0027926354450331647,2,0.0014279609029618568
gaussian,0.85,1000,0.5,2,0.15,0.8498861135584433,0.2873376175443257,0.00011388644155663208,2,0.0070679496078879895
student,0.7,2000,0.15,3,0.15,0.7005291277831984,0.5069536756772668,0.0005291277831984686,2,0.003021958256131084
mixture,0.85,1000,0.15,4,0.15,0.8428633046948629,0.28584602930161557,0.007136695305137053,2,0.01180827056899044
laplace,0.7,60,1.2,0,0.15,0.7324909533941794,0.4896964053339849,0.0324909533941794,2,0.013240154651917208
gaussian,0.7,125,1.2,3,0.15,0.6853845235564007,0.5039241579032039,0.014615476443599285,2,0.00797213802861542
gaussian,0.7,250,0.15,0,0.15,0.7049993173545993,0.5112366065620642,0.004999317354599353,2,0.004114075888481439
mixture,0.85,4000,1.2,2,0.15,0.8500181678420414,0.2744716115653407,1.8167842041449944e-05,2,0.00119907042700459
gaussian,0.7,125,0.15,4,0.15,0.6871186664483667,0.5078611258135982,0.012881333551633234,2,0.010699077013246653
gaussian,0.7,250,0.15,3,0.15,0.7034651529520888,0.5054226956688826,0.0034651529520888236,2,0.005416007381948886
mixture,0.85,125,0.15,2,0.15,0.8359442946673804,0.27974311995070356,0.014055705332619572,2,0.011747428696518849
gaussian,0.7,1000,1.2,3,0.15,0.6943873155030644,0.5025807304871951,0.005612684496935527,2,0.004089682099670829
student,0.85,60,0.5,3,0.15,0.8503064659349882,0.26998395268938813,0.000306465934988176,2,0.005487343942796071
mixture,0.7,500,0.5,4,0.15,0.7030622280281013,0.49714968356084677,0.0030622280281012992,2,0.005665968981014637
laplace,0.85,60,0.15,4,0.15,0.8638796190181544,0.28581629788293295,0.013879619018154377,2,0.014646755770697854
uniform,0.85,250,0.5,3,0.15,0.8394125975832024,0.29406642684983225,0.010587402416797564,2,0.010190731945445383
laplace,0.85,125,0.15,3,0.15,0.8297783633493937,0.2906587757282316,0.02022163665060628,2,0.022714595276639046
uniform,0.85,500,1.2,0,0.15,0.8542281689665211,0.2578571348785007,0.0042281689665211175,2,0.0048869829680084865
uniform,0.85,1000,1.2,2,0.15,0.8513128046397391,0.2737322551731324,0.0013128046397391513,2,0.0007411261589293634
gaussian,0.85,4000,0.15,4,0.15,0.8521186050374221,0.27811460658738996,0.0021186050374221166,2,0.0018774507125059203
gaussian,0.85,500,0.5,1,0.15,0.8430263796275247,0.2830835265030491,0.0069736203724752865,2,0.005616349102663028
gaussian,0.85,1000,0.15,1,0.15,0.8563668555979077,0.27145754048660725,0.006366855597907728,2,0.009215419020381801
uniform,0.85,4000,1.2,3,0.15,0.8514261651091316,0.2780899364769243,0.0014261651091316274,2,0.0015366414011366177
mixture,0.85,1000,0.5,3,0.15,0.849351523716858,0.2723935086386859,0.0006484762831420188,2,0.004172379610614043
laplace,0.7,1000,0.5,3,0.15,0.696596692547295,0.5185444659503807,0.0034033074527050067,2,0.003556085312513826
mixture,0.85,500,0.15,1,0.15,0.8510444939455508,0.27691863431219294,0.0010444939455508395,2,0.0011057464143609892
student,0.85,250,1.2,3,0.15,0.8526228841250424,0.2801870636411805,0.002622884125042413,2,0.00342268403279793
student,0.7,500,0.5,1,0.15,0.6985824347805151,0.4905813957899965,0.0014175652194848842,2,0.010818965725836275
gaussian,0.7,500,1.2,1,0.15,0.6852408591824912,0.5309625839296394,0.014759140817508731,2,0.0038851556753839067
mixture,0.85,2000,0.15,4,0.15,0.8538897486053408,0.27836517192845156,0.003889748605340859,2,0.0031889005473779756
uniform,0.7,4000,0.15,0,0.15,0.7001650698153383,0.5053214458044945,0.00016506981533837006,2,0.004524529319913556
student,0.7,250,0.15,4,0.15,0.6902416778803472,0.47203186557509597,0.009758322119652774,2,0.039137867178613686
mixture,0.85,4000,0.15,2,0.15,0.849547717634158,0.28300068179081006,0.00045228236584193837,2,0.006975359618621584
student,0.7,1000,0.15,0,0.15,0.7021596739881025,0.5027330140221474,0.002159673988102573,2,0.0073416396141499675
student,0.85,2000,0.5,4,0.15,0.8476006793314056,0.2733814562682703,0.0023993206685943846,2,0.004973865991968502
mixture,0.7,250,0.5,4,0.15,0.7098630921143073,0.517175869288527,0.009863092114307359,2,0.010587414619301546
uniform,0.85,2000,1.2,0,0.15,0.8508110356033767,0.2744961231626996,0.0008110356033766974,2,0.0006627495658075949
uniform,0.7,1000,1.2,2,0.15,0.6987456895288308,0.5137670541801264,0.0012543104711691955,2,0.00041786604502654415
laplace,0.7,60,0.5,2,0.15,0.7127177494876049,0.5285541442969349,0.012717749487604957,2,0.017923578158577785
laplace,0.7,2000,0.15,2,0.15,0.6968758271446865,0.5219260566861276,0.003124172855313412,2,0.0118014436944447
laplace,0.7,125,1.2,3,0.15,0.7105286001424803,0.532401030296714,0.01052860014248036,2,0.009725490742182926
laplace,0.85,125,0.5,3,0.15,0.86367051408617,0.2599889995536874,0.013670514086170038,2,0.01236406322318661
gaussian,0.7,125,1.2,4,0.15,0.6800583429347108,0.5232645751529604,0.019941657065289164,2,0.006873184669678848
student,0.7,2000,1.2,1,0.15,0.7035728781056906,0.5178320671609209,0.0035728781056906245,2,0.003219574671035213
mixture,0.7,125,1.2,1,0.15,0.7117597458796516,0.515525112885178,0.011759745879651673,2,0.006795882118908573
laplace,0.7,4000,0.5,0,0.15,0.7004372955637644,0.5138585025691947,0.00043729556376448375,2,0.002216341124652447
gaussian,0.7,125,0.5,3,0.15,0.7042147727874,0.4943642498264772,0.004214772787400012,2,0.006730676822170991
uniform,0.85,2000,0.5,0,0.15,0.8494745069479096,0.2769913324511161,0.0005254930520903756,2,0.0008233054453269531
student,0.85,250,0.5,1,0.15,0.8446384235803555,0.3001499045051252,0.00536157641964452,2,0.013685046224460097
gaussian,0.85,60,0.15,2,0.15,0.8260620482647063,0.3084895643364901,0.023937951735293672,2,0.041810342832119554
laplace,0.85,1000,0.15,1,0.15,0.8520226417691984,0.2727479190458456,0.002022641769198419,2,0.006367189821823257
uniform,0.7,500,0.5,2,0.15,0.6872986732598035,0.5128043999308808,0.012701326740196417,2,0.009351094158061738
gaussian,0.7,500,0.5,1,0.15,0.6930844972661313,0.4974494815295923,0.00691550273386865,2,0.010783144370923554
student,0.85,2000,0.15,4,0.15,0.8496222947885135,0.27646968428408897,0.00037770521148650094,2,0.0013679392590086796
gaussian,0.85,1000,1.2,1,0.15,0.843802233930284,0.2841454193626619,0.006197766069716004,2,0.0035650889625040106
mixture,0.7,500,1.2,1,0.15,0.6882340333172559,0.5126657975704383,0.0117659666827441,2,0.0050481298721385655
uniform,0.7,500,0.15,4,0.15,0.6938908076782178,0.5144019081624809,0.0061091923217821975,2,0.006733222089835358
uniform,0.85,4000,1.2,1,0.15,0.8464367750660552,0.2778957031744617,0.0035632249339447863,2,0.002975315380332521
mixture,0.7,500,1.2,2,0.15,0.6855591193303797,0.5167331715693838,0.014440880669620237,2,0.005588569980593704
mixture,0.85,4000,0.5,4,0.15,0.8530643963348375,0.2726748607652548,0.0030643963348375713,2,0.00304537299855747
uniform,0.85,500,0.5,3,0.15,0.8544184284332167,0.2748008695312475,0.0044184284332167145,2,0.00370441355617989
student,0.7,500,1.2,0,0.15,0.6970583040481103,0.50584511304079,0.0029416959518896446,2,0.0022255111507717513
mixture,0.85,1000,1.2,1,0.15,0.8578078604495754,0.271256253466463,0.007807860449575377,2,0.0051626897487694785
uniform,0.7,500,0.5,0,0.15,0.6882975485159201,0.5266033674077772,0.01170245148407989,2,0.008158524012300277
uniform,0.7,60,1.2,3,0.15,0.7226550465409032,0.5213169770849889,0.022655046540903223,2,0.013294954470306503
gaussian,0.7,4000,0.15,0,0.15,0.6957258465210947,0.5114232058523634,0.0042741534789052515,2,0.0038005767609426986
laplace,0.7,1000,0.5,2,0.15,0.705435731125913,0.5057557062026043,0.0054357311259130014,2,0.0035229829819929705
student,0.7,60,1.2,3,0.15,0.6951457982837661,0.5152764494349854,0.0048542017162338524,2,0.0014914687603082629
student,0.85,500,0.5,2,0.15,0.8586294660939008,0.2602444154986769,0.008629466093900806,2,0.010600629158259026
uniform,0.85,500,0.15,3,0.15,0.8535968845038907,0.2774611238637424,0.0035968845038907293,2,0.0027749996638580386
gaussian,0.85,500,0.15,3,0.15,0.8504699341453695,0.2769877484080883,0.0004699341453695549,2,0.0007470949326951345
gaussian,0.7,2000,1.2,2,0.15,0.7032375984820217,0.5093529934380097,0.003237598482021764,2,0.001471359133159391
laplace,0.7,125,1.2,1,0.15,0.7001695609078412,0.46663071701257847,0.00016956090784125966,2,0.009264716081256705
uniform,0.85,1000,0.15,1,0.15,0.8521855750733499,0.274367456001746,0.0021855750733499324,2,0.004384735116446854
mixture,0.7,60,1.2,4,0.15,0.6927675787659556,0.4909056428670923,0.007232421234044328,2,0.007283684178467819
laplace,0.85,60,1.2,1,0.15,0.8493297976203557,0.28283703769092755,0.0006702023796443246,2,0.0016133332986557718
gaussian,0.7,1000,0.15,0,0.15,0.7052706493497549,0.5061464505854631,0.005270649349754963,2,0.005870876440731258
uniform,0.85,60,0.15,3,0.15,0.8260287130427488,0.3072020204268168,0.023971286957251148,2,0.04038234973652196
laplace,0.7,2000,0.5,3,0.15,0.701124632630944,0.5066365311250076,0.001124632630944089,2,0.001430364251025576
student,0.85,500,1.2,0,0.15,0.8424927062098635,0.2793727946883802,0.007507293790136482,2,0.006030300005843021
uniform,0.85,1000,1.2,3,0.15,0.8525175449259426,0.2737560871302237,0.002517544925942583,2,0.0012470624130635083
laplace,0.85,250,1.2,1,0.15,0.8523275183609179,0.28048972280844947,0.002327518360917935,2,0.003258116032260887
gaussian,0.7,60,1.2,1,0.15,0.7105324437100782,0.5134899891358746,0.010532443710078221,2,0.005885862518970069
student,0.85,250,0.15,2,0.15,0.8502029312479444,0.2820395804016726,0.00020293124794446005,2,0.005816848446146207
student,0.85,1000,0.5,0,0.15,0.849675611949393,0.2812767944154587,0.00032438805060697185,2,0.0026183672024649917
laplace,0.85,1000,0.5,2,0.15,0.8548072911397054,0.2775775913312445,0.004807291139705461,2,0.004904263117217234
student,0.7,250,0.15,1,0.15,0.7010397461685445,0.49104198176761144,0.0010397461685445197,2,0.018699335205045
mixture,0.7,60,1.2,2,0.15,0.70128470846694,0.47303490971609974,0.0012847084669400655,2,0.007565582178571278
laplace,0.7,250,1.2,4,0.15,0.6846559968926397,0.5095452887853246,0.015344003107360282,2,0.007161001657386949
gaussian,0.7,60,1.2,4,0.15,0.7152392833209155,0.5043412069320333,0.015239283320915509,2,0.006365659755264506
gaussian,0.85,4000,1.2,4,0.15,0.8508037340813848,0.277946010482162,0.0008037340813847882,2,0.0009022941618180251
laplace,0.7,4000,1.2,1,0.15,0.7015585551584165,0.5064260734788792,0.0015585551584165191,2,0.00040494073288122626
uniform,0.85,1000,0.5,1,0.15,0.8435893411254525,0.28473204282864195,0.0064106588745475035,2,0.00549790500735598
uniform,0.85,60,0.5,1,0.15,0.84744956060245,0.2961413221754993,0.002550439397549953,2,0.012086223922814237
laplace,0.85,250,0.15,0,0.15,0.8453805188476203,0.2808462705765404,0.004619481152379645,2,0.005522676643950749
uniform,0.7,4000,1.2,4,0.15,0.7006269533303368,0.5076563401023172,0.0006269533303367991,2,0.00029223188125081836
mixture,0.7,1000,1.2,1,0.15,0.7017119262762272,0.5076783297718066,0.0017119262762272935,2,0.00048472246517346906
mixture,0.85,4000,1.2,4,0.15,0.8469440867549274,0.2804374503072851,0.0030559132450725945,2,0.001898762514423609
laplace,0.85,4000,0.15,0,0.15,0.8500865316335262,0.2758382350839212,8.653163352623228e-05,2,0.0021316286436868035
laplace,0.7,1000,0.15,3,0.15,0.7029059739827943,0.4885369749986623,0.002905973982794352,2,0.02144616670192012
laplace,0.85,2000,1.2,1,0.15,0.8524482582480276,0.2770403692124451,0.002448258248027635,2,0.0020677745276576954
mixture,0.7,60,0.15,2,0.15,0.6630321408499636,0.5305748131965522,0.03696785915003631,2,0.03697573061997429
gaussian,0.7,125,0.5,2,0.15,0.6842958565815969,0.5011116104212815,0.015704143418403094,2,0.01590935879246597
student,0.85,60,0.15,1,0.15,0.8652853324927612,0.2819742713605259,0.015285332492761206,2,0.013376184963468384
laplace,0.85,2000,1.2,3,0.15,0.8482815501531308,0.28086005169273426,0.0017184498468691967,2,0.0007739168591419746
gaussian,0.7,2000,0.5,4,0.15,0.6982532766643287,0.5031721459508699,0.0017467233356712741,2,0.0045606291012615496
student,0.85,4000,0.5,3,0.15,0.8509560332815749,0.27735634844393925,0.0009560332815748973,2,0.0009470578200985265
gaussian,0.85,125,0.5,1,0.15,0.8551337125420932,0.2509583216607286,0.005133712542093272,2,0.0178992630140808
mixture,0.7,1000,0.5,2,0.15,0.7052611951856795,0.5095260818875356,0.005261195185679579,2,0.004022496161502488
gaussian,0.85,2000,1.2,3,0.15,0.8518726646104433,0.2747876125864905,0.0018726646104433309,2,0.0009507446468566351
gaussian,0.7,250,1.2,3,0.15,0.712013825929599,0.4780758012971061,0.012013825929599098,2,0.0035735984290946646
uniform,0.7,60,0.5,2,0.15,0.7149253636439387,0.5044310066918818,0.014925363643938705,2,0.010557759978273124
laplace,0.7,1000,0.15,4,0.15,0.6984247931980452,0.526229419600404,0.001575206801954776,2,0.015564011631794468
laplace,0.7,1000,0.15,2,0.15,0.6909871761182795,0.5216040844953809,0.009012823881720422,2,0.013673708653168906
gaussian,0.85,4000,1.2,0,0.15,0.8511729688574657,0.2737717972122954,0.0011729688574657615,2,0.000779372966203129
laplace,0.85,500,0.5,1,0.15,0.8550855096140983,0.2797779483209371,0.005085509614098371,2,0.00608105336915664
uniform,0.7,4000,0.15,2,0.15,0.7022654127762766,0.5065924501466852,0.0022654127762766763,2,0.003887321282017798
mixture,0.7,4000,0.15,1,0.15,0.7011220657560718,0.5106890923577997,0.0011220657560718772,2,0.0010772812914708223
uniform,0.7,250,0.15,0,0.15,0.6889537872078005,0.5107350844734115,0.011046212792199417,2,0.009169163372389285
uniform,0.85,60,0.15,2,0.15,0.8561493094137517,0.29334096635398466,0.006149309413751691,2,0.020372867515015144
mixture,0.7,1000,1.2,4,0.15,0.6907510160351624,0.5148520622852025,0.009248983964837532,2,0.003491008529527241
mixture,0.7,4000,0.5,0,0.15,0.7019532829873376,0.5094377709292119,0.0019532829873376567,2,0.0014443307196539837
laplace,0.7,4000,0.15,4,0.15,0.697216251195146,0.5159881414069245,0.0027837488048539916,2,0.006279891174218605
mixture,0.7,60,1.2,1,0.15,0.7002190941795866,0.5052884980887984,0.00021909417958665411,2,0.0009152260535706343
student,0.85,1000,1.2,2,0.15,0.8459515904646588,0.2827928331681427,0.004048409535341135,2,0.002014208906368497
uniform,0.7,125,0.5,4,0.15,0.6919026787678352,0.5277181738897773,0.008097321232164778,2,0.007436799171045572
student,0.7,4000,0.5,4,0.15,0.7011697435501562,0.5070470450537167,0.0011697435501561992,2,0.0012369779922048187
student,0.7,125,0.5,4,0.15,0.6976560376569317,0.5144803423784908,0.0023439623430682177,2,0.0019347843781598786
student,0.7,4000,1.2,2,0.15,0.6999750549202401,0.5092193582260383,2.494507975980831e-05,2,0.000177739324306802
mixture,0.7,250,0.15,1,0.15,0.6964175873680993,0.515194701336129,0.003582412631900622,2,0.0059177892602817255
mixture,0.85,2000,1.2,0,0.15,0.8463348960423674,0.2845694979287737,0.0036651039576325317,2,0.0016882661886518816
gaussian,0.7,60,1.2,3,0.15,0.6989135749700301,0.5272548655566928,0.0010864250299698064,2,0.003178335536601919
gaussian,0.7,1000,0.5,0,0.15,0.6965605064074372,0.5060165458937175,0.0034394935925627923,2,0.00438668678554285
uniform,0.7,125,0.5,0,0.15,0.7003055751470426,0.5085027490513979,0.0003055751470426582,2,0.0006654128220575166
mixture,0.85,250,1.2,1,0.15,0.8541100012151177,0.2786930740494756,0.004110001215117731,2,0.0039774705003813365
mixture,0.7,1000,1.2,3,0.15,0.7051007134000719,0.5162656572960348,0.005100713400071899,2,0.0038091245918928495
mixture,0.85,4000,0.15,0,0.15,0.8492567751189942,0.2780632233409822,0.0007432248810057551,2,0.0009267639846080314
laplace,0.7,4000,1.2,3,0.15,0.6995451009273848,0.5050106045195809,0.00045489907261520024,2,0.0012745887868336626
gaussian,0.85,4000,0.5,2,0.15,0.8509557635369049,0.2749291836934475,0.0009557635369049633,2,0.0015437543342075738
gaussian,0.85,125,0.15,0,0.15,0.8357996273733665,0.30805599730452965,0.014200372626633428,2,0.03894220455442355
mixture,0.85,60,0.15,4,0.15,0.8468357490149518,0.2556663897413674,0.0031642509850481337,2,0.029432304554100095
uniform,0.7,60,0.15,4,0.15,0.7011383753223329,0.56871981085076,0.001138375322332963,2,0.052754869297988165
mixture,0.85,1000,0.15,2,0.15,0.848935610722492,0.2766769252470199,0.00106438927750796,2,0.0013688912697327952
student,0.7,1000,1.2,2,0.15,0.7051871012609717,0.4969479568921808,0.0051871012609717715,2,0.0014519917256097252
student,0.85,1000,0.5,1,0.15,0.8490020888692138,0.27051593617043385,0.0009979111307861777,2,0.005906308746046689
gaussian,0.7,250,0.5,0,0.15,0.6964605967697585,0.5153698157853217,0.003539403230241489,2,0.0025253710772969395
laplace,0.7,500,0.15,4,0.15,0.7031689073797579,0.5129648950106727,0.003168907379757946,2,0.003718837331781128
mixture,0.85,125,0.5,0,0.15,0.8604930863774949,0.27046794042732636,0.010493086377494909,2,0.008893414221528445
laplace,0.85,250,1.2,3,0.15,0.8539123544146688,0.2634668267574819,0.003912354414668862,2,0.0030792688002606455
uniform,0.7,60,0.15,2,0.15,0.7082693536510707,0.5163860265608687,0.008269353651070732,2,0.008501801956044296
mixture,0.85,500,1.2,2,0.15,0.8503927973159369,0.27442514612346497,0.00039279731593688805,2,0.0009280399043967428
mixture,0.7,2000,0.15,2,0.15,0.7016220470708354,0.5075291668266187,0.001622047070835464,2,0.0027947609829217525
laplace,0.7,250,0.15,0,0.15,0.6918918353567691,0.5040885196803456,0.00810816464323083,2,0.008513564720019382
laplace,0.85,500,0.15,2,0.15,0.8479175504467731,0.27454952191969634,0.002082449553226895,2,0.004247362673753965
student,0.7,500,0.5,3,0.15,0.6962705013570888,0.5232222352714231,0.0037294986429111665,2,0.005612672256462325
uniform,0.7,125,0.5,1,0.15,0.7047757346680291,0.48851616892355537,0.0047757346680291635,2,0.00955772082367721
uniform,0.85,4000,0.15,4,0.15,0.8513892927239085,0.2821151231950108,0.0013892927239085306,2,0.006006517041969533
gaussian,0.85,250,0.15,4,0.15,0.8553722631289513,0.25907093345264093,0.005372263128951338,2,0.0249082096306101
student,0.7,60,0.5,0,0.15,0.7075307893556412,0.5009618098930033,0.007530789355641221,2,0.005071286337562428
uniform,0.7,4000,0.15,4,0.15,0.6998447604190845,0.5028828781750933,0.0001552395809154561,2,0.006904663097175288
mixture,0.7,2000,0.5,3,0.15,0.6984409325279713,0.511182764641218,0.001559067472028608,2,0.0010540237345082496
mixture,0.7,125,0.15,2,0.15,0.6946960178332122,0.5340357076373519,0.005303982166787735,2,0.02320225411909109
mixture,0.85,4000,0.5,3,0.15,0.849403039490232,0.2734823412377024,0.0005969605097679853,2,0.0034104972190799627
student,0.85,250,1.2,0,0.15,0.8508414859224043,0.28622372909183086,0.0008414859224042948,2,0.004183425686577457
mixture,0.85,500,1.2,4,0.15,0.8531596038280275,0.2648354032849949,0.0031596038280274907,2,0.0029773224038936795
uniform,0.85,60,0.15,4,0.15,0.8356075766340455,0.26507218529489346,0.014392423365954476,2,0.020619109112875587
mixture,0.7,2000,1.2,2,0.15,0.6969250992261231,0.5130564895854864,0.003074900773876843,2,0.0009547611850920892
gaussian,0.7,250,0.5,3,0.15,0.6972515401238505,0.49818438449396246,0.002748459876149467,2,0.0077087789755772365
student,0.7,60,0.15,0,0.15,0.6962859974169413,0.4721030295763892,0.003714002583058651,2,0.03820938312267302
student,0.85,500,0.15,4,0.15,0.8483030477277828,0.2771406396825307,0.0016969522722172226,2,0.0014489760276663037
uniform,0.85,4000,0.5,3,0.15,0.8526561133724186,0.27440257813906654,0.002656113372418667,2,0.002260735206842015
mixture,0.7,1000,0.5,3,0.15,0.6976562121652354,0.5126091217129156,0.0023437878347645213,2,0.0015334051249095652
mixture,0.85,4000,0.15,1,0.15,0.848380953263123,0.2801631927992918,0.0016190467368769612,2,0.0036175893904452946
uniform,0.85,500,1.2,2,0.15,0.8542283369632745,0.26975127709867464,0.004228336963274515,2,0.0019508027437308585
student,0.85,2000,0.5,0,0.15,0.8468773192016464,0.2782469884906291,0.0031226807983535387,2,0.0028212936006070505
gaussian,0.85,500,1.2,0,0.15,0.8442410774274339,0.28704525106942275,0.00575892257256605,2,0.0027251229378636456
uniform,0.85,1000,0.15,0,0.15,0.8455128112145814,0.2811289470668344,0.004487188785418539,2,0.005717801596661929
mixture,0.7,125,1.2,0,0.15,0.7275106972779393,0.4836548138837705,0.02751069727793931,2,0.009538835081947302
student,0.85,2000,1.2,0,0.15,0.8508510433382981,0.2732182920319446,0.0008510433382981075,2,0.0010848893847554173
gaussian,0.7,250,0.15,2,0.15,0.7088926462657869,0.49766021123853527,0.008892646265786897,2,0.014445535525091402
mixture,0.7,4000,0.15,2,0.15,0.7037234161928907,0.5064056721832676,0.0037234161928907383,2,0.004759855031410841
student,0.7,1000,0.15,1,0.15,0.6924548044462864,0.5052221869541428,0.0075451955537135795,2,0.007596409221395518
student,0.85,125,1.2,2,0.15,0.8371726248555206,0.27638246811801104,0.012827375144479403,2,0.011826380056648062
uniform,0.85,125,1.2,2,0.15,0.834949113639219,0.28722438941297923,0.015050886360781002,2,0.010009887774425926
gaussian,0.7,125,0.5,4,0.15,0.6979063447979085,0.5117059342355208,0.0020936552020914823,2,0.00137726206787228
gaussian,0.85,125,0.15,2,0.15,0.8436272829718408,0.30292721103377784,0.006372717028159225,2,0.03172088188324412
mixture,0.7,250,0.15,4,0.15,0.7008976378912045,0.50582139126741,0.0008976378912045613,2,0.0041520160169199564
gaussian,0.85,2000,0.5,4,0.15,0.8462733722587185,0.2778456544416229,0.0037266277412815185,2,0.0036960490628323377
student,0.85,60,0.15,0,0.15,0.8567615356789406,0.2796472384452173,0.006761535678940667,2,0.005979598841695409
uniform,0.85,1000,0.5,2,0.15,0.850490232995793,0.27386807809799407,0.000490232995792983,2,0.002428236860140892
student,0.7,60,0.5,3,0.15,0.7141825971189081,0.5258001425556629,0.014182597118908125,2,0.017300801584846422
student,0.85,500,1.2,1,0.15,0.8524479424939307,0.2805965097255873,0.002447942493930766,2,0.0033063961031849975
student,0.85,60,0.5,4,0.15,0.8433133136093044,0.29434286162539947,0.006686686390695584,2,0.00983820290967757
uniform,0.7,2000,0.5,0,0.15,0.7043796239321526,0.5038231514156826,0.004379623932152632,2,0.0030788451864701212
gaussian,0.85,4000,0.15,0,0.15,0.8486091635779902,0.27852123219394054,0.0013908364220097669,2,0.0016973109473035857
student,0.85,2000,0.5,1,0.15,0.8507087837902202,0.27671638919918545,0.0007087837902202132,2,0.0005821140040294508
student,0.7,60,0.5,1,0.15,0.7234615187293767,0.47267042595282355,0.02346151872937674,2,0.017667428176510177
laplace,0.7,500,0.5,4,0.15,0.7071053871321651,0.5168186869914206,0.007105387132165131,2,0.008219168665335747
laplace,0.7,60,0.5,4,0.15,0.7039265602720277,0.49871948170216124,0.003926560272027757,2,0.004746194084734332
student,0.7,4000,0.5,2,0.15,0.6923307972272947,0.5082561147489499,0.007669202772705219,2,0.006823892511566747
student,0.85,1000,0.15,2,0.15,0.8455792459780473,0.2794040388405685,0.004420754021952633,2,0.004133855288517107
mixture,0.85,500,0.5,4,0.15,0.8545117944738082,0.26602005781519805,0.004511794473808228,2,0.006919118856163156
mixture,0.7,250,0.15,0,0.15,0.6996749043033931,0.5081675602953813,0.00032509569660688076,2,0.001767889982661356
uniform,0.7,500,1.2,1,0.15,0.7057021875200825,0.5121247514150634,0.005702187520082558,2,0.0031228795632207533
laplace,0.7,250,0.5,3,0.15,0.6967395949883821,0.5025838194448023,0.0032604050116178396,2,0.005789568620971328
gaussian,0.85,125,1.2,4,0.15,0.8560169388592332,0.2581456284370533,0.006016938859233267,2,0.00415869722907399
laplace,0.7,2000,0.5,2,0.15,0.6996579167334634,0.5024862690669425,0.0003420832665365081,2,0.004022974805848739
student,0.85,4000,1.2,0,0.15,0.8503211746417657,0.27416421900426324,0.0003211746417657313,2,0.0011278349451175533
mixture,0.7,500,0.5,3,0.15,0.706048191628514,0.5070120236257224,0.006048191628513999,2,0.00423089080145978
laplace,0.7,1000,0.5,4,0.15,0.696393174949617,0.511536495216314,0.0036068250503829002,2,0.0025386553847826553
student,0.85,1000,0.5,4,0.15,0.8507453379013916,0.2778380671722958,0.0007453379013916406,2,0.0009513698211518737
gaussian,0.7,250,0.5,1,0.15,0.6888663897545036,0.5168659656581679,0.011133610245496306,2,0.007396711857235662
gaussian,0.7,125,0.15,0,0.15,0.6851241025570292,0.5528779529116218,0.014875897442970798,2,0.042290666217859055
laplace,0.7,500,1.2,2,0.15,0.7135575151708601,0.5026373988568313,0.013557515170860124,2,0.005327811290628777
mixture,0.7,2000,1.2,4,0.15,0.7017470182809623,0.5100257784820598,0.0017470182809623536,2,0.0008264265029814608
student,0.7,500,1.2,2,0.15,0.7049371883407702,0.5089665480993374,0.004937188340770282,2,0.0021606520142237245
gaussian,0.85,500,0.15,4,0.15,0.8515398858842764,0.2712032081207524,0.0015398858842764485,2,0.00824158955669621
uniform,0.7,1000,0.15,1,0.15,0.695335711803181,0.5084637093398711,0.0046642881968189664,2,0.003898343470415348
mixture,0.85,4000,1.2,1,0.15,0.8523680830402529,0.2744583185658642,0.002368083040252933,2,0.0012534554318710007
gaussian,0.85,60,1.2,3,0.15,0.8431488437411195,0.278014057871154,0.006851156258880442,2,0.006135770291840236
gaussian,0.7,2000,1.2,4,0.15,0.7010179834516874,0.5080661922118329,0.0010179834516874653,2,0.0002553172432890982
uniform,0.7,500,0.15,2,0.15,0.7031006510061986,0.49828535774094174,0.003100651006198607,2,0.011843538944463373
student,0.85,2000,0.15,2,0.15,0.8465785569851209,0.2781724761323882,0.003421443014879122,2,0.0028316469044000936
uniform,0.7,250,0.5,0,0.15,0.7121011494493791,0.496772366805077,0.012101149449379123,2,0.007831612827925423
gaussian,0.7,60,0.15,1,0.15,0.6970080286461778,0.5220938640139625,0.0029919713538221204,2,0.011967444445368347
mixture,0.7,2000,0.5,4,0.15,0.7063173103832481,0.506710665115817,0.00631731038324812,2,0.004380339184251423
mixture,0.7,500,0.15,0,0.15,0.7055878514022542,0.522574369453206,0.0055878514022542625,2,0.01243321189039863
student,0.85,500,0.15,1,0.15,0.8554971345558169,0.26968328155882504,0.005497134555816907,2,0.010972120879264666
student,0.7,4000,0.5,1,0.15,0.7042573276385785,0.5067834838493303,0.004257327638578556,2,0.002832211996296255
student,0.7,60,0.15,2,0.15,0.7064410602660791,0.474934757461914,0.006441060266079157,2,0.03583051516084614
gaussian,0.7,4000,0.15,1,0.15,0.6975171077008,0.5046961393202652,0.002482892299199957,2,0.0053205244023335286
uniform,0.85,500,1.2,3,0.15,0.8502261111160515,0.28257377036415027,0.00022611111605153056,2,0.002233263546242014
student,0.85,4000,0.5,2,0.15,0.8503343967104496,0.2803170730620964,0.00033439671044965813,2,0.0023395389452938883
gaussian,0.85,60,0.15,1,0.15,0.8466681581932597,0.27144858335341004,0.0033318418067402877,2,0.008436741816554537
laplace,0.7,60,1.2,4,0.15,0.7050173096723529,0.5077642950551182,0.005017309672352921,2,0.0020567623999336693
uniform,0.85,250,0.5,0,0.15,0.8630765041378355,0.259431350825509,0.013076504137835565,2,0.012319319361830817
mixture,0.85,60,1.2,2,0.15,0.8395842648799986,0.2853074332880589,0.01041573512000138,2,0.007070794828228078
gaussian,0.85,500,1.2,1,0.15,0.849842255670712,0.2758095736481374,0.00015774432928794546,2,0.0007987147675016024
uniform,0.85,250,1.2,4,0.15,0.8524517172812484,0.2773363090784452,0.002451717281248378,2,0.0022064561346495076
laplace,0.85,4000,0.15,1,0.15,0.8483499256479029,0.28027436991043914,0.001650074352097075,2,0.0037449144128902296
gaussian,0.85,2000,0.15,1,0.15,0.8490143162337426,0.27512462417559064,0.0009856837662574058,2,0.0031786451438350783
laplace,0.85,125,0.15,1,0.15,0.8440194195326756,0.3074658921565197,0.0059805804673244145,2,0.0366157605304208
student,0.7,4000,1.2,0,0.15,0.6991987719840149,0.5090608269054901,0.0008012280159850338,2,0.0005499573612184282
student,0.85,2000,1.2,1,0.15,0.8501645002504646,0.2727956416882189,0.00016450025046466088,2,0.0016792029625383486
mixture,0.85,125,0.5,4,0.15,0.8497456270953658,0.2852057173278883,0.0002543729046341481,2,0.005484552705412001
mixture,0.85,250,0.15,2,0.15,0.8285912338052003,0.3003397280385005,0.0214087661947997,2,0.03265035577195527
laplace,0.85,250,0.5,4,0.15,0.8561159493652649,0.2634190915084338,0.006115949365264939,2,0.008423334623622757
laplace,0.85,4000,0.15,2,0.15,0.8481301182549753,0.27425447249072554,0.0018698817450246707,2,0.00450623818748383
mixture,0.7,500,1.2,0,0.15,0.697153749213982,0.5134787745913185,0.0028462507860179675,2,0.0008188579111704102
laplace,0.7,4000,0.15,3,0.15,0.6955396532734522,0.5149759268337678,0.004460346726547715,2,0.006184020966689327
student,0.7,4000,1.2,4,0.15,0.7002405044618766,0.5107622348761006,0.00024050446187662278,2,0.00026083873097999154
uniform,0.85,500,0.15,1,0.15,0.8513131745415128,0.27500891425513674,0.001313174541512807,2,0.0033538136173558346
laplace,0.85,4000,0.5,1,0.15,0.8494706985801885,0.2777777269178897,0.0005293014198114454,2,0.0004773979203441268
uniform,0.85,125,1.2,1,0.15,0.8442654419782908,0.2661497364788446,0.005734558021709191,2,0.009541749655104298
student,0.7,60,1.2,1,0.15,0.7381918243636161,0.4861727882378128,0.03819182436361612,2,0.01575654261730123
uniform,0.85,60,1.2,2,0.15,0.8335637959251995,0.31351968304681554,0.01643620407480051,2,0.007240590031543723
gaussian,0.85,4000,1.2,3,0.15,0.847710675543451,0.27828155879187166,0.002289324456548947,2,0.0018255054180106635
uniform,0.7,125,1.2,4,0.15,0.6979664401991267,0.5377162575324059,0.0020335598008732747,2,0.004997329928701942
gaussian,0.85,60,1.2,1,0.15,0.8547958658536748,0.2707994815103836,0.004795865853674863,2,0.0025199187018975482
student,0.7,2000,0.15,2,0.15,0.6980326018017464,0.5137114335829882,0.001967398198253534,2,0.003998610196583234
laplace,0.7,1000,0.5,1,0.15,0.6955390852985814,0.5048434505706784,0.004460914701418517,2,0.005658668485673055
gaussian,0.7,500,0.15,2,0.15,0.7100380223118095,0.5159212864137575,0.010038022311809502,2,0.009433175136294202
uniform,0.7,1000,1.2,0,0.15,0.6925993051623638,0.5178965545064318,0.007400694837636168,2,0.0022620957162306334
uniform,0.85,1000,1.2,1,0.15,0.8508597978223627,0.2684069815889118,0.0008597978223626734,2,0.0029181194166204055
laplace,0.85,60,0.15,3,0.15,0.848376257258861,0.30009656835128834,0.001623742741138967,2,0.027863127473042457
uniform,0.7,500,0.15,1,0.15,0.7109139589624143,0.5096794930215233,0.010913958962414316,2,0.009064293313202226
gaussian,0.85,2000,0.15,3,0.15,0.8455090099595177,0.27806723712896286,0.004490990040482257,2,0.003605621547621265
mixture,0.85,250,0.15,4,0.15,0.8551035736160949,0.27396682647299664,0.005103573616094925,2,0.006073843666397151
mixture,0.85,4000,1.2,3,0.15,0.8504671384821886,0.2781747731646867,0.00046713848218860043,2,0.0006775309552683437
gaussian,0.85,500,0.15,2,0.15,0.8548982660309541,0.26520479810055175,0.004898266030954113,2,0.016591989612084
uniform,0.7,4000,0.15,3,0.15,0.6991022653799852,0.5124693573235168,0.0008977346200147451,2,0.0025273905685892495
gaussian,0.7,2000,1.2,1,0.15,0.6962430723263746,0.5144501162154713,0.003756927673625343,2,0.001105983849872057
uniform,0.85,4000,0.5,4,0.15,0.8486002084659794,0.27653798321049256,0.001399791534020589,2,0.0019497347236149035
laplace,0.7,60,0.5,1,0.15,0.6748658245582654,0.5574072003543301,0.025134175441734574,2,0.020295533414343227
student,0.85,60,1.2,4,0.15,0.8707898634040178,0.250058757817347,0.020789863404017783,2,0.011123658918975236
student,0.7,250,1.2,2,0.15,0.7075621122310616,0.5128034718924597,0.007562112231061624,2,0.004150849191568606
uniform,0.85,250,0.15,0,0.15,0.8388538039226489,0.2827878760322133,0.011146196077351123,2,0.01098856740731842
gaussian,0.7,4000,1.2,4,0.15,0.7052628615933362,0.506000512039923,0.005262861593336221,2,0.0018381062611537232
uniform,0.85,125,0.15,4,0.15,0.8442333150877764,0.2894465469368419,0.005766684912223541,2,0.015697554236475317
gaussian,0.85,250,1.2,4,0.15,0.8427204037698804,0.28838543952625484,0.007279596230119534,2,0.0034890594067688435
student,0.85,60,0.5,2,0.15,0.8305915397424302,0.3317094596439783,0.019408460257569815,2,0.02931184706758579
mixture,0.85,2000,0.15,3,0.15,0.8509499983281754,0.2769809253496904,0.0009499983281754387,2,0.0010004553613074036
gaussian,0.7,4000,0.15,4,0.15,0.7003301324023786,0.510828465742658,0.0003301324023786689,2,0.0008236383578323852
mixture,0.7,125,0.15,4,0.15,0.6822480347643883,0.5216169378989689,0.017751965235611622,2,0.018776027739353395
mixture,0.85,250,0.5,3,0.15,0.8546499786753899,0.27450128303537413,0.004649978675389965,2,0.003881873982488548
gaussian,0.7,2000,1.2,0,0.15,0.700739275200117,0.5173044071044568,0.0007392752001170733,2,0.0018768984787511536
laplace,0.7,250,1.2,3,0.15,0.695354370986556,0.5126864977223478,0.004645629013444008,2,0.001789241579346138
uniform,0.85,4000,0.15,2,0.15,0.8492321668761451,0.28128068393695166,0.0007678331238548664,2,0.004826745154686837
mixture,0.85,60,0.15,0,0.15,0.8299864412650786,0.29697100042582986,0.02001355873492139,2,0.028801717496348835
laplace,0.85,2000,0.5,2,0.15,0.8484982481428534,0.278904583588205,0.001501751857146627,2,0.0012294939277520788
student,0.85,60,0.5,1,0.15,0.8254898354294029,0.2638311088045398,0.02451016457059707,2,0.03368135044244476
uniform,0.85,2000,0.5,2,0.15,0.848716671894449,0.2783515879082939,0.0012833281055509849,2,0.001084122152976445
student,0.85,500,0.5,4,0.15,0.8545500145378924,0.2772661999227081,0.004550014537892388,2,0.0045000934750514905
laplace,0.7,1000,0.15,1,0.15,0.6953797632812754,0.5157349286259586,0.00462023671872458,2,0.006861112636643556
laplace,0.85,60,0.15,2,0.15,0.8466715540026335,0.2631489079346822,0.0033284459973664804,2,0.019397924014355653
student,0.7,500,1.2,1,0.15,0.6944052688334635,0.4965760346696765,0.005594731166536415,2,0.005240970365021726
uniform,0.85,250,0.15,4,0.15,0.8549221618218839,0.26643260072334296,0.004922161821883875,2,0.014834567677018597
uniform,0.7,1000,1.2,4,0.15,0.6909838995528749,0.5125974273373186,0.009016100447125086,2,0.003813688578581689
gaussian,0.7,125,1.2,2,0.15,0.7093823635924418,0.48983774132353236,0.009382363592441822,2,0.0023924934638889614
student,0.85,1000,0.5,3,0.15,0.8524796828404381,0.27323092694889334,0.002479682840438091,2,0.0025951363389637864
mixture,0.7,500,0.5,1,0.15,0.6968149388859843,0.5132338892394077,0.0031850611140156193,2,0.00207420588465116
laplace,0.7,250,0.15,3,0.15,0.7036318039586367,0.5032491228758031,0.0036318039586367146,2,0.0073674238482850365
gaussian,0.85,125,0.15,4,0.15,0.8468985846841007,0.2866632473086666,0.0031014153158992475,2,0.011798364445219079
laplace,0.7,2000,0.15,3,0.15,0.7064494763086113,0.4975958408115794,0.006449476308611368,2,0.013495283855845598
gaussian,0.7,60,0.15,2,0.15,0.7159120355539422,0.5212407957282894,0.015912035553942272,2,0.015808423314300983
gaussian,0.7,2000,0.5,3,0.15,0.6988299877616068,0.5126894440404732,0.0011700122383931921,2,0.0011217592394788943
uniform,0.85,125,0.5,4,0.15,0.8621578680173565,0.2618759540702953,0.012157868017356521,2,0.011055904198843333
laplace,0.85,125,0.15,2,0.15,0.839592660224362,0.2679190354850438,0.010407339775638014,2,0.015883817077993807
laplace,0.7,4000,0.5,2,0.15,0.6983619112546025,0.5076285722510955,0.0016380887453975035,2,0.002235590958951011
laplace,0.7,500,0.15,2,0.15,0.7037553454810974,0.4961510201009338,0.0037553454810974607,2,0.014049057664034378
laplace,0.85,250,1.2,4,0.15,0.8462355437594918,0.28089705458807357,0.0037644562405081405,2,0.002349811243020356
mixture,0.85,500,0.15,2,0.15,0.8455787391402557,0.2871818075882144,0.004421260859744258,2,0.012617845520368917
student,0.85,125,0.15,3,0.15,0.8493642403820072,0.2935519093946332,0.0006357596179927816,2,0.020190437937608566
student,0.7,500,0.15,4,0.15,0.7031946617739975,0.5089701395199611,0.0031946617739975203,2,0.002799219704693914
student,0.85,125,1.2,0,0.15,0.8452976999584737,0.2704931091777969,0.004702300041526275,2,0.006581985726245237
laplace,0.7,60,0.15,1,0.15,0.7223220833073579,0.5167785102268793,0.022322083307357965,2,0.01854973560704523
gaussian,0.85,1000,0.15,4,0.15,0.8501609826679823,0.27960603117918603,0.00016098266798236782,2,0.0027439289517077687
laplace,0.85,250,1.2,0,0.15,0.8442216919101256,0.2679023566789189,0.00577830808987434,2,0.008259983685408818
mixture,0.7,1000,0.5,4,0.15,0.7011880198544774,0.5079210480775739,0.0011880198544774734,2,0.0009340424480842656
gaussian,0.85,60,0.5,0,0.15,0.8388277026999946,0.3124375774842545,0.011172297300005352,2,0.02013163297725994
gaussian,0.7,60,0.15,0,0.15,0.7277146287498385,0.47419432213027485,0.027714628749838544,2,0.04373891457811334
gaussian,0.85,125,0.5,3,0.15,0.8469006341745567,0.28529436312035816,0.0030993658254432344,2,0.004618204462140981
laplace,0.85,500,0.5,3,0.15,0.8477937787537714,0.2720815825594927,0.0022062212462286013,2,0.005806340629407028
uniform,0.7,2000,1.2,1,0.15,0.7049752685850493,0.4980782780908522,0.004975268585049375,2,0.0013523029662848565
gaussian,0.85,250,0.5,3,0.15,0.8454798590241381,0.2881132121056304,0.004520140975861842,2,0.006204961219929085
uniform,0.7,1000,0.5,2,0.15,0.706173820735357,0.5024748324171535,0.006173820735356994,2,0.004071401192702165
student,0.7,1000,1.2,0,0.15,0.6936876461557526,0.5047764319531618,0.0063123538442473315,2,0.003967781236969785
uniform,0.7,1000,0.15,4,0.15,0.7040657369286379,0.5110814569990197,0.004065736928637986,2,0.0033098968395496534
mixture,0.7,250,0.5,1,0.15,0.6987716225256003,0.5131861379346587,0.0012283774743996334,2,0.0013304696496764066
mixture,0.7,1000,1.2,0,0.15,0.6995782221438108,0.5194137760185528,0.00042177785618913166,2,0.001835151675488315
uniform,0.85,4000,0.5,1,0.15,0.8479963287598077,0.28218071344097895,0.002003671240192295,2,0.002736709176641013
student,0.85,500,0.5,3,0.15,0.8478241674161878,0.2802666073567491,0.002175832583812154,2,0.0019363387617848215
mixture,0.7,500,0.15,2,0.15,0.7082912761490979,0.4966981348188298,0.00829127614909797,2,0.015016587824938265
student,0.7,1000,0.5,1,0.15,0.6990396293993283,0.49720009228744766,0.0009603706006716672,2,0.007140448799076933
mixture,0.85,1000,1.2,4,0.15,0.8540383085089726,0.2776815540979249,0.004038308508972577,2,0.0036088127983758336
mixture,0.85,2000,0.15,0,0.15,0.8519243614530133,0.27618199592055054,0.0019243614530133346,2,0.002259873782304659
laplace,0.7,1000,1.2,2,0.15,0.7013749304629072,0.4916773439481343,0.0013749304629072645,2,0.0034776124975641203
gaussian,0.85,125,0.5,2,0.15,0.8549908367076745,0.2813178595226673,0.004990836707674529,2,0.007157534987230549
gaussian,0.7,2000,0.5,2,0.15,0.7004306884030572,0.5121956685865123,0.00043068840305726663,2,0.0013672974923939446
laplace,0.85,250,0.5,3,0.15,0.8477409159937175,0.28361281818462614,0.002259084006282497,2,0.0036212403106815117
student,0.85,500,1.2,2,0.15,0.8543038495685036,0.27197199442371645,0.004303849568503604,2,0.002279833738011402
laplace,0.7,60,0.15,4,0.15,0.6946587018943202,0.4581074057796454,0.005341298105679737,2,0.05341354104523223
uniform,0.7,4000,0.5,1,0.15,0.7016682467120181,0.5121567777748951,0.001668246712018151,2,0.002220294648402212
student,0.7,250,1.2,4,0.15,0.6932972505325377,0.51737185460198,0.006702749467462299,2,0.0020621407171073657
gaussian,0.7,500,1.2,3,0.15,0.6905991228519145,0.5056269641455271,0.009400877148085462,2,0.005225585566539719
student,0.85,1000,0.15,3,0.15,0.8500287899369774,0.2860443522772437,2.878993697741361e-05,2,0.010868556647787528
gaussian,0.7,1000,0.5,2,0.15,0.7025176697707906,0.5002787319841817,0.002517669770790598,2,0.004190639913201469
gaussian,0.85,4000,1.2,1,0.15,0.849819858149687,0.27854135790652135,0.00018014185031300922,2,0.00028689664350895795
student,0.7,2000,0.5,0,0.15,0.6984011774704977,0.5091505490071025,0.001598822529502275,2,0.0015636751053683532
gaussian,0.85,1000,1.2,2,0.15,0.8548979498239941,0.27497977587397765,0.004897949823994163,2,0.0037563801359623288
mixture,0.85,125,0.5,3,0.15,0.8432964772316182,0.28161697089111587,0.00670352276838182,2,0.005518120543574365
gaussian,0.7,60,0.5,3,0.15,0.7046397889605862,0.5179514932694136,0.004639788960586255,2,0.006917553471641113
gaussian,0.7,125,1.2,1,0.15,0.689906731956578,0.5577984887831774,0.010093268043421921,2,0.006315326680850724
laplace,0.7,500,1.2,1,0.15,0.687791973455118,0.5048758681455073,0.012208026544881956,2,0.006749707692483712
laplace,0.85,1000,1.2,0,0.15,0.8567027627019727,0.27571662518682255,0.006702762701972675,2,0.005752556716070287
laplace,0.7,4000,1.2,0,0.15,0.6972139835583434,0.5070446819456075,0.002786016441656547,2,0.0018991495602920297
uniform,0.85,500,0.15,4,0.15,0.8514454975287091,0.27794361648705085,0.0014454975287091498,2,0.0012889971662090934
gaussian,0.85,60,0.5,2,0.15,0.8492074027394169,0.2846445107998259,0.0007925972605831166,2,0.004732434965099536
student,0.85,4000,0.15,0,0.15,0.8515303683032025,0.27972984755080166,0.0015303683032025228,2,0.0031833129031289824
laplace,0.85,2000,0.15,4,0.15,0.8517575351121798,0.27127680473666466,0.0017575351121797977,2,0.008206650796544443
laplace,0.7,60,0.5,3,0.15,0.7373694697502349,0.48575276295582265,0.03736946975023492,2,0.02446732529839217
mixture,0.7,250,1.2,0,0.15,0.6844517187737703,0.5367861348364195,0.015548281226229643,2,0.003903691370600428
student,0.7,2000,0.15,1,0.15,0.7052198138081486,0.5122568503637728,0.005219813808148621,2,0.004492309463946543
mixture,0.7,125,0.5,2,0.15,0.6966975512569542,0.4991279689118685,0.0033024487430457494,2,0.007589105205385062
laplace,0.85,125,0.15,4,0.15,0.8538795915135643,0.2642452811535601,0.0038795915135643178,2,0.01767704695403361
student,0.85,500,0.15,2,0.15,0.8477542003752828,0.2741728300198389,0.0022457996247171597,2,0.0046459792327817025
mixture,0.85,1000,0.5,1,0.15,0.8547719961856745,0.27857813382362423,0.004771996185674476,2,0.0053690354910226005
gaussian,0.7,2000,0.15,1,0.15,0.696213261585035,0.5137278500484184,0.0037867384149649075,2,0.004882522982732916
laplace,0.85,125,0.5,4,0.15,0.8616688330914962,0.2665211631336866,0.011668833091496245,2,0.009828630094797177
uniform,0.7,500,1.2,4,0.15,0.6906252072317334,0.5154231500070887,0.009374792768266582,2,0.003457159773545592
laplace,0.7,250,1.2,2,0.15,0.7157789572152663,0.5265563102829659,0.015778957215266343,2,0.011213943974540685
uniform,0.7,125,1.2,0,0.15,0.7098656358674462,0.4825682701594293,0.009865635867446265,2,0.0031104674175372648
laplace,0.7,250,0.5,0,0.15,0.7084973926108015,0.498822641218162,0.008497392610801513,2,0.005796850828564414
uniform,0.7,60,1.2,2,0.15,0.7195656661693564,0.4851208437080605,0.0195656661693564,2,0.005690428090131853
uniform,0.7,60,1.2,4,0.15,0.7211849322304656,0.5347238099886795,0.021184932230465692,2,0.015466976573938678
mixture,0.85,250,1.2,2,0.15,0.8518896595495474,0.27072614590943395,0.001889659549547451,2,0.0014638072019893388
uniform,0.85,250,0.5,1,0.15,0.8542901898780434,0.2796084306763275,0.0042901898780434156,2,0.00540657405880653
laplace,0.85,4000,0.5,3,0.15,0.8497102189755287,0.27624526517891074,0.00028978102447130283,2,0.0011294213803863394
gaussian,0.7,500,0.5,0,0.15,0.7004192406185872,0.5126149849030295,0.0004192406185872244,2,0.0015983995017213308
mixture,0.7,125,0.15,0,0.15,0.7153323728198644,0.5079821332497416,0.015332372819864437,2,0.01263334218376248
laplace,0.85,1000,0.5,1,0.15,0.8461996789467614,0.27885603621277766,0.0038003210532385756,2,0.0032047015693222065
laplace,0.7,2000,0.5,1,0.15,0.7029794532130905,0.5167478916783903,0.002979453213090566,2,0.00520871148539729
laplace,0.85,60,0.5,2,0.15,0.8376982444943283,0.29088660656680854,0.012301755505671697,2,0.010395546605499335
mixture,0.85,4000,0.5,0,0.15,0.852255525830022,0.27716212488496444,0.002255525830021976,2,0.0021712704440526617
mixture,0.7,2000,1.2,0,0.15,0.696563899577969,0.5194898451980859,0.0034361004220309077,2,0.001050087371982761
gaussian,0.85,500,0.5,2,0.15,0.8533675255387732,0.2777679546084587,0.003367525538773175,2,0.0035392132886542674
laplace,0.85,250,1.2,2,0.15,0.8496619478032607,0.2677958071045045,0.00033805219673932463,2,0.004174244975375208
student,0.7,125,0.15,0,0.15,0.6964884686945844,0.49808799462553127,0.003511531305415594,2,0.01178001790027671
gaussian,0.7,2000,0.15,3,0.15,0.6999134484309739,0.510742969746188,8.655156902603878e-05,2,0.000718702055080865
laplace,0.7,125,0.15,0,0.15,0.6954971867917498,0.5617410345822385,0.004502813208250189,2,0.047637645133018935
student,0.7,500,0.15,1,0.15,0.7109147351176551,0.5014802469542508,0.010914735117655172,2,0.012555202114761887
uniform,0.7,125,1.2,3,0.15,0.7193431871102047,0.499163421097584,0.019343187110204774,2,0.007552742156893487
laplace,0.85,60,0.5,4,0.15,0.8254671455252934,0.2758104435786421,0.024532854474706545,2,0.026532555356668593
laplace,0.7,1000,1.2,3,0.15,0.6977170419906094,0.515139996498362,0.002282958009390601,2,0.0005883511849860217
gaussian,0.7,1000,0.5,3,0.15,0.6995795595030936,0.5110710501255747,0.0004204404969063713,2,0.0004455643463385624
student,0.85,250,0.5,4,0.15,0.8527951509102489,0.27867106666850633,0.002795150910248956,2,0.0033448776504684066
gaussian,0.85,250,0.15,2,0.15,0.8550508975500557,0.27048832060627326,0.005050897550055722,2,0.009878120344486827
uniform,0.85,125,0.15,3,0.15,0.8527666765086755,0.28609579663234513,0.0027666765086755696,2,0.01109860652071558
gaussian,0.85,1000,0.15,0,0.15,0.8509001706961449,0.286168638469286,0.0009001706961448974,2,0.0111160820430209
student,0.85,2000,0.5,3,0.15,0.8477923233093937,0.2726316265329864,0.002207676690606286,2,0.005321492617556788
mixture,0.85,125,1.2,3,0.15,0.8383571590787233,0.273669701964767,0.011642840921276654,2,0.011742776805928177
laplace,0.7,500,0.5,2,0.15,0.691546748199485,0.5144380354699696,0.008453251800514927,2,0.005939738206567678
student,0.7,4000,0.15,2,0.15,0.7021302507370445,0.5252207384783771,0.0021302507370445367,2,0.014477737654794945
gaussian,0.85,2000,0.5,1,0.15,0.8506356066108984,0.28319490677580117,0.0006356066108984537,2,0.004559258326865742
uniform,0.85,60,1.2,3,0.15,0.837740278545418,0.2775454275985357,0.012259721454581984,2,0.011153923211253698
mixture,0.7,4000,0.5,3,0.15,0.6999777042554683,0.5112338411543518,2.229574453160854e-05,2,0.0006286464911497908
uniform,0.7,125,1.2,2,0.15,0.7019064632087376,0.4891930653904576,0.0019064632087376632,2,0.0037421852589805313
laplace,0.7,4000,0.15,1,0.15,0.6959944748451979,0.5198846942231585,0.004005525154802014,2,0.010245606374422964
gaussian,0.85,1000,0.5,4,0.15,0.8487925085699777,0.2833772469277276,0.0012074914300223005,2,0.0037512859689708645
uniform,0.7,250,1.2,3,0.15,0.6998683866289186,0.5112779394353212,0.00013161337108136273,2,0.00022311398386863756
laplace,0.85,2000,0.15,1,0.15,0.8503253404077201,0.2714887880246769,0.0003253404077201427,2,0.007825901032018771
student,0.7,4000,0.15,1,0.15,0.701338382453659,0.5079191581929351,0.001338382453659026,2,0.002345535749069832
student,0.7,125,1.2,1,0.15,0.6736038230658956,0.557994032578108,0.026396176934104343,2,0.006472019226307809
uniform,0.85,1000,0.15,4,0.15,0.8470310838582035,0.27910154752803795,0.002968916141796507,2,0.0031011693876636416
uniform,0.7,60,0.5,1,0.15,0.7257614856230018,0.5138535001531122,0.025761485623001845,2,0.021780779920391836
mixture,0.85,60,0.5,4,0.15,0.8554855989715976,0.27881908234234964,0.005485598971597616,2,0.006247643854434451
uniform,0.85,500,0.5,1,0.15,0.8499938394106835,0.273212044016708,6.160589316461795e-06,2,0.003204079135395294
mixture,0.85,125,1.2,0,0.15,0.8402382714446607,0.27622857590076755,0.0097617285553393,2,0.00897527956714229
student,0.85,250,0.5,2,0.15,0.8519572784511233,0.27882487344578766,0.0019572784511233676,2,0.0027418589484312188
student,0.7,60,0.15,3,0.15,0.6763521613493356,0.5051226770821903,0.023647838650664332,2,0.02001253342133616
gaussian,0.85,250,1.2,2,0.15,0.8568382429163578,0.2746399233471396,0.006838242916357817,2,0.005374666276198656
uniform,0.7,500,0.15,3,0.15,0.6986855663045646,0.5191208655997314,0.0013144336954353797,2,0.008858162471606538
uniform,0.85,1000,0.15,2,0.15,0.8548522606416106,0.2681830209976106,0.004852260641610595,2,0.012693662557286118
gaussian,0.85,125,0.15,3,0.15,0.8307384757071241,0.3071799943639814,0.019261524292875865,2,0.03907915226382252
mixture,0.85,500,0.15,4,0.15,0.8527163680140913,0.2799796504757228,0.0027163680140913637,2,0.0037901333909145644
uniform,0.7,125,1.2,1,0.15,0.6997929092020247,0.510883874170217,0.0002070907979752068,2,0.00011409376805802923
gaussian,0.85,500,0.15,0,0.15,0.8470357376181874,0.2853633968034818,0.002964262381812577,2,0.01026653332624333
mixture,0.85,1000,0.15,0,0.15,0.8495422343928344,0.2761246631820803,0.00045776560716559445,2,0.00184523213314391
laplace,0.85,4000,1.2,0,0.15,0.8477206079707299,0.2777460020773709,0.0022793920292700776,2,0.0019241938702687423
mixture,0.7,60,0.5,2,0.15,0.7464380968189708,0.4462285274026287,0.04643809681897082,2,0.03307553399205896
uniform,0.7,2000,0.5,1,0.15,0.7005633164705427,0.5056398977114277,0.0005633164705427518,2,0.0020360941337385584
uniform,0.7,2000,0.15,4,0.15,0.6994463384241664,0.5076485307150436,0.0005536615758335861,2,0.0022869009030138977
laplace,0.85,60,1.2,0,0.15,0.8520130696975738,0.27527263598558305,0.002013069697573866,2,0.0011955994053868752
laplace,0.7,250,0.15,1,0.15,0.6996693370151313,0.5011202441978458,0.0003306629848686127,2,0.00864838065362137
laplace,0.7,250,0.15,2,0.15,0.69394636812946,0.5232500713471481,0.006053631870539977,2,0.013838712190174166
student,0.85,1000,0.15,4,0.15,0.8484206223549796,0.2843120334303166,0.0015793776450203634,2,0.008795294547945169
gaussian,0.7,125,0.15,1,0.15,0.6775477916746598,0.5199415726835093,0.022452208325340117,2,0.021181029259929873
gaussian,0.7,500,0.15,3,0.15,0.6895909652441888,0.5104386422020215,0.01040903475581112,2,0.00857245223497803
student,0.7,250,1.2,3,0.15,0.7088253338775504,0.49393141362785264,0.008825333877550467,2,0.002221581231014
uniform,0.85,500,0.5,2,0.15,0.8496185505321426,0.2713243109075372,0.00038144946785734213,2,0.0049046559860089186
gaussian,0.85,60,0.5,3,0.15,0.8558448155228741,0.2706428377221786,0.005844815522874081,2,0.005106938307873586
student,0.85,500,0.15,0,0.15,0.8540661685685517,0.27786204973912865,0.004066168568551687,2,0.003168683503952516
student,0.85,4000,1.2,2,0.15,0.8527200702246295,0.27152527409496907,0.0027200702246295005,2,0.001248092258021769
mixture,0.85,125,1.2,1,0.15,0.8461801390210052,0.28280438498095295,0.0038198609789947824,2,0.00199708712517135
uniform,0.85,4000,1.2,0,0.15,0.8517571741806417,0.27782660027579364,0.0017571741806416963,2,0.0017379413458521616
gaussian,0.85,500,1.2,2,0.15,0.8569587140179573,0.2684721483033371,0.006958714017957335,2,0.0037781480292622335
uniform,0.7,2000,1.2,0,0.15,0.6984664401601147,0.5182537950411674,0.0015335598398852346,2,0.001205574006831536
mixture,0.85,60,1.2,4,0.15,0.8635646456620547,0.269277412210787,0.01356464566205473,2,0.009736201841185111
uniform,0.7,125,0.15,0,0.15,0.7007051648409011,0.5303551834939205,0.0007051648409011069,2,0.01910922844830581
mixture,0.7,500,0.15,1,0.15,0.6969727830183359,0.5191900430410712,0.0030272169816640826,2,0.009269889603721548
gaussian,0.7,2000,0.15,0,0.15,0.7065004659679884,0.5092147617027007,0.006500465967988478,2,0.005290626003920479
uniform,0.85,4000,1.2,2,0.15,0.8497121182232904,0.2768832170101697,0.0002878817767095754,2,0.00047343276384536774
uniform,0.85,1000,0.5,0,0.15,0.8512805392916419,0.2769460280562645,0.0012805392916419578,2,0.0011190718100853468
student,0.7,1000,0.5,0,0.15,0.6974821121914193,0.5086917182810381,0.0025178878085806433,2,0.00249513727787913
mixture,0.85,1000,0.5,4,0.15,0.8490564294554872,0.2752893133942127,0.0009435705445127729,2,0.0023576125777826098
student,0.85,1000,1.2,1,0.15,0.8484057433065182,0.27903406556627075,0.0015942566934817881,2,0.000959271189956974
uniform,0.7,1000,0.15,0,0.15,0.699652418159163,0.5111455781279413,0.0003475818408369413,2,0.0011581310656272532
laplace,0.7,2000,0.15,4,0.15,0.7057472674607492,0.5055228843735229,0.005747267460749272,2,0.006583342104656133
gaussian,0.7,60,1.2,2,0.15,0.7191795409913443,0.48052308304634006,0.019179540991344335,2,0.00522607842261206
gaussian,0.85,2000,0.15,0,0.15,0.851299537098509,0.2814300629069362,0.0012995370985090515,2,0.0051819595245328354
student,0.7,4000,1.2,1,0.15,0.6980044109788552,0.5114977218259968,0.001995589021144717,2,0.0007163216976358511
uniform,0.7,1000,0.5,0,0.15,0.7015244248488365,0.5037447452219128,0.0015244248488365253,2,0.0027122264304474766
mixture,0.7,4000,1.2,3,0.15,0.7000430983863642,0.5099176393012479,4.3098386364293084e-05,2,1.0848749262574722e-05
mixture,0.85,4000,0.15,4,0.15,0.8506412708632982,0.2767739084557611,0.0006412708632982378,2,0.001056186539314909
gaussian,0.7,60,1.2,0,0.15,0.6937657045718909,0.5282274076942985,0.006234295428109049,2,0.0020397224988033353
mixture,0.85,250,0.15,0,0.15,0.8565096095867902,0.2621252165745528,0.006509609586790255,2,0.020983008020780552
mixture,0.85,500,0.5,0,0.15,0.8445432520886769,0.2764455486871431,0.005456747911323112,2,0.006248263751126053
gaussian,0.85,125,1.2,2,0.15,0.8628562876494985,0.27475304349722957,0.012856287649498532,2,0.011177327424573696
mixture,0.7,60,0.5,4,0.15,0.683832609147811,0.5630034693084046,0.01616739085218899,2,0.021673313645151904
uniform,0.7,1000,1.2,1,0.15,0.7121236288542279,0.5048691950059583,0.012123628854227908,2,0.0048657393760234155
laplace,0.85,125,1.2,2,0.15,0.8193666214200939,0.289158325617498,0.030633378579906112,2,0.021922700570630393
uniform,0.85,60,0.5,2,0.15,0.8525487990903191,0.2572989027940339,0.0025487990903191315,2,0.014063580531934908
gaussian,0.85,60,0.5,1,0.15,0.8345627615919539,0.2990279950179778,0.015437238408046117,2,0.013635897175543732
student,0.7,500,0.15,3,0.15,0.6986464764153807,0.532234394086972,0.001353523584619265,2,0.02098273533762458
student,0.85,60,1.2,1,0.15,0.872116817145213,0.2794454267199399,0.022116817145213075,2,0.02246877820122032
laplace,0.7,125,0.15,1,0.15,0.7176931992008588,0.5273292543843912,0.017693199200858878,2,0.020309053641395493
gaussian,0.85,1000,1.2,4,0.15,0.8484547174486142,0.2807380434731891,0.0015452825513857515,2,0.0007018228653242628
gaussian,0.7,125,1.2,0,0.15,0.7035399120730794,0.5121240532089947,0.0035399120730794653,2,0.002051864308896095
gaussian,0.7,500,0.15,4,0.15,0.6937089490472673,0.5084195980250565,0.006291050952732635,2,0.00535413930477178
laplace,0.7,125,0.5,1,0.15,0.7104304995170194,0.4986989419185656,0.010430499517019465,2,0.006811563045984285
uniform,0.7,60,0.15,1,0.15,0.6946838178135609,0.5203788087644892,0.0053161821864390335,2,0.011013353366803263
student,0.85,250,1.2,4,0.15,0.8534413506103964,0.26101309070047846,0.0034413506103964098,2,0.004229182262249266
uniform,0.7,250,0.15,4,0.15,0.7166770102508934,0.4776164510117,0.01667701025089341,2,0.0359610004893474
gaussian,0.7,500,0.15,1,0.15,0.6956277844720481,0.5077349166198166,0.0043722155279518615,2,0.004106076390408597
gaussian,0.85,60,0.15,4,0.15,0.8257055702082973,0.2868880018922861,0.02429442979170271,2,0.022691294007495613
laplace,0.85,1000,0.5,3,0.15,0.8455582442953086,0.27834042557093236,0.004441755704691408,2,0.00416022992017913
laplace,0.7,4000,1.2,4,0.15,0.696637417166936,0.5147591812983601,0.0033625828330640095,2,0.0009009796194824318
student,0.85,125,0.15,1,0.15,0.8472674261193953,0.25974408067606747,0.0027325738806046607,2,0.023774992359891372
laplace,0.85,4000,1.2,1,0.15,0.8505197888086348,0.2777942148845375,0.0005197888086347913,2,0.0005995120012329903
laplace,0.7,500,0.5,0,0.15,0.6996968132608387,0.5140960363101909,0.00030318673916129857,2,0.001965466807532874
uniform,0.85,125,0.5,3,0.15,0.8560234190040927,0.2655492838784403,0.006023419004092756,2,0.007252369686759419
mixture,0.85,125,0.15,0,0.15,0.8503722170318354,0.272379224150469,0.0003722170318354312,2,0.006617153455851616
student,0.85,500,0.5,0,0.15,0.8509211119988181,0.2762953201518262,0.0009211119988181693,2,0.0008160076876178147
mixture,0.7,1000,0.15,2,0.15,0.7037206090143222,0.5066738397491506,0.0037206090143222514,2,0.004570979941831538
gaussian,0.7,4000,1.2,2,0.15,0.7014098602548425,0.5056558402755014,0.0014098602548425765,2,0.0004940623166247478
laplace,0.7,4000,0.5,3,0.15,0.7045574068253943,0.5031436448478277,0.0045574068253942945,2,0.003264134344728701
mixture,0.7,500,0.5,2,0.15,0.6979550431259898,0.5211621248666404,0.0020449568740101842,2,0.004940785896872284
uniform,0.85,125,0.5,2,0.15,0.8416817829561773,0.25316836263798514,0.008318217043822629,2,0.025661482820369716
student,0.7,2000,1.2,3,0.15,0.7033483390481385,0.5083474079000435,0.003348339048138582,2,0.001325346218924216
laplace,0.7,250,0.15,4,0.15,0.7049593788485292,0.4807579805743999,0.004959378848529261,2,0.029516821827733436
student,0.85,1000,1.2,3,0.15,0.8488966414235867,0.2715949149673496,0.0011033585764133047,2,0.0032821978588464915
gaussian,0.85,60,0.15,3,0.15,0.8803661094485885,0.24564685996621574,0.03036610944858853,2,0.049325392963757604
laplace,0.7,2000,1.2,2,0.15,0.6984583995679458,0.5135265651317129,0.001541600432054202,2,0.0004001609767655393
mixture,0.85,500,0.5,3,0.15,0.8488250385757569,0.2804872898076764,0.001174961424243115,2,0.0017451248155951834
student,0.7,250,0.5,2,0.15,0.7038057661654946,0.5065471783222646,0.0038057661654946617,2,0.002431131202334308
mixture,0.7,250,1.2,2,0.15,0.7060996004042364,0.5050579088525796,0.006099600404236405,2,0.00210502557849424
laplace,0.7,500,0.15,0,0.15,0.7023254190645976,0.49673066976735264,0.0023254190645976003,2,0.01320645619376405
gaussian,0.7,125,0.15,2,0.15,0.7173162140632784,0.49426791473218246,0.017316214063278434,2,0.021618808385856992
laplace,0.85,250,0.15,4,0.15,0.845118807463666,0.29242655291326847,0.004881192536334011,2,0.018967721332384686
laplace,0.85,250,0.5,0,0.15,0.8564653500568457,0.2837089357611425,0.006465350056845676,2,0.009961885918917971
uniform,0.7,125,0.15,1,0.15,0.6967054253673242,0.5270155356879187,0.003294574632675795,2,0.01637389014893425
mixture,0.85,2000,0.15,1,0.15,0.8522904585684841,0.2778462762011691,0.0022904585684840884,2,0.001757089996298438
mixture,0.85,1000,0.15,1,0.15,0.8452679448755559,0.28117083074710286,0.004732055124444079,2,0.00587642403450697
student,0.7,1000,1.2,3,0.15,0.7040493990798972,0.5183298787469075,0.004049399079897209,2,0.0036042900863704737
gaussian,0.85,60,0.5,4,0.15,0.8580995353556193,0.2951117636534157,0.008099535355619358,2,0.018126611922145625
gaussian,0.7,250,0.5,2,0.15,0.6846677082811344,0.5036164554445665,0.01533229171886552,2,0.01484251157771749
uniform,0.85,4000,0.15,0,0.15,0.8487164889383244,0.2765936168649277,0.0012835110616755685,2,0.0015881605944748076
gaussian,0.85,1000,0.15,3,0.15,0.8484812469798235,0.2750924843029626,0.0015187530201764554,2,0.003369449330865139
uniform,0.7,500,0.5,4,0.15,0.7020589140723602,0.5229474135195353,0.0020589140723602517,2,0.007645323501353675
gaussian,0.85,250,0.5,4,0.15,0.8505237430253685,0.27611622958182924,0.000523743025368506,2,0.0008259269473401117
uniform,0.85,500,0.15,2,0.15,0.8436443301756521,0.2891123523206586,0.006355669824347876,2,0.015357294767735927
laplace,0.85,125,1.2,0,0.15,0.8617683100738947,0.2748441465226768,0.011768310073894672,2,0.010317622650839901
student,0.85,2000,1.2,3,0.15,0.8512507635418849,0.2715498269357271,0.001250763541884914,2,0.0014628398808804281
gaussian,0.7,1000,1.2,4,0.15,0.6965027926689188,0.5080086565633981,0.0034972073310811647,2,0.002064141559982044
laplace,0.7,60,1.2,1,0.15,0.6833238288075382,0.544421927152693,0.016676171192461786,2,0.004073028942415246
student,0.85,60,0.15,2,0.15,0.8531071993982174,0.26886656640324613,0.003107199398217464,2,0.011543343355294436
mixture,0.7,500,0.15,4,0.15,0.6961506757393957,0.5042387863065595,0.0038493242606042477,2,0.006334553228466367
student,0.85,1000,1.2,0,0.15,0.8451625923840768,0.2767617383806456,0.004837407615923217,2,0.0046714488662543355
student,0.85,60,1.2,2,0.15,0.8383963118190231,0.30146721094802575,0.011603688180976901,2,0.005152317870149294
uniform,0.85,2000,0.15,2,0.15,0.8498350016206372,0.27709050031629,0.00016499837936279071,2,0.0005448938780574086
student,0.7,60,1.2,2,0.15,0.7035093756431583,0.544506167949051,0.003509375643158341,2,0.008760111088763482
student,0.7,1000,1.2,4,0.15,0.7054891411855028,0.5256452859901022,0.0054891411855028105,2,0.0058165299545793435
student,0.85,125,0.5,0,0.15,0.8415454962381383,0.29189316803055726,0.008454503761861631,2,0.008756488240811518
mixture,0.7,250,1.2,1,0.15,0.7119143730155411,0.49337146060815956,0.011914373015541102,2,0.0033185290578030082
laplace,0.85,2000,0.5,3,0.15,0.8535134678947217,0.2753146087685895,0.0035134678947217335,2,0.0029146894871563264
laplace,0.7,4000,0.5,4,0.15,0.7000673759984423,0.5090066514720879,6.737599844230946e-05,2,0.0004881868385084874
laplace,0.7,60,0.15,2,0.15,0.7253074077448786,0.5269366694949782,0.025307407744878607,2,0.02408520391617601
mixture,0.85,250,0.5,1,0.15,0.8460830892675544,0.2806269308878239,0.0039169107324456,2,0.0032145270532032808
laplace,0.7,125,0.5,2,0.15,0.7092238423244448,0.5032752444166503,0.009223842324444842,2,0.006148130127361959
gaussian,0.7,125,0.5,1,0.15,0.6743404989397048,0.517193827964619,0.02565950106029513,2,0.019155150408609885
mixture,0.7,4000,0.15,0,0.15,0.7014476194273547,0.5056646500723,0.0014476194273547183,2,0.004438377399076902
uniform,0.7,250,0.5,3,0.15,0.7025029356498691,0.49928866562632596,0.0025029356498691424,2,0.004702030845551956
mixture,0.85,2000,1.2,1,0.15,0.8522621642800193,0.28070610865133605,0.002262164280019352,2,0.0031432126841766305
student,0.7,60,1.2,4,0.15,0.6971664542685666,0.4773225522493225,0.002833545731433351,2,0.008171617235890907
gaussian,0.7,60,0.15,3,0.15,0.6337069000239419,0.5580478383633203,0.06629309997605803,2,0.07254477832355853
student,0.7,500,1.2,4,0.15,0.7095738436908551,0.4824026211252225,0.009573843690855122,2,0.0031515890468433415
laplace,0.85,500,0.15,4,0.15,0.8507478916927355,0.2719788628094335,0.0007478916927354806,2,0.00720589606962216
uniform,0.85,250,0.15,2,0.15,0.8449826846348418,0.2785302598299351,0.005017315365158148,2,0.004119985216728049
laplace,0.85,500,1.2,0,0.15,0.8469617625474326,0.27821474349692,0.0030382374525673717,2,0.0025747062928502605
mixture,0.7,500,0.5,0,0.15,0.7078851005447847,0.49886420226189837,0.007885100544784751,2,0.005546909990684752
student,0.7,125,0.15,4,0.15,0.6751821076551131,0.5495901070696201,0.02481789234488685,2,0.04317583253347879
laplace,0.7,60,1.2,3,0.15,0.6589331208177607,0.5084604789027416,0.04106687918223928,2,0.018570129552503426
mixture,0.85,2000,0.5,1,0.15,0.8510025704409068,0.27808930948570104,0.0010025704409067915,2,0.0013134235407670169
uniform,0.7,250,1.2,1,0.15,0.7036543167420868,0.5088041874978219,0.0036543167420868272,2,0.0015281371671690498
laplace,0.7,125,0.15,3,0.15,0.7144257405623408,0.48583777514686305,0.014425740562340805,2,0.027253467394993375
mixture,0.85,500,1.2,0,0.15,0.857683683213173,0.27312628177041254,0.0076836832131730315,2,0.005641834802543734
mixture,0.7,2000,0.15,4,0.15,0.7011263639710614,0.5090910547914967,0.0011263639710614726,2,0.0013094808116503188
gaussian,0.85,500,1.2,3,0.15,0.847250198293446,0.2692376749105967,0.0027498017065539226,2,0.005550984749606507
laplace,0.7,125,0.15,4,0.15,0.692419887784669,0.501055862904391,0.0075801122153309475,2,0.01028513596868198
mixture,0.7,125,0.5,0,0.15,0.6923618517716335,0.5306762811822135,0.007638148228366504,2,0.008558224634329953
student,0.7,1000,0.5,4,0.15,0.7075609492698495,0.5173767048086763,0.007560949269849515,2,0.008849433011687703
laplace,0.7,2000,1.2,0,0.15,0.6944941575863663,0.5199054176709736,0.00550584241363361,2,0.0013725059664410353
uniform,0.7,2000,0.5,2,0.15,0.7000431781921852,0.5058827043850075,4.317819218524477e-05,2,0.002104296889104966
uniform,0.85,250,1.2,1,0.15,0.8540888476147007,0.2808898946189837,0.004088847614700741,2,0.005121750246107073
gaussian,0.7,500,0.5,3,0.15,0.7011287254336169,0.5196315522306312,0.0011287254336169728,2,0.005532008257222957
laplace,0.7,2000,1.2,3,0.15,0.6981300847599087,0.5140074918008541,0.00186991524009128,2,0.0004756310779722884
gaussian,0.7,4000,0.5,1,0.15,0.6984960388513047,0.5108107473813339,0.001503961148695221,2,0.001037320243737905
gaussian,0.7,250,1.2,4,0.15,0.700431292484946,0.5180242791851276,0.0004312924849459998,2,0.0019030814604879232
gaussian,0.85,60,1.2,2,0.15,0.8500560016871062,0.28780160983298764,5.600168710617748e-05,2,0.003995521704869802
gaussian,0.85,500,0.15,1,0.15,0.8479222891678247,0.2834197744198597,0.002077710832175228,2,0.007676338158988375
uniform,0.85,1000,0.5,3,0.15,0.8478664153819251,0.28279363155536835,0.0021335846180748907,2,0.0031480800599407383
uniform,0.85,500,1.2,4,0.15,0.8494912560685852,0.2829270076404256,0.0005087439314147568,2,0.001735199701053393
student,0.85,60,0.15,3,0.15,0.8697675468947109,0.24886059495894336,0.01976754689471094,2,0.04155356771424486
uniform,0.85,250,0.5,4,0.15,0.8541201858688758,0.2715041937493593,0.004120185868875859,2,0.00383048102222557
laplace,0.85,500,0.15,1,0.15,0.8542853010984903,0.283545522622656,0.004285301098490346,2,0.008417188124300909
student,0.7,4000,0.5,0,0.15,0.7004570072662993,0.509217110339056,0.0004570072662993807,2,0.0003520261767874268
student,0.85,250,0.15,4,0.15,0.8389283388860417,0.2986970281163825,0.011071661113958298,2,0.0274972890556471
uniform,0.7,250,0.5,2,0.15,0.6931830179819356,0.5315119967137061,0.006816982018064355,2,0.0088747530781356
student,0.85,250,0.15,1,0.15,0.8461654249846345,0.28312208424091306,0.003834575015365438,2,0.007697885707003256
uniform,0.7,500,0.5,1,0.15,0.6874621775301503,0.5097803166534948,0.012537822469849691,2,0.01031321290166066
laplace,0.7,125,0.5,3,0.15,0.6948643146873729,0.5055958329735922,0.005135685312627092,2,0.005959024461247628
uniform,0.7,2000,1.2,2,0.15,0.6959410045141617,0.5101725827343838,0.004058995485838213,2,0.0018456791521289497
uniform,0.85,4000,0.5,0,0.15,0.8505972149790874,0.2757102760451897,0.0005972149790873793,2,0.0010818065869332182
student,0.7,60,0.15,1,0.15,0.7034938031534587,0.4523096513310982,0.0034938031534587077,2,0.059738423221905555
laplace,0.7,125,0.15,2,0.15,0.6863359774323248,0.5161398235207321,0.013664022567675183,2,0.012950465613903702
uniform,0.7,500,0.15,0,0.15,0.701781621451792,0.5111444600721906,0.0017816214517920592,2,0.0017727041260456498
gaussian,0.85,250,0.5,0,0.15,0.8486639374755321,0.271072594401523,0.0013360625244678292,2,0.005680415041048166
laplace,0.85,125,0.5,0,0.15,0.8540649027293129,0.24839233736170896,0.004064902729312925,2,0.020232656686031057
student,0.85,125,0.5,3,0.15,0.8505020276777315,0.26927930699338526,0.0005020276777315535,2,0.005886735853926865
student,0.7,125,1.2,3,0.15,0.6997086257179208,0.49991076183713645,0.00029137428207914873,2,0.002320693558749882
gaussian,0.85,125,0.5,4,0.15,0.8624366655253589,0.2504189800186459,0.012436665525358936,2,0.016746705688535177
mixture,0.7,2000,0.5,2,0.15,0.699435623097928,0.5111087770752432,0.0005643769020720057,2,0.0004783891834002301
mixture,0.7,2000,0.15,1,0.15,0.7023005682546984,0.5043256164097383,0.0023005682546984874,2,0.005942030283498876
uniform,0.85,250,1.2,0,0.15,0.8542802950036766,0.28456848526555173,0.00428029500367666,2,0.006408320883835502
mixture,0.85,250,1.2,0,0.15,0.8530728990458313,0.273337169058091,0.003072899045831301,2,0.0016481687756878536
laplace,0.7,2000,1.2,1,0.15,0.7049734466113201,0.5049260469566146,0.004973446611320154,2,0.0015785945457482088
laplace,0.7,125,0.5,0,0.15,0.6867117288256728,0.5446943145042479,0.013288271174327182,2,0.014175519744656249
uniform,0.85,1000,0.5,4,0.15,0.8538902684892324,0.2724805753294619,0.0038902684892324624,2,0.003452364809475239
gaussian,0.7,60,0.5,2,0.15,0.7298567422029778,0.5099868495956921,0.02985674220297785,2,0.023313129762082697
mixture,0.7,125,1.2,4,0.15,0.7115689352665089,0.4944124499674287,0.011568935266508928,2,0.003251162909343493
uniform,0.7,4000,0.5,3,0.15,0.6999803132712155,0.5080136923669759,1.9686728784495955e-05,2,0.0010535337622663244
laplace,0.7,2000,1.2,4,0.15,0.6958883675743733,0.5057837483235024,0.004111632425626621,2,0.0028143950332378664
mixture,0.85,60,0.5,1,0.15,0.8266367651657599,0.2713162523917593,0.023363234834240076,2,0.028364377612935927
uniform,0.7,1000,0.15,2,0.15,0.7071148858629115,0.499764270013016,0.007114885862911535,2,0.011833155952009893
laplace,0.7,1000,1.2,1,0.15,0.6909030022884434,0.5167181756914175,0.009096997711556587,2,0.003155553972713366
student,0.7,2000,0.5,2,0.15,0.6964130510042695,0.5017436639801371,0.0035869489957304213,2,0.0063996643674872145
student,0.85,250,0.15,0,0.15,0.8533840713877499,0.27784909138708913,0.0033840713877498763,2,0.0026782748790222907
mixture,0.85,250,1.2,3,0.15,0.8598482728083203,0.26350570022809205,0.009848272808320346,2,0.005132786624255142
gaussian,0.85,4000,0.5,4,0.15,0.8540597363856162,0.2774681277545952,0.004059736385616186,2,0.004238803850005085
student,0.85,1000,0.15,0,0.15,0.847714721831284,0.2732970027023882,0.002285278168715932,2,0.005797169724553479
mixture,0.85,4000,1.2,0,0.15,0.8497871990348864,0.2793824343972796,0.00021280096511355762,2,0.0005768455438780904
gaussian,0.85,4000,0.15,2,0.15,0.8490634642251451,0.27602896115270836,0.0009365357748548631,2,0.0020527658225618435
gaussian,0.7,2000,1.2,3,0.15,0.6998372189960611,0.5103494319615254,0.00016278100393884998,2,4.168480400316466e-05
uniform,0.7,125,0.15,4,0.15,0.6762825164724977,0.4991754231259687,0.023717483527502248,2,0.021543177603399577
laplace,0.85,4000,1.2,4,0.15,0.8472913824213663,0.28028223690406623,0.0027086175786337208,2,0.0016471708441909937
mixture,0.85,60,0.15,2,0.15,0.8518317160372215,0.2884105119540696,0.0018317160372215424,2,0.013758315938540891
gaussian,0.85,500,1.2,4,0.15,0.8575940351321899,0.2692387636930769,0.007594035132189925,2,0.004506004167723827
laplace,0.7,2000,0.5,0,0.15,0.7011069776475637,0.5067833238288563,0.0011069776475637338,2,0.0013472141258795366
gaussian,0.85,1000,0.5,3,0.15,0.8506936278326218,0.2808075246337989,0.0006936278326218348,2,0.002987859053079018
gaussian,0.85,250,1.2,0,0.15,0.8575804423233365,0.27166224431702096,0.007580442323336545,2,0.0052660530174840564
mixture,0.7,1000,0.5,0,0.15,0.701922679665964,0.5054477833601885,0.0019226796659640444,2,0.0019210786030725581
laplace,0.85,2000,0.15,0,0.15,0.8489283546200835,0.28220683704024374,0.0010716453799164416,2,0.0060174619266017805
student,0.7,4000,0.5,3,0.15,0.7001068837775477,0.5109657694445678,0.00010688377754775047,2,0.0005569542580142662
student,0.85,4000,0.5,1,0.15,0.8478802823403349,0.27922354484605416,0.0021197176596651213,2,0.0017825732002848052
student,0.7,250,0.5,4,0.15,0.7111845797909182,0.5242337726411925,0.011184579790918248,2,0.014236136753865107
uniform,0.7,1000,0.5,3,0.15,0.703274500033826,0.5112735392459479,0.003274500033826011,2,0.0030632550837016203
gaussian,0.7,125,0.5,0,0.15,0.6853058080081157,0.5355807035377453,0.014694191991884265,2,0.011263780304662995
gaussian,0.7,4000,0.5,3,0.15,0.6992438402956686,0.5095586637983132,0.000756159704331405,2,0.000749736127190354
laplace,0.7,500,0.5,3,0.15,0.7075222588089176,0.5058584843207201,0.007522258808917659,2,0.0051250307401222986
student,0.7,500,0.15,0,0.15,0.6894528530158995,0.5228571847412354,0.01054714698410042,2,0.01540886308709512
student,0.7,125,0.5,3,0.15,0.6907142974201941,0.5314357822314791,0.009285702579805877,2,0.008900797466662561
uniform,0.7,2000,0.5,3,0.15,0.7005505871630205,0.5061596297548439,0.0005505871630205883,2,0.0017747082564084228
uniform,0.85,500,0.15,0,0.15,0.8424351641257626,0.28463365770669025,0.007564835874237397,2,0.010751152715195713
uniform,0.7,500,1.2,2,0.15,0.6903883199570091,0.5112299237743052,0.009611680042990844,2,0.004292000129221706
gaussian,0.7,4000,1.2,1,0.15,0.6961599295854067,0.5093150975865472,0.003840070414593222,2,0.00190632162231386
uniform,0.7,500,0.5,3,0.15,0.6905561619871209,0.5258264075819882,0.009443838012879069,2,0.007190636463346551
student,0.7,500,0.5,2,0.15,0.7083980374440131,0.4935020637667912,0.008398037444013129,2,0.007157730829696602
gaussian,0.85,2000,1.2,2,0.15,0.8505408183179552,0.2720567738115743,0.0005408183179552717,2,0.0017272197500768128
uniform,0.85,2000,0.15,3,0.15,0.8498294367334496,0.27540932157929265,0.00017056326655040532,2,0.0027205899218392103
gaussian,0.85,125,0.5,0,0.15,0.8455047216943663,0.2882188591668549,0.0044952783056336765,2,0.006313350948244773
gaussian,0.85,250,0.15,1,0.15,0.8472069131562645,0.2786598769199834,0.0027930868437354706,2,0.0026170327872095302
laplace,0.85,4000,0.5,0,0.15,0.8472570747760186,0.2802967314124711,0.0027429252239813406,2,0.0022432551534721182
student,0.85,60,0.5,0,0.15,0.8588931924553423,0.3073705582642306,0.008893192455342369,2,0.026835563091518046
uniform,0.85,250,0.15,3,0.15,0.8365105660228812,0.2890905459219244,0.01348943397711877,2,0.017846995889362713
gaussian,0.85,4000,0.5,0,0.15,0.8486894918009077,0.2802212119406615,0.0013105081990922862,2,0.001627703061386065
uniform,0.7,60,1.2,1,0.15,0.7010889205704847,0.5070223274439101,0.0010889205704847083,2,0.0003314693367320508
gaussian,0.7,250,1.2,1,0.15,0.7005858379603118,0.5041920567276786,0.0005858379603118635,2,0.0010124121956838162
laplace,0.7,500,1.2,4,0.15,0.7007390181057868,0.49187977470490546,0.0007390181057868039,2,0.0036391196368841796
laplace,0.7,4000,0.5,1,0.15,0.6977757385621586,0.5112385874749301,0.0022242614378413794,2,0.0015130901479599981
student,0.7,2000,0.15,4,0.15,0.7018105629703412,0.4976708018477701,0.0018105629703412118,2,0.012216076701961955
gaussian,0.7,1000,1.2,0,0.15,0.7027001606165719,0.5096933331626955,0.002700160616571967,2,0.0012625549840436588
laplace,0.7,1000,1.2,4,0.15,0.6976537952971452,0.5214652509399236,0.0023462047028547373,2,0.0015955384916221443
uniform,0.7,60,0.5,3,0.15,0.7142287707256624,0.4949692941157132,0.01422877072566242,2,0.009265898434626713
gaussian,0.7,2000,0.5,0,0.15,0.6991336977898037,0.5132682928115164,0.0008663022101962348,2,0.0014087488692228396
student,0.7,2000,0.5,4,0.15,0.6979723496437916,0.5155742553027769,0.0020276503562083326,2,0.002311511658463587
mixture,0.7,4000,1.2,2,0.15,0.6989435057487593,0.512367088635421,0.0010564942512406583,2,0.00027184482903684144
mixture,0.85,60,1.2,3,0.15,0.852315996966518,0.2827449619526973,0.0023159969665180746,2,0.003923019509711048
gaussian,0.7,4000,0.15,2,0.15,0.6994726756734785,0.508614427510493,0.0005273243265214722,2,0.001378362163961163
uniform,0.85,2000,0.5,1,0.15,0.8486227380841466,0.27715245093181323,0.0013772619158534116,2,0.0015868468789398391
student,0.7,125,1.2,4,0.15,0.6972167940912292,0.5453310548525516,0.0027832059087707917,2,0.006272863005675072
uniform,0.85,4000,0.15,1,0.15,0.8487544448180342,0.276508281116613,0.001245555181965785,2,0.0016078428911813869
laplace,0.85,4000,1.2,2,0.15,0.8483732460141036,0.2786540545126085,0.0016267539858964009,2,0.0011254550040053675
mixture,0.7,60,0.5,1,0.15,0.6944284986920619,0.5205439615341645,0.005571501307938043,2,0.004561854827511627
laplace,0.85,1000,1.2,2,0.15,0.8498064701541782,0.2712993740443443,0.00019352984582177157,2,0.002634444805000278
student,0.7,2000,0.15,0,0.15,0.7056243838854349,0.49723865164871284,0.005624383885434958,2,0.013581999869475789
uniform,0.7,2000,0.5,4,0.15,0.7024222471658695,0.5089926921209313,0.0024222471658695843,2,0.0017119886123211855
laplace,0.85,60,0.15,1,0.15,0.8644802628608608,0.2934273772644158,0.014480262860860793,2,0.022308226891244863
mixture,0.85,500,0.5,2,0.15,0.8502621370923104,0.2737809672509739,0.0002621370923103772,2,0.0026065480338413743
mixture,0.85,250,0.15,3,0.15,0.8523882921214129,0.27294771179967836,0.002388292121412894,2,0.006160225512728835
laplace,0.85,500,1.2,2,0.15,0.8532410508509515,0.27491639874474344,0.003241050850951499,2,0.002160018722993512
uniform,0.85,4000,1.2,4,0.15,0.8506477136897497,0.2760594755159199,0.000647713689749696,2,0.0002979254234771547
gaussian,0.85,250,0.5,1,0.15,0.8570224969624869,0.2744013386421561,0.007022496962486913,2,0.005923311272020699
uniform,0.7,60,0.15,0,0.15,0.7054338504800314,0.49024111268542797,0.005433850480031421,2,0.020258209691541386
uniform,0.85,250,0.5,2,0.15,0.8505998620477437,0.267341118758903,0.00059986204774376,2,0.007306148672370117
mixture,0.7,60,0.5,0,0.15,0.6712808844539377,0.5263992150329501,0.028719115546062213,2,0.018943211191591973
uniform,0.85,60,1.2,4,0.15,0.8451964214728245,0.2829352616926029,0.0048035785271755005,2,0.002790565425560812
laplace,0.7,60,0.15,0,0.15,0.67806736547316,0.5137138485654945,0.02193263452683991,2,0.018496495943281423
uniform,0.7,4000,1.2,3,0.15,0.6972040092858469,0.5152233147683376,0.0027959907141530405,2,0.0006957640958397771
mixture,0.85,1000,0.15,3,0.15,0.8485026413661648,0.2741882162534476,0.0014973586338351552,2,0.0044754028235080455
student,0.7,4000,0.15,4,0.15,0.7022409902775255,0.5083961739250394,0.0022409902775255564,2,0.002467261193285355
gaussian,0.7,1000,0.5,1,0.15,0.7063744673184519,0.502421851751264,0.006374467318451926,2,0.004230295825182165
uniform,0.85,125,0.15,2,0.15,0.8393433836347504,0.285174585159443,0.010656616365249616,2,0.012794585672929747
student,0.7,4000,0.15,3,0.15,0.7004943123021451,0.5137686874010662,0.000494312302145139,2,0.003617296088551057
student,0.85,4000,0.5,0,0.15,0.8496276574618362,0.2753906922923074,0.0003723425381637613,2,0.0018116777028972775
laplace,0.85,2000,0.5,4,0.15,0.8489931466132512,0.2768998338915371,0.001006853386748774,2,0.0013567964099358179
gaussian,0.7,500,1.2,2,0.15,0.7001735466287998,0.5152593214692924,0.00017354662879986993,2,0.0012168637803478708
student,0.7,2000,0.5,3,0.15,0.704115184867941,0.513418092823574,0.004115184867941046,2,0.004554028607264372
student,0.85,60,1.2,3,0.15,0.8487995245793255,0.34132334090103655,0.0012004754206744739,2,0.022567847438985923
uniform,0.85,2000,0.5,3,0.15,0.8534966384579028,0.27444591750972774,0.003496638457902823,2,0.0028798423270362822
student,0.7,500,1.2,3,0.15,0.6920174071637081,0.502579854046072,0.00798259283629188,2,0.0051368679072478
mixture,0.7,2000,0.5,1,0.15,0.7014795497508911,0.5089952112408692,0.0014795497508911515,2,0.0010107465940468168
mixture,0.85,60,0.5,2,0.15,0.8397238648375333,0.2712365823411081,0.010276135162466726,2,0.013904453007448695
mixture,0.7,250,0.15,3,0.15,0.7112376797973217,0.5187066165626825,0.011237679797321709,2,0.011637080050103069
mixture,0.7,4000,1.2,1,0.15,0.7019313558741617,0.5109971453464136,0.001931355874161711,2,0.001104748152200105
mixture,0.7,2000,0.5,0,0.15,0.6971491294329063,0.5136829232931583,0.002850870567093655,2,0.0019302751783472826
uniform,0.85,60,0.15,0,0.15,0.8349972871601704,0.28652160234369733,0.015002712839829568,2,0.016287546799629782
student,0.7,125,0.15,1,0.15,0.6935228256643522,0.4984050446487758,0.006477174335647762,2,0.012179940410447457
laplace,0.7,4000,1.2,2,0.15,0.702121924068778,0.5078945966730959,0.0021219240687780916,2,0.0006850845517828501
laplace,0.85,60,0.5,0,0.15,0.8538756156648923,0.24957655039987947,0.0038756156648923623,2,0.01959490048075518
mixture,0.85,250,0.5,0,0.15,0.8466742756060528,0.2770442543019784,0.0033257243939471826,2,0.0036323509401463778
laplace,0.7,125,1.2,0,0.15,0.685107193707165,0.5209982480494078,0.01489280629283496,2,0.00509594808887831
gaussian,0.85,1000,0.5,0,0.15,0.8493454124879927,0.2730195905782415,0.0006545875120073097,2,0.0038495708837615445
mixture,0.7,1000,0.15,4,0.15,0.6995355826321872,0.5142136024265976,0.000464417367812775,2,0.004065138761788276
laplace,0.85,60,1.2,4,0.15,0.8566448627325101,0.2766566767052224,0.006644862732510082,2,0.005686889009288427
uniform,0.7,500,1.2,0,0.15,0.6963326163285617,0.5055700436917241,0.0036673836714382624,2,0.0026350893718064964
uniform,0.7,250,0.15,1,0.15,0.6867493184985264,0.5027815514371005,0.013250681501473571,2,0.012830346317969364
uniform,0.7,1000,0.5,1,0.15,0.7072074684639975,0.5111808716294494,0.007207468463997557,2,0.0062441078028830695
student,0.85,4000,1.2,3,0.15,0.8508710508010656,0.27396675142093646,0.0008710508010656426,2,0.0008217435148397505
uniform,0.7,2000,0.15,2,0.15,0.698481115914206,0.5098553052593187,0.0015188840857939256,2,0.0012297197937928188
laplace,0.85,125,1.2,1,0.15,0.8404821894502584,0.2960869588908004,0.009517810549741546,2,0.004255765084824818
mixture,0.7,125,0.5,1,0.15,0.7032445258450564,0.5023875017350266,0.003244525845056412,2,0.0032119191412144322
student,0.85,125,0.15,0,0.15,0.8503487905414528,0.26466703035680456,0.00034879054145287025,2,0.016979203151626234
student,0.7,60,1.2,0,0.15,0.7082258881577729,0.5441649880844748,0.00822588815777292,2,0.01089118120980883
mixture,0.7,60,0.15,1,0.15,0.6662824640924543,0.5287214494584541,0.03371753590754567,2,0.03374042529491767
laplace,0.7,1000,0.5,0,0.15,0.6946419385950409,0.5139024847105369,0.005358061404959091,2,0.0034893076162049847
student,0.85,4000,0.15,3,0.15,0.8501643708664846,0.2787544388129521,0.00016437086648457555,2,0.0016128205742338864
student,0.7,2000,1.2,2,0.15,0.7013261930352861,0.5061372953796813,0.0013261930352861384,2,0.0004379114384611723
student,0.85,500,1.2,4,0.15,0.8526725958982336,0.2841588946316122,0.002672595898233654,2,0.004827191758919592
laplace,0.7,2000,0.15,1,0.15,0.7024466634648883,0.5079466888781764,0.00244666346488831,2,0.0028997039409918643
uniform,0.7,4000,1.2,1,0.15,0.6973719164315672,0.5100379952991776,0.002628083568432804,2,0.00125966215387969
laplace,0.7,250,0.5,2,0.15,0.6982142589268456,0.5245948857659072,0.0017857410731543233,2,0.0067543107016805
uniform,0.7,2000,0.15,3,0.15,0.7016079210525648,0.510167899780972,0.001607921052564798,2,0.0012791288859469228
student,0.7,4000,1.2,3,0.15,0.6986390438701207,0.5166693389279633,0.0013609561298792983,2,0.0009259318936073526
student,0.7,125,0.5,0,0.15,0.671729991329085,0.5186362946047063,0.028270008670915003,2,0.01981720518775993
uniform,0.85,60,0.15,1,0.15,0.852505536084116,0.2718758921664222,0.002505536084115967,2,0.007543550120005283
student,0.85,2000,0.5,2,0.15,0.8517037218955434,0.2789525481041971,0.001703721895543464,2,0.0025374048143798566
gaussian,0.7,250,0.15,1,0.15,0.6933382597220514,0.5358182336334375,0.006661740277948525,2,0.025211185186754696
gaussian,0.7,1000,0.15,2,0.15,0.7038911421715407,0.501759959181243,0.00389114217154074,2,0.00878675876399322
laplace,0.85,4000,0.15,3,0.15,0.8493965889330057,0.28031536004383806,0.0006034110669942416,2,0.0036293747049651434
gaussian,0.7,500,1.2,4,0.15,0.7085848348956796,0.50566570245679,0.008584834895679627,2,0.0035014607648765463
mixture,0.85,500,0.15,3,0.15,0.8396001419753726,0.279359883718452,0.010399858024627395,2,0.00876841349023543
laplace,0.85,2000,0.15,2,0.15,0.8487205408915879,0.27516697774688853,0.0012794591084120954,2,0.0032097613519378727
student,0.85,2000,0.15,0,0.15,0.8462212404898248,0.27476108836748414,0.0037787595101751448,2,0.004744303146477826
laplace,0.85,4000,1.2,3,0.15,0.850445670847698,0.27470403702508056,0.0004456708476979765,2,0.0007782055309244456
uniform,0.85,60,1.2,0,0.15,0.8605637979670046,0.27668166494763324,0.010563797967004573,2,0.009381925797912544
mixture,0.85,250,0.5,4,0.15,0.8420221221542303,0.29985728354928626,0.007977877845769643,2,0.012992847208389578
student,0.7,250,0.5,3,0.15,0.7028767143457274,0.531869005792749,0.002876714345727449,2,0.0125803723033112
student,0.85,1000,0.5,2,0.15,0.8435843417291162,0.28550419918981956,0.006415658270883751,2,0.005637621545270107
uniform,0.85,250,1.2,2,0.15,0.8535931470191037,0.28255765209619804,0.0035931470191037373,2,0.005169691006410264
gaussian,0.7,4000,0.5,4,0.15,0.6980219567695664,0.5109425403603532,0.0019780432304336015,2,0.0013350380952762459
mixture,0.85,2000,0.5,0,0.15,0.846392535435859,0.2828603511454571,0.003607464564140961,2,0.0034305903418631266
gaussian,0.85,2000,0.15,2,0.15,0.8493233752129073,0.27993981389536937,0.0006766247870926279,2,0.0031633235839837247
laplace,0.85,60,0.15,0,0.15,0.8439517183961758,0.2776775892509986,0.0060482816038242015,2,0.004898165643896904
gaussian,0.85,2000,0.5,3,0.15,0.8537002058968681,0.2740546232069586,0.0037002058968681473,2,0.003072462108167483
laplace,0.7,4000,0.15,0,0.15,0.7044489475244695,0.5075740076432474,0.00444894752446956,2,0.004458056357938344
laplace,0.85,2000,0.15,3,0.15,0.8527551781872604,0.27119743197946194,0.002755178187260454,2,0.008382180415788554
mixture,0.7,60,0.5,3,0.15,0.7091654851747216,0.48548476268617213,0.0091654851747216,2,0.010411653515573167
gaussian,0.85,1000,1.2,0,0.15,0.8460171070282544,0.283946072959259,0.0039828929717455885,2,0.0018927244207154327
uniform,0.7,2000,0.15,1,0.15,0.7013947366872073,0.5159794347027009,0.0013947366872073541,2,0.005768124916689529
gaussian,0.7,250,1.2,0,0.15,0.7118526711046222,0.5065421235719727,0.011852671104622292,2,0.005212108087079771
laplace,0.7,1000,1.2,0,0.15,0.7008169275681497,0.5092791061653623,0.0008169275681497723,2,0.0002656115138887712
uniform,0.7,60,0.5,0,0.15,0.6894143045209233,0.48651771603154365,0.010585695479076618,2,0.0191632665960011
student,0.85,2000,1.2,4,0.15,0.8503925331191498,0.28189117422144594,0.00039253311914977385,2,0.002081558609592741
uniform,0.85,2000,1.2,2,0.15,0.851099732828017,0.27365701658660946,0.0010997328280170082,2,0.0008149564667372486
uniform,0.7,60,0.5,4,0.15,0.6963941610102461,0.4786022896801755,0.0036058389897538623,2,0.01887546675918559
student,0.7,60,0.15,4,0.15,0.702407792589253,0.5217324139997029,0.002407792589253055,2,0.011145665274391136
student,0.85,125,1.2,4,0.15,0.8472528284597222,0.2736987776118401,0.002747171540277815,2,0.003838812241140224
uniform,0.7,4000,1.2,0,0.15,0.6991374561289295,0.5088518964902105,0.0008625438710704314,2,0.0006263710256874071
student,0.7,250,0.5,0,0.15,0.6994618898776523,0.5231259262354045,0.0005381101223476126,2,0.0064672161863273975
laplace,0.85,250,0.15,1,0.15,0.8476680048284702,0.2809063225022746,0.0023319951715298215,2,0.0046569433089494496
mixture,0.85,125,1.2,2,0.15,0.852783364781756,0.2816082997120964,0.0027833647817560037,2,0.004010963736645921
student,0.7,1000,0.5,2,0.15,0.6947521044251797,0.5188745535357503,0.005247895574820305,2,0.003997836489510914
gaussian,0.85,2000,1.2,1,0.15,0.8478099804881887,0.27179614733801905,0.002190019511811303,2,0.004046367003098281
student,0.85,250,0.5,0,0.15,0.8490900451227895,0.2781316921536724,0.0009099548772104615,2,0.0007166873101651105
gaussian,0.85,1000,1.2,3,0.15,0.8484754831695769,0.27711118122521394,0.001524516830423095,2,0.0015074952354443348
gaussian,0.7,4000,1.2,0,0.15,0.699698290080976,0.5143495330319301,0.0003017099190240069,2,0.000814571721932784
uniform,0.85,125,0.15,0,0.15,0.8715627441938912,0.25331428370687875,0.02156274419389126,2,0.03651337100456339
uniform,0.85,2000,0.15,4,0.15,0.8494144032141732,0.27749318975390913,0.0005855967858268141,2,0.0004659479828753262
student,0.7,500,0.15,2,0.15,0.6917078382481506,0.5043897037089273,0.008292161751849325,2,0.008432982308212784
laplace,0.7,60,0.15,3,0.15,0.6244564096766714,0.5318651851009928,0.07554359032332858,2,0.06875373973628233
uniform,0.85,4000,0.15,3,0.15,0.8504597289561532,0.2751102636661039,0.00045972895615320475,2,0.0031098951916801623
student,0.7,250,1.2,0,0.15,0.7094717319356706,0.5088292602994895,0.009471731935670635,2,0.004354473930265825
student,0.7,60,0.5,2,0.15,0.7114620762246147,0.5395844807749437,0.011462076224614703,2,0.021389231759335898
mixture,0.7,500,0.15,3,0.15,0.6914724565912562,0.5155446467073028,0.008527543408743732,2,0.009085950384912429
laplace,0.85,125,1.2,3,0.15,0.8415010881708219,0.2786672611197533,0.008498911829178057,2,0.007157704108745295
uniform,0.7,1000,0.5,4,0.15,0.6934283211885712,0.515439327805473,0.006571678811428727,2,0.004363249474651242
laplace,0.85,500,1.2,4,0.15,0.85179231336898,0.2730979120959886,0.001792313368980003,2,0.0008801868441796677
student,0.7,1000,0.15,3,0.15,0.7012319732587908,0.4892701268627176,0.001231973258790875,2,0.020519855201288528
gaussian,0.7,1000,0.15,3,0.15,0.697606487572742,0.510606270107534,0.0023935124272579378,2,0.002051991548698378
mixture,0.7,2000,1.2,1,0.15,0.7047053442665463,0.5064160496690943,0.004705344266546341,2,0.001705821266437403
laplace,0.85,60,1.2,2,0.15,0.8483773535051926,0.2833267569764065,0.0016226464948073671,2,0.0012397092512595903
mixture,0.7,4000,1.2,4,0.15,0.6977098034857836,0.5130165594199991,0.0022901965142163583,2,0.0006500385552471942
mixture,0.85,60,1.2,0,0.15,0.8547158930507998,0.2543024924991705,0.00471589305079978,2,0.006214111910366551
gaussian,0.85,60,1.2,0,0.15,0.8456345989368861,0.30230800383383843,0.004365401063113894,2,0.0063657465806014986
laplace,0.85,2000,0.5,0,0.15,0.8485051044373259,0.28111295735246006,0.0014948955626741256,2,0.00212872542184375
laplace,0.7,1000,0.15,0,0.15,0.7012976201932863,0.506416481250234,0.0012976201932863862,2,0.003697423490530867
mixture,0.85,60,0.5,3,0.15,0.8669154020665581,0.2714027499297759,0.01691540206655817,2,0.014728440842769424
uniform,0.85,2000,1.2,1,0.15,0.8524239160214886,0.27697891173967537,0.0024239160214886146,2,0.002021965740030517
mixture,0.7,1000,0.5,1,0.15,0.704502003162533,0.5051858635081099,0.004502003162533019,2,0.0029651097420348303
student,0.85,2000,1.2,2,0.15,0.8487132795003147,0.27522542052089893,0.0012867204996852566,2,0.0020207122195251125
student,0.85,125,1.2,1,0.15,0.8574916223509411,0.2846001672425643,0.007491622350941141,2,0.009447443928730806
laplace,0.85,2000,0.5,1,0.15,0.8530526512043177,0.2757901158737865,0.0030526512043177467,2,0.0025632403920470997
student,0.85,500,0.15,3,0.15,0.8524852898808931,0.2669092087067633,0.002485289880893138,2,0.014002573419729462
uniform,0.85,60,0.5,4,0.15,0.8625174175659582,0.26800881422041856,0.012517417565958255,2,0.010135085456832945
student,0.7,125,0.5,2,0.15,0.682962502443667,0.5502149295809848,0.017037497556332992,2,0.016534205823628002
uniform,0.7,250,0.15,3,0.15,0.6959752475899618,0.5004363431255737,0.00402475241003819,2,0.00973648797440983
mixture,0.7,125,0.15,1,0.15,0.7218190565740568,0.5149246825725629,0.021819056574056805,2,0.01779970425086519
laplace,0.85,1000,0.15,0,0.15,0.8518760946038069,0.2793248606372393,0.0018760946038068882,2,0.0027648729546436808
mixture,0.85,500,0.5,1,0.15,0.8443234284045511,0.28564294976244,0.005676571595448876,2,0.005188986405051533
laplace,0.85,125,0.5,2,0.15,0.8482792823594104,0.26502433565577127,0.0017207176405895641,2,0.010932154027981955
laplace,0.85,500,0.5,2,0.15,0.8507105036293694,0.27436189323024535,0.0007105036293694189,2,0.0019739323630647665
laplace,0.7,2000,0.5,4,0.15,0.7017718891092208,0.5142381921616993,0.001771889109220881,2,0.003190618424789637
gaussian,0.85,250,0.5,2,0.15,0.8535344382262747,0.28210986860286813,0.00353443822627475,2,0.006112947173208744
gaussian,0.85,250,1.2,1,0.15,0.8568328432441515,0.27456515889573563,0.006832843244151565,2,0.005512794668287134
laplace,0.85,125,1.2,4,0.15,0.8479860164744984,0.28900983620303744,0.002013983525501528,2,0.0029951615783814704
mixture,0.7,60,0.15,3,0.15,0.7167579467180237,0.4886527210160578,0.016757946718023775,2,0.025835856606617708
gaussian,0.85,250,1.2,3,0.15,0.859366363118436,0.2767106049723617,0.009366363118435972,2,0.00837422844020177
laplace,0.85,125,0.15,0,0.15,0.8511546492310499,0.26898861959885173,0.001154649231049909,2,0.011249850750335228
uniform,0.7,125,0.15,3,0.15,0.6957546467085255,0.517539973376251,0.004245353291474463,2,0.008198055499197892
student,0.7,250,0.5,1,0.15,0.7029020635786121,0.5125962574213038,0.002902063578612113,2,0.0032844413303208596
student,0.7,1000,0.15,4,0.15,0.6918234139818232,0.5198196062336341,0.008176586018176724,2,0.011840571350290471
gaussian,0.7,125,0.15,3,0.15,0.6801106742913989,0.5112797661914201,0.019889325708601024,2,0.01686997288619565
mixture,0.85,2000,0.5,2,0.15,0.8508706532817562,0.2769581628939658,0.000870653281756173,2,0.0007268909551320736
laplace,0.85,125,0.5,1,0.15,0.8359427049583296,0.2889719497451184,0.014057295041670415,2,0.01113124703291957
laplace,0.85,2000,1.2,2,0.15,0.8506021520032343,0.2810768192734274,0.0006021520032343242,2,0.0018616593744094376
gaussian,0.7,500,0.5,4,0.15,0.7035058024687215,0.5125100810755161,0.003505802468721564,2,0.0037476105010638273
mixture,0.85,60,0.15,3,0.15,0.8314116141268503,0.304988940241285,0.018588385873149704,2,0.036358133089214116
uniform,0.7,2000,1.2,4,0.15,0.7033754256047718,0.5034680457351647,0.0033754256047718867,2,0.0008457135796096048
laplace,0.85,1000,0.5,4,0.15,0.8508825661322035,0.27960138897259523,0.0008825661322034994,2,0.0021875668845933696
student,0.7,250,0.15,3,0.15,0.7061139713824819,0.5075371415431367,0.006113971382481931,2,0.005625920009804499
uniform,0.85,500,0.5,0,0.15,0.8465430155888406,0.27999609453891994,0.0034569844111593806,2,0.0029465103373269293
mixture,0.7,2000,0.15,3,0.15,0.6988151914186851,0.5088441071858045,0.0011848085813148668,2,0.0014308959517214759
gaussian,0.7,1000,1.2,2,0.15,0.7087708664849964,0.5067242476234302,0.008770866484996476,2,0.003782828005036152
laplace,0.7,60,1.2,2,0.15,0.7208542370560499,0.548568273354356,0.02085423705604994,2,0.017830430732876847
mixture,0.7,2000,1.2,3,0.15,0.7006044838834076,0.5127324884926552,0.0006044838834076138,2,0.0008456363590465286
mixture,0.85,2000,0.15,2,0.15,0.8506757135916863,0.2807918737207383,0.0006757135916862778,2,0.0042138348156826036
mixture,0.85,60,0.15,1,0.15,0.8595617183062975,0.2472056099198652,0.009561718306297484,2,0.04180730338722187
mixture,0.85,250,0.15,1,0.15,0.8528229424536085,0.27279195136110634,0.002822942453608479,2,0.0064408869215243315
laplace,0.85,500,1.2,1,0.15,0.8541632071522296,0.2683157035042307,0.00416320715222962,2,0.0019562088771258837
laplace,0.85,1000,0.15,4,0.15,0.8464934526308381,0.2847808029906042,0.0035065473691618942,2,0.009587857346875197
uniform,0.7,250,0.5,4,0.15,0.6942082627333698,0.5033123439993787,0.005791737266630181,2,0.007288149424344562
laplace,0.85,60,1.2,3,0.15,0.8346256026291469,0.26732275738820893,0.01537439737085311,2,0.017280194613351813
student,0.7,2000,1.2,0,0.15,0.700947924301499,0.5186441368771718,0.0009479243014990368,2,0.0022407253756228803
mixture,0.85,125,0.15,4,0.15,0.8483822563112817,0.2999368932870134,0.001617743688718254,2,0.027750037229637974
mixture,0.85,4000,0.5,1,0.15,0.8537032297810917,0.27522247583348497,0.0037032297810917214,2,0.003217800815155051
mixture,0.7,4000,0.15,4,0.15,0.6980048112413519,0.5119512419665523,0.0019951887586480144,2,0.0025644118242053545
gaussian,0.85,4000,0.15,1,0.15,0.850777298752067,0.2761863480755121,0.0007772987520670016,2,0.00179268981795676
gaussian,0.85,2000,1.2,0,0.15,0.8505804167623455,0.27659380093272895,0.0005804167623455481,2,0.0002825951509417899
mixture,0.85,500,0.15,0,0.15,0.8440904869460963,0.290243216617092,0.005909513053903637,2,0.01668497619910515
mixture,0.85,125,0.15,1,0.15,0.8385380290545135,0.29076218304098356,0.01146197094548651,2,0.018735272017806316
mixture,0.85,2000,1.2,4,0.15,0.848417578274633,0.2772360173588092,0.0015824217253669337,2,0.001484214472482987
mixture,0.7,60,0.15,0,0.15,0.7008125008360335,0.49737632096845014,0.0008125008360335695,2,0.012401050183504967
student,0.7,1000,1.2,1,0.15,0.7044897955092893,0.4985173764115423,0.004489795509289296,2,0.0012885470976060644
uniform,0.85,125,0.5,1,0.15,0.8440521898380504,0.2775830415920411,0.005947810161949563,2,0.006382907633573542
laplace,0.85,250,0.15,2,0.15,0.8483007812509263,0.28352107182975894,0.0016992187490736388,2,0.007761275840580067
mixture,0.7,125,0.5,3,0.15,0.6790405413955054,0.5486923948082657,0.020959458604494552,2,0.01657132879107195
uniform,0.7,125,0.5,3,0.15,0.7107878265271397,0.5096726019045552,0.010787826527139721,2,0.008584534499740457
gaussian,0.7,250,0.15,4,0.15,0.6945136414290705,0.5144658873184509,0.005486358570929495,2,0.006391000779518118
mixture,0.7,60,1.2,3,0.15,0.6804980004131532,0.5465080407891397,0.01950199958684673,2,0.004708705941804488
student,0.85,125,0.15,2,0.15,0.8457715796903307,0.28858570975816455,0.004228420309669301,2,0.01435900418676993
uniform,0.85,125,1.2,4,0.15,0.8583756305078006,0.28056157755919886,0.008375630507800658,2,0.008926920040717004
student,0.85,125,0.15,4,0.15,0.862711424684603,0.26223138151586195,0.012711424684603068,2,0.022418219831542338
mixture,0.85,125,1.2,4,0.15,0.8422959632464548,0.280766256356377,0.00770403675354514,2,0.0056924925406746036
mixture,0.7,4000,0.5,1,0.15,0.6998614067477558,0.5109073826534785,0.00013859325224419017,2,0.00041615079810851846
student,0.85,4000,0.5,4,0.15,0.8491853164383824,0.2784049472535581,0.000814683561617624,2,0.0006851196941381061
mixture,0.7,60,1.2,0,0.15,0.6947071736152488,0.5523180900949122,0.005292826384751148,2,0.0068134347623425165
laplace,0.7,500,0.15,1,0.15,0.7088352561802986,0.4974315870847576,0.008835256180298678,2,0.014645581255538158
student,0.7,125,0.15,3,0.15,0.7059750623739645,0.5009807730267728,0.0059750623739645015,2,0.010280554421096528
student,0.85,4000,0.15,2,0.15,0.8532351397582449,0.27131951275828026,0.003235139758244965,2,0.008417438492385737
uniform,0.7,4000,0.5,4,0.15,0.7042365911498103,0.509038098178135,0.004236591149810343,2,0.003100060014390183
gaussian,0.85,4000,1.2,2,0.15,0.849482890636259,0.2772692955795677,0.0005171093637409419,2,0.0005556080790801669
uniform,0.7,1000,1.2,3,0.15,0.6874683622275647,0.5111392046071004,0.012531637772435267,2,0.005764852998759775
mixture,0.7,250,0.5,3,0.15,0.6980453732591001,0.5211694352640037,0.0019546267408998563,2,0.004991982070872409
mixture,0.85,250,1.2,4,0.15,0.8424375967857972,0.2734528996950523,0.007562403214202762,2,0.008244487767553273
mixture,0.7,4000,1.2,0,0.15,0.6977135293591233,0.5124543375306162,0.0022864706408766144,2,0.0007018544344745823
gaussian,0.85,2000,0.15,4,0.15,0.8513136195080077,0.27195319170435445,0.0013136195080076796,2,0.007260794599937683
uniform,0.85,4000,0.5,2,0.15,0.850272579124393,0.27913251329815,0.00027257912439304643,2,0.0013947502208633347
gaussian,0.85,500,0.5,0,0.15,0.8467357568712738,0.2816220030829896,0.0032642431287261964,2,0.0029135509093855083
mixture,0.7,500,1.2,4,0.15,0.7063949724903056,0.5072968983150385,0.006394972490305628,2,0.002590986741534143
mixture,0.7,1000,0.15,0,0.15,0.6995425422116985,0.5130380379890292,0.0004574577883014186,2,0.0029571176531903182
student,0.85,125,0.5,4,0.15,0.8519101017078335,0.2580351736983706,0.001910101707833567,2,0.013818693286397926
student,0.85,125,0.5,1,0.15,0.8609294592648874,0.27507235188037044,0.01092945926488742,2,0.009909733081938299
mixture,0.85,125,0.5,2,0.15,0.8478419861532837,0.2856050182101215,0.0021580138467163223,2,0.0049343459428087206
gaussian,0.85,2000,0.5,0,0.15,0.8483662420173196,0.28175470660057284,0.001633757982680395,2,0.0025172674701539662
mixture,0.85,1000,1.2,0,0.15,0.8527782290351429,0.27175285351657097,0.0027782290351429095,2,0.0012750036613427681
uniform,0.85,2000,0.5,4,0.15,0.8477814270305499,0.27644679152725077,0.00221857296945005,2,0.002778932719158863
mixture,0.85,2000,0.5,4,0.15,0.849869920901384,0.27494823723020445,0.0001300790986159539,2,0.0019848906114593445
gaussian,0.7,4000,0.5,0,0.15,0.6989147852522476,0.5133695576118528,0.001085214747752361,2,0.001410076200922463
mixture,0.7,2000,0.15,0,0.15,0.6940355026952222,0.5137644330392577,0.005964497304777772,2,0.006258611236781619
student,0.7,1000,0.15,2,0.15,0.6938743858010296,0.5416410629122963,0.006125614198970397,2,0.03029659965413635
uniform,0.85,125,0.15,1,0.15,0.854264516786253,0.2764145964308303,0.004264516786253059,2,0.0035834965994752544
uniform,0.7,250,1.2,2,0.15,0.7110422117443861,0.5163331535133965,0.011042211744386132,2,0.006911706999088975
uniform,0.7,4000,0.5,2,0.15,0.6978708115523931,0.5163008194821541,0.0021291884476069,2,0.0026771982773878713
uniform,0.85,2000,0.15,0,0.15,0.8477649815837138,0.27688080774240387,0.0022350184162861497,2,0.0019853097335955773
mixture,0.7,4000,0.15,3,0.15,0.697917496426018,0.5149311666612134,0.0020825035739819864,2,0.005128023716319295
laplace,0.7,250,0.5,4,0.15,0.7001516829227155,0.4956093475103025,0.00015168292271550143,2,0.007489286013065604
mixture,0.85,2000,1.2,3,0.15,0.8484836241885226,0.27843827412805333,0.001516375811477344,2,0.0010850887121042843
mixture,0.7,60,0.15,4,0.15,0.7256445780581953,0.4908358781397022,0.02564457805819531,2,0.029014065039011033
mixture,0.85,1000,0.5,2,0.15,0.8527824687570704,0.2745688278266939,0.0027824687570704443,2,0.002419932971157214
mixture,0.85,2000,0.5,3,0.15,0.8490178765426707,0.28178416621673386,0.000982123457329287,2,0.0026722460011062766
gaussian,0.7,250,1.2,2,0.15,0.7007743289072346,0.5147182433894056,0.0007743289072346116,2,0.0013238584613027786
uniform,0.7,4000,0.15,1,0.15,0.6994750736450146,0.5141418798875766,0.0005249263549853556,2,0.004028631759105312
laplace,0.85,60,0.5,1,0.15,0.867600246591224,0.2734068802257033,0.017600246591224056,2,0.016368922887588407
student,0.85,250,1.2,2,0.15,0.8543688413497716,0.2801419963888433,0.004368841349771668,2,0.004843314648084168
mixture,0.85,250,0.5,2,0.15,0.8521832544670209,0.2745301970356917,0.0021832544670209453,2,0.0020304438798724876
student,0.7,250,0.15,2,0.15,0.6957203329252454,0.5291918333477131,0.004279667074754578,2,0.018750789767891827
laplace,0.85,1000,1.2,4,0.15,0.8513304698700718,0.2716900307860118,0.0013304698700717932,2,0.0013772607854455735
laplace,0.7,125,1.2,2,0.15,0.6979920472554842,0.5001347662533907,0.0020079527445157064,2,0.0030383787131791134
student,0.7,250,0.15,0,0.15,0.6986391798410437,0.5004947965396263,0.0013608201589562219,2,0.009252107137151553
mixture,0.85,1000,1.2,2,0.15,0.8466373694226244,0.2832946625688781,0.003362630577375625,2,0.0015206461584137587
