init,family,excess_kurtosis,rho,t,radius,rms_error,fitted_rate,fitted_rate_se,invariant_iters,rate_over_gaussian
n01,gaussian,0.0,0.5,0.05,1,0.0047377136155729235,0.058656116142991016,0.0006195673594117714,1,1.0
n01,gaussian,0.0,0.5,0.05,2,0.00024019161393277103,0.058656116142991016,0.0006195673594117714,1,1.0
n01,gaussian,0.0,0.5,0.05,3,1.5479864682072195e-05,0.058656116142991016,0.0006195673594117714,1,1.0
n01,gaussian,0.0,0.5,0.05,4,9.347082628124451e-07,0.058656116142991016,0.0006195673594117714,1,1.0
n01,gaussian,0.0,0.5,0.05,5,4.891490117714241e-08,0.058656116142991016,0.0006195673594117714,1,1.0
n01,gaussian,0.0,0.5,0.05,6,3.411524937300239e-09,0.058656116142991016,0.0006195673594117714,1,1.0
n01,gaussian,0.0,0.5,0.05,7,1.8184565743123605e-10,0.058656116142991016,0.0006195673594117714,1,1.0
n01,gaussian,0.0,0.5,0.05,8,1.0413799100001438e-11,0.058656116142991016,0.0006195673594117714,1,1.0
n01,gaussian,0.0,0.5,0.1,1,0.014164167563521813,0.10777674437748688,0.002380795981463422,1,1.0
n01,gaussian,0.0,0.5,0.1,2,0.0012471729020141014,0.10777674437748688,0.002380795981463422,1,1.0
n01,gaussian,0.0,0.5,0.1,3,0.00015586773875586788,0.10777674437748688,0.002380795981463422,1,1.0
n01,gaussian,0.0,0.5,0.1,4,1.901402891735002e-05,0.10777674437748688,0.002380795981463422,1,1.0
n01,gaussian,0.0,0.5,0.1,5,1.520248315321173e-06,0.10777674437748688,0.002380795981463422,1,1.0
n01,gaussian,0.0,0.5,0.1,6,2.395831540625769e-07,0.10777674437748688,0.002380795981463422,1,1.0
n01,gaussian,0.0,0.5,0.1,7,2.1156085943733698e-08,0.10777674437748688,0.002380795981463422,1,1.0
n01,gaussian,0.0,0.5,0.1,8,2.0484372790744365e-09,0.10777674437748688,0.002380795981463422,1,1.0
n01,gaussian,0.0,0.5,0.2,1,0.03853196422153058,0.18506020872610812,0.0026150612918499397,1,1.0
n01,gaussian,0.0,0.5,0.2,2,0.006610578795480915,0.18506020872610812,0.0026150612918499397,1,1.0
n01,gaussian,0.0,0.5,0.2,3,0.0011206867368150181,0.18506020872610812,0.0026150612918499397,1,1.0
n01,gaussian,0.0,0.5,0.2,4,0.00024294978810939448,0.18506020872610812,0.0026150612918499397,1,1.0
n01,gaussian,0.0,0.5,0.2,5,3.920359711797592e-05,0.18506020872610812,0.0026150612918499397,1,1.0
n01,gaussian,0.0,0.5,0.2,6,8.99015544490127e-06,0.18506020872610812,0.0026150612918499397,1,1.0
n01,gaussian,0.0,0.5,0.2,7,1.5431291667660858e-06,0.18506020872610812,0.0026150612918499397,1,1.0
n01,gaussian,0.0,0.5,0.2,8,2.506580645940669e-07,0.18506020872610812,0.0026150612918499397,1,1.0
n01,gaussian,0.0,0.5,0.4,1,0.07743731721035363,0.2885221788298019,0.0021559770369688263,1,1.0
n01,gaussian,0.0,0.5,0.4,2,0.021893014936488705,0.2885221788298019,0.0021559770369688263,1,1.0
n01,gaussian,0.0,0.5,0.4,3,0.007185741104394037,0.2885221788298019,0.0021559770369688263,1,1.0
n01,gaussian,0.0,0.5,0.4,4,0.001914839929586654,0.2885221788298019,0.0021559770369688263,1,1.0
n01,gaussian,0.0,0.5,0.4,5,0.0005265621863076833,0.2885221788298019,0.0021559770369688263,1,1.0
n01,gaussian,0.0,0.5,0.4,6,0.00016390945288608435,0.2885221788298019,0.0021559770369688263,1,1.0
n01,gaussian,0.0,0.5,0.4,7,4.633710835996064e-05,0.2885221788298019,0.0021559770369688263,1,1.0
n01,gaussian,0.0,0.5,0.4,8,1.2738692103197092e-05,0.2885221788298019,0.0021559770369688263,1,1.0
n01,gaussian,0.0,0.5,0.8,1,0.1105222453934317,0.4080288092152949,0.0031201554894889766,1,1.0
n01,gaussian,0.0,0.5,0.8,2,0.04175578218246688,0.4080288092152949,0.0031201554894889766,1,1.0
n01,gaussian,0.0,0.5,0.8,3,0.01669362288237827,0.4080288092152949,0.0031201554894889766,1,1.0
n01,gaussian,0.0,0.5,0.8,4,0.007750928125001656,0.4080288092152949,0.0031201554894889766,1,1.0
n01,gaussian,0.0,0.5,0.8,5,0.002973335847873469,0.4080288092152949,0.0031201554894889766,1,1.0
n01,gaussian,0.0,0.5,0.8,6,0.001203218309720451,0.4080288092152949,0.0031201554894889766,1,1.0
n01,gaussian,0.0,0.5,0.8,7,0.0005131320482438233,0.4080288092152949,0.0031201554894889766,1,1.0
n01,gaussian,0.0,0.5,0.8,8,0.00019290111081511432,0.4080288092152949,0.0031201554894889766,1,1.0
n01,gaussian,0.0,0.5,1.6,1,0.06918316806993757,0.48436407967053,0.0031706373709344178,1,1.0
n01,gaussian,0.0,0.5,1.6,2,0.03469156298576879,0.48436407967053,0.0031706373709344178,1,1.0
n01,gaussian,0.0,0.5,1.6,3,0.01718321572072606,0.48436407967053,0.0031706373709344178,1,1.0
n01,gaussian,0.0,0.5,1.6,4,0.008172974614291064,0.48436407967053,0.0031706373709344178,1,1.0
n01,gaussian,0.0,0.5,1.6,5,0.003669812117288073,0.48436407967053,0.0031706373709344178,1,1.0
n01,gaussian,0.0,0.5,1.6,6,0.0019249863962981155,0.48436407967053,0.0031706373709344178,1,1.0
n01,gaussian,0.0,0.5,1.6,7,0.0009680676604121317,0.48436407967053,0.0031706373709344178,1,1.0
n01,gaussian,0.0,0.5,1.6,8,0.00042599093992806534,0.48436407967053,0.0031706373709344178,1,1.0
n01_exact,gaussian,0.0,0.5,0.05,1,0.004287837267356013,0.0592127562974398,0.0008964981570047693,1,1.0
n01_exact,gaussian,0.0,0.5,0.05,2,0.0002494122228965647,0.0592127562974398,0.0008964981570047693,1,1.0
n01_exact,gaussian,0.0,0.5,0.05,3,1.5884143124036296e-05,0.0592127562974398,0.0008964981570047693,1,1.0
n01_exact,gaussian,0.0,0.5,0.05,4,9.90741237270571e-07,0.0592127562974398,0.0008964981570047693,1,1.0
n01_exact,gaussian,0.0,0.5,0.05,5,4.717535611004695e-08,0.0592127562974398,0.0008964981570047693,1,1.0
n01_exact,gaussian,0.0,0.5,0.05,6,3.7421428586071416e-09,0.0592127562974398,0.0008964981570047693,1,1.0
n01_exact,gaussian,0.0,0.5,0.05,7,1.785638633377167e-10,0.0592127562974398,0.0008964981570047693,1,1.0
n01_exact,gaussian,0.0,0.5,0.05,8,1.0821269571998985e-11,0.0592127562974398,0.0008964981570047693,1,1.0
n01_exact,gaussian,0.0,0.5,0.1,1,0.013483526612043573,0.10846438353370207,0.0013796272245748648,1,1.0
n01_exact,gaussian,0.0,0.5,0.1,2,0.0014528884953958798,0.10846438353370207,0.0013796272245748648,1,1.0
n01_exact,gaussian,0.0,0.5,0.1,3,0.00015926204618333536,0.10846438353370207,0.0013796272245748648,1,1.0
n01_exact,gaussian,0.0,0.5,0.1,4,1.9968142547682567e-05,0.10846438353370207,0.0013796272245748648,1,1.0
n01_exact,gaussian,0.0,0.5,0.1,5,1.6679688996505284e-06,0.10846438353370207,0.0013796272245748648,1,1.0
n01_exact,gaussian,0.0,0.5,0.1,6,2.2094394713084712e-07,0.10846438353370207,0.0013796272245748648,1,1.0
n01_exact,gaussian,0.0,0.5,0.1,7,2.197189781282318e-08,0.10846438353370207,0.0013796272245748648,1,1.0
n01_exact,gaussian,0.0,0.5,0.1,8,2.372317045256018e-09,0.10846438353370207,0.0013796272245748648,1,1.0
n01_exact,gaussian,0.0,0.5,0.2,1,0.03856942155927887,0.18792468245931446,0.0029509235072782457,1,1.0
n01_exact,gaussian,0.0,0.5,0.2,2,0.006343780947316912,0.18792468245931446,0.0029509235072782457,1,1.0
n01_exact,gaussian,0.0,0.5,0.2,3,0.0012402895216858782,0.18792468245931446,0.0029509235072782457,1,1.0
n01_exact,gaussian,0.0,0.5,0.2,4,0.000248145752531909,0.18792468245931446,0.0029509235072782457,1,1.0
n01_exact,gaussian,0.0,0.5,0.2,5,3.626070836820503e-05,0.18792468245931446,0.0029509235072782457,1,1.0
n01_exact,gaussian,0.0,0.5,0.2,6,9.125649437113386e-06,0.18792468245931446,0.0029509235072782457,1,1.0
n01_exact,gaussian,0.0,0.5,0.2,7,1.6230969694582292e-06,0.18792468245931446,0.0029509235072782457,1,1.0
n01_exact,gaussian,0.0,0.5,0.2,8,2.97402292673463e-07,0.18792468245931446,0.0029509235072782457,1,1.0
n01_exact,gaussian,0.0,0.5,0.4,1,0.07464512803429271,0.29492462596832486,0.0042200274286472265,1,1.0
n01_exact,gaussian,0.0,0.5,0.4,2,0.01930770426165273,0.29492462596832486,0.0042200274286472265,1,1.0
n01_exact,gaussian,0.0,0.5,0.4,3,0.00682867689924348,0.29492462596832486,0.0042200274286472265,1,1.0
n01_exact,gaussian,0.0,0.5,0.4,4,0.0018963115523433914,0.29492462596832486,0.0042200274286472265,1,1.0
n01_exact,gaussian,0.0,0.5,0.4,5,0.00047460891980503087,0.29492462596832486,0.0042200274286472265,1,1.0
n01_exact,gaussian,0.0,0.5,0.4,6,0.00016976780792927142,0.29492462596832486,0.0042200274286472265,1,1.0
n01_exact,gaussian,0.0,0.5,0.4,7,4.355755993221596e-05,0.29492462596832486,0.0042200274286472265,1,1.0
n01_exact,gaussian,0.0,0.5,0.4,8,1.4913663338696454e-05,0.29492462596832486,0.0042200274286472265,1,1.0
n01_exact,gaussian,0.0,0.5,0.8,1,0.11264759350114974,0.4025166269427087,0.0020840659411484135,1,1.0
n01_exact,gaussian,0.0,0.5,0.8,2,0.04490776664486227,0.4025166269427087,0.0020840659411484135,1,1.0
n01_exact,gaussian,0.0,0.5,0.8,3,0.017167587871414234,0.4025166269427087,0.0020840659411484135,1,1.0
n01_exact,gaussian,0.0,0.5,0.8,4,0.006838403526662839,0.4025166269427087,0.0020840659411484135,1,1.0
n01_exact,gaussian,0.0,0.5,0.8,5,0.0029627025149465817,0.4025166269427087,0.0020840659411484135,1,1.0
n01_exact,gaussian,0.0,0.5,0.8,6,0.0011281256158803704,0.4025166269427087,0.0020840659411484135,1,1.0
n01_exact,gaussian,0.0,0.5,0.8,7,0.0004813869715416456,0.4025166269427087,0.0020840659411484135,1,1.0
n01_exact,gaussian,0.0,0.5,0.8,8,0.00018826285354614733,0.4025166269427087,0.0020840659411484135,1,1.0
n01_exact,gaussian,0.0,0.5,1.6,1,0.0786195597201228,0.483565098175639,0.0035020815771268105,1,1.0
n01_exact,gaussian,0.0,0.5,1.6,2,0.03756952396817304,0.483565098175639,0.0035020815771268105,1,1.0
n01_exact,gaussian,0.0,0.5,1.6,3,0.017252961825400034,0.483565098175639,0.0035020815771268105,1,1.0
n01_exact,gaussian,0.0,0.5,1.6,4,0.009001186680784836,0.483565098175639,0.0035020815771268105,1,1.0
n01_exact,gaussian,0.0,0.5,1.6,5,0.004168885657220226,0.483565098175639,0.0035020815771268105,1,1.0
n01_exact,gaussian,0.0,0.5,1.6,6,0.0018761964446549581,0.483565098175639,0.0035020815771268105,1,1.0
n01_exact,gaussian,0.0,0.5,1.6,7,0.0010386398430263057,0.483565098175639,0.0035020815771268105,1,1.0
n01_exact,gaussian,0.0,0.5,1.6,8,0.0004817606497517219,0.483565098175639,0.0035020815771268105,1,1.0
invariant,gaussian,0.0,0.5,0.05,1,0.004032201436773968,0.059882039794590496,0.0005458538279996562,1,1.0
invariant,gaussian,0.0,0.5,0.05,2,0.0002663133622318312,0.059882039794590496,0.0005458538279996562,1,1.0
invariant,gaussian,0.0,0.5,0.05,3,1.533272949389405e-05,0.059882039794590496,0.0005458538279996562,1,1.0
invariant,gaussian,0.0,0.5,0.05,4,8.680967202020937e-07,0.059882039794590496,0.0005458538279996562,1,1.0
invariant,gaussian,0.0,0.5,0.05,5,5.353122111698467e-08,0.059882039794590496,0.0005458538279996562,1,1.0
invariant,gaussian,0.0,0.5,0.05,6,2.9808514122549394e-09,0.059882039794590496,0.0005458538279996562,1,1.0
invariant,gaussian,0.0,0.5,0.05,7,1.8410925696296676e-10,0.059882039794590496,0.0005458538279996562,1,1.0
invariant,gaussian,0.0,0.5,0.05,8,1.2494753254522435e-11,0.059882039794590496,0.0005458538279996562,1,1.0
invariant,gaussian,0.0,0.5,0.1,1,0.01344012368971157,0.10823000669301303,0.0013286007294058967,1,1.0
invariant,gaussian,0.0,0.5,0.1,2,0.001597470242660114,0.10823000669301303,0.0013286007294058967,1,1.0
invariant,gaussian,0.0,0.5,0.1,3,0.0001512850406406134,0.10823000669301303,0.0013286007294058967,1,1.0
invariant,gaussian,0.0,0.5,0.1,4,1.4675491735883841e-05,0.10823000669301303,0.0013286007294058967,1,1.0
invariant,gaussian,0.0,0.5,0.1,5,1.8543550017235206e-06,0.10823000669301303,0.0013286007294058967,1,1.0
invariant,gaussian,0.0,0.5,0.1,6,2.102761022793894e-07,0.10823000669301303,0.0013286007294058967,1,1.0
invariant,gaussian,0.0,0.5,0.1,7,2.0746171774453557e-08,0.10823000669301303,0.0013286007294058967,1,1.0
invariant,gaussian,0.0,0.5,0.1,8,2.4193735098118816e-09,0.10823000669301303,0.0013286007294058967,1,1.0
invariant,gaussian,0.0,0.5,0.2,1,0.03447982670256496,0.1868557654967712,0.0024439536055187562,1,1.0
invariant,gaussian,0.0,0.5,0.2,2,0.007491415964417708,0.1868557654967712,0.0024439536055187562,1,1.0
invariant,gaussian,0.0,0.5,0.2,3,0.0012453218816153842,0.1868557654967712,0.0024439536055187562,1,1.0
invariant,gaussian,0.0,0.5,0.2,4,0.0002067942206133744,0.1868557654967712,0.0024439536055187562,1,1.0
invariant,gaussian,0.0,0.5,0.2,5,4.4322452189039604e-05,0.1868557654967712,0.0024439536055187562,1,1.0
invariant,gaussian,0.0,0.5,0.2,6,8.41423787870853e-06,0.1868557654967712,0.0024439536055187562,1,1.0
invariant,gaussian,0.0,0.5,0.2,7,1.3953622220161188e-06,0.1868557654967712,0.0024439536055187562,1,1.0
invariant,gaussian,0.0,0.5,0.2,8,3.0585424835777227e-07,0.1868557654967712,0.0024439536055187562,1,1.0
invariant,gaussian,0.0,0.5,0.4,1,0.06773523296996489,0.2939132778059812,0.0033431563321701632,1,1.0
invariant,gaussian,0.0,0.5,0.4,2,0.02392381599930866,0.2939132778059812,0.0033431563321701632,1,1.0
invariant,gaussian,0.0,0.5,0.4,3,0.006616465577881059,0.2939132778059812,0.0033431563321701632,1,1.0
invariant,gaussian,0.0,0.5,0.4,4,0.0016909955258472885,0.2939132778059812,0.0033431563321701632,1,1.0
invariant,gaussian,0.0,0.5,0.4,5,0.0005425136278554445,0.2939132778059812,0.0033431563321701632,1,1.0
invariant,gaussian,0.0,0.5,0.4,6,0.00015074754326979762,0.2939132778059812,0.0033431563321701632,1,1.0
invariant,gaussian,0.0,0.5,0.4,7,4.795961499223312e-05,0.2939132778059812,0.0033431563321701632,1,1.0
invariant,gaussian,0.0,0.5,0.4,8,1.4156767966500291e-05,0.2939132778059812,0.0033431563321701632,1,1.0
invariant,gaussian,0.0,0.5,0.8,1,0.11157828846522187,0.3998011852467695,0.004693733899209218,1,1.0
invariant,gaussian,0.0,0.5,0.8,2,0.047529810369213873,0.3998011852467695,0.004693733899209218,1,1.0
invariant,gaussian,0.0,0.5,0.8,3,0.016562692845409427,0.3998011852467695,0.004693733899209218,1,1.0
invariant,gaussian,0.0,0.5,0.8,4,0.006385064747697107,0.3998011852467695,0.004693733899209218,1,1.0
invariant,gaussian,0.0,0.5,0.8,5,0.002643151291080374,0.3998011852467695,0.004693733899209218,1,1.0
invariant,gaussian,0.0,0.5,0.8,6,0.0011251943439711427,0.3998011852467695,0.004693733899209218,1,1.0
invariant,gaussian,0.0,0.5,0.8,7,0.0004988480922132403,0.3998011852467695,0.004693733899209218,1,1.0
invariant,gaussian,0.0,0.5,0.8,8,0.00017319245024482243,0.3998011852467695,0.004693733899209218,1,1.0
invariant,gaussian,0.0,0.5,1.6,1,0.08099438912094983,0.4755513287603367,0.005820735664611392,1,1.0
invariant,gaussian,0.0,0.5,1.6,2,0.03152994132315691,0.4755513287603367,0.005820735664611392,1,1.0
invariant,gaussian,0.0,0.5,1.6,3,0.015829082379230162,0.4755513287603367,0.005820735664611392,1,1.0
invariant,gaussian,0.0,0.5,1.6,4,0.007503611158981818,0.4755513287603367,0.005820735664611392,1,1.0
invariant,gaussian,0.0,0.5,1.6,5,0.004032017028246128,0.4755513287603367,0.005820735664611392,1,1.0
invariant,gaussian,0.0,0.5,1.6,6,0.0019316925476701504,0.4755513287603367,0.005820735664611392,1,1.0
invariant,gaussian,0.0,0.5,1.6,7,0.0008218531459702118,0.4755513287603367,0.005820735664611392,1,1.0
invariant,gaussian,0.0,0.5,1.6,8,0.00039467949773183583,0.4755513287603367,0.005820735664611392,1,1.0
n01,laplace,3.0,0.5,0.05,1,0.008374124585424417,0.09145140704992981,0.005026475880431198,19,1.5591111901611576
n01,laplace,3.0,0.5,0.05,2,0.0007285971668749439,0.09145140704992981,0.005026475880431198,19,1.5591111901611576
n01,laplace,3.0,0.5,0.05,3,6.884935110747106e-05,0.09145140704992981,0.005026475880431198,19,1.5591111901611576
n01,laplace,3.0,0.5,0.05,4,6.132504426219694e-06,0.09145140704992981,0.005026475880431198,19,1.5591111901611576
n01,laplace,3.0,0.5,0.05,5,6.994653190487386e-07,0.09145140704992981,0.005026475880431198,19,1.5591111901611576
n01,laplace,3.0,0.5,0.05,6,1.1343864828429054e-07,0.09145140704992981,0.005026475880431198,19,1.5591111901611576
n01,laplace,3.0,0.5,0.05,7,5.126569763348939e-09,0.09145140704992981,0.005026475880431198,19,1.5591111901611576
n01,laplace,3.0,0.5,0.05,8,2.918540412849194e-10,0.09145140704992981,0.005026475880431198,19,1.5591111901611576
n01,laplace,3.0,0.5,0.1,1,0.022749846772863423,0.1472892488947559,0.0028259849212367775,19,1.3666143818454646
n01,laplace,3.0,0.5,0.1,2,0.0027505442403662193,0.1472892488947559,0.0028259849212367775,19,1.3666143818454646
n01,laplace,3.0,0.5,0.1,3,0.0003931499540992043,0.1472892488947559,0.0028259849212367775,19,1.3666143818454646
n01,laplace,3.0,0.5,0.1,4,6.86419556075644e-05,0.1472892488947559,0.0028259849212367775,19,1.3666143818454646
n01,laplace,3.0,0.5,0.1,5,1.171682646031221e-05,0.1472892488947559,0.0028259849212367775,19,1.3666143818454646
n01,laplace,3.0,0.5,0.1,6,1.5462332955908308e-06,0.1472892488947559,0.0028259849212367775,19,1.3666143818454646
n01,laplace,3.0,0.5,0.1,7,1.8725131285399083e-07,0.1472892488947559,0.0028259849212367775,19,1.3666143818454646
n01,laplace,3.0,0.5,0.1,8,3.1043710897055785e-08,0.1472892488947559,0.0028259849212367775,19,1.3666143818454646
n01,laplace,3.0,0.5,0.2,1,0.045991579437661544,0.215283611004207,0.0033845733968866417,19,1.1633165902391798
n01,laplace,3.0,0.5,0.2,2,0.009819192014563419,0.215283611004207,0.0033845733968866417,19,1.1633165902391798
n01,laplace,3.0,0.5,0.2,3,0.0018762686166489996,0.215283611004207,0.0033845733968866417,19,1.1633165902391798
n01,laplace,3.0,0.5,0.2,4,0.0004886828714794358,0.215283611004207,0.0033845733968866417,19,1.1633165902391798
n01,laplace,3.0,0.5,0.2,5,8.994814179620661e-05,0.215283611004207,0.0033845733968866417,19,1.1633165902391798
n01,laplace,3.0,0.5,0.2,6,1.7241024341329126e-05,0.215283611004207,0.0033845733968866417,19,1.1633165902391798
n01,laplace,3.0,0.5,0.2,7,4.689353385098443e-06,0.215283611004207,0.0033845733968866417,19,1.1633165902391798
n01,laplace,3.0,0.5,0.2,8,1.0205078399590903e-06,0.215283611004207,0.0033845733968866417,19,1.1633165902391798
n01,laplace,3.0,0.5,0.4,1,0.08447468678097325,0.3010880676693141,0.0033044036397356516,19,1.0435525923534799
n01,laplace,3.0,0.5,0.4,2,0.026117545992705594,0.3010880676693141,0.0033044036397356516,19,1.0435525923534799
n01,laplace,3.0,0.5,0.4,3,0.008012069317859019,0.3010880676693141,0.0033044036397356516,19,1.0435525923534799
n01,laplace,3.0,0.5,0.4,4,0.0022505721872287158,0.3010880676693141,0.0033044036397356516,19,1.0435525923534799
n01,laplace,3.0,0.5,0.4,5,0.0007761507396723417,0.3010880676693141,0.0033044036397356516,19,1.0435525923534799
n01,laplace,3.0,0.5,0.4,6,0.00024050116238500785,0.3010880676693141,0.0033044036397356516,19,1.0435525923534799
n01,laplace,3.0,0.5,0.4,7,6.428160893788628e-05,0.3010880676693141,0.0033044036397356516,19,1.0435525923534799
n01,laplace,3.0,0.5,0.4,8,1.7910779676398178e-05,0.3010880676693141,0.0033044036397356516,19,1.0435525923534799
n01,laplace,3.0,0.5,0.8,1,0.10142137017948832,0.4050939803317408,0.003713503114654759,19,0.9928072998345431
n01,laplace,3.0,0.5,0.8,2,0.04329392582744023,0.4050939803317408,0.003713503114654759,19,0.9928072998345431
n01,laplace,3.0,0.5,0.8,3,0.01908969477711759,0.4050939803317408,0.003713503114654759,19,0.9928072998345431
n01,laplace,3.0,0.5,0.8,4,0.007305619110048178,0.4050939803317408,0.003713503114654759,19,0.9928072998345431
n01,laplace,3.0,0.5,0.8,5,0.003215246746596582,0.4050939803317408,0.003713503114654759,19,0.9928072998345431
n01,laplace,3.0,0.5,0.8,6,0.00115475744422755,0.4050939803317408,0.003713503114654759,19,0.9928072998345431
n01,laplace,3.0,0.5,0.8,7,0.00046938880792366807,0.4050939803317408,0.003713503114654759,19,0.9928072998345431
n01,laplace,3.0,0.5,0.8,8,0.00018764945785146084,0.4050939803317408,0.003713503114654759,19,0.9928072998345431
n01,laplace,3.0,0.5,1.6,1,0.07656208412654235,0.4746731740815194,0.004219830417894209,19,0.9799925180339498
n01,laplace,3.0,0.5,1.6,2,0.03853324646039764,0.4746731740815194,0.004219830417894209,19,0.9799925180339498
n01,laplace,3.0,0.5,1.6,3,0.018097916043057386,0.4746731740815194,0.004219830417894209,19,0.9799925180339498
n01,laplace,3.0,0.5,1.6,4,0.007824970717289579,0.4746731740815194,0.004219830417894209,19,0.9799925180339498
n01,laplace,3.0,0.5,1.6,5,0.004249518774009139,0.4746731740815194,0.004219830417894209,19,0.9799925180339498
n01,laplace,3.0,0.5,1.6,6,0.0017490919919270905,0.4746731740815194,0.004219830417894209,19,0.9799925180339498
n01,laplace,3.0,0.5,1.6,7,0.0008734982544570378,0.4746731740815194,0.004219830417894209,19,0.9799925180339498
n01,laplace,3.0,0.5,1.6,8,0.000444881229640809,0.4746731740815194,0.004219830417894209,19,0.9799925180339498
n01_exact,laplace,3.0,0.5,0.05,1,0.0081812849138951,0.0899691022933393,0.003052334780012316,19,1.5194209477667793
n01_exact,laplace,3.0,0.5,0.05,2,0.0007795229612722317,0.0899691022933393,0.003052334780012316,19,1.5194209477667793
n01_exact,laplace,3.0,0.5,0.05,3,8.284153800568162e-05,0.0899691022933393,0.003052334780012316,19,1.5194209477667793
n01_exact,laplace,3.0,0.5,0.05,4,6.260154165000482e-06,0.0899691022933393,0.003052334780012316,19,1.5194209477667793
n01_exact,laplace,3.0,0.5,0.05,5,6.372216343664793e-07,0.0899691022933393,0.003052334780012316,19,1.5194209477667793
n01_exact,laplace,3.0,0.5,0.05,6,5.103928759434669e-08,0.0899691022933393,0.003052334780012316,19,1.5194209477667793
n01_exact,laplace,3.0,0.5,0.05,7,3.0623349111229674e-09,0.0899691022933393,0.003052334780012316,19,1.5194209477667793
n01_exact,laplace,3.0,0.5,0.05,8,5.505905800431351e-10,0.0899691022933393,0.003052334780012316,19,1.5194209477667793
n01_exact,laplace,3.0,0.5,0.1,1,0.018561182946525447,0.15066245651378732,0.005894459345012998,19,1.3890500420995198
n01_exact,laplace,3.0,0.5,0.1,2,0.00282340824798671,0.15066245651378732,0.005894459345012998,19,1.3890500420995198
n01_exact,laplace,3.0,0.5,0.1,3,0.0004128355472770002,0.15066245651378732,0.005894459345012998,19,1.3890500420995198
n01_exact,laplace,3.0,0.5,0.1,4,5.211052290489048e-05,0.15066245651378732,0.005894459345012998,19,1.3890500420995198
n01_exact,laplace,3.0,0.5,0.1,5,1.3246476795141012e-05,0.15066245651378732,0.005894459345012998,19,1.3890500420995198
n01_exact,laplace,3.0,0.5,0.1,6,1.0738796511186517e-06,0.15066245651378732,0.005894459345012998,19,1.3890500420995198
n01_exact,laplace,3.0,0.5,0.1,7,1.6084522441990295e-07,0.15066245651378732,0.005894459345012998,19,1.3890500420995198
n01_exact,laplace,3.0,0.5,0.1,8,4.2570766356843734e-08,0.15066245651378732,0.005894459345012998,19,1.3890500420995198
n01_exact,laplace,3.0,0.5,0.2,1,0.04653416597937614,0.2091391667165,0.0033670394749442728,19,1.1128882272384761
n01_exact,laplace,3.0,0.5,0.2,2,0.0086517448822668,0.2091391667165,0.0033670394749442728,19,1.1128882272384761
n01_exact,laplace,3.0,0.5,0.2,3,0.0019657054099786442,0.2091391667165,0.0033670394749442728,19,1.1128882272384761
n01_exact,laplace,3.0,0.5,0.2,4,0.00039120264131265473,0.2091391667165,0.0033670394749442728,19,1.1128882272384761
n01_exact,laplace,3.0,0.5,0.2,5,7.925295646542065e-05,0.2091391667165,0.0033670394749442728,19,1.1128882272384761
n01_exact,laplace,3.0,0.5,0.2,6,2.1702831033416378e-05,0.2091391667165,0.0033670394749442728,19,1.1128882272384761
n01_exact,laplace,3.0,0.5,0.2,7,3.838817907823401e-06,0.2091391667165,0.0033670394749442728,19,1.1128882272384761
n01_exact,laplace,3.0,0.5,0.2,8,7.009705256083148e-07,0.2091391667165,0.0033670394749442728,19,1.1128882272384761
n01_exact,laplace,3.0,0.5,0.4,1,0.08677117573497908,0.30228902035327626,0.004159906757791787,19,1.0249704288367643
n01_exact,laplace,3.0,0.5,0.4,2,0.024909297242489505,0.30228902035327626,0.004159906757791787,19,1.0249704288367643
n01_exact,laplace,3.0,0.5,0.4,3,0.007181662017192417,0.30228902035327626,0.004159906757791787,19,1.0249704288367643
n01_exact,laplace,3.0,0.5,0.4,4,0.0019699097239508647,0.30228902035327626,0.004159906757791787,19,1.0249704288367643
n01_exact,laplace,3.0,0.5,0.4,5,0.0005890147671590573,0.30228902035327626,0.004159906757791787,19,1.0249704288367643
n01_exact,laplace,3.0,0.5,0.4,6,0.00019242739100341734,0.30228902035327626,0.004159906757791787,19,1.0249704288367643
n01_exact,laplace,3.0,0.5,0.4,7,6.446406677703092e-05,0.30228902035327626,0.004159906757791787,19,1.0249704288367643
n01_exact,laplace,3.0,0.5,0.4,8,1.994947927932025e-05,0.30228902035327626,0.004159906757791787,19,1.0249704288367643
n01_exact,laplace,3.0,0.5,0.8,1,0.11474601911108874,0.40668993904365053,0.005203875606183455,19,1.010368048973877
n01_exact,laplace,3.0,0.5,0.8,2,0.038571543163301684,0.40668993904365053,0.005203875606183455,19,1.010368048973877
n01_exact,laplace,3.0,0.5,0.8,3,0.017474782253969347,0.40668993904365053,0.005203875606183455,19,1.010368048973877
n01_exact,laplace,3.0,0.5,0.8,4,0.00781936599041006,0.40668993904365053,0.005203875606183455,19,1.010368048973877
n01_exact,laplace,3.0,0.5,0.8,5,0.0030513164127700205,0.40668993904365053,0.005203875606183455,19,1.010368048973877
n01_exact,laplace,3.0,0.5,0.8,6,0.0010650011188247472,0.40668993904365053,0.005203875606183455,19,1.010368048973877
n01_exact,laplace,3.0,0.5,0.8,7,0.0004893386029337954,0.40668993904365053,0.005203875606183455,19,1.010368048973877
n01_exact,laplace,3.0,0.5,0.8,8,0.00020173365550862763,0.40668993904365053,0.005203875606183455,19,1.010368048973877
n01_exact,laplace,3.0,0.5,1.6,1,0.07459700273268795,0.4718241667962504,0.004458117294131129,19,0.975720060393763
n01_exact,laplace,3.0,0.5,1.6,2,0.03668559330427824,0.4718241667962504,0.004458117294131129,19,0.975720060393763
n01_exact,laplace,3.0,0.5,1.6,3,0.01919687643363316,0.4718241667962504,0.004458117294131129,19,0.975720060393763
n01_exact,laplace,3.0,0.5,1.6,4,0.007737022526002524,0.4718241667962504,0.004458117294131129,19,0.975720060393763
n01_exact,laplace,3.0,0.5,1.6,5,0.003583561958165223,0.4718241667962504,0.004458117294131129,19,0.975720060393763
n01_exact,laplace,3.0,0.5,1.6,6,0.0017382265105106323,0.4718241667962504,0.004458117294131129,19,0.975720060393763
n01_exact,laplace,3.0,0.5,1.6,7,0.0008782107809536892,0.4718241667962504,0.004458117294131129,19,0.975720060393763
n01_exact,laplace,3.0,0.5,1.6,8,0.0004080106324134103,0.4718241667962504,0.004458117294131129,19,0.975720060393763
invariant,laplace,3.0,0.5,0.05,1,0.008735340322991138,0.09841410067178433,0.004690360231251742,19,1.643466071118617
invariant,laplace,3.0,0.5,0.05,2,0.0007308394448299736,0.09841410067178433,0.004690360231251742,19,1.643466071118617
invariant,laplace,3.0,0.5,0.05,3,7.645404813638787e-05,0.09841410067178433,0.004690360231251742,19,1.643466071118617
invariant,laplace,3.0,0.5,0.05,4,7.699819386502119e-06,0.09841410067178433,0.004690360231251742,19,1.643466071118617
invariant,laplace,3.0,0.5,0.05,5,4.3167811752142285e-07,0.09841410067178433,0.004690360231251742,19,1.643466071118617
invariant,laplace,3.0,0.5,0.05,6,5.3557732082192493e-08,0.09841410067178433,0.004690360231251742,19,1.643466071118617
invariant,laplace,3.0,0.5,0.05,7,1.1079796606443856e-08,0.09841410067178433,0.004690360231251742,19,1.643466071118617
invariant,laplace,3.0,0.5,0.05,8,6.777040912810154e-10,0.09841410067178433,0.004690360231251742,19,1.643466071118617
invariant,laplace,3.0,0.5,0.1,1,0.01966281242193822,0.1420198327316581,0.0023962610116516256,19,1.312203861674772
invariant,laplace,3.0,0.5,0.1,2,0.002657927747089933,0.1420198327316581,0.0023962610116516256,19,1.312203861674772
invariant,laplace,3.0,0.5,0.1,3,0.00047394909625126866,0.1420198327316581,0.0023962610116516256,19,1.312203861674772
invariant,laplace,3.0,0.5,0.1,4,6.175814767004914e-05,0.1420198327316581,0.0023962610116516256,19,1.312203861674772
invariant,laplace,3.0,0.5,0.1,5,7.703290085780967e-06,0.1420198327316581,0.0023962610116516256,19,1.312203861674772
invariant,laplace,3.0,0.5,0.1,6,1.0476515773856938e-06,0.1420198327316581,0.0023962610116516256,19,1.312203861674772
invariant,laplace,3.0,0.5,0.1,7,1.906816136825183e-07,0.1420198327316581,0.0023962610116516256,19,1.312203861674772
invariant,laplace,3.0,0.5,0.1,8,2.2347256088967858e-08,0.1420198327316581,0.0023962610116516256,19,1.312203861674772
invariant,laplace,3.0,0.5,0.2,1,0.044017841121976,0.21634288703662327,0.002855249665573427,19,1.1578068595392719
invariant,laplace,3.0,0.5,0.2,2,0.00892449610739099,0.21634288703662327,0.002855249665573427,19,1.1578068595392719
invariant,laplace,3.0,0.5,0.2,3,0.002002954592741295,0.21634288703662327,0.002855249665573427,19,1.1578068595392719
invariant,laplace,3.0,0.5,0.2,4,0.0003573930466216186,0.21634288703662327,0.002855249665573427,19,1.1578068595392719
invariant,laplace,3.0,0.5,0.2,5,9.670713480369645e-05,0.21634288703662327,0.002855249665573427,19,1.1578068595392719
invariant,laplace,3.0,0.5,0.2,6,1.884244816257397e-05,0.21634288703662327,0.002855249665573427,19,1.1578068595392719
invariant,laplace,3.0,0.5,0.2,7,4.106560134326459e-06,0.21634288703662327,0.002855249665573427,19,1.1578068595392719
invariant,laplace,3.0,0.5,0.2,8,9.967808578379278e-07,0.21634288703662327,0.002855249665573427,19,1.1578068595392719
invariant,laplace,3.0,0.5,0.4,1,0.08259668963393495,0.2964704673730931,0.0040029106057356085,19,1.0087004901112362
invariant,laplace,3.0,0.5,0.4,2,0.023643596653428495,0.2964704673730931,0.0040029106057356085,19,1.0087004901112362
invariant,laplace,3.0,0.5,0.4,3,0.007953982242399139,0.2964704673730931,0.0040029106057356085,19,1.0087004901112362
invariant,laplace,3.0,0.5,0.4,4,0.00246999036326063,0.2964704673730931,0.0040029106057356085,19,1.0087004901112362
invariant,laplace,3.0,0.5,0.4,5,0.0007723918852091611,0.2964704673730931,0.0040029106057356085,19,1.0087004901112362
invariant,laplace,3.0,0.5,0.4,6,0.00019832832626144449,0.2964704673730931,0.0040029106057356085,19,1.0087004901112362
invariant,laplace,3.0,0.5,0.4,7,5.721972226284102e-05,0.2964704673730931,0.0040029106057356085,19,1.0087004901112362
invariant,laplace,3.0,0.5,0.4,8,1.6167368896539664e-05,0.2964704673730931,0.0040029106057356085,19,1.0087004901112362
invariant,laplace,3.0,0.5,0.8,1,0.10451365732037687,0.4025221559326992,0.004519671251497855,19,1.0068058094531416
invariant,laplace,3.0,0.5,0.8,2,0.04491982388930712,0.4025221559326992,0.004519671251497855,19,1.0068058094531416
invariant,laplace,3.0,0.5,0.8,3,0.0174587029486008,0.4025221559326992,0.004519671251497855,19,1.0068058094531416
invariant,laplace,3.0,0.5,0.8,4,0.006758995257401568,0.4025221559326992,0.004519671251497855,19,1.0068058094531416
invariant,laplace,3.0,0.5,0.8,5,0.0027152882221015535,0.4025221559326992,0.004519671251497855,19,1.0068058094531416
invariant,laplace,3.0,0.5,0.8,6,0.0012991962299312278,0.4025221559326992,0.004519671251497855,19,1.0068058094531416
invariant,laplace,3.0,0.5,0.8,7,0.0004752914522876069,0.4025221559326992,0.004519671251497855,19,1.0068058094531416
invariant,laplace,3.0,0.5,0.8,8,0.00016898970713021973,0.4025221559326992,0.004519671251497855,19,1.0068058094531416
invariant,laplace,3.0,0.5,1.6,1,0.06972130045577636,0.4820578644389738,0.003917755994897464,19,1.013682089156597
invariant,laplace,3.0,0.5,1.6,2,0.03616242169954256,0.4820578644389738,0.003917755994897464,19,1.013682089156597
invariant,laplace,3.0,0.5,1.6,3,0.01726081234527374,0.4820578644389738,0.003917755994897464,19,1.013682089156597
invariant,laplace,3.0,0.5,1.6,4,0.007392242827251668,0.4820578644389738,0.003917755994897464,19,1.013682089156597
invariant,laplace,3.0,0.5,1.6,5,0.004052261837787867,0.4820578644389738,0.003917755994897464,19,1.013682089156597
invariant,laplace,3.0,0.5,1.6,6,0.001770264322985319,0.4820578644389738,0.003917755994897464,19,1.013682089156597
invariant,laplace,3.0,0.5,1.6,7,0.0008940777737498845,0.4820578644389738,0.003917755994897464,19,1.013682089156597
invariant,laplace,3.0,0.5,1.6,8,0.000446161985038663,0.4820578644389738,0.003917755994897464,19,1.013682089156597
n01,student_t_nu5,6.0,0.5,0.05,1,0.007534195519130511,0.07596572101031761,0.0014266656763545769,21,1.2951031538659923
n01,student_t_nu5,6.0,0.5,0.05,2,0.0004910434073427234,0.07596572101031761,0.0014266656763545769,21,1.2951031538659923
n01,student_t_nu5,6.0,0.5,0.05,3,3.552423296032407e-05,0.07596572101031761,0.0014266656763545769,21,1.2951031538659923
n01,student_t_nu5,6.0,0.5,0.05,4,2.592467439440945e-06,0.07596572101031761,0.0014266656763545769,21,1.2951031538659923
n01,student_t_nu5,6.0,0.5,0.05,5,1.8744484426966597e-07,0.07596572101031761,0.0014266656763545769,21,1.2951031538659923
n01,student_t_nu5,6.0,0.5,0.05,6,1.5816115430681113e-08,0.07596572101031761,0.0014266656763545769,21,1.2951031538659923
n01,student_t_nu5,6.0,0.5,0.05,7,1.1932803269871134e-09,0.07596572101031761,0.0014266656763545769,21,1.2951031538659923
n01,student_t_nu5,6.0,0.5,0.05,8,1.1324538090614766e-10,0.07596572101031761,0.0014266656763545769,21,1.2951031538659923
n01,student_t_nu5,6.0,0.5,0.1,1,0.019341533079626078,0.12577139462697476,0.001377975336015007,21,1.166962273293966
n01,student_t_nu5,6.0,0.5,0.1,2,0.0023272539614170706,0.12577139462697476,0.001377975336015007,21,1.166962273293966
n01,student_t_nu5,6.0,0.5,0.1,3,0.0003191354504422121,0.12577139462697476,0.001377975336015007,21,1.166962273293966
n01,student_t_nu5,6.0,0.5,0.1,4,4.0619827780576586e-05,0.12577139462697476,0.001377975336015007,21,1.166962273293966
n01,student_t_nu5,6.0,0.5,0.1,5,4.539667123881426e-06,0.12577139462697476,0.001377975336015007,21,1.166962273293966
n01,student_t_nu5,6.0,0.5,0.1,6,5.797534439723884e-07,0.12577139462697476,0.001377975336015007,21,1.166962273293966
n01,student_t_nu5,6.0,0.5,0.1,7,6.959255103363398e-08,0.12577139462697476,0.001377975336015007,21,1.166962273293966
n01,student_t_nu5,6.0,0.5,0.1,8,1.0559933270578241e-08,0.12577139462697476,0.001377975336015007,21,1.166962273293966
n01,student_t_nu5,6.0,0.5,0.2,1,0.05061711828745066,0.20191646815001832,0.0033850390263698523,21,1.0910852718687771
n01,student_t_nu5,6.0,0.5,0.2,2,0.00881355433331464,0.20191646815001832,0.0033850390263698523,21,1.0910852718687771
n01,student_t_nu5,6.0,0.5,0.2,3,0.0020490856484005116,0.20191646815001832,0.0033850390263698523,21,1.0910852718687771
n01,student_t_nu5,6.0,0.5,0.2,4,0.00036880395223512556,0.20191646815001832,0.0033850390263698523,21,1.0910852718687771
n01,student_t_nu5,6.0,0.5,0.2,5,7.01700635835495e-05,0.20191646815001832,0.0033850390263698523,21,1.0910852718687771
n01,student_t_nu5,6.0,0.5,0.2,6,1.5520725509744282e-05,0.20191646815001832,0.0033850390263698523,21,1.0910852718687771
n01,student_t_nu5,6.0,0.5,0.2,7,2.7967529854411382e-06,0.20191646815001832,0.0033850390263698523,21,1.0910852718687771
n01,student_t_nu5,6.0,0.5,0.2,8,7.534995605550291e-07,0.20191646815001832,0.0033850390263698523,21,1.0910852718687771
n01,student_t_nu5,6.0,0.5,0.4,1,0.08957885213667284,0.2936561512682113,0.0022496835712060093,21,1.0177940304597448
n01,student_t_nu5,6.0,0.5,0.4,2,0.025516855946701996,0.2936561512682113,0.0022496835712060093,21,1.0177940304597448
n01,student_t_nu5,6.0,0.5,0.4,3,0.008392493475073157,0.2936561512682113,0.0022496835712060093,21,1.0177940304597448
n01,student_t_nu5,6.0,0.5,0.4,4,0.0022615871203881237,0.2936561512682113,0.0022496835712060093,21,1.0177940304597448
n01,student_t_nu5,6.0,0.5,0.4,5,0.0007053997561314146,0.2936561512682113,0.0022496835712060093,21,1.0177940304597448
n01,student_t_nu5,6.0,0.5,0.4,6,0.00020661492910742043,0.2936561512682113,0.0022496835712060093,21,1.0177940304597448
n01,student_t_nu5,6.0,0.5,0.4,7,5.4650323434316405e-05,0.2936561512682113,0.0022496835712060093,21,1.0177940304597448
n01,student_t_nu5,6.0,0.5,0.4,8,1.7163613860677576e-05,0.2936561512682113,0.0022496835712060093,21,1.0177940304597448
n01,student_t_nu5,6.0,0.5,0.8,1,0.12316715250402423,0.4042776034576298,0.002618186590934392,21,0.9908065174003785
n01,student_t_nu5,6.0,0.5,0.8,2,0.04691099950021929,0.4042776034576298,0.002618186590934392,21,0.9908065174003785
n01,student_t_nu5,6.0,0.5,0.8,3,0.01860440454944269,0.4042776034576298,0.002618186590934392,21,0.9908065174003785
n01,student_t_nu5,6.0,0.5,0.8,4,0.00787104615657999,0.4042776034576298,0.002618186590934392,21,0.9908065174003785
n01,student_t_nu5,6.0,0.5,0.8,5,0.0029308727176649845,0.4042776034576298,0.002618186590934392,21,0.9908065174003785
n01,student_t_nu5,6.0,0.5,0.8,6,0.0012760071703734456,0.4042776034576298,0.002618186590934392,21,0.9908065174003785
n01,student_t_nu5,6.0,0.5,0.8,7,0.0005048762922943327,0.4042776034576298,0.002618186590934392,21,0.9908065174003785
n01,student_t_nu5,6.0,0.5,0.8,8,0.00021700796101394322,0.4042776034576298,0.002618186590934392,21,0.9908065174003785
n01,student_t_nu5,6.0,0.5,1.6,1,0.0769907283988921,0.47393180093295767,0.0028217683979428567,21,0.9784619067031798
n01,student_t_nu5,6.0,0.5,1.6,2,0.03711093683287135,0.47393180093295767,0.0028217683979428567,21,0.9784619067031798
n01,student_t_nu5,6.0,0.5,1.6,3,0.01687675621350275,0.47393180093295767,0.0028217683979428567,21,0.9784619067031798
n01,student_t_nu5,6.0,0.5,1.6,4,0.008252285014802256,0.47393180093295767,0.0028217683979428567,21,0.9784619067031798
n01,student_t_nu5,6.0,0.5,1.6,5,0.0038815999621535555,0.47393180093295767,0.0028217683979428567,21,0.9784619067031798
n01,student_t_nu5,6.0,0.5,1.6,6,0.0018533199245651555,0.47393180093295767,0.0028217683979428567,21,0.9784619067031798
n01,student_t_nu5,6.0,0.5,1.6,7,0.0009384201099688908,0.47393180093295767,0.0028217683979428567,21,0.9784619067031798
n01,student_t_nu5,6.0,0.5,1.6,8,0.0003924257822074986,0.47393180093295767,0.0028217683979428567,21,0.9784619067031798
n01_exact,student_t_nu5,6.0,0.5,0.05,1,0.0059380399260031,0.07843535005647255,0.0018490033008339243,21,1.3246360237390922
n01_exact,student_t_nu5,6.0,0.5,0.05,2,0.00040699899069310714,0.07843535005647255,0.0018490033008339243,21,1.3246360237390922
n01_exact,student_t_nu5,6.0,0.5,0.05,3,2.9957879520028308e-05,0.07843535005647255,0.0018490033008339243,21,1.3246360237390922
n01_exact,student_t_nu5,6.0,0.5,0.05,4,2.626471093386444e-06,0.07843535005647255,0.0018490033008339243,21,1.3246360237390922
n01_exact,student_t_nu5,6.0,0.5,0.05,5,1.602612342395223e-07,0.07843535005647255,0.0018490033008339243,21,1.3246360237390922
n01_exact,student_t_nu5,6.0,0.5,0.05,6,1.9158886453442055e-08,0.07843535005647255,0.0018490033008339243,21,1.3246360237390922
n01_exact,student_t_nu5,6.0,0.5,0.05,7,1.4300146375299848e-09,0.07843535005647255,0.0018490033008339243,21,1.3246360237390922
n01_exact,student_t_nu5,6.0,0.5,0.05,8,8.832911313105495e-11,0.07843535005647255,0.0018490033008339243,21,1.3246360237390922
n01_exact,student_t_nu5,6.0,0.5,0.1,1,0.016793991238125697,0.1332275929367884,0.0019350841165525151,21,1.228307289419037
n01_exact,student_t_nu5,6.0,0.5,0.1,2,0.0018312307039188192,0.1332275929367884,0.0019350841165525151,21,1.228307289419037
n01_exact,student_t_nu5,6.0,0.5,0.1,3,0.0002814823325130032,0.1332275929367884,0.0019350841165525151,21,1.228307289419037
n01_exact,student_t_nu5,6.0,0.5,0.1,4,3.244549561072949e-05,0.1332275929367884,0.0019350841165525151,21,1.228307289419037
n01_exact,student_t_nu5,6.0,0.5,0.1,5,4.350520363941009e-06,0.1332275929367884,0.0019350841165525151,21,1.228307289419037
n01_exact,student_t_nu5,6.0,0.5,0.1,6,6.915102459140655e-07,0.1332275929367884,0.0019350841165525151,21,1.228307289419037
n01_exact,student_t_nu5,6.0,0.5,0.1,7,9.064734375807558e-08,0.1332275929367884,0.0019350841165525151,21,1.228307289419037
n01_exact,student_t_nu5,6.0,0.5,0.1,8,1.0930568902142024e-08,0.1332275929367884,0.0019350841165525151,21,1.228307289419037
n01_exact,student_t_nu5,6.0,0.5,0.2,1,0.04062742009685456,0.2114431074808126,0.0034864007251631415,21,1.1251481429353478
n01_exact,student_t_nu5,6.0,0.5,0.2,2,0.007506056060772764,0.2114431074808126,0.0034864007251631415,21,1.1251481429353478
n01_exact,student_t_nu5,6.0,0.5,0.2,3,0.0015293474517854232,0.2114431074808126,0.0034864007251631415,21,1.1251481429353478
n01_exact,student_t_nu5,6.0,0.5,0.2,4,0.00036237457620460134,0.2114431074808126,0.0034864007251631415,21,1.1251481429353478
n01_exact,student_t_nu5,6.0,0.5,0.2,5,6.899930857332323e-05,0.2114431074808126,0.0034864007251631415,21,1.1251481429353478
n01_exact,student_t_nu5,6.0,0.5,0.2,6,1.5777188863089615e-05,0.2114431074808126,0.0034864007251631415,21,1.1251481429353478
n01_exact,student_t_nu5,6.0,0.5,0.2,7,4.006190701602401e-06,0.2114431074808126,0.0034864007251631415,21,1.1251481429353478
n01_exact,student_t_nu5,6.0,0.5,0.2,8,6.353591443892559e-07,0.2114431074808126,0.0034864007251631415,21,1.1251481429353478
n01_exact,student_t_nu5,6.0,0.5,0.4,1,0.0769718777062426,0.3025984387311771,0.00309201910207027,21,1.026019572755774
n01_exact,student_t_nu5,6.0,0.5,0.4,2,0.02506707972298065,0.3025984387311771,0.00309201910207027,21,1.026019572755774
n01_exact,student_t_nu5,6.0,0.5,0.4,3,0.006974235617181751,0.3025984387311771,0.00309201910207027,21,1.026019572755774
n01_exact,student_t_nu5,6.0,0.5,0.4,4,0.0021482499817878104,0.3025984387311771,0.00309201910207027,21,1.026019572755774
n01_exact,student_t_nu5,6.0,0.5,0.4,5,0.0006512749121614353,0.3025984387311771,0.00309201910207027,21,1.026019572755774
n01_exact,student_t_nu5,6.0,0.5,0.4,6,0.00021486197146205354,0.3025984387311771,0.00309201910207027,21,1.026019572755774
n01_exact,student_t_nu5,6.0,0.5,0.4,7,6.595409517060292e-05,0.3025984387311771,0.00309201910207027,21,1.026019572755774
n01_exact,student_t_nu5,6.0,0.5,0.4,8,1.664380021377754e-05,0.3025984387311771,0.00309201910207027,21,1.026019572755774
n01_exact,student_t_nu5,6.0,0.5,0.8,1,0.10403799171938342,0.4130194271765111,0.004415499431098785,21,1.0260928357508503
n01_exact,student_t_nu5,6.0,0.5,0.8,2,0.038432202488282434,0.4130194271765111,0.004415499431098785,21,1.0260928357508503
n01_exact,student_t_nu5,6.0,0.5,0.8,3,0.016214378726794234,0.4130194271765111,0.004415499431098785,21,1.0260928357508503
n01_exact,student_t_nu5,6.0,0.5,0.8,4,0.00697565832410298,0.4130194271765111,0.004415499431098785,21,1.0260928357508503
n01_exact,student_t_nu5,6.0,0.5,0.8,5,0.002912017116684466,0.4130194271765111,0.004415499431098785,21,1.0260928357508503
n01_exact,student_t_nu5,6.0,0.5,0.8,6,0.0011311439741622466,0.4130194271765111,0.004415499431098785,21,1.0260928357508503
n01_exact,student_t_nu5,6.0,0.5,0.8,7,0.0005509815165020374,0.4130194271765111,0.004415499431098785,21,1.0260928357508503
n01_exact,student_t_nu5,6.0,0.5,0.8,8,0.00018856290486087628,0.4130194271765111,0.004415499431098785,21,1.0260928357508503
n01_exact,student_t_nu5,6.0,0.5,1.6,1,0.0754030509260518,0.4794441067817442,0.0032315028143298104,21,0.9914778973721591
n01_exact,student_t_nu5,6.0,0.5,1.6,2,0.03243273290917501,0.4794441067817442,0.0032315028143298104,21,0.9914778973721591
n01_exact,student_t_nu5,6.0,0.5,1.6,3,0.015647135280243495,0.4794441067817442,0.0032315028143298104,21,0.9914778973721591
n01_exact,student_t_nu5,6.0,0.5,1.6,4,0.008161459282520085,0.4794441067817442,0.0032315028143298104,21,0.9914778973721591
n01_exact,student_t_nu5,6.0,0.5,1.6,5,0.0037322562051373236,0.4794441067817442,0.0032315028143298104,21,0.9914778973721591
n01_exact,student_t_nu5,6.0,0.5,1.6,6,0.0017468511318552932,0.4794441067817442,0.0032315028143298104,21,0.9914778973721591
n01_exact,student_t_nu5,6.0,0.5,1.6,7,0.0008909872411994284,0.4794441067817442,0.0032315028143298104,21,0.9914778973721591
n01_exact,student_t_nu5,6.0,0.5,1.6,8,0.00041490035505259307,0.4794441067817442,0.0032315028143298104,21,0.9914778973721591
invariant,student_t_nu5,6.0,0.5,0.05,1,0.005931624154650239,0.07550077563031983,0.0015977124261985444,21,1.260825046863889
invariant,student_t_nu5,6.0,0.5,0.05,2,0.00047230707649432047,0.07550077563031983,0.0015977124261985444,21,1.260825046863889
invariant,student_t_nu5,6.0,0.5,0.05,3,2.8709507261496624e-05,0.07550077563031983,0.0015977124261985444,21,1.260825046863889
invariant,student_t_nu5,6.0,0.5,0.05,4,2.3725655615699607e-06,0.07550077563031983,0.0015977124261985444,21,1.260825046863889
invariant,student_t_nu5,6.0,0.5,0.05,5,2.3331710996667105e-07,0.07550077563031983,0.0015977124261985444,21,1.260825046863889
invariant,student_t_nu5,6.0,0.5,0.05,6,1.639843766411395e-08,0.07550077563031983,0.0015977124261985444,21,1.260825046863889
invariant,student_t_nu5,6.0,0.5,0.05,7,9.312799059072115e-10,0.07550077563031983,0.0015977124261985444,21,1.260825046863889
invariant,student_t_nu5,6.0,0.5,0.05,8,8.270702015357407e-11,0.07550077563031983,0.0015977124261985444,21,1.260825046863889
invariant,student_t_nu5,6.0,0.5,0.1,1,0.01776678409720711,0.12979367845934583,0.0023723708956997127,21,1.1992393091824958
invariant,student_t_nu5,6.0,0.5,0.1,2,0.0020084382507127184,0.12979367845934583,0.0023723708956997127,21,1.1992393091824958
invariant,student_t_nu5,6.0,0.5,0.1,3,0.00026143563739507175,0.12979367845934583,0.0023723708956997127,21,1.1992393091824958
invariant,student_t_nu5,6.0,0.5,0.1,4,3.753448022668147e-05,0.12979367845934583,0.0023723708956997127,21,1.1992393091824958
invariant,student_t_nu5,6.0,0.5,0.1,5,5.487322201678809e-06,0.12979367845934583,0.0023723708956997127,21,1.1992393091824958
invariant,student_t_nu5,6.0,0.5,0.1,6,7.490816579860215e-07,0.12979367845934583,0.0023723708956997127,21,1.1992393091824958
invariant,student_t_nu5,6.0,0.5,0.1,7,7.457118034429574e-08,0.12979367845934583,0.0023723708956997127,21,1.1992393091824958
invariant,student_t_nu5,6.0,0.5,0.1,8,9.598972897864585e-09,0.12979367845934583,0.0023723708956997127,21,1.1992393091824958
invariant,student_t_nu5,6.0,0.5,0.2,1,0.04050161880035163,0.20724380012698834,0.0012916224984950118,21,1.1091110813520466
invariant,student_t_nu5,6.0,0.5,0.2,2,0.008048346069614316,0.20724380012698834,0.0012916224984950118,21,1.1091110813520466
invariant,student_t_nu5,6.0,0.5,0.2,3,0.0017407168583477362,0.20724380012698834,0.0012916224984950118,21,1.1091110813520466
invariant,student_t_nu5,6.0,0.5,0.2,4,0.00034422289875525423,0.20724380012698834,0.0012916224984950118,21,1.1091110813520466
invariant,student_t_nu5,6.0,0.5,0.2,5,7.393897679060967e-05,0.20724380012698834,0.0012916224984950118,21,1.1091110813520466
invariant,student_t_nu5,6.0,0.5,0.2,6,1.4972305692236937e-05,0.20724380012698834,0.0012916224984950118,21,1.1091110813520466
invariant,student_t_nu5,6.0,0.5,0.2,7,2.95179509870052e-06,0.20724380012698834,0.0012916224984950118,21,1.1091110813520466
invariant,student_t_nu5,6.0,0.5,0.2,8,6.91636078248263e-07,0.20724380012698834,0.0012916224984950118,21,1.1091110813520466
invariant,student_t_nu5,6.0,0.5,0.4,1,0.08257017537580727,0.3060639500408583,0.0028757194691970476,21,1.0413410116262187
invariant,student_t_nu5,6.0,0.5,0.4,2,0.024247811996271837,0.3060639500408583,0.0028757194691970476,21,1.0413410116262187
invariant,student_t_nu5,6.0,0.5,0.4,3,0.0065100811215324855,0.3060639500408583,0.0028757194691970476,21,1.0413410116262187
invariant,student_t_nu5,6.0,0.5,0.4,4,0.0021289964651908626,0.3060639500408583,0.0028757194691970476,21,1.0413410116262187
invariant,student_t_nu5,6.0,0.5,0.4,5,0.0007209116988530082,0.3060639500408583,0.0028757194691970476,21,1.0413410116262187
invariant,student_t_nu5,6.0,0.5,0.4,6,0.00020582124597905556,0.3060639500408583,0.0028757194691970476,21,1.0413410116262187
invariant,student_t_nu5,6.0,0.5,0.4,7,6.371707235202464e-05,0.3060639500408583,0.0028757194691970476,21,1.0413410116262187
invariant,student_t_nu5,6.0,0.5,0.4,8,1.9943769050737015e-05,0.3060639500408583,0.0028757194691970476,21,1.0413410116262187
invariant,student_t_nu5,6.0,0.5,0.8,1,0.11013022428155447,0.4024863121508805,0.0034820741003797426,21,1.0067161554372424
invariant,student_t_nu5,6.0,0.5,0.8,2,0.039556222966342,0.4024863121508805,0.0034820741003797426,21,1.0067161554372424
invariant,student_t_nu5,6.0,0.5,0.8,3,0.016543340815785273,0.4024863121508805,0.0034820741003797426,21,1.0067161554372424
invariant,student_t_nu5,6.0,0.5,0.8,4,0.007497753747607813,0.4024863121508805,0.0034820741003797426,21,1.0067161554372424
invariant,student_t_nu5,6.0,0.5,0.8,5,0.0028777597090138716,0.4024863121508805,0.0034820741003797426,21,1.0067161554372424
invariant,student_t_nu5,6.0,0.5,0.8,6,0.0011434996457424776,0.4024863121508805,0.0034820741003797426,21,1.0067161554372424
invariant,student_t_nu5,6.0,0.5,0.8,7,0.000430505608339966,0.4024863121508805,0.0034820741003797426,21,1.0067161554372424
invariant,student_t_nu5,6.0,0.5,0.8,8,0.00018111360715917035,0.4024863121508805,0.0034820741003797426,21,1.0067161554372424
invariant,student_t_nu5,6.0,0.5,1.6,1,0.07411966130457166,0.47942733746844746,0.003942744265002186,21,1.008150558044312
invariant,student_t_nu5,6.0,0.5,1.6,2,0.037500645287685416,0.47942733746844746,0.003942744265002186,21,1.008150558044312
invariant,student_t_nu5,6.0,0.5,1.6,3,0.01568083485675775,0.47942733746844746,0.003942744265002186,21,1.008150558044312
invariant,student_t_nu5,6.0,0.5,1.6,4,0.008005238114312495,0.47942733746844746,0.003942744265002186,21,1.008150558044312
invariant,student_t_nu5,6.0,0.5,1.6,5,0.0036513703376725094,0.47942733746844746,0.003942744265002186,21,1.008150558044312
invariant,student_t_nu5,6.0,0.5,1.6,6,0.001830982500790506,0.47942733746844746,0.003942744265002186,21,1.008150558044312
invariant,student_t_nu5,6.0,0.5,1.6,7,0.0008673883363767335,0.47942733746844746,0.003942744265002186,21,1.008150558044312
invariant,student_t_nu5,6.0,0.5,1.6,8,0.000452353823090634,0.47942733746844746,0.003942744265002186,21,1.008150558044312
n01,uniform,-1.2,0.5,0.05,1,0.02015117055521559,0.11301522093028778,0.009179026900816867,39,1.9267423137048647
n01,uniform,-1.2,0.5,0.05,2,0.003189777908639504,0.11301522093028778,0.009179026900816867,39,1.9267423137048647
n01,uniform,-1.2,0.5,0.05,3,0.0002529330769695756,0.11301522093028778,0.009179026900816867,39,1.9267423137048647
n01,uniform,-1.2,0.5,0.05,4,2.5384273509837045e-05,0.11301522093028778,0.009179026900816867,39,1.9267423137048647
n01,uniform,-1.2,0.5,0.05,5,1.7957448941883511e-06,0.11301522093028778,0.009179026900816867,39,1.9267423137048647
n01,uniform,-1.2,0.5,0.05,6,1.0406501149313764e-06,0.11301522093028778,0.009179026900816867,39,1.9267423137048647
n01,uniform,-1.2,0.5,0.05,7,5.239108678432836e-08,0.11301522093028778,0.009179026900816867,39,1.9267423137048647
n01,uniform,-1.2,0.5,0.05,8,3.5173889184295336e-09,0.11301522093028778,0.009179026900816867,39,1.9267423137048647
n01,uniform,-1.2,0.5,0.1,1,0.02483250103001411,0.152392984846444,0.006578538826623043,39,1.4139690869923591
n01,uniform,-1.2,0.5,0.1,2,0.004611969046427165,0.152392984846444,0.006578538826623043,39,1.4139690869923591
n01,uniform,-1.2,0.5,0.1,3,0.00086152058633865,0.152392984846444,0.006578538826623043,39,1.4139690869923591
n01,uniform,-1.2,0.5,0.1,4,8.077306687594821e-05,0.152392984846444,0.006578538826623043,39,1.4139690869923591
n01,uniform,-1.2,0.5,0.1,5,1.5779038980081474e-05,0.152392984846444,0.006578538826623043,39,1.4139690869923591
n01,uniform,-1.2,0.5,0.1,6,1.4029123270520155e-06,0.152392984846444,0.006578538826623043,39,1.4139690869923591
n01,uniform,-1.2,0.5,0.1,7,4.668339775497506e-07,0.152392984846444,0.006578538826623043,39,1.4139690869923591
n01,uniform,-1.2,0.5,0.1,8,5.498504713972475e-08,0.152392984846444,0.006578538826623043,39,1.4139690869923591
n01,uniform,-1.2,0.5,0.2,1,0.04422519034097815,0.21914466709616368,0.004898401285387195,39,1.1841803735372474
n01,uniform,-1.2,0.5,0.2,2,0.009335958482907384,0.21914466709616368,0.004898401285387195,39,1.1841803735372474
n01,uniform,-1.2,0.5,0.2,3,0.0018528228060895621,0.21914466709616368,0.004898401285387195,39,1.1841803735372474
n01,uniform,-1.2,0.5,0.2,4,0.0004984962487712851,0.21914466709616368,0.004898401285387195,39,1.1841803735372474
n01,uniform,-1.2,0.5,0.2,5,7.942677775012576e-05,0.21914466709616368,0.004898401285387195,39,1.1841803735372474
n01,uniform,-1.2,0.5,0.2,6,2.3923218398441928e-05,0.21914466709616368,0.004898401285387195,39,1.1841803735372474
n01,uniform,-1.2,0.5,0.2,7,3.932945632180705e-06,0.21914466709616368,0.004898401285387195,39,1.1841803735372474
n01,uniform,-1.2,0.5,0.2,8,1.172205686166785e-06,0.21914466709616368,0.004898401285387195,39,1.1841803735372474
n01,uniform,-1.2,0.5,0.4,1,0.08580298570540273,0.29780838182659497,0.003886118922306155,39,1.0321854043749994
n01,uniform,-1.2,0.5,0.4,2,0.023554477791094524,0.29780838182659497,0.003886118922306155,39,1.0321854043749994
n01,uniform,-1.2,0.5,0.4,3,0.006696417681045181,0.29780838182659497,0.003886118922306155,39,1.0321854043749994
n01,uniform,-1.2,0.5,0.4,4,0.0022927549662007433,0.29780838182659497,0.003886118922306155,39,1.0321854043749994
n01,uniform,-1.2,0.5,0.4,5,0.0005881194667916548,0.29780838182659497,0.003886118922306155,39,1.0321854043749994
n01,uniform,-1.2,0.5,0.4,6,0.00020386168526554142,0.29780838182659497,0.003886118922306155,39,1.0321854043749994
n01,uniform,-1.2,0.5,0.4,7,5.072836679141852e-05,0.29780838182659497,0.003886118922306155,39,1.0321854043749994
n01,uniform,-1.2,0.5,0.4,8,1.8195474362437342e-05,0.29780838182659497,0.003886118922306155,39,1.0321854043749994
n01,uniform,-1.2,0.5,0.8,1,0.09692746482451865,0.41097605700064516,0.0029038058914617514,39,1.0072231365011168
n01,uniform,-1.2,0.5,0.8,2,0.041315778795523034,0.41097605700064516,0.0029038058914617514,39,1.0072231365011168
n01,uniform,-1.2,0.5,0.8,3,0.016871537641880235,0.41097605700064516,0.0029038058914617514,39,1.0072231365011168
n01,uniform,-1.2,0.5,0.8,4,0.007490037355886762,0.41097605700064516,0.0029038058914617514,39,1.0072231365011168
n01,uniform,-1.2,0.5,0.8,5,0.002754362397970904,0.41097605700064516,0.0029038058914617514,39,1.0072231365011168
n01,uniform,-1.2,0.5,0.8,6,0.00114544830898685,0.41097605700064516,0.0029038058914617514,39,1.0072231365011168
n01,uniform,-1.2,0.5,0.8,7,0.0004569222930302295,0.41097605700064516,0.0029038058914617514,39,1.0072231365011168
n01,uniform,-1.2,0.5,0.8,8,0.00020525688535795323,0.41097605700064516,0.0029038058914617514,39,1.0072231365011168
n01,uniform,-1.2,0.5,1.6,1,0.07272005581704724,0.48632327231643246,0.0031722562558124004,39,1.0040448760098708
n01,uniform,-1.2,0.5,1.6,2,0.03255360433434571,0.48632327231643246,0.0031722562558124004,39,1.0040448760098708
n01,uniform,-1.2,0.5,1.6,3,0.01649014427208667,0.48632327231643246,0.0031722562558124004,39,1.0040448760098708
n01,uniform,-1.2,0.5,1.6,4,0.008100614023876039,0.48632327231643246,0.0031722562558124004,39,1.0040448760098708
n01,uniform,-1.2,0.5,1.6,5,0.004279251708745327,0.48632327231643246,0.0031722562558124004,39,1.0040448760098708
n01,uniform,-1.2,0.5,1.6,6,0.0019153752848832003,0.48632327231643246,0.0031722562558124004,39,1.0040448760098708
n01,uniform,-1.2,0.5,1.6,7,0.0009205351397478668,0.48632327231643246,0.0031722562558124004,39,1.0040448760098708
n01,uniform,-1.2,0.5,1.6,8,0.00044788111062502863,0.48632327231643246,0.0031722562558124004,39,1.0040448760098708
n01_exact,uniform,-1.2,0.5,0.05,1,0.010696461145673236,0.06884999486447985,0.013489687868473751,39,1.1627561216476716
n01_exact,uniform,-1.2,0.5,0.05,2,0.000714669547682243,0.06884999486447985,0.013489687868473751,39,1.1627561216476716
n01_exact,uniform,-1.2,0.5,0.05,3,0.0002437900798915669,0.06884999486447985,0.013489687868473751,39,1.1627561216476716
n01_exact,uniform,-1.2,0.5,0.05,4,4.2215136989791535e-05,0.06884999486447985,0.013489687868473751,39,1.1627561216476716
n01_exact,uniform,-1.2,0.5,0.05,5,3.161477760263903e-06,0.06884999486447985,0.013489687868473751,39,1.1627561216476716
n01_exact,uniform,-1.2,0.5,0.05,6,6.590557275122916e-08,0.06884999486447985,0.013489687868473751,39,1.1627561216476716
n01_exact,uniform,-1.2,0.5,0.05,7,2.64084590195177e-09,0.06884999486447985,0.013489687868473751,39,1.1627561216476716
n01_exact,uniform,-1.2,0.5,0.05,8,4.511549786559362e-11,0.06884999486447985,0.013489687868473751,39,1.1627561216476716
n01_exact,uniform,-1.2,0.5,0.1,1,0.019294745459631647,0.15705647905024592,0.010492626017884761,39,1.448000476593732
n01_exact,uniform,-1.2,0.5,0.1,2,0.002884607211496485,0.15705647905024592,0.010492626017884761,39,1.448000476593732
n01_exact,uniform,-1.2,0.5,0.1,3,0.00040649133558866415,0.15705647905024592,0.010492626017884761,39,1.448000476593732
n01_exact,uniform,-1.2,0.5,0.1,4,5.027957591375408e-05,0.15705647905024592,0.010492626017884761,39,1.448000476593732
n01_exact,uniform,-1.2,0.5,0.1,5,8.122029102640514e-06,0.15705647905024592,0.010492626017884761,39,1.448000476593732
n01_exact,uniform,-1.2,0.5,0.1,6,1.3923948490928344e-06,0.15705647905024592,0.010492626017884761,39,1.448000476593732
n01_exact,uniform,-1.2,0.5,0.1,7,1.294100223777644e-07,0.15705647905024592,0.010492626017884761,39,1.448000476593732
n01_exact,uniform,-1.2,0.5,0.1,8,8.195297189753604e-08,0.15705647905024592,0.010492626017884761,39,1.448000476593732
n01_exact,uniform,-1.2,0.5,0.2,1,0.042302017551951655,0.20237914663668716,0.004252932082328861,39,1.0769162623462305
n01_exact,uniform,-1.2,0.5,0.2,2,0.009956305294566153,0.20237914663668716,0.004252932082328861,39,1.0769162623462305
n01_exact,uniform,-1.2,0.5,0.2,3,0.002232560737512543,0.20237914663668716,0.004252932082328861,39,1.0769162623462305
n01_exact,uniform,-1.2,0.5,0.2,4,0.00045207475406549576,0.20237914663668716,0.004252932082328861,39,1.0769162623462305
n01_exact,uniform,-1.2,0.5,0.2,5,9.634706037089058e-05,0.20237914663668716,0.004252932082328861,39,1.0769162623462305
n01_exact,uniform,-1.2,0.5,0.2,6,1.874819756614251e-05,0.20237914663668716,0.004252932082328861,39,1.0769162623462305
n01_exact,uniform,-1.2,0.5,0.2,7,3.4640996540663856e-06,0.20237914663668716,0.004252932082328861,39,1.0769162623462305
n01_exact,uniform,-1.2,0.5,0.2,8,5.705195362519995e-07,0.20237914663668716,0.004252932082328861,39,1.0769162623462305
n01_exact,uniform,-1.2,0.5,0.4,1,0.07342549954284147,0.29860963270605206,0.0031668322732756513,39,1.0124947407346139
n01_exact,uniform,-1.2,0.5,0.4,2,0.019542891150572964,0.29860963270605206,0.0031668322732756513,39,1.0124947407346139
n01_exact,uniform,-1.2,0.5,0.4,3,0.006871947656677112,0.29860963270605206,0.0031668322732756513,39,1.0124947407346139
n01_exact,uniform,-1.2,0.5,0.4,4,0.0021163796402468853,0.29860963270605206,0.0031668322732756513,39,1.0124947407346139
n01_exact,uniform,-1.2,0.5,0.4,5,0.0005854497355832526,0.29860963270605206,0.0031668322732756513,39,1.0124947407346139
n01_exact,uniform,-1.2,0.5,0.4,6,0.0001822341021374453,0.29860963270605206,0.0031668322732756513,39,1.0124947407346139
n01_exact,uniform,-1.2,0.5,0.4,7,5.188189284457708e-05,0.29860963270605206,0.0031668322732756513,39,1.0124947407346139
n01_exact,uniform,-1.2,0.5,0.4,8,1.4535301089631709e-05,0.29860963270605206,0.0031668322732756513,39,1.0124947407346139
n01_exact,uniform,-1.2,0.5,0.8,1,0.10450091746017795,0.4031616885263623,0.002441973301894635,39,1.0016025712740195
n01_exact,uniform,-1.2,0.5,0.8,2,0.043530842606601804,0.4031616885263623,0.002441973301894635,39,1.0016025712740195
n01_exact,uniform,-1.2,0.5,0.8,3,0.017259951718010397,0.4031616885263623,0.002441973301894635,39,1.0016025712740195
n01_exact,uniform,-1.2,0.5,0.8,4,0.006325504189976044,0.4031616885263623,0.002441973301894635,39,1.0016025712740195
n01_exact,uniform,-1.2,0.5,0.8,5,0.0028119486924345783,0.4031616885263623,0.002441973301894635,39,1.0016025712740195
n01_exact,uniform,-1.2,0.5,0.8,6,0.0010931681794572067,0.4031616885263623,0.002441973301894635,39,1.0016025712740195
n01_exact,uniform,-1.2,0.5,0.8,7,0.0004628490608517622,0.4031616885263623,0.002441973301894635,39,1.0016025712740195
n01_exact,uniform,-1.2,0.5,0.8,8,0.00018125513036605526,0.4031616885263623,0.002441973301894635,39,1.0016025712740195
n01_exact,uniform,-1.2,0.5,1.6,1,0.07716391276163638,0.474250076839285,0.0070533357348010394,39,0.9807367790365825
n01_exact,uniform,-1.2,0.5,1.6,2,0.042477148942122525,0.474250076839285,0.0070533357348010394,39,0.9807367790365825
n01_exact,uniform,-1.2,0.5,1.6,3,0.01570778439922836,0.474250076839285,0.0070533357348010394,39,0.9807367790365825
n01_exact,uniform,-1.2,0.5,1.6,4,0.008757233436271245,0.474250076839285,0.0070533357348010394,39,0.9807367790365825
n01_exact,uniform,-1.2,0.5,1.6,5,0.0036590691935600014,0.474250076839285,0.0070533357348010394,39,0.9807367790365825
n01_exact,uniform,-1.2,0.5,1.6,6,0.0017014342983593409,0.474250076839285,0.0070533357348010394,39,0.9807367790365825
n01_exact,uniform,-1.2,0.5,1.6,7,0.0009156066296020133,0.474250076839285,0.0070533357348010394,39,0.9807367790365825
n01_exact,uniform,-1.2,0.5,1.6,8,0.0004546364594372505,0.474250076839285,0.0070533357348010394,39,0.9807367790365825
invariant,uniform,-1.2,0.5,0.05,1,0.017867860952131095,0.07623193771353283,0.01175360817731613,39,1.273035086563957
invariant,uniform,-1.2,0.5,0.05,2,0.0022849722763282716,0.07623193771353283,0.01175360817731613,39,1.273035086563957
invariant,uniform,-1.2,0.5,0.05,3,0.0001367162612050185,0.07623193771353283,0.01175360817731613,39,1.273035086563957
invariant,uniform,-1.2,0.5,0.05,4,4.834926077429697e-05,0.07623193771353283,0.01175360817731613,39,1.273035086563957
invariant,uniform,-1.2,0.5,0.05,5,7.498672224930565e-06,0.07623193771353283,0.01175360817731613,39,1.273035086563957
invariant,uniform,-1.2,0.5,0.05,6,7.687544488712347e-08,0.07623193771353283,0.01175360817731613,39,1.273035086563957
invariant,uniform,-1.2,0.5,0.05,7,4.0285764881250405e-09,0.07623193771353283,0.01175360817731613,39,1.273035086563957
invariant,uniform,-1.2,0.5,0.05,8,2.857742993742035e-10,0.07623193771353283,0.01175360817731613,39,1.273035086563957
invariant,uniform,-1.2,0.5,0.1,1,0.025859675149496834,0.14296914042947972,0.00494313369357407,39,1.3209750678016852
invariant,uniform,-1.2,0.5,0.1,2,0.002852562282013344,0.14296914042947972,0.00494313369357407,39,1.3209750678016852
invariant,uniform,-1.2,0.5,0.1,3,0.00039090908510802614,0.14296914042947972,0.00494313369357407,39,1.3209750678016852
invariant,uniform,-1.2,0.5,0.1,4,4.3870607354304096e-05,0.14296914042947972,0.00494313369357407,39,1.3209750678016852
invariant,uniform,-1.2,0.5,0.1,5,7.611105798378885e-06,0.14296914042947972,0.00494313369357407,39,1.3209750678016852
invariant,uniform,-1.2,0.5,0.1,6,1.5152192726820353e-06,0.14296914042947972,0.00494313369357407,39,1.3209750678016852
invariant,uniform,-1.2,0.5,0.1,7,2.281675028644656e-07,0.14296914042947972,0.00494313369357407,39,1.3209750678016852
invariant,uniform,-1.2,0.5,0.1,8,2.2088391357422818e-08,0.14296914042947972,0.00494313369357407,39,1.3209750678016852
invariant,uniform,-1.2,0.5,0.2,1,0.044177967263474956,0.20613043050995367,0.0048833905143082085,39,1.1031526373400318
invariant,uniform,-1.2,0.5,0.2,2,0.008675400230389874,0.20613043050995367,0.0048833905143082085,39,1.1031526373400318
invariant,uniform,-1.2,0.5,0.2,3,0.0020887262955823663,0.20613043050995367,0.0048833905143082085,39,1.1031526373400318
invariant,uniform,-1.2,0.5,0.2,4,0.0003968198222502957,0.20613043050995367,0.0048833905143082085,39,1.1031526373400318
invariant,uniform,-1.2,0.5,0.2,5,9.414243379090132e-05,0.20613043050995367,0.0048833905143082085,39,1.1031526373400318
invariant,uniform,-1.2,0.5,0.2,6,1.71282482529669e-05,0.20613043050995367,0.0048833905143082085,39,1.1031526373400318
invariant,uniform,-1.2,0.5,0.2,7,4.392536495770945e-06,0.20613043050995367,0.0048833905143082085,39,1.1031526373400318
invariant,uniform,-1.2,0.5,0.2,8,5.652272736614887e-07,0.20613043050995367,0.0048833905143082085,39,1.1031526373400318
invariant,uniform,-1.2,0.5,0.4,1,0.07803965652499396,0.30088472326819726,0.00387805330152728,39,1.023719396123431
invariant,uniform,-1.2,0.5,0.4,2,0.019805769429378155,0.30088472326819726,0.00387805330152728,39,1.023719396123431
invariant,uniform,-1.2,0.5,0.4,3,0.006480034437588612,0.30088472326819726,0.00387805330152728,39,1.023719396123431
invariant,uniform,-1.2,0.5,0.4,4,0.0021235677191396435,0.30088472326819726,0.00387805330152728,39,1.023719396123431
invariant,uniform,-1.2,0.5,0.4,5,0.0005677261242954493,0.30088472326819726,0.00387805330152728,39,1.023719396123431
invariant,uniform,-1.2,0.5,0.4,6,0.00016171916258853617,0.30088472326819726,0.00387805330152728,39,1.023719396123431
invariant,uniform,-1.2,0.5,0.4,7,5.929675133910551e-05,0.30088472326819726,0.00387805330152728,39,1.023719396123431
invariant,uniform,-1.2,0.5,0.4,8,1.601662922371481e-05,0.30088472326819726,0.00387805330152728,39,1.023719396123431
invariant,uniform,-1.2,0.5,0.8,1,0.12201693935087617,0.39396589533006227,0.0031050205927062925,39,0.9854045207167019
invariant,uniform,-1.2,0.5,0.8,2,0.04472851779844102,0.39396589533006227,0.0031050205927062925,39,0.9854045207167019
invariant,uniform,-1.2,0.5,0.8,3,0.016639745729865367,0.39396589533006227,0.0031050205927062925,39,0.9854045207167019
invariant,uniform,-1.2,0.5,0.8,4,0.006844122583715843,0.39396589533006227,0.0031050205927062925,39,0.9854045207167019
invariant,uniform,-1.2,0.5,0.8,5,0.0027630988641402674,0.39396589533006227,0.0031050205927062925,39,0.9854045207167019
invariant,uniform,-1.2,0.5,0.8,6,0.0011592271873354459,0.39396589533006227,0.0031050205927062925,39,0.9854045207167019
invariant,uniform,-1.2,0.5,0.8,7,0.00041049478241803234,0.39396589533006227,0.0031050205927062925,39,0.9854045207167019
invariant,uniform,-1.2,0.5,0.8,8,0.00017347770495263065,0.39396589533006227,0.0031050205927062925,39,0.9854045207167019
invariant,uniform,-1.2,0.5,1.6,1,0.06952869730889075,0.479521904824484,0.003288220092550433,39,1.0083494164015854
invariant,uniform,-1.2,0.5,1.6,2,0.03537577871785156,0.479521904824484,0.003288220092550433,39,1.0083494164015854
invariant,uniform,-1.2,0.5,1.6,3,0.017099609988209,0.479521904824484,0.003288220092550433,39,1.0083494164015854
invariant,uniform,-1.2,0.5,1.6,4,0.008515030857079114,0.479521904824484,0.003288220092550433,39,1.0083494164015854
invariant,uniform,-1.2,0.5,1.6,5,0.0039547021236173005,0.479521904824484,0.003288220092550433,39,1.0083494164015854
invariant,uniform,-1.2,0.5,1.6,6,0.001866409400920422,0.479521904824484,0.003288220092550433,39,1.0083494164015854
invariant,uniform,-1.2,0.5,1.6,7,0.0008274274066584716,0.479521904824484,0.003288220092550433,39,1.0083494164015854
invariant,uniform,-1.2,0.5,1.6,8,0.0004332185585101626,0.479521904824484,0.003288220092550433,39,1.0083494164015854
n01,gauss_mix_kappa0.6,-0.72,0.5,0.05,1,0.006291831741002657,0.0756711902320669,0.0025999401756515183,12,1.2900818398476435
n01,gauss_mix_kappa0.6,-0.72,0.5,0.05,2,0.0005384834530836012,0.0756711902320669,0.0025999401756515183,12,1.2900818398476435
n01,gauss_mix_kappa0.6,-0.72,0.5,0.05,3,3.784259056502517e-05,0.0756711902320669,0.0025999401756515183,12,1.2900818398476435
n01,gauss_mix_kappa0.6,-0.72,0.5,0.05,4,3.632183737963829e-06,0.0756711902320669,0.0025999401756515183,12,1.2900818398476435
n01,gauss_mix_kappa0.6,-0.72,0.5,0.05,5,2.192268626339313e-07,0.0756711902320669,0.0025999401756515183,12,1.2900818398476435
n01,gauss_mix_kappa0.6,-0.72,0.5,0.05,6,1.4956978380437198e-08,0.0756711902320669,0.0025999401756515183,12,1.2900818398476435
n01,gauss_mix_kappa0.6,-0.72,0.5,0.05,7,1.9139332474204667e-09,0.0756711902320669,0.0025999401756515183,12,1.2900818398476435
n01,gauss_mix_kappa0.6,-0.72,0.5,0.05,8,7.429018459421977e-11,0.0756711902320669,0.0025999401756515183,12,1.2900818398476435
n01,gauss_mix_kappa0.6,-0.72,0.5,0.1,1,0.018102128010884535,0.11736073479216307,0.0030609120782086985,12,1.0889244750343205
n01,gauss_mix_kappa0.6,-0.72,0.5,0.1,2,0.0024403931639411743,0.11736073479216307,0.0030609120782086985,12,1.0889244750343205
n01,gauss_mix_kappa0.6,-0.72,0.5,0.1,3,0.0003483969769248391,0.11736073479216307,0.0030609120782086985,12,1.0889244750343205
n01,gauss_mix_kappa0.6,-0.72,0.5,0.1,4,4.2265115757024716e-05,0.11736073479216307,0.0030609120782086985,12,1.0889244750343205
n01,gauss_mix_kappa0.6,-0.72,0.5,0.1,5,3.5669185475301606e-06,0.11736073479216307,0.0030609120782086985,12,1.0889244750343205
n01,gauss_mix_kappa0.6,-0.72,0.5,0.1,6,3.834613444425157e-07,0.11736073479216307,0.0030609120782086985,12,1.0889244750343205
n01,gauss_mix_kappa0.6,-0.72,0.5,0.1,7,5.135262034609439e-08,0.11736073479216307,0.0030609120782086985,12,1.0889244750343205
n01,gauss_mix_kappa0.6,-0.72,0.5,0.1,8,7.143218361435249e-09,0.11736073479216307,0.0030609120782086985,12,1.0889244750343205
n01,gauss_mix_kappa0.6,-0.72,0.5,0.2,1,0.037641011952775714,0.2009026275209795,0.0036772128848319868,12,1.0856068352236563
n01,gauss_mix_kappa0.6,-0.72,0.5,0.2,2,0.00837182102950321,0.2009026275209795,0.0036772128848319868,12,1.0856068352236563
n01,gauss_mix_kappa0.6,-0.72,0.5,0.2,3,0.0016879970351619262,0.2009026275209795,0.0036772128848319868,12,1.0856068352236563
n01,gauss_mix_kappa0.6,-0.72,0.5,0.2,4,0.0003564172033732304,0.2009026275209795,0.0036772128848319868,12,1.0856068352236563
n01,gauss_mix_kappa0.6,-0.72,0.5,0.2,5,5.225509336437643e-05,0.2009026275209795,0.0036772128848319868,12,1.0856068352236563
n01,gauss_mix_kappa0.6,-0.72,0.5,0.2,6,1.1752518481997455e-05,0.2009026275209795,0.0036772128848319868,12,1.0856068352236563
n01,gauss_mix_kappa0.6,-0.72,0.5,0.2,7,2.561914959804421e-06,0.2009026275209795,0.0036772128848319868,12,1.0856068352236563
n01,gauss_mix_kappa0.6,-0.72,0.5,0.2,8,5.825340501261173e-07,0.2009026275209795,0.0036772128848319868,12,1.0856068352236563
n01,gauss_mix_kappa0.6,-0.72,0.5,0.4,1,0.07977318732559412,0.2938546090477817,0.005266429562660487,12,1.0184818728307379
n01,gauss_mix_kappa0.6,-0.72,0.5,0.4,2,0.025052313089022837,0.2938546090477817,0.005266429562660487,12,1.0184818728307379
n01,gauss_mix_kappa0.6,-0.72,0.5,0.4,3,0.0071635148736405845,0.2938546090477817,0.005266429562660487,12,1.0184818728307379
n01,gauss_mix_kappa0.6,-0.72,0.5,0.4,4,0.0017964267418205944,0.2938546090477817,0.005266429562660487,12,1.0184818728307379
n01,gauss_mix_kappa0.6,-0.72,0.5,0.4,5,0.0004663483546823712,0.2938546090477817,0.005266429562660487,12,1.0184818728307379
n01,gauss_mix_kappa0.6,-0.72,0.5,0.4,6,0.00017555960435350977,0.2938546090477817,0.005266429562660487,12,1.0184818728307379
n01,gauss_mix_kappa0.6,-0.72,0.5,0.4,7,5.4180574958427324e-05,0.2938546090477817,0.005266429562660487,12,1.0184818728307379
n01,gauss_mix_kappa0.6,-0.72,0.5,0.4,8,1.5739590910070783e-05,0.2938546090477817,0.005266429562660487,12,1.0184818728307379
n01,gauss_mix_kappa0.6,-0.72,0.5,0.8,1,0.10015594987161983,0.4014235102959986,0.006365867431303054,12,0.9838116849347002
n01,gauss_mix_kappa0.6,-0.72,0.5,0.8,2,0.04650949168232429,0.4014235102959986,0.006365867431303054,12,0.9838116849347002
n01,gauss_mix_kappa0.6,-0.72,0.5,0.8,3,0.02086080037369673,0.4014235102959986,0.006365867431303054,12,0.9838116849347002
n01,gauss_mix_kappa0.6,-0.72,0.5,0.8,4,0.008032172654975479,0.4014235102959986,0.006365867431303054,12,0.9838116849347002
n01,gauss_mix_kappa0.6,-0.72,0.5,0.8,5,0.0026423627349542937,0.4014235102959986,0.006365867431303054,12,0.9838116849347002
n01,gauss_mix_kappa0.6,-0.72,0.5,0.8,6,0.0010697975079073617,0.4014235102959986,0.006365867431303054,12,0.9838116849347002
n01,gauss_mix_kappa0.6,-0.72,0.5,0.8,7,0.00047087605889255263,0.4014235102959986,0.006365867431303054,12,0.9838116849347002
n01,gauss_mix_kappa0.6,-0.72,0.5,0.8,8,0.00019520756543343196,0.4014235102959986,0.006365867431303054,12,0.9838116849347002
n01,gauss_mix_kappa0.6,-0.72,0.5,1.6,1,0.078223941169373,0.47810399415008237,0.003804450058001191,12,0.9870756610921565
n01,gauss_mix_kappa0.6,-0.72,0.5,1.6,2,0.03386165471472308,0.47810399415008237,0.003804450058001191,12,0.9870756610921565
n01,gauss_mix_kappa0.6,-0.72,0.5,1.6,3,0.01589779894159024,0.47810399415008237,0.003804450058001191,12,0.9870756610921565
n01,gauss_mix_kappa0.6,-0.72,0.5,1.6,4,0.00829492686897448,0.47810399415008237,0.003804450058001191,12,0.9870756610921565
n01,gauss_mix_kappa0.6,-0.72,0.5,1.6,5,0.003570444090393663,0.47810399415008237,0.003804450058001191,12,0.9870756610921565
n01,gauss_mix_kappa0.6,-0.72,0.5,1.6,6,0.001826489330130814,0.47810399415008237,0.003804450058001191,12,0.9870756610921565
n01,gauss_mix_kappa0.6,-0.72,0.5,1.6,7,0.0008673238079056167,0.47810399415008237,0.003804450058001191,12,0.9870756610921565
n01,gauss_mix_kappa0.6,-0.72,0.5,1.6,8,0.0004359621560548636,0.47810399415008237,0.003804450058001191,12,0.9870756610921565
n01_exact,gauss_mix_kappa0.6,-0.72,0.5,0.05,1,0.006050711098580756,0.08207019671352268,0.0021891044558131705,12,1.3860222331361254
n01_exact,gauss_mix_kappa0.6,-0.72,0.5,0.05,2,0.00045186115011004214,0.08207019671352268,0.0021891044558131705,12,1.3860222331361254
n01_exact,gauss_mix_kappa0.6,-0.72,0.5,0.05,3,3.281674648520855e-05,0.08207019671352268,0.0021891044558131705,12,1.3860222331361254
n01_exact,gauss_mix_kappa0.6,-0.72,0.5,0.05,4,3.5622909494585454e-06,0.08207019671352268,0.0021891044558131705,12,1.3860222331361254
n01_exact,gauss_mix_kappa0.6,-0.72,0.5,0.05,5,2.2180225076419127e-07,0.08207019671352268,0.0021891044558131705,12,1.3860222331361254
n01_exact,gauss_mix_kappa0.6,-0.72,0.5,0.05,6,2.806215443617894e-08,0.08207019671352268,0.0021891044558131705,12,1.3860222331361254
n01_exact,gauss_mix_kappa0.6,-0.72,0.5,0.05,7,1.8779345989236173e-09,0.08207019671352268,0.0021891044558131705,12,1.3860222331361254
n01_exact,gauss_mix_kappa0.6,-0.72,0.5,0.05,8,1.2104127558327532e-10,0.08207019671352268,0.0021891044558131705,12,1.3860222331361254
n01_exact,gauss_mix_kappa0.6,-0.72,0.5,0.1,1,0.015559387555369857,0.12486298827686877,0.0021607035591830652,12,1.1511888438297473
n01_exact,gauss_mix_kappa0.6,-0.72,0.5,0.1,2,0.002218528587692067,0.12486298827686877,0.0021607035591830652,12,1.1511888438297473
n01_exact,gauss_mix_kappa0.6,-0.72,0.5,0.1,3,0.00027617844336480415,0.12486298827686877,0.0021607035591830652,12,1.1511888438297473
n01_exact,gauss_mix_kappa0.6,-0.72,0.5,0.1,4,2.9334857303532043e-05,0.12486298827686877,0.0021607035591830652,12,1.1511888438297473
n01_exact,gauss_mix_kappa0.6,-0.72,0.5,0.1,5,3.4059796290362913e-06,0.12486298827686877,0.0021607035591830652,12,1.1511888438297473
n01_exact,gauss_mix_kappa0.6,-0.72,0.5,0.1,6,4.6638981292196867e-07,0.12486298827686877,0.0021607035591830652,12,1.1511888438297473
n01_exact,gauss_mix_kappa0.6,-0.72,0.5,0.1,7,5.690715904850497e-08,0.12486298827686877,0.0021607035591830652,12,1.1511888438297473
n01_exact,gauss_mix_kappa0.6,-0.72,0.5,0.1,8,8.916424227606534e-09,0.12486298827686877,0.0021607035591830652,12,1.1511888438297473
n01_exact,gauss_mix_kappa0.6,-0.72,0.5,0.2,1,0.03263568556220422,0.19945152176543146,0.001858502752262555,12,1.0613375484011396
n01_exact,gauss_mix_kappa0.6,-0.72,0.5,0.2,2,0.007165143612496794,0.19945152176543146,0.001858502752262555,12,1.0613375484011396
n01_exact,gauss_mix_kappa0.6,-0.72,0.5,0.2,3,0.0015559920720249786,0.19945152176543146,0.001858502752262555,12,1.0613375484011396
n01_exact,gauss_mix_kappa0.6,-0.72,0.5,0.2,4,0.00029352709332710345,0.19945152176543146,0.001858502752262555,12,1.0613375484011396
n01_exact,gauss_mix_kappa0.6,-0.72,0.5,0.2,5,5.403286135188248e-05,0.19945152176543146,0.001858502752262555,12,1.0613375484011396
n01_exact,gauss_mix_kappa0.6,-0.72,0.5,0.2,6,1.0709702930964335e-05,0.19945152176543146,0.001858502752262555,12,1.0613375484011396
n01_exact,gauss_mix_kappa0.6,-0.72,0.5,0.2,7,2.2169673511971837e-06,0.19945152176543146,0.001858502752262555,12,1.0613375484011396
n01_exact,gauss_mix_kappa0.6,-0.72,0.5,0.2,8,4.468592167148481e-07,0.19945152176543146,0.001858502752262555,12,1.0613375484011396
n01_exact,gauss_mix_kappa0.6,-0.72,0.5,0.4,1,0.08286034091117007,0.29125103769157523,0.0034740914970562303,12,0.9875439758050446
n01_exact,gauss_mix_kappa0.6,-0.72,0.5,0.4,2,0.026301674453946603,0.29125103769157523,0.0034740914970562303,12,0.9875439758050446
n01_exact,gauss_mix_kappa0.6,-0.72,0.5,0.4,3,0.006819322288106077,0.29125103769157523,0.0034740914970562303,12,0.9875439758050446
n01_exact,gauss_mix_kappa0.6,-0.72,0.5,0.4,4,0.0019678876672544975,0.29125103769157523,0.0034740914970562303,12,0.9875439758050446
n01_exact,gauss_mix_kappa0.6,-0.72,0.5,0.4,5,0.0005751861010781657,0.29125103769157523,0.0034740914970562303,12,0.9875439758050446
n01_exact,gauss_mix_kappa0.6,-0.72,0.5,0.4,6,0.00015210595840391218,0.29125103769157523,0.0034740914970562303,12,0.9875439758050446
n01_exact,gauss_mix_kappa0.6,-0.72,0.5,0.4,7,5.303032090361694e-05,0.29125103769157523,0.0034740914970562303,12,0.9875439758050446
n01_exact,gauss_mix_kappa0.6,-0.72,0.5,0.4,8,1.5813354500608043e-05,0.29125103769157523,0.0034740914970562303,12,0.9875439758050446
n01_exact,gauss_mix_kappa0.6,-0.72,0.5,0.8,1,0.11373102366353788,0.4005016254763848,0.0010712009222933747,12,0.994993991970894
n01_exact,gauss_mix_kappa0.6,-0.72,0.5,0.8,2,0.04402649354292127,0.4005016254763848,0.0010712009222933747,12,0.994993991970894
n01_exact,gauss_mix_kappa0.6,-0.72,0.5,0.8,3,0.018098921584889356,0.4005016254763848,0.0010712009222933747,12,0.994993991970894
n01_exact,gauss_mix_kappa0.6,-0.72,0.5,0.8,4,0.007142434831588495,0.4005016254763848,0.0010712009222933747,12,0.994993991970894
n01_exact,gauss_mix_kappa0.6,-0.72,0.5,0.8,5,0.00293225204363596,0.4005016254763848,0.0010712009222933747,12,0.994993991970894
n01_exact,gauss_mix_kappa0.6,-0.72,0.5,0.8,6,0.0011843441967374743,0.4005016254763848,0.0010712009222933747,12,0.994993991970894
n01_exact,gauss_mix_kappa0.6,-0.72,0.5,0.8,7,0.0004553752020942916,0.4005016254763848,0.0010712009222933747,12,0.994993991970894
n01_exact,gauss_mix_kappa0.6,-0.72,0.5,0.8,8,0.0001853412913559828,0.4005016254763848,0.0010712009222933747,12,0.994993991970894
n01_exact,gauss_mix_kappa0.6,-0.72,0.5,1.6,1,0.07325100164091547,0.47894783381559053,0.005304835392549379,12,0.9904516178329078
n01_exact,gauss_mix_kappa0.6,-0.72,0.5,1.6,2,0.03324272963935206,0.47894783381559053,0.005304835392549379,12,0.9904516178329078
n01_exact,gauss_mix_kappa0.6,-0.72,0.5,1.6,3,0.017900901433191996,0.47894783381559053,0.005304835392549379,12,0.9904516178329078
n01_exact,gauss_mix_kappa0.6,-0.72,0.5,1.6,4,0.00843529661979172,0.47894783381559053,0.005304835392549379,12,0.9904516178329078
n01_exact,gauss_mix_kappa0.6,-0.72,0.5,1.6,5,0.0036711538856754305,0.47894783381559053,0.005304835392549379,12,0.9904516178329078
n01_exact,gauss_mix_kappa0.6,-0.72,0.5,1.6,6,0.001927351437719987,0.47894783381559053,0.005304835392549379,12,0.9904516178329078
n01_exact,gauss_mix_kappa0.6,-0.72,0.5,1.6,7,0.00097836563370828,0.47894783381559053,0.005304835392549379,12,0.9904516178329078
n01_exact,gauss_mix_kappa0.6,-0.72,0.5,1.6,8,0.0003876300518837175,0.47894783381559053,0.005304835392549379,12,0.9904516178329078
invariant,gauss_mix_kappa0.6,-0.72,0.5,0.05,1,0.007877138376187611,0.07832196966873439,0.0012398971884843512,12,1.3079375708876517
invariant,gauss_mix_kappa0.6,-0.72,0.5,0.05,2,0.000528458776656822,0.07832196966873439,0.0012398971884843512,12,1.3079375708876517
invariant,gauss_mix_kappa0.6,-0.72,0.5,0.05,3,4.4755410405860996e-05,0.07832196966873439,0.0012398971884843512,12,1.3079375708876517
invariant,gauss_mix_kappa0.6,-0.72,0.5,0.05,4,3.228128176559876e-06,0.07832196966873439,0.0012398971884843512,12,1.3079375708876517
invariant,gauss_mix_kappa0.6,-0.72,0.5,0.05,5,2.908799337364607e-07,0.07832196966873439,0.0012398971884843512,12,1.3079375708876517
invariant,gauss_mix_kappa0.6,-0.72,0.5,0.05,6,2.4437051962288087e-08,0.07832196966873439,0.0012398971884843512,12,1.3079375708876517
invariant,gauss_mix_kappa0.6,-0.72,0.5,0.05,7,1.4520424453262565e-09,0.07832196966873439,0.0012398971884843512,12,1.3079375708876517
invariant,gauss_mix_kappa0.6,-0.72,0.5,0.05,8,1.3893071995432128e-10,0.07832196966873439,0.0012398971884843512,12,1.3079375708876517
invariant,gauss_mix_kappa0.6,-0.72,0.5,0.1,1,0.01745777901598208,0.11922249814405309,0.002182439415839279,12,1.1015660239421357
invariant,gauss_mix_kappa0.6,-0.72,0.5,0.1,2,0.0019277523142079162,0.11922249814405309,0.002182439415839279,12,1.1015660239421357
invariant,gauss_mix_kappa0.6,-0.72,0.5,0.1,3,0.00027170794809265944,0.11922249814405309,0.002182439415839279,12,1.1015660239421357
invariant,gauss_mix_kappa0.6,-0.72,0.5,0.1,4,2.9773240970049142e-05,0.11922249814405309,0.002182439415839279,12,1.1015660239421357
invariant,gauss_mix_kappa0.6,-0.72,0.5,0.1,5,3.3723501651800945e-06,0.11922249814405309,0.002182439415839279,12,1.1015660239421357
invariant,gauss_mix_kappa0.6,-0.72,0.5,0.1,6,3.26927800256643e-07,0.11922249814405309,0.002182439415839279,12,1.1015660239421357
invariant,gauss_mix_kappa0.6,-0.72,0.5,0.1,7,5.058863387723219e-08,0.11922249814405309,0.002182439415839279,12,1.1015660239421357
invariant,gauss_mix_kappa0.6,-0.72,0.5,0.1,8,6.558970088013763e-09,0.11922249814405309,0.002182439415839279,12,1.1015660239421357
invariant,gauss_mix_kappa0.6,-0.72,0.5,0.2,1,0.044598769216368545,0.1960695284623527,0.003360076904992009,12,1.0493094924905635
invariant,gauss_mix_kappa0.6,-0.72,0.5,0.2,2,0.006489549782798397,0.1960695284623527,0.003360076904992009,12,1.0493094924905635
invariant,gauss_mix_kappa0.6,-0.72,0.5,0.2,3,0.0014288320302212854,0.1960695284623527,0.003360076904992009,12,1.0493094924905635
invariant,gauss_mix_kappa0.6,-0.72,0.5,0.2,4,0.00026875578645451975,0.1960695284623527,0.003360076904992009,12,1.0493094924905635
invariant,gauss_mix_kappa0.6,-0.72,0.5,0.2,5,5.631902071708753e-05,0.1960695284623527,0.003360076904992009,12,1.0493094924905635
invariant,gauss_mix_kappa0.6,-0.72,0.5,0.2,6,9.872137061888758e-06,0.1960695284623527,0.003360076904992009,12,1.0493094924905635
invariant,gauss_mix_kappa0.6,-0.72,0.5,0.2,7,2.4202361494040024e-06,0.1960695284623527,0.003360076904992009,12,1.0493094924905635
invariant,gauss_mix_kappa0.6,-0.72,0.5,0.2,8,4.2656629259772043e-07,0.1960695284623527,0.003360076904992009,12,1.0493094924905635
invariant,gauss_mix_kappa0.6,-0.72,0.5,0.4,1,0.07583287015439659,0.29739718623893585,0.0025743510072170996,12,1.0118535251587186
invariant,gauss_mix_kappa0.6,-0.72,0.5,0.4,2,0.0210788793012909,0.29739718623893585,0.0025743510072170996,12,1.0118535251587186
invariant,gauss_mix_kappa0.6,-0.72,0.5,0.4,3,0.00641933391222354,0.29739718623893585,0.0025743510072170996,12,1.0118535251587186
invariant,gauss_mix_kappa0.6,-0.72,0.5,0.4,4,0.0017460215056363788,0.29739718623893585,0.0025743510072170996,12,1.0118535251587186
invariant,gauss_mix_kappa0.6,-0.72,0.5,0.4,5,0.0005210910274407351,0.29739718623893585,0.0025743510072170996,12,1.0118535251587186
invariant,gauss_mix_kappa0.6,-0.72,0.5,0.4,6,0.0001640233599885156,0.29739718623893585,0.0025743510072170996,12,1.0118535251587186
invariant,gauss_mix_kappa0.6,-0.72,0.5,0.4,7,5.2716854454774535e-05,0.29739718623893585,0.0025743510072170996,12,1.0118535251587186
invariant,gauss_mix_kappa0.6,-0.72,0.5,0.4,8,1.499525613186776e-05,0.29739718623893585,0.0025743510072170996,12,1.0118535251587186
invariant,gauss_mix_kappa0.6,-0.72,0.5,0.8,1,0.11258697650277642,0.4053629414310937,0.0037005265075909714,12,1.0139113048924338
invariant,gauss_mix_kappa0.6,-0.72,0.5,0.8,2,0.04112419340436007,0.4053629414310937,0.0037005265075909714,12,1.0139113048924338
invariant,gauss_mix_kappa0.6,-0.72,0.5,0.8,3,0.01799154740780444,0.4053629414310937,0.0037005265075909714,12,1.0139113048924338
invariant,gauss_mix_kappa0.6,-0.72,0.5,0.8,4,0.006382864211239735,0.4053629414310937,0.0037005265075909714,12,1.0139113048924338
invariant,gauss_mix_kappa0.6,-0.72,0.5,0.8,5,0.0027224023137710617,0.4053629414310937,0.0037005265075909714,12,1.0139113048924338
invariant,gauss_mix_kappa0.6,-0.72,0.5,0.8,6,0.0011293950189488256,0.4053629414310937,0.0037005265075909714,12,1.0139113048924338
invariant,gauss_mix_kappa0.6,-0.72,0.5,0.8,7,0.0004740871035170073,0.4053629414310937,0.0037005265075909714,12,1.0139113048924338
invariant,gauss_mix_kappa0.6,-0.72,0.5,0.8,8,0.00019869079187878738,0.4053629414310937,0.0037005265075909714,12,1.0139113048924338
invariant,gauss_mix_kappa0.6,-0.72,0.5,1.6,1,0.07357774829881487,0.47612954284671427,0.004930991138636735,12,1.0012158815492849
invariant,gauss_mix_kappa0.6,-0.72,0.5,1.6,2,0.034228390570547086,0.47612954284671427,0.004930991138636735,12,1.0012158815492849
invariant,gauss_mix_kappa0.6,-0.72,0.5,1.6,3,0.01656883480444428,0.47612954284671427,0.004930991138636735,12,1.0012158815492849
invariant,gauss_mix_kappa0.6,-0.72,0.5,1.6,4,0.00783461726425072,0.47612954284671427,0.004930991138636735,12,1.0012158815492849
invariant,gauss_mix_kappa0.6,-0.72,0.5,1.6,5,0.0038667247592669095,0.47612954284671427,0.004930991138636735,12,1.0012158815492849
invariant,gauss_mix_kappa0.6,-0.72,0.5,1.6,6,0.0020771177575160827,0.47612954284671427,0.004930991138636735,12,1.0012158815492849
invariant,gauss_mix_kappa0.6,-0.72,0.5,1.6,7,0.000839004654706566,0.47612954284671427,0.004930991138636735,12,1.0012158815492849
invariant,gauss_mix_kappa0.6,-0.72,0.5,1.6,8,0.00038036626399233796,0.47612954284671427,0.004930991138636735,12,1.0012158815492849
n01,gauss_mix_kappa0.9,-1.62,0.5,0.05,1,0.04771530796084991,0.27090325678657107,0.0028852139519412153,13,4.618499733704957
n01,gauss_mix_kappa0.9,-1.62,0.5,0.05,2,0.01509909660373154,0.27090325678657107,0.0028852139519412153,13,4.618499733704957
n01,gauss_mix_kappa0.9,-1.62,0.5,0.05,3,0.0036310664637682504,0.27090325678657107,0.0028852139519412153,13,4.618499733704957
n01,gauss_mix_kappa0.9,-1.62,0.5,0.05,4,0.0009771119062851968,0.27090325678657107,0.0028852139519412153,13,4.618499733704957
n01,gauss_mix_kappa0.9,-1.62,0.5,0.05,5,0.00028808973188016655,0.27090325678657107,0.0028852139519412153,13,4.618499733704957
n01,gauss_mix_kappa0.9,-1.62,0.5,0.05,6,6.959600065940916e-05,0.27090325678657107,0.0028852139519412153,13,4.618499733704957
n01,gauss_mix_kappa0.9,-1.62,0.5,0.05,7,1.8736355651352578e-05,0.27090325678657107,0.0028852139519412153,13,4.618499733704957
n01,gauss_mix_kappa0.9,-1.62,0.5,0.05,8,5.756471656974787e-06,0.27090325678657107,0.0028852139519412153,13,4.618499733704957
n01,gauss_mix_kappa0.9,-1.62,0.5,0.1,1,0.07246974371231321,0.32815345531527745,0.004546471691963064,13,3.044751975119266
n01,gauss_mix_kappa0.9,-1.62,0.5,0.1,2,0.022883520578315487,0.32815345531527745,0.004546471691963064,13,3.044751975119266
n01,gauss_mix_kappa0.9,-1.62,0.5,0.1,3,0.006507410266093941,0.32815345531527745,0.004546471691963064,13,3.044751975119266
n01,gauss_mix_kappa0.9,-1.62,0.5,0.1,4,0.002769319203163379,0.32815345531527745,0.004546471691963064,13,3.044751975119266
n01,gauss_mix_kappa0.9,-1.62,0.5,0.1,5,0.0008752375965904172,0.32815345531527745,0.004546471691963064,13,3.044751975119266
n01,gauss_mix_kappa0.9,-1.62,0.5,0.1,6,0.0002451432681299535,0.32815345531527745,0.004546471691963064,13,3.044751975119266
n01,gauss_mix_kappa0.9,-1.62,0.5,0.1,7,8.69318556395147e-05,0.32815345531527745,0.004546471691963064,13,3.044751975119266
n01,gauss_mix_kappa0.9,-1.62,0.5,0.1,8,2.9083193810880037e-05,0.32815345531527745,0.004546471691963064,13,3.044751975119266
n01,gauss_mix_kappa0.9,-1.62,0.5,0.2,1,0.06757758719833833,0.30072070935316664,0.0048187052828367735,13,1.6249884911685029
n01,gauss_mix_kappa0.9,-1.62,0.5,0.2,2,0.02205302742446155,0.30072070935316664,0.0048187052828367735,13,1.6249884911685029
n01,gauss_mix_kappa0.9,-1.62,0.5,0.2,3,0.006560046862437575,0.30072070935316664,0.0048187052828367735,13,1.6249884911685029
n01,gauss_mix_kappa0.9,-1.62,0.5,0.2,4,0.0021225251772126756,0.30072070935316664,0.0048187052828367735,13,1.6249884911685029
n01,gauss_mix_kappa0.9,-1.62,0.5,0.2,5,0.0005475791043977055,0.30072070935316664,0.0048187052828367735,13,1.6249884911685029
n01,gauss_mix_kappa0.9,-1.62,0.5,0.2,6,0.00014714880159400154,0.30072070935316664,0.0048187052828367735,13,1.6249884911685029
n01,gauss_mix_kappa0.9,-1.62,0.5,0.2,7,4.920999476489071e-05,0.30072070935316664,0.0048187052828367735,13,1.6249884911685029
n01,gauss_mix_kappa0.9,-1.62,0.5,0.2,8,1.7884103398853597e-05,0.30072070935316664,0.0048187052828367735,13,1.6249884911685029
n01,gauss_mix_kappa0.9,-1.62,0.5,0.4,1,0.0881708847202763,0.31070755166460895,0.002102912484844781,13,1.0768931280249832
n01,gauss_mix_kappa0.9,-1.62,0.5,0.4,2,0.028513873234952112,0.31070755166460895,0.002102912484844781,13,1.0768931280249832
n01,gauss_mix_kappa0.9,-1.62,0.5,0.4,3,0.008255826793809857,0.31070755166460895,0.002102912484844781,13,1.0768931280249832
n01,gauss_mix_kappa0.9,-1.62,0.5,0.4,4,0.002632867659552432,0.31070755166460895,0.002102912484844781,13,1.0768931280249832
n01,gauss_mix_kappa0.9,-1.62,0.5,0.4,5,0.0008405057408595223,0.31070755166460895,0.002102912484844781,13,1.0768931280249832
n01,gauss_mix_kappa0.9,-1.62,0.5,0.4,6,0.0002697840768430806,0.31070755166460895,0.002102912484844781,13,1.0768931280249832
n01,gauss_mix_kappa0.9,-1.62,0.5,0.4,7,8.414551214481141e-05,0.31070755166460895,0.002102912484844781,13,1.0768931280249832
n01,gauss_mix_kappa0.9,-1.62,0.5,0.4,8,2.33505187787253e-05,0.31070755166460895,0.002102912484844781,13,1.0768931280249832
n01,gauss_mix_kappa0.9,-1.62,0.5,0.8,1,0.10266726099800923,0.4083187347946634,0.0027056927395882843,13,1.000710551737575
n01,gauss_mix_kappa0.9,-1.62,0.5,0.8,2,0.03758753743036514,0.4083187347946634,0.0027056927395882843,13,1.000710551737575
n01,gauss_mix_kappa0.9,-1.62,0.5,0.8,3,0.017181958995576615,0.4083187347946634,0.0027056927395882843,13,1.000710551737575
n01,gauss_mix_kappa0.9,-1.62,0.5,0.8,4,0.006713894982497404,0.4083187347946634,0.0027056927395882843,13,1.000710551737575
n01,gauss_mix_kappa0.9,-1.62,0.5,0.8,5,0.0026514423822999716,0.4083187347946634,0.0027056927395882843,13,1.000710551737575
n01,gauss_mix_kappa0.9,-1.62,0.5,0.8,6,0.0010911513650583029,0.4083187347946634,0.0027056927395882843,13,1.000710551737575
n01,gauss_mix_kappa0.9,-1.62,0.5,0.8,7,0.00045331543773523194,0.4083187347946634,0.0027056927395882843,13,1.000710551737575
n01,gauss_mix_kappa0.9,-1.62,0.5,0.8,8,0.00019257743754448609,0.4083187347946634,0.0027056927395882843,13,1.000710551737575
n01,gauss_mix_kappa0.9,-1.62,0.5,1.6,1,0.07601793458069994,0.47257975775984024,0.0029152097475356525,13,0.9756705288329688
n01,gauss_mix_kappa0.9,-1.62,0.5,1.6,2,0.03747669889740972,0.47257975775984024,0.0029152097475356525,13,0.9756705288329688
n01,gauss_mix_kappa0.9,-1.62,0.5,1.6,3,0.017967654248414962,0.47257975775984024,0.0029152097475356525,13,0.9756705288329688
n01,gauss_mix_kappa0.9,-1.62,0.5,1.6,4,0.008471399740109596,0.47257975775984024,0.0029152097475356525,13,0.9756705288329688
n01,gauss_mix_kappa0.9,-1.62,0.5,1.6,5,0.004142344739367248,0.47257975775984024,0.0029152097475356525,13,0.9756705288329688
n01,gauss_mix_kappa0.9,-1.62,0.5,1.6,6,0.0018819627010522063,0.47257975775984024,0.0029152097475356525,13,0.9756705288329688
n01,gauss_mix_kappa0.9,-1.62,0.5,1.6,7,0.0008213504938665346,0.47257975775984024,0.0029152097475356525,13,0.9756705288329688
n01,gauss_mix_kappa0.9,-1.62,0.5,1.6,8,0.0004208423733860527,0.47257975775984024,0.0029152097475356525,13,0.9756705288329688
n01_exact,gauss_mix_kappa0.9,-1.62,0.5,0.05,1,0.04502647216012278,0.2800129557083293,0.00559523019431776,13,4.728929595875548
n01_exact,gauss_mix_kappa0.9,-1.62,0.5,0.05,2,0.010863097487572996,0.2800129557083293,0.00559523019431776,13,4.728929595875548
n01_exact,gauss_mix_kappa0.9,-1.62,0.5,0.05,3,0.0033946631958751794,0.2800129557083293,0.00559523019431776,13,4.728929595875548
n01_exact,gauss_mix_kappa0.9,-1.62,0.5,0.05,4,0.0012024390469513211,0.2800129557083293,0.00559523019431776,13,4.728929595875548
n01_exact,gauss_mix_kappa0.9,-1.62,0.5,0.05,5,0.0002809087237380528,0.2800129557083293,0.00559523019431776,13,4.728929595875548
n01_exact,gauss_mix_kappa0.9,-1.62,0.5,0.05,6,8.271107558504133e-05,0.2800129557083293,0.00559523019431776,13,4.728929595875548
n01_exact,gauss_mix_kappa0.9,-1.62,0.5,0.05,7,2.3190714833516832e-05,0.2800129557083293,0.00559523019431776,13,4.728929595875548
n01_exact,gauss_mix_kappa0.9,-1.62,0.5,0.05,8,5.1145174300844016e-06,0.2800129557083293,0.00559523019431776,13,4.728929595875548
n01_exact,gauss_mix_kappa0.9,-1.62,0.5,0.1,1,0.060400415151973384,0.33012505973866124,0.002833792987047654,13,3.0436263866846645
n01_exact,gauss_mix_kappa0.9,-1.62,0.5,0.1,2,0.02140763806626589,0.33012505973866124,0.002833792987047654,13,3.0436263866846645
n01_exact,gauss_mix_kappa0.9,-1.62,0.5,0.1,3,0.006618096308987256,0.33012505973866124,0.002833792987047654,13,3.0436263866846645
n01_exact,gauss_mix_kappa0.9,-1.62,0.5,0.1,4,0.0021346118608485403,0.33012505973866124,0.002833792987047654,13,3.0436263866846645
n01_exact,gauss_mix_kappa0.9,-1.62,0.5,0.1,5,0.0007826539991793497,0.33012505973866124,0.002833792987047654,13,3.0436263866846645
n01_exact,gauss_mix_kappa0.9,-1.62,0.5,0.1,6,0.00024339739150804122,0.33012505973866124,0.002833792987047654,13,3.0436263866846645
n01_exact,gauss_mix_kappa0.9,-1.62,0.5,0.1,7,8.615820713715081e-05,0.33012505973866124,0.002833792987047654,13,3.0436263866846645
n01_exact,gauss_mix_kappa0.9,-1.62,0.5,0.1,8,2.472239642899502e-05,0.33012505973866124,0.002833792987047654,13,3.0436263866846645
n01_exact,gauss_mix_kappa0.9,-1.62,0.5,0.2,1,0.05771828126088153,0.31762781904188875,0.008057356437247481,13,1.6901868072101434
n01_exact,gauss_mix_kappa0.9,-1.62,0.5,0.2,2,0.020147245167936582,0.31762781904188875,0.008057356437247481,13,1.6901868072101434
n01_exact,gauss_mix_kappa0.9,-1.62,0.5,0.2,3,0.00532799697721874,0.31762781904188875,0.008057356437247481,13,1.6901868072101434
n01_exact,gauss_mix_kappa0.9,-1.62,0.5,0.2,4,0.0016749026802457855,0.31762781904188875,0.008057356437247481,13,1.6901868072101434
n01_exact,gauss_mix_kappa0.9,-1.62,0.5,0.2,5,0.0007323931978798771,0.31762781904188875,0.008057356437247481,13,1.6901868072101434
n01_exact,gauss_mix_kappa0.9,-1.62,0.5,0.2,6,0.0002311674800111805,0.31762781904188875,0.008057356437247481,13,1.6901868072101434
n01_exact,gauss_mix_kappa0.9,-1.62,0.5,0.2,7,4.814903167821987e-05,0.31762781904188875,0.008057356437247481,13,1.6901868072101434
n01_exact,gauss_mix_kappa0.9,-1.62,0.5,0.2,8,1.9599068429346655e-05,0.31762781904188875,0.008057356437247481,13,1.6901868072101434
n01_exact,gauss_mix_kappa0.9,-1.62,0.5,0.4,1,0.09148516437674867,0.31393660827950093,0.004417342443925201,13,1.064463868518114
n01_exact,gauss_mix_kappa0.9,-1.62,0.5,0.4,2,0.0238285574319865,0.31393660827950093,0.004417342443925201,13,1.064463868518114
n01_exact,gauss_mix_kappa0.9,-1.62,0.5,0.4,3,0.007046841339713459,0.31393660827950093,0.004417342443925201,13,1.064463868518114
n01_exact,gauss_mix_kappa0.9,-1.62,0.5,0.4,4,0.002420034078496424,0.31393660827950093,0.004417342443925201,13,1.064463868518114
n01_exact,gauss_mix_kappa0.9,-1.62,0.5,0.4,5,0.0008794090858392715,0.31393660827950093,0.004417342443925201,13,1.064463868518114
n01_exact,gauss_mix_kappa0.9,-1.62,0.5,0.4,6,0.00023939313250732956,0.31393660827950093,0.004417342443925201,13,1.064463868518114
n01_exact,gauss_mix_kappa0.9,-1.62,0.5,0.4,7,7.959332661560623e-05,0.31393660827950093,0.004417342443925201,13,1.064463868518114
n01_exact,gauss_mix_kappa0.9,-1.62,0.5,0.4,8,2.4238689394336235e-05,0.31393660827950093,0.004417342443925201,13,1.064463868518114
n01_exact,gauss_mix_kappa0.9,-1.62,0.5,0.8,1,0.10905034100408491,0.4106778330348413,0.0035822399832345273,13,1.020275450865522
n01_exact,gauss_mix_kappa0.9,-1.62,0.5,0.8,2,0.03778532366828393,0.4106778330348413,0.0035822399832345273,13,1.020275450865522
n01_exact,gauss_mix_kappa0.9,-1.62,0.5,0.8,3,0.01583978769213172,0.4106778330348413,0.0035822399832345273,13,1.020275450865522
n01_exact,gauss_mix_kappa0.9,-1.62,0.5,0.8,4,0.0067813038886986015,0.4106778330348413,0.0035822399832345273,13,1.020275450865522
n01_exact,gauss_mix_kappa0.9,-1.62,0.5,0.8,5,0.0028534156310121993,0.4106778330348413,0.0035822399832345273,13,1.020275450865522
n01_exact,gauss_mix_kappa0.9,-1.62,0.5,0.8,6,0.0011255448592129298,0.4106778330348413,0.0035822399832345273,13,1.020275450865522
n01_exact,gauss_mix_kappa0.9,-1.62,0.5,0.8,7,0.0004774274649620055,0.4106778330348413,0.0035822399832345273,13,1.020275450865522
n01_exact,gauss_mix_kappa0.9,-1.62,0.5,0.8,8,0.00020022853158607002,0.4106778330348413,0.0035822399832345273,13,1.020275450865522
n01_exact,gauss_mix_kappa0.9,-1.62,0.5,1.6,1,0.06470160778964758,0.4868522129161145,0.0030657869013796385,13,1.0067976674761618
n01_exact,gauss_mix_kappa0.9,-1.62,0.5,1.6,2,0.03418653218173063,0.4868522129161145,0.0030657869013796385,13,1.0067976674761618
n01_exact,gauss_mix_kappa0.9,-1.62,0.5,1.6,3,0.01609367687348509,0.4868522129161145,0.0030657869013796385,13,1.0067976674761618
n01_exact,gauss_mix_kappa0.9,-1.62,0.5,1.6,4,0.007886205695165988,0.4868522129161145,0.0030657869013796385,13,1.0067976674761618
n01_exact,gauss_mix_kappa0.9,-1.62,0.5,1.6,5,0.0038438213530856175,0.4868522129161145,0.0030657869013796385,13,1.0067976674761618
n01_exact,gauss_mix_kappa0.9,-1.62,0.5,1.6,6,0.0019431007865029922,0.4868522129161145,0.0030657869013796385,13,1.0067976674761618
n01_exact,gauss_mix_kappa0.9,-1.62,0.5,1.6,7,0.0009268739912121262,0.4868522129161145,0.0030657869013796385,13,1.0067976674761618
n01_exact,gauss_mix_kappa0.9,-1.62,0.5,1.6,8,0.0004139346524518791,0.4868522129161145,0.0030657869013796385,13,1.0067976674761618
invariant,gauss_mix_kappa0.9,-1.62,0.5,0.05,1,0.04547294492635745,0.2794192950617409,0.004536911674923411,13,4.666161941380335
invariant,gauss_mix_kappa0.9,-1.62,0.5,0.05,2,0.01131575849349414,0.2794192950617409,0.004536911674923411,13,4.666161941380335
invariant,gauss_mix_kappa0.9,-1.62,0.5,0.05,3,0.0043652399451836466,0.2794192950617409,0.004536911674923411,13,4.666161941380335
invariant,gauss_mix_kappa0.9,-1.62,0.5,0.05,4,0.001027469339755935,0.2794192950617409,0.004536911674923411,13,4.666161941380335
invariant,gauss_mix_kappa0.9,-1.62,0.5,0.05,5,0.00026122568818131187,0.2794192950617409,0.004536911674923411,13,4.666161941380335
invariant,gauss_mix_kappa0.9,-1.62,0.5,0.05,6,8.248287127606162e-05,0.2794192950617409,0.004536911674923411,13,4.666161941380335
invariant,gauss_mix_kappa0.9,-1.62,0.5,0.05,7,2.0620731751914006e-05,0.2794192950617409,0.004536911674923411,13,4.666161941380335
invariant,gauss_mix_kappa0.9,-1.62,0.5,0.05,8,6.211535037575128e-06,0.2794192950617409,0.004536911674923411,13,4.666161941380335
invariant,gauss_mix_kappa0.9,-1.62,0.5,0.1,1,0.06017180484089945,0.32138219617681535,0.00564675855582872,13,2.969437090477079
invariant,gauss_mix_kappa0.9,-1.62,0.5,0.1,2,0.019835063491684186,0.32138219617681535,0.00564675855582872,13,2.969437090477079
invariant,gauss_mix_kappa0.9,-1.62,0.5,0.1,3,0.008101090225929242,0.32138219617681535,0.00564675855582872,13,2.969437090477079
invariant,gauss_mix_kappa0.9,-1.62,0.5,0.1,4,0.002414992074089977,0.32138219617681535,0.00564675855582872,13,2.969437090477079
invariant,gauss_mix_kappa0.9,-1.62,0.5,0.1,5,0.0006643276082415266,0.32138219617681535,0.00564675855582872,13,2.969437090477079
invariant,gauss_mix_kappa0.9,-1.62,0.5,0.1,6,0.00020477988040691088,0.32138219617681535,0.00564675855582872,13,2.969437090477079
invariant,gauss_mix_kappa0.9,-1.62,0.5,0.1,7,7.950714199658125e-05,0.32138219617681535,0.00564675855582872,13,2.969437090477079
invariant,gauss_mix_kappa0.9,-1.62,0.5,0.1,8,2.1899381058613576e-05,0.32138219617681535,0.00564675855582872,13,2.969437090477079
invariant,gauss_mix_kappa0.9,-1.62,0.5,0.2,1,0.06860470071365464,0.31638784585124413,0.006822085098622772,13,1.6932196071665297
invariant,gauss_mix_kappa0.9,-1.62,0.5,0.2,2,0.0236913133782669,0.31638784585124413,0.006822085098622772,13,1.6932196071665297
invariant,gauss_mix_kappa0.9,-1.62,0.5,0.2,3,0.006105604270066076,0.31638784585124413,0.006822085098622772,13,1.6932196071665297
invariant,gauss_mix_kappa0.9,-1.62,0.5,0.2,4,0.001875203418724169,0.31638784585124413,0.006822085098622772,13,1.6932196071665297
invariant,gauss_mix_kappa0.9,-1.62,0.5,0.2,5,0.0005467609142744297,0.31638784585124413,0.006822085098622772,13,1.6932196071665297
invariant,gauss_mix_kappa0.9,-1.62,0.5,0.2,6,0.00019469266348019263,0.31638784585124413,0.006822085098622772,13,1.6932196071665297
invariant,gauss_mix_kappa0.9,-1.62,0.5,0.2,7,8.11125581697006e-05,0.31638784585124413,0.006822085098622772,13,1.6932196071665297
invariant,gauss_mix_kappa0.9,-1.62,0.5,0.2,8,2.0788984496232263e-05,0.31638784585124413,0.006822085098622772,13,1.6932196071665297
invariant,gauss_mix_kappa0.9,-1.62,0.5,0.4,1,0.08236732736673046,0.3126417940338629,0.0036320452418479583,13,1.0637212322209029
invariant,gauss_mix_kappa0.9,-1.62,0.5,0.4,2,0.026257982202281736,0.3126417940338629,0.0036320452418479583,13,1.0637212322209029
invariant,gauss_mix_kappa0.9,-1.62,0.5,0.4,3,0.00849417917815352,0.3126417940338629,0.0036320452418479583,13,1.0637212322209029
invariant,gauss_mix_kappa0.9,-1.62,0.5,0.4,4,0.0030319674128722503,0.3126417940338629,0.0036320452418479583,13,1.0637212322209029
invariant,gauss_mix_kappa0.9,-1.62,0.5,0.4,5,0.0007889902308218531,0.3126417940338629,0.0036320452418479583,13,1.0637212322209029
invariant,gauss_mix_kappa0.9,-1.62,0.5,0.4,6,0.0002668519380352271,0.3126417940338629,0.0036320452418479583,13,1.0637212322209029
invariant,gauss_mix_kappa0.9,-1.62,0.5,0.4,7,8.408850220206196e-05,0.3126417940338629,0.0036320452418479583,13,1.0637212322209029
invariant,gauss_mix_kappa0.9,-1.62,0.5,0.4,8,2.321259170129864e-05,0.3126417940338629,0.0036320452418479583,13,1.0637212322209029
invariant,gauss_mix_kappa0.9,-1.62,0.5,0.8,1,0.1149855098520957,0.39942874992241845,0.004639364655595418,13,0.9990684486737548
invariant,gauss_mix_kappa0.9,-1.62,0.5,0.8,2,0.0465108864551942,0.39942874992241845,0.004639364655595418,13,0.9990684486737548
invariant,gauss_mix_kappa0.9,-1.62,0.5,0.8,3,0.018060777252134806,0.39942874992241845,0.004639364655595418,13,0.9990684486737548
invariant,gauss_mix_kappa0.9,-1.62,0.5,0.8,4,0.006952595713916559,0.39942874992241845,0.004639364655595418,13,0.9990684486737548
invariant,gauss_mix_kappa0.9,-1.62,0.5,0.8,5,0.0024730563721529234,0.39942874992241845,0.004639364655595418,13,0.9990684486737548
invariant,gauss_mix_kappa0.9,-1.62,0.5,0.8,6,0.001163459702261157,0.39942874992241845,0.004639364655595418,13,0.9990684486737548
invariant,gauss_mix_kappa0.9,-1.62,0.5,0.8,7,0.0005035307465860182,0.39942874992241845,0.004639364655595418,13,0.9990684486737548
invariant,gauss_mix_kappa0.9,-1.62,0.5,0.8,8,0.00018047480840413226,0.39942874992241845,0.004639364655595418,13,0.9990684486737548
invariant,gauss_mix_kappa0.9,-1.62,0.5,1.6,1,0.07210023626547425,0.47941257809351734,0.002886222480578954,13,1.0081195216996788
invariant,gauss_mix_kappa0.9,-1.62,0.5,1.6,2,0.03722771621549868,0.47941257809351734,0.002886222480578954,13,1.0081195216996788
invariant,gauss_mix_kappa0.9,-1.62,0.5,1.6,3,0.01766857057723125,0.47941257809351734,0.002886222480578954,13,1.0081195216996788
invariant,gauss_mix_kappa0.9,-1.62,0.5,1.6,4,0.007922650872508116,0.47941257809351734,0.002886222480578954,13,1.0081195216996788
invariant,gauss_mix_kappa0.9,-1.62,0.5,1.6,5,0.003922903977332608,0.47941257809351734,0.002886222480578954,13,1.0081195216996788
invariant,gauss_mix_kappa0.9,-1.62,0.5,1.6,6,0.002009591633538931,0.47941257809351734,0.002886222480578954,13,1.0081195216996788
invariant,gauss_mix_kappa0.9,-1.62,0.5,1.6,7,0.0008939837433579398,0.47941257809351734,0.002886222480578954,13,1.0081195216996788
invariant,gauss_mix_kappa0.9,-1.62,0.5,1.6,8,0.00042803795442406705,0.47941257809351734,0.002886222480578954,13,1.0081195216996788
