regime,n_chains,rep,n_components,rho_raw,param_raw,rho_grid,param_grid,rho_err_raw,rho_err_grid,param_err_raw,param_err_grid,rho_grid_minus_raw,param_grid_minus_raw,exkurt_raw,exkurt_grid,raw_monotone_violation
gaussian,64,0,0,0.7890243327495609,0.36270456728498085,0.7888095226572089,0.3631382307354574,-0.010975667250439192,-0.011190477342791105,0.0027045672849809743,0.003138230735457548,-0.00021481009235191362,0.0004336634504765735,nan,nan,nan
mixture,64,0,8,0.8239028275502255,0.36869663520687407,0.822655251591731,0.3691397278398023,0.023902827550225436,0.022655251591730985,0.008696635206874193,0.009139727839802436,-0.0012475759584944512,0.00044309263292824363,3.1582136432634487,3.232434832899889,0.0
gaussian,64,1,0,0.8146001909334495,0.36314620141297416,0.8143973873141765,0.36358550777832876,0.014600190933449442,0.014397387314176502,0.003146201412974281,0.003585507778328889,-0.00020280361927293988,0.0004393063653546081,nan,nan,nan
mixture,64,1,8,0.8039640229535386,0.3421858911946799,0.8035054460652084,0.3426299833617994,0.003964022953538593,0.0035054460652083064,-0.017814108805319973,-0.01737001663820048,-0.00045857688833028654,0.00044409216711949195,3.549797817505289,3.5319267274509514,0.0
gaussian,64,2,0,0.818107255704156,0.3647470850081737,0.8179056527835762,0.3651931697415716,0.018107255704155945,0.017905652783576143,0.004747085008173835,0.005193169741571746,-0.000201602920579802,0.0004460847333979112,nan,nan,nan
mixture,64,2,8,0.7993229345680839,0.33380995947912173,0.8003748292486141,0.3342258047615822,-0.0006770654319161462,0.0003748292486140947,-0.026190040520878144,-0.025774195238417674,0.001051894680530241,0.0004158452824604697,2.8098168624201385,2.8362033315698527,0.0
gaussian,64,3,0,0.8025802452058935,0.36948350883124736,0.8023685832456254,0.36992609802156984,0.0025802452058935055,0.0023685832456253886,0.009483508831247489,0.009926098021569962,-0.0002116619602681169,0.00044258919032247324,nan,nan,nan
mixture,64,3,8,0.8189161813317701,0.349938053137413,0.8214562947578145,0.3503735233510558,0.018916181331770088,0.02145629475781441,-0.010061946862586879,-0.00962647664894406,0.0025401134260443214,0.000435470213642819,1.751861176921036,1.7642292229130403,0.0
gaussian,64,4,0,0.8125016942868932,0.35417128468696535,0.8122987087177117,0.3546144544730573,0.012501694286893184,0.01229870871771166,-0.005828715313034527,-0.005385545526942592,-0.0002029855691815241,0.0004431697860919348,nan,nan,nan
mixture,64,4,8,0.8067940794132223,0.3622985380026937,0.8067042457982665,0.36274356661788887,0.006794079413222298,0.0067042457982664505,0.0022985380026938063,0.002743566617888993,-8.983361495584763e-05,0.00044502861519518655,2.93958114440869,2.9607053478623513,0.0
gaussian,64,5,0,0.8108569657227914,0.3630437354244364,0.8106470431578233,0.3634853289910178,0.010856965722791379,0.010647043157823277,0.0030437354244365333,0.003485328991017944,-0.00020992256496810136,0.0004415935665814108,nan,nan,nan
mixture,64,5,8,0.7983925161330561,0.3792558048005722,0.7980317639010653,0.37969730051261497,-0.0016074838669439817,-0.001968236098934706,0.019255804800572318,0.01969730051261509,-0.00036075223199072415,0.00044149571204277205,2.9350648127536445,2.8356111249052125,0.0
gaussian,64,6,0,0.8121119913687442,0.3714832271225256,0.8119129767184309,0.3719190690796507,0.01211199136874419,0.011912976718430834,0.011483227122525752,0.011919069079650846,-0.00019901465031335608,0.00043584195712509377,nan,nan,nan
mixture,64,6,8,0.7776690391390074,0.354371273818402,0.7768610087561575,0.35481719940107864,-0.02233096086099262,-0.023138991243842555,-0.005628726181597876,-0.005182800598921233,-0.0008080303828499336,0.00044592558267664284,2.3268863079109687,2.2955914378048083,0.0
gaussian,64,7,0,0.8122674651171959,0.36167917623944146,0.8120588778112449,0.3621231664982452,0.012267465117195897,0.012058877811244817,0.0016791762394415821,0.0021231664982453435,-0.0002085873059510801,0.0004439902588037614,nan,nan,nan
mixture,64,7,8,0.7960322099565559,0.35724589961341213,0.7958054061439171,0.35768262259868483,-0.003967790043444164,-0.0041945938560828955,-0.0027541003865877434,-0.002317377401315046,-0.00022680381263873173,0.00043672298527269726,3.2580552863943346,3.2981766523723755,0.0
gaussian,64,8,0,0.8036578064065131,0.38480680432442577,0.8034556147059295,0.3852454238753936,0.003657806406513031,0.0034556147059294773,0.02480680432442589,0.025245423875393747,-0.00020219170058355385,0.0004386195509678559,nan,nan,nan
mixture,64,8,8,0.8149848422129126,0.36742621164509204,0.8140470106946941,0.3678271777332658,0.01498484221291252,0.014047010694694051,0.007426211645092162,0.007827177733265911,-0.0009378315182184682,0.0004009660881737487,1.816314283947995,1.7842814395107354,0.0
gaussian,64,9,0,0.799951595532074,0.3525823508475132,0.7997330137909601,0.3530317012011645,-4.840446792608866e-05,-0.0002669862090399766,-0.007417649152486661,-0.006968298798835371,-0.00021858174111388795,0.00044935035365128995,nan,nan,nan
mixture,64,9,8,0.7982148363714751,0.3339358997165118,0.7915644398004945,0.33436488813569576,-0.0017851636285249883,-0.008435560199505532,-0.0260641002834881,-0.025635111864304116,-0.0066503965709805435,0.00042898841918398434,4.475416098219736,5.412251537290992,0.0
gaussian,64,10,0,0.7818388806582992,0.3434465615341301,0.7816105276197928,0.34387744886896965,-0.018161119341700838,-0.018389472380207272,-0.016553438465869763,-0.016122551131030227,-0.00022835303850643474,0.0004308873348395359,nan,nan,nan
mixture,64,10,8,0.7976315690763113,0.35065678295671543,0.79705981129357,0.3511032435324914,-0.002368430923688769,-0.0029401887064300913,-0.009343217043284446,-0.008896756467508482,-0.0005717577827413223,0.0004464605757759643,2.826761390234993,2.8317024024217874,0.0
gaussian,64,11,0,0.8119046649314168,0.34841332415970655,0.8116956522454206,0.34886288543237653,0.01190466493141673,0.011695652245420574,-0.011586675840293326,-0.01113711456762334,-0.0002090126859961572,0.0004495612726699849,nan,nan,nan
mixture,64,11,8,0.7755718746638729,0.363768178805171,0.775158019453673,0.3641871245188605,-0.02442812533612715,-0.024841980546327025,0.0037681788051711074,0.004187124518860608,-0.00041385521019987603,0.0004189457136895003,2.9669674276283162,3.2186948816682346,0.0
gaussian,64,12,0,0.8042967276161668,0.3601571558686418,0.8040829241125915,0.3606006562032279,0.004296727616166729,0.0040829241125914795,0.00015715586864190056,0.0006006562032280227,-0.00021380350357524947,0.00044350033458612215,nan,nan,nan
mixture,64,12,8,0.8083425688086158,0.3674700407502594,0.8078340218867646,0.36791648728099147,0.008342568808615725,0.00783402188676452,0.007470040750259532,0.007916487280991591,-0.0005085469218512051,0.00044644653073205864,2.8033585549461124,2.7533999167725742,0.0
gaussian,64,13,0,0.8170591133340712,0.339176523388426,0.8168484082483305,0.3396180341332939,0.017059113334071174,0.01684840824833045,-0.020823476611573855,-0.020381965866705987,-0.00021070508574072555,0.0004415107448678679,nan,nan,nan
mixture,64,13,8,0.8005209452626543,0.33063432456522807,0.8005539277245859,0.3310712304753198,0.0005209452626542266,0.0005539277245858454,-0.02936567543477181,-0.028928769524680098,3.29824619316188e-05,0.00043690591009171165,2.6535038445139367,2.622547308339451,0.0
gaussian,64,14,0,0.7931643870799951,0.3908249035320217,0.7929712765499859,0.39125309413026377,-0.0068356129200048965,-0.0070287234500141516,0.03082490353202183,0.03125309413026389,-0.00019311053000925504,0.00042819059824206196,nan,nan,nan
mixture,64,14,8,0.8001992299435727,0.34201841652449244,0.8002062859007977,0.3424586423613497,0.00019922994357268742,0.00020628590079763143,-0.017981583475507434,-0.017541357638650168,7.0559572249440095e-06,0.00044022583685726646,6.642646741137446,7.095243378010858,0.0
gaussian,64,15,0,0.7937780426838941,0.37172166557586733,0.793570276248429,0.3721467773404973,-0.006221957316105975,-0.006429723751571026,0.011721665575867457,0.012146777340497406,-0.00020776643546505102,0.0004251117646299485,nan,nan,nan
mixture,64,15,8,0.7954121270806164,0.3959770844229179,0.7938024167288482,0.39642688065408993,-0.004587872919383673,-0.00619758327115183,0.035977084422918026,0.036426880654090055,-0.0016097103517681566,0.00044979623117202827,2.7071912160086775,2.7323788808437897,0.0
gaussian,64,16,0,0.8039280921217541,0.3622686198792853,0.8037267553140057,0.36270954896148366,0.003928092121754045,0.003726755314005681,0.0022686198792854495,0.0027095489614837875,-0.0002013368077483646,0.00044092908219833804,nan,nan,nan
mixture,64,16,8,0.8138016723946262,0.3430215605321832,0.813476455710175,0.34346224741648734,0.013801672394626152,0.013476455710174973,-0.016978439467816686,-0.016537752583512533,-0.00032521668445117946,0.00044068688430415337,2.350873915899279,2.534585644383788,0.0
gaussian,64,17,0,0.8048289871195285,0.35928231317342135,0.8046052267285432,0.35972976660072653,0.004828987119528505,0.0046052267285431325,-0.000717686826578523,-0.0002702333992733452,-0.00022376039098537248,0.0004474534273051778,nan,nan,nan
mixture,64,17,8,0.7974066167474769,0.39929248420582697,0.797817847336586,0.39971419872293434,-0.002593383252523118,-0.0021821526634140387,0.039292484205827094,0.03971419872293447,0.0004112305891090795,0.0004217145171073744,2.5047677036435836,2.67974681617111,0.0
gaussian,64,18,0,0.8111861121232349,0.34717430686783735,0.8109808728119814,0.3476068895051663,0.011186112123234837,0.010980872811981346,-0.01282569313216253,-0.012393110494833548,-0.00020523931125349115,0.00043258263732898206,nan,nan,nan
mixture,64,18,8,0.8079596730075386,0.3379260231674969,0.8089680300340677,0.33837861452080903,0.007959673007538526,0.008968030034067653,-0.02207397683250295,-0.021621385479190847,0.0010083570265291275,0.000452591353312104,2.0921870656958843,2.0875110638515384,0.0
gaussian,64,19,0,0.7898861719036147,0.36240369301616515,0.7896642842962149,0.36283677887102506,-0.010113828096385391,-0.010335715703785109,0.002403693016165276,0.0028367788710251807,-0.0002218876073997178,0.0004330858548599048,nan,nan,nan
mixture,64,19,8,0.8109829152917767,0.34128562976112886,0.8084434825368434,0.3416682221383909,0.01098291529177664,0.00844348253684335,-0.018714370238871014,-0.018331777861609,-0.0025394327549332907,0.00038259237726201434,2.479914641628212,2.5562094643657014,0.0
gaussian,64,20,0,0.8058250271773203,0.36652318647103116,0.805614072927669,0.36696526711845406,0.005825027177320252,0.005614072927668912,0.006523186471031284,0.006965267118454188,-0.00021095424965134058,0.0004420806474229044,nan,nan,nan
mixture,64,20,8,0.8041242281797992,0.35268949654855136,0.8041239725205412,0.3531327335942413,0.004124228179799183,0.004123972520541197,-0.0073105034514485134,-0.006867266405758576,-2.556592579860961e-07,0.00044323704568993705,2.424269675378529,2.3882418958803298,0.0
gaussian,64,21,0,0.8112053984408532,0.3452997495437057,0.8109842266046836,0.3457498933055004,0.01120539844085311,0.010984226604683567,-0.014700250456294195,-0.014250106694499498,-0.0002211718361695425,0.00045014376179469684,nan,nan,nan
mixture,64,21,8,0.8032238893548513,0.3600536019578118,0.8031243550011703,0.36048857414695895,0.003223889354851295,0.0031243550011702537,5.360195781189958e-05,0.0004885741469590754,-9.953435368104113e-05,0.00043497218914717584,3.09029259053346,3.1641996086920265,0.0
gaussian,64,22,0,0.7960543659437479,0.35132688591744304,0.7958455422479822,0.3517617604974149,-0.003945634056252145,-0.004154457752017837,-0.008673114082556832,-0.008238239502584954,-0.00020882369576569193,0.00043487457997187784,nan,nan,nan
mixture,64,22,8,0.8106844408631424,0.35564681981834767,0.8105682446598299,0.3560963895890279,0.010684440863142353,0.010568244659829862,-0.004353180181652205,-0.0039036104109719805,-0.00011619620331249081,0.00044956977068022486,2.659899645689155,2.9090126310777187,0.0
gaussian,64,23,0,0.8236198013785675,0.3730201246006543,0.8234206027635512,0.3734744904735569,0.02361980137856745,0.02342060276355118,0.013020124600654437,0.013474490473557033,-0.00019919861501627167,0.00045436587290259567,nan,nan,nan
mixture,64,23,8,0.7916072804122284,0.3404599542027129,0.7887704532915005,0.34086856316409875,-0.008392719587771658,-0.011229546708499516,-0.019540045797286965,-0.019131436835901128,-0.0028368271207278584,0.0004086089613858368,4.025134652218416,4.088989971625278,0.0
gaussian,64,24,0,0.780287789977757,0.36612768810181706,0.7800667545713927,0.36655833241835606,-0.019712210022242993,-0.019933245428607305,0.006127688101817186,0.006558332418356183,-0.00022103540636431163,0.00043064431653899726,nan,nan,nan
mixture,64,24,8,0.8109725461751672,0.37631537389556197,0.8109074296107557,0.37675585251221455,0.010972546175167186,0.010907429610755637,0.01631537389556209,0.016755852512214675,-6.511656441154923e-05,0.00044047861665258425,2.4573632113600477,2.402934849360136,0.0
gaussian,64,25,0,0.793943988985857,0.3573679712365957,0.7937169583352989,0.3578051675347978,-0.006056011014142992,-0.006283041664701172,-0.0026320287634041817,-0.002194832465202079,-0.00022703065055817984,0.0004371962982021027,nan,nan,nan
mixture,64,25,8,0.8035368046367737,0.3530327931117821,0.8106887174571019,0.3536870413654177,0.0035368046367736383,0.01068871745710187,-0.006967206888217781,-0.0063129586345822,0.007151912820328232,0.0006542482536355809,2.9482508817633555,3.263664827336048,0.0
gaussian,64,26,0,0.8257118065473903,0.36009597949445343,0.8255224340404008,0.36053455885782776,0.025711806547390248,0.025522434040400777,9.597949445355747e-05,0.0005345588578278826,-0.0001893725069894714,0.0004385793633743251,nan,nan,nan
mixture,64,26,8,0.7863050791726277,0.33828797156354184,0.7858549018223141,0.3387174043356875,-0.013694920827372337,-0.014145098177685944,-0.02171202843645803,-0.021282595664312398,-0.0004501773503136075,0.0004294327721456326,2.0567027908499336,2.0191224348453227,0.0
gaussian,64,27,0,0.8029437310310125,0.3454118905959026,0.8027262269072512,0.3458469310349557,0.00294373103101242,0.002726226907251106,-0.014588109404097271,-0.014153068965044202,-0.000217504123761314,0.00043504043905306933,nan,nan,nan
mixture,64,27,8,0.7924105538467502,0.36716282030504516,0.792096943390403,0.36759902724999904,-0.007589446153249857,-0.007903056609597003,0.007162820305045281,0.0075990272499991685,-0.00031361045634714646,0.00043620694495388745,3.123284173272503,3.3281534935154786,0.0
gaussian,64,28,0,0.7906695245837525,0.35018058845015326,0.7904415537404869,0.3506187296896844,-0.009330475416247541,-0.009558446259513187,-0.009819411549846613,-0.009381270310315493,-0.00022797084326564576,0.00043814123953112016,nan,nan,nan
mixture,64,28,8,0.8018402063139887,0.36443214969182636,0.8015481401886737,0.3648683311896095,0.0018402063139886238,0.0015481401886736634,0.004432149691826481,0.004868331189609609,-0.00029206612531496035,0.000436181497783128,3.5003019162000637,3.666030286544305,0.0
gaussian,64,29,0,0.7933868822686191,0.35947428565158834,0.7931743057261799,0.359909123520391,-0.0066131177313809575,-0.006825694273820182,-0.0005257143484115323,-9.087647960887013e-05,-0.00021257654243922453,0.0004348378688026622,nan,nan,nan
mixture,64,29,8,0.8126333188978899,0.41777080681405193,0.8126352308633054,0.41821394969449854,0.012633318897889878,0.012635230863305313,0.057770806814052056,0.05821394969449867,1.9119654154353682e-06,0.000443142880446612,2.706835479267631,2.688794464574017,0.0
gaussian,64,30,0,0.78678374601388,0.37125736580180313,0.7865699673017994,0.3716909385620035,-0.01321625398612003,-0.013430032698200645,0.011257365801803254,0.01169093856200365,-0.0002137787120806145,0.0004335727602003958,nan,nan,nan
mixture,64,30,8,0.781646472303251,0.3526172783408612,0.7829666348700728,0.3530437024560141,-0.018353527696749028,-0.017033365129927258,-0.007382721659138669,-0.006956297543985801,0.0013201625668217698,0.00042642411515286804,2.5074601626907267,2.5391522386200487,0.0
gaussian,64,31,0,0.7765146889717524,0.36798330647440275,0.7762947604462705,0.36841133714608404,-0.02348531102824769,-0.023705239553729496,0.007983306474402874,0.008411337146084163,-0.00021992852548180508,0.00042803067168128983,nan,nan,nan
mixture,64,31,8,0.8006154205115273,0.34551831154010243,0.8001028884353417,0.3459450838116216,0.0006154205115272982,0.0001028884353416748,-0.014481688459897446,-0.014054916188378286,-0.0005125320761856234,0.0004267722715191602,2.650070470613377,2.6032556593005527,0.0
gaussian,64,32,0,0.8064389568775348,0.3426302306160001,0.8062385331054798,0.34306592770804256,0.006438956877534707,0.006238533105479727,-0.017369769383999756,-0.016934072291957314,-0.00020042377205498063,0.0004356970920424419,nan,nan,nan
mixture,64,32,8,0.8061606697961682,0.3718069498659263,0.8067163746575277,0.3722399510601896,0.006160669796168139,0.006716374657527613,0.011806949865926397,0.012239951060189713,0.0005557048613594739,0.00043300119426331607,3.0221120954378886,3.0905597250809915,0.0
gaussian,64,33,0,0.7861356258700115,0.3734071828972092,0.7859260614255644,0.373833527430031,-0.013864374129988533,-0.014073938574435618,0.013407182897209324,0.013833527430031134,-0.00020956444444708566,0.0004263445328218096,nan,nan,nan
mixture,64,33,8,0.7868709442825685,0.36972012407141597,0.7874396350929267,0.37012412129117567,-0.013129055717431504,-0.012560364907073351,0.009720124071416092,0.010124121291175792,0.0005686908103581523,0.0004039972197596997,3.1758415716552637,3.192207507838388,0.0
gaussian,64,34,0,0.7985210914487731,0.36397237902327484,0.7983072067301522,0.36440776565760075,-0.0014789085512268985,-0.0016927932698478365,0.003972379023274963,0.004407765657600871,-0.00021388471862093805,0.0004353866343259072,nan,nan,nan
mixture,64,34,8,0.8058883969859306,0.41287758988014367,0.8068842630409601,0.413336990126667,0.005888396985930577,0.006884263040960015,0.052877589880143794,0.05333699012666715,0.0009958660550294374,0.000459400246523356,3.2362325240224576,3.207434474686268,0.0
gaussian,64,35,0,0.8000321793338655,0.36693885967963125,0.7998096288951022,0.36738665594474906,3.217933386545635e-05,-0.00019037110489783515,0.006938859679631371,0.0073866559447491875,-0.0002225504387632915,0.0004477962651178169,nan,nan,nan
mixture,64,35,8,0.8157712225653987,0.37254623892670047,0.8153439198750309,0.37298825755425546,0.015771222565398646,0.01534391987503081,0.012546238926700592,0.012988257554255589,-0.00042730269036783675,0.00044201862755499643,4.8477133675938076,5.526806402889255,0.0
gaussian,64,36,0,0.8011141219002748,0.3586329192878898,0.8008939633406367,0.35907594267965537,0.0011141219002747116,0.0008939633406366276,-0.001367080712110058,-0.0009240573203445068,-0.00022015855963808395,0.0004430233917655513,nan,nan,nan
mixture,64,36,8,0.8179257213943838,0.3743774670514056,0.8163274003770755,0.3748440759023918,0.017925721394383753,0.016327400377075474,0.014377467051405746,0.014844075902391951,-0.0015983210173082796,0.0004666088509862054,2.8008722275186217,2.8960324031696896,0.0
gaussian,64,37,0,0.8013591664965506,0.3465337303106701,0.8011360915740307,0.34696971588273834,0.0013591664965505457,0.0011360915740306066,-0.01346626968932979,-0.013030284117261537,-0.0002230749225199391,0.0004359855720682537,nan,nan,nan
mixture,64,37,8,0.8083014291653836,0.34069074109529257,0.8080890399450433,0.34114079151328847,0.008301429165383567,0.008089039945043286,-0.019309258904707305,-0.01885920848671141,-0.00021238922034028107,0.0004500504179958953,2.2820414963669826,2.223566547225075,0.0
gaussian,64,38,0,0.7632678031294943,0.3517940321119874,0.7630313146633723,0.3522171384962532,-0.03673219687050577,-0.03696868533662778,-0.008205967888012478,-0.007782861503746685,-0.00023648846612200902,0.0004231063842657923,nan,nan,nan
mixture,64,38,8,0.7901276638990983,0.36008113339218945,0.78968719875174,0.36050188503606134,-0.009872336100901768,-0.010312801248260062,8.113339218956961e-05,0.0005018850360614668,-0.00044046514735829323,0.00042075164387189723,2.38162365023842,2.3791622251640643,0.0
gaussian,64,39,0,0.8293584612873592,0.379879730990065,0.8291789247740705,0.3803233627544052,0.029358461287359194,0.02917892477407047,0.019879730990065125,0.020323362754405327,-0.000179536513288725,0.00044363176434020213,nan,nan,nan
mixture,64,39,8,0.7955144699515699,0.3289326621259686,0.7950916246376892,0.3293712430713853,-0.004485530048430109,-0.004908375362310813,-0.031067337874031264,-0.030628756928614553,-0.00042284531388070423,0.0004385809454167111,2.2174136299663942,2.339594115451078,0.0
gaussian,64,40,0,0.8022450041280723,0.35650291677847973,0.8020324120585189,0.35694187621175827,0.00224500412807227,0.0020324120585188954,-0.0034970832215201475,-0.003058123788241607,-0.0002125920695533745,0.0004389594332785407,nan,nan,nan
mixture,64,40,8,0.7995865853805892,0.3540180702267605,0.799003413891783,0.35445110212264785,-0.00041341461941080127,-0.000996586108217068,-0.005981929773239358,-0.0055488978773520214,-0.0005831714888062667,0.0004330318958873369,2.549050440276904,2.4870064165238395,0.0
gaussian,64,41,0,0.8083110046239897,0.3826289326087078,0.8081064662238122,0.38307082712082746,0.008311004623989704,0.00810646622381217,0.022628932608707908,0.023070827120827586,-0.0002045384001775341,0.00044189451211967823,nan,nan,nan
mixture,64,41,8,0.8000120038752174,0.3893243308573792,0.799664004964213,0.3897678590089738,1.2003875217381221e-05,-0.00033599503578707335,0.029324330857379344,0.02976785900897394,-0.00034799891100445457,0.0004435281515945966,2.528708555452728,2.4858175450173796,0.0
gaussian,64,42,0,0.8021527940274187,0.3567251809132205,0.8019377811251716,0.357158800189723,0.0021527940274186363,0.0019377811251715116,-0.0032748190867794014,-0.002841199810276862,-0.00021501290224712477,0.0004336192765025393,nan,nan,nan
mixture,64,42,8,0.8049963271916036,0.3459745803163263,0.8064543702310096,0.3464171417533607,0.004996327191603589,0.006454370231009587,-0.014025419683673601,-0.013582858246639185,0.0014580430394059984,0.00044256143703441664,3.2596240399075125,3.909820442893203,0.0
gaussian,64,43,0,0.7964448242423041,0.36349520709238,0.7962288755760358,0.36392717561944143,-0.0035551757576959275,-0.0037711244239642117,0.0034952070923801037,0.003927175619441559,-0.00021594866626828413,0.00043196852706145483,nan,nan,nan
mixture,64,43,8,0.800971082257826,0.36283952498462596,0.8008398851407061,0.3632724300856177,0.0009710822578259393,0.0008398851407060981,0.002839524984626085,0.003272430085617839,-0.00013119711711984117,0.00043290510099175394,2.4625514588337074,2.6100435492876235,0.0
gaussian,64,44,0,0.8074922610929908,0.35722938681412353,0.8072893994514649,0.3576717294392001,0.007492261092990726,0.007289399451464895,-0.002770613185876347,-0.002328270560799761,-0.00020286164152583108,0.00044234262507658606,nan,nan,nan
mixture,64,44,8,0.8066426111535386,0.35693292403441773,0.8059860865147156,0.35738004314100535,0.006642611153538591,0.0059860865147155495,-0.0030670759655821445,-0.002619956858994521,-0.0006565246388230417,0.00044711910658762344,3.133782421608145,3.475582706499363,0.0
gaussian,64,45,0,0.7952398095532232,0.36410437521113836,0.7950189161802387,0.36454166884525263,-0.004760190446776891,-0.004981083819761367,0.004104375211138489,0.004541668845252755,-0.00022089337298447642,0.00043729363411426636,nan,nan,nan
mixture,64,45,8,0.7817735149328566,0.3523677130037531,0.7815298734878117,0.3528083755559634,-0.018226485067143416,-0.01847012651218838,-0.007632286996246795,-0.007191624444036482,-0.000243641445044962,0.0004406625522103136,2.0608644621177863,2.04618913653647,0.0
gaussian,64,46,0,0.7898361797684504,0.3564639745549809,0.7896164762546078,0.3569007256644083,-0.010163820231549603,-0.010383523745392198,-0.0035360254450189643,-0.0030992743355915953,-0.00021970351384259512,0.00043675110942736906,nan,nan,nan
mixture,64,46,8,0.8029050432899003,0.349147093820453,0.8031305347387862,0.3495853456859012,0.0029050432899002665,0.003130534738786106,-0.010852906179546873,-0.01041465431409866,0.0002254914488858395,0.0004382518654482137,2.4246485759662004,2.453096086409121,0.0
gaussian,64,47,0,0.8089158719870964,0.3625237143262452,0.8087139056652817,0.3629615429101811,0.008915871987096313,0.00871390566528163,0.0025237143262453188,0.0029615429101812474,-0.00020196632181468388,0.0004378285839359286,nan,nan,nan
mixture,64,47,8,0.797200097962983,0.3688219605150368,0.7969224299794564,0.36925809331541065,-0.002799902037017077,-0.003077570020543652,0.00882196051503692,0.009258093315410776,-0.00027766798352657496,0.00043613280037385627,2.812198341204767,2.777856318471872,0.0
gaussian,64,48,0,0.7936983289678382,0.34754337523458606,0.7934766137425326,0.34797868099919566,-0.0063016710321618374,-0.006523386257467401,-0.012456624765413815,-0.01202131900080422,-0.0002217152253055632,0.0004353057646095948,nan,nan,nan
mixture,64,48,8,0.7945625289580684,0.34301239257824445,0.793312854898054,0.3434709264387463,-0.005437471041931596,-0.006687145101946013,-0.016987607421755424,-0.01652907356125355,-0.0012496740600144163,0.00045853386050187517,2.875156688223684,2.973228695196309,0.0
gaussian,64,49,0,0.7932197544507226,0.3759819427372089,0.7930060740439396,0.37641796368598013,-0.006780245549277475,-0.0069939259560604095,0.015981942737209043,0.016417963685980252,-0.00021368040678293454,0.00043602094877120967,nan,nan,nan
mixture,64,49,8,0.7836724380089272,0.3402159978009676,0.7832882973653436,0.3406451544123952,-0.01632756199107288,-0.01671170263465649,-0.019784002199032258,-0.019354845587604697,-0.0003841406435836081,0.00042915661142756134,2.024567819099354,2.0106898438863743,0.0
gaussian,64,50,0,0.7972313388136995,0.34508727257660976,0.7970218599886795,0.34552436554919,-0.0027686611863005917,-0.0029781400113205736,-0.014912727423390115,-0.014475634450809849,-0.00020947882501998194,0.00043709297258026636,nan,nan,nan
mixture,64,50,8,0.8180249939125014,0.34887567576977635,0.81822149241898,0.3493200754338964,0.01802499391250134,0.018221492418979968,-0.011124324230223526,-0.01067992456610345,0.0001964985064786262,0.0004443996641200765,2.2980133876413653,2.3386356256878438,0.0
gaussian,64,51,0,0.7896074814808053,0.34752339854332387,0.7893880722901763,0.34794752342715973,-0.01039251851919476,-0.010611927709823776,-0.012476601456676006,-0.012052476572840143,-0.00021940919062901632,0.00042412488383586355,nan,nan,nan
mixture,64,51,8,0.7816132644599159,0.34809303623461635,0.7809369436916402,0.3485186872123675,-0.018386735540084187,-0.019063056308359805,-0.011906963765383527,-0.01148131278763237,-0.0006763207682756178,0.00042565097775115746,2.404398095211622,2.3807786376375732,0.0
gaussian,64,52,0,0.7897486028024496,0.37100317372308883,0.7895416117076968,0.3714287769840783,-0.010251397197550416,-0.010458388292303278,0.011003173723088955,0.011428776984078404,-0.00020699109475286193,0.0004256032609894489,nan,nan,nan
mixture,64,52,8,0.7933140138350965,0.3271537474105212,0.7931287717649469,0.3275955042938056,-0.006685986164903568,-0.006871228235053151,-0.03284625258947865,-0.0324044957061943,-0.00018524207014958272,0.0004417568832843499,2.5324063434674384,2.5128880047115825,0.0
gaussian,64,53,0,0.7908327924482156,0.35418881018876275,0.7906049041359445,0.3546258866876402,-0.009167207551784462,-0.009395095864055514,-0.005811189811237127,-0.005374113312359652,-0.00022788831227105177,0.00043707649887747557,nan,nan,nan
mixture,64,53,8,0.7990599474556606,0.3633857647560218,0.7994916785035467,0.363827311618997,-0.0009400525443394869,-0.0005083214964533012,0.003385764756021925,0.0038273116189971312,0.00043173104788618577,0.0004415468629752062,2.943439315441151,3.090431925089657,0.0
gaussian,64,54,0,0.7856187034753438,0.3568721667884098,0.7853879456190341,0.3573083424455945,-0.01438129652465625,-0.014612054380965911,-0.003127833211590103,-0.002691657554405369,-0.00023075785630966017,0.00043617565718473417,nan,nan,nan
mixture,64,54,8,0.806237221011297,0.3706786228635924,0.8055471998886148,0.3711108687553492,0.006237221011296978,0.00554719988861474,0.010678622863592502,0.011110868755349335,-0.0006900211226822384,0.0004322458917568328,2.5476374976836382,2.5752193882569943,0.0
gaussian,64,55,0,0.8082854953490791,0.36753059840614305,0.8080813339638782,0.36797721388190774,0.008285495349079075,0.008081333963878112,0.007530598406143174,0.007977213881907863,-0.00020416138520096272,0.00044661547576468896,nan,nan,nan
mixture,64,55,8,0.7796252953997828,0.32956262608843323,0.7783741953840936,0.32999341894774065,-0.020374704600217286,-0.021625804615906463,-0.030437373911566645,-0.03000658105225923,-0.0012511000156891772,0.0004307928593074162,3.714737344635129,4.174280537440125,0.0
gaussian,64,56,0,0.8083289055199417,0.3739771392799505,0.8081329414163858,0.3744139465061888,0.008328905519941698,0.008132941416385764,0.013977139279950646,0.014413946506188935,-0.00019596410355593452,0.0004368072262382894,nan,nan,nan
mixture,64,56,8,0.8021188569837426,0.3585944357936927,0.8015280731891884,0.3590350404321947,0.0021188569837425897,0.0015280731891883503,-0.0014055642063071638,-0.0009649595678051792,-0.0005907837945542393,0.0004406046385019846,2.43705623601387,2.3747730238453792,0.0
gaussian,64,57,0,0.8173143677812066,0.36403250894602757,0.8171184287219917,0.36447383498000885,0.01731436778120654,0.017118428721991652,0.004032508946027691,0.004473834980008973,-0.00019593905921488908,0.0004413260339812819,nan,nan,nan
mixture,64,57,8,0.8088360322891934,0.37433148138570793,0.8084507196456013,0.37476312587239996,0.008836032289193385,0.00845071964560129,0.014331481385708056,0.014763125872400085,-0.00038531264359209505,0.0004316444866920288,4.72970142057496,5.5933738599647125,0.0
gaussian,64,58,0,0.7943449931483214,0.38968157155343475,0.7941421184194168,0.39011788174304773,-0.0056550068516786345,-0.005857881580583202,0.02968157155343487,0.03011788174304786,-0.00020287472890456737,0.0004363101896129873,nan,nan,nan
mixture,64,58,8,0.8128739099069331,0.340261424503442,0.80926971638063,0.34062112326965227,0.012873909906933045,0.009269716380630011,-0.019738575496557886,-0.019378876730347605,-0.0036041935263030345,0.0003596987662102813,1.9029847716425143,1.8838875054274222,0.0
gaussian,64,59,0,0.7978719979502373,0.36762335989095457,0.7976519514134082,0.36806870990803836,-0.0021280020497627117,-0.0023480485865918777,0.007623359890954695,0.008068709908038485,-0.00022004653682916597,0.00044535001708378985,nan,nan,nan
mixture,64,59,8,0.8011084634169993,0.3380170346663382,0.8009772865476968,0.3384573098025474,0.001108463416999217,0.0009772865476967985,-0.021982965333661675,-0.021542690197452474,-0.00013117686930241845,0.00044027513620920056,2.2155493638166943,2.2201452188161452,0.0
gaussian,64,60,0,0.7828604880547922,0.35558359665457445,0.7826212454556448,0.3560151831289116,-0.017139511945207797,-0.017378754544355224,-0.004416403345425424,-0.003984816871088259,-0.00023924259914742674,0.00043158647433716446,nan,nan,nan
mixture,64,60,8,0.8234203995847408,0.3576390023768637,0.823111148092655,0.358078867101033,0.023420399584740736,0.02311114809265491,-0.002360997623136185,-0.001921132898966893,-0.0003092514920858269,0.0004398647241692921,3.415189334489364,3.4671609810431088,0.0
gaussian,64,61,0,0.8033973237688645,0.35653252145475234,0.803183509896413,0.35697251492937815,0.0033973237688644797,0.003183509896412917,-0.0034674785452475376,-0.003027485070621727,-0.00021381387245156258,0.0004399934746258105,nan,nan,nan
mixture,64,61,8,0.8061923547703211,0.36274139493283736,0.8101010260467363,0.36329900834506246,0.006192354770321096,0.010101026046736239,0.002741394932837482,0.0032990083450625818,0.003908671276415143,0.0005576134122250997,3.1552327379918905,3.435237122401321,0.0
gaussian,64,62,0,0.8281731382462465,0.3683260848950802,0.827976656837238,0.3687855393024884,0.028173138246246454,0.027976656837237934,0.008326084895080299,0.008785539302488543,-0.00019648140900851985,0.00045945440740824406,nan,nan,nan
mixture,64,62,8,0.8042959703364103,0.37952423225119525,0.8058159885720524,0.38000990047813044,0.004295970336410271,0.005815988572052344,0.019524232251195373,0.02000990047813056,0.0015200182356420733,0.0004856682269351875,2.9784991602376776,3.472167830374219,0.0
gaussian,64,63,0,0.8000721914345624,0.36125322197504456,0.7998615304149702,0.36168879748297167,7.21914345623853e-05,-0.0001384695850298323,0.0012532219750446827,0.0016887974829717933,-0.0002106610195922176,0.00043557550792711064,nan,nan,nan
mixture,64,63,8,0.8018467966061744,0.3789838846942312,0.8017499532367999,0.3794131791131141,0.0018467966061743724,0.0017499532367998283,0.018983884694231346,0.019413179113114243,-9.684336937454407e-05,0.0004292944188828973,3.4378983240220773,3.7138311700320346,0.0
gaussian,128,0,0,0.7968635664221715,0.3646169437395154,0.7966507357855693,0.3650497070937124,-0.003136433577828557,-0.003349264214430714,0.004616943739515544,0.005049707093712497,-0.00021283063660215706,0.0004327633541969522,nan,nan,nan
mixture,128,0,8,0.802890032262922,0.3495038166482098,0.802366752233663,0.34994463191474673,0.002890032262921949,0.0023667522336630054,-0.01049618335179009,-0.010055368085253147,-0.0005232800292589435,0.0004408152665369425,2.8624165016920387,2.9059995085673513,0.0
gaussian,128,1,0,0.8054337029981049,0.3616288099490829,0.8052243040848542,0.3620723256761756,0.005433702998104861,0.005224304084854192,0.0016288099490830432,0.0020723256761757125,-0.00020939891325066906,0.0004435157270926693,nan,nan,nan
mixture,128,1,8,0.8070015225333304,0.36278675992349846,0.8076732696228176,0.3632325278447585,0.007001522533330307,0.007673269622817558,0.002786759923498583,0.003232527844758637,0.0006717470894872513,0.00044576792126005405,2.896439160166099,2.91126991907754,0.0
gaussian,128,2,0,0.7825189384604128,0.3555323326826548,0.7822887273177461,0.3559646113859735,-0.017481061539587284,-0.01771127268225392,-0.004467667317345103,-0.004035388614026358,-0.00023021114266663645,0.00043227870331874474,nan,nan,nan
mixture,128,2,8,0.7989157048256502,0.3801303178528054,0.7986165240524077,0.3805635193338854,-0.0010842951743498253,-0.0013834759475923608,0.0201303178528055,0.020563519333885505,-0.00029918077324253556,0.00043320148108000334,2.360365931755042,2.373214808842172,0.0
gaussian,128,3,0,0.8000737811400409,0.3641226729075169,0.7998658129270649,0.36455980533131394,7.378114004086278e-05,-0.00013418707293511023,0.004122672907517,0.00455980533131406,-0.000207968212975973,0.00043713242379705974,nan,nan,nan
mixture,128,3,8,0.7918062171113136,0.37348822649224217,0.7920363664509336,0.37392369076007986,-0.00819378288868644,-0.007963633549066484,0.013488226492242295,0.013923690760079988,0.0002301493396199561,0.000435464267837693,2.571588233479271,2.5701357822861333,0.0
gaussian,128,4,0,0.8017450235659247,0.3618691398383451,0.8015295130450308,0.3623055530496064,0.0017450235659246527,0.0015295130450307948,0.0018691398383452462,0.0023055530496065013,-0.00021551052089385792,0.0004364132112612551,nan,nan,nan
mixture,128,4,8,0.8017055375936822,0.33873018321736215,0.8014855002831641,0.3391667001890371,0.0017055375936821937,0.0014855002831640762,-0.02126981678263773,-0.02083329981096277,-0.00022003731051811748,0.0004365169716749606,2.186584859188393,2.190657245099997,0.0
gaussian,128,5,0,0.8012582104883648,0.36481843947755865,0.8010521483762115,0.3652518751751244,0.0012582104883647194,0.0010521483762114814,0.004818439477558778,0.005251875175124543,-0.000206062112153238,0.00043343569756576494,nan,nan,nan
mixture,128,5,8,0.8028322007240254,0.37672489412077764,0.8011838312789207,0.3771355591752299,0.0028322007240253466,0.0011838312789206329,0.016724894120777767,0.01713555917523002,-0.0016483694451047137,0.00041066505445225276,2.8790142106582115,2.900056273837472,0.0
gaussian,128,6,0,0.8024240268267395,0.37322545902379006,0.8022232179090752,0.3736598117356065,0.0024240268267394782,0.0022232179090752036,0.013225459023790187,0.013659811735606597,-0.00020080891766427467,0.00043435271181641033,nan,nan,nan
mixture,128,6,8,0.7882368286457877,0.36624379322284045,0.7873305419240427,0.3666803929545344,-0.011763171354212343,-0.012669458075957318,0.006243793222840577,0.006680392954534542,-0.0009062867217449755,0.00043659973169396515,2.7303896589636834,2.9293288527191477,0.0
gaussian,128,7,0,0.8090956834821291,0.3535063967617567,0.8088853500981308,0.35394626399272383,0.00909568348212908,0.00888535009813074,-0.006493603238243162,-0.006053736007276045,-0.00021033338399834012,0.000439867230967117,nan,nan,nan
mixture,128,7,8,0.7945313759004964,0.3814333595192948,0.7943834724533714,0.3818690083285587,-0.005468624099503661,-0.005616527546628669,0.021433359519294926,0.021869008328558814,-0.00014790344712500847,0.0004356488092638888,2.9112789440475844,2.9253734685518333,0.0
gaussian,128,8,0,0.7772859905286744,0.36345731948542537,0.7770595001182182,0.36388738355285827,-0.022714009471325625,-0.022940499881781817,0.003457319485425492,0.003887383552858392,-0.00022649041045619267,0.0004300640674329004,nan,nan,nan
mixture,128,8,8,0.8037805845566772,0.3954476255542427,0.8038906281143168,0.3958855264853046,0.00378058455667718,0.00389062811431673,0.0354476255542428,0.03588552648530474,0.00011004355763954976,0.00043790093106194083,2.800781657189164,3.3112024792191166,0.0
gaussian,128,9,0,0.8084001397837766,0.37051546351238657,0.8081953928163941,0.370959428213418,0.008400139783776517,0.008195392816394031,0.010515463512386691,0.01095942821341811,-0.00020474696738248532,0.0004439647010314185,nan,nan,nan
mixture,128,9,8,0.7932500323536527,0.36387971101536987,0.7929962371435874,0.36430863517721773,-0.006749967646347388,-0.0070037628564126875,0.003879711015369991,0.004308635177217857,-0.0002537952100652996,0.00042892416184786564,3.224681195871349,3.323336594535112,0.0
gaussian,128,10,0,0.8021032541056221,0.3526616704184823,0.8018866143890642,0.3530969285766119,0.0021032541056220655,0.001886614389064123,-0.007338329581517589,-0.006903071423387974,-0.00021663971655794256,0.00043525815812961444,nan,nan,nan
mixture,128,10,8,0.7989167888214734,0.35071326735824637,0.7983344650350004,0.35115799554294325,-0.0010832111785266108,-0.0016655349649996598,-0.009286732641753503,-0.00884200445705663,-0.0005823237864730491,0.00044472818469687425,2.603462687204284,2.5610964500981073,0.0
gaussian,128,11,0,0.7955945249025305,0.3540004565074035,0.7953734575548237,0.35443669130895267,-0.00440547509746958,-0.0046265424451763515,-0.005999543492596349,-0.0055633086910472085,-0.0002210673477067715,0.0004362348015491402,nan,nan,nan
mixture,128,11,8,0.80498676382169,0.37995349921776866,0.8047795175477256,0.38039125025183484,0.0049867638216899435,0.0047795175477255425,0.01995349921776879,0.02039125025183497,-0.00020724627396440098,0.00043775103406618054,3.411574084681507,3.3981081289366983,0.0
gaussian,128,12,0,0.7936895781595371,0.3601846012642949,0.7934737619041239,0.36061826379565864,-0.006310421840462932,-0.006526238095876158,0.00018460126429503676,0.0006182637956587689,-0.0002158162554132259,0.0004336625313637321,nan,nan,nan
mixture,128,12,8,0.8008132289913757,0.3590010820319086,0.7989708836848145,0.3593938278853711,0.0008132289913757029,-0.001029116315185541,-0.0009989179680912619,-0.0006061721146287669,-0.0018423453065612438,0.000392745853462495,3.343944987289701,3.36013523894807,0.0
gaussian,128,13,0,0.7954237415263087,0.368504551931403,0.7952142091339645,0.36893640109404785,-0.004576258473691364,-0.0047857908660355886,0.008504551931403148,0.008936401094047974,-0.00020953239234422494,0.0004318491626448262,nan,nan,nan
mixture,128,13,8,0.7954130369888103,0.35288063298356664,0.7954921474852951,0.3533161975406698,-0.004586963011189771,-0.00450785251470498,-0.007119367016433231,-0.00668380245933009,7.911049648479107e-05,0.0004355645571031408,2.3555749276638895,2.3898574302418814,0.0
gaussian,128,14,0,0.7815224145251088,0.3744451165125823,0.7813006756901534,0.3748752399522613,-0.0184775854748912,-0.018699324309846665,0.014445116512582401,0.014875239952261421,-0.00022173883495546498,0.0004301234396790199,nan,nan,nan
mixture,128,14,8,0.7974764524354111,0.35524685069617284,0.7977509642607199,0.3556858875406072,-0.002523547564588946,-0.0022490357392801474,-0.004753149303827031,-0.004314112459392672,0.0002745118253087986,0.00043903684443435953,2.9484249994336382,3.513019470204786,0.0
gaussian,128,15,0,0.8105766482713792,0.3556270478329434,0.810363138686421,0.35606943917584993,0.010576648271379163,0.010363138686420914,-0.004372952167056465,-0.003930560824149942,-0.00021350958495824912,0.00044239134290652293,nan,nan,nan
mixture,128,15,8,0.7954576250733598,0.3374953259933687,0.7974253841904496,0.3379408846697485,-0.004542374926640225,-0.002574615809550429,-0.022504674006631198,-0.0220591153302514,0.0019677591170897957,0.00044555867637979807,2.466714819393874,2.5735634304479404,0.0
gaussian,128,16,0,0.7994441617638913,0.3594435635115199,0.7992296188457187,0.35987981761635807,-0.0005558382361087189,-0.0007703811542812966,-0.0005564364884799722,-0.00012018238364180922,-0.00021454291817257776,0.00043625410483816296,nan,nan,nan
mixture,128,16,8,0.8015414354993153,0.3662338284729264,0.8009484740933975,0.3666716579917676,0.0015414354993152912,0.0009484740933974889,0.006233828472926528,0.006671657991767721,-0.0005929614059178023,0.0004378295188411929,2.735296770080085,3.281815708179697,0.0
gaussian,128,17,0,0.7994199348043983,0.3575876376500029,0.799206731150151,0.3580243122106701,-0.00058006519560172,-0.0007932688498490936,-0.002412362349996977,-0.001975687789329772,-0.00021320365424737364,0.0004366745606672051,nan,nan,nan
mixture,128,17,8,0.7982526374582959,0.3557035979691385,0.7981359703829598,0.35614094355329684,-0.001747362541704156,-0.0018640296170402415,-0.0042964020308614015,-0.0038590564467030353,-0.00011666707533608545,0.0004373455841583662,3.0723058249782733,3.1167582224985564,0.0
gaussian,128,18,0,0.7939885492086362,0.34379854391279696,0.7937634030002808,0.3442286852522505,-0.006011450791363893,-0.006236596999719235,-0.016201456087202915,-0.0157713147477494,-0.00022514620835534238,0.00043014133945351585,nan,nan,nan
mixture,128,18,8,0.8026670895780728,0.3779025322407348,0.8024594017053124,0.37833628240414596,0.002667089578072712,0.0024594017053123363,0.017902532240734903,0.018336282404146087,-0.00020768787276037592,0.000433750163411184,4.1065772695043465,4.21423920516216,0.0
gaussian,128,19,0,0.7995140254346462,0.36498772360771753,0.7993069628925196,0.36542713497118967,-0.00048597456535381944,-0.0006930371074804764,0.0049877236077176534,0.005427134971189795,-0.00020706254212665698,0.00043941136347214194,nan,nan,nan
mixture,128,19,8,0.7942073505607444,0.38184780256100403,0.794248728894491,0.3822808432936565,-0.005792649439255615,-0.005751271105508993,0.02184780256100416,0.02228084329365665,4.137833374662225e-05,0.0004330407326524899,3.639696486001763,4.201108451434114,0.0
gaussian,128,20,0,0.7956177277224129,0.3654887337289598,0.7954017704186057,0.36592336816232796,-0.00438227227758714,-0.004598229581394331,0.005488733728959916,0.00592336816232808,-0.00021595730380719047,0.000434634433368164,nan,nan,nan
mixture,128,20,8,0.8088550186662581,0.3621488682095631,0.8088086652778651,0.3625913174288529,0.008855018666258041,0.008808665277865058,0.002148868209563226,0.002591317428853046,-4.635338839298342e-05,0.00044244921928981995,3.103889675313213,3.1260108478129744,0.0
gaussian,128,21,0,0.7955805408853194,0.3694852678325394,0.795370111191245,0.3699156275639543,-0.004419459114680668,-0.004629888808755034,0.009485267832539501,0.009915627563954421,-0.00021042969407436551,0.0004303597314149199,nan,nan,nan
mixture,128,21,8,0.7929991052627603,0.3568141689020994,0.7927695771632335,0.35724439674619873,-0.007000894737239749,-0.007230422836766559,-0.0031858310979004933,-0.002755603253801142,-0.00022952809952681008,0.0004302278440993512,2.26848685072696,2.3514328061185417,0.0
gaussian,128,22,0,0.8034691076259793,0.3604115012821125,0.803250978391693,0.3608536271625223,0.0034691076259792952,0.0032509783916929713,0.00041150128211264736,0.0008536271625224079,-0.00021812923428632391,0.00044212588040976053,nan,nan,nan
mixture,128,22,8,0.7916184744660172,0.34416730471677126,0.7904673111116429,0.3446092189148556,-0.008381525533982859,-0.009532688888357121,-0.015832695283228615,-0.0153907810851443,-0.0011511633543742628,0.0004419141980843144,2.8187343374499596,3.0177454829425034,0.0
gaussian,128,23,0,0.8124553745958232,0.36775502209739097,0.8122566857780436,0.3681995947315309,0.012455374595823132,0.012256685778043508,0.0077550220973910955,0.008199594731531035,-0.00019868881777962422,0.0004445726341399392,nan,nan,nan
mixture,128,23,8,0.80010927108267,0.37868183397028315,0.7996017087696405,0.3791046219337867,0.00010927108267000385,-0.0003982912303595043,0.01868183397028328,0.019104621933786814,-0.0005075623130295082,0.00042278796350353476,3.0480443451178925,3.13693976329015,0.0
gaussian,128,24,0,0.7869226649444658,0.3726205932946674,0.7867126530196714,0.3730536308281767,-0.013077335055534212,-0.01328734698032863,0.012620593294667526,0.013053630828176843,-0.00021001192479441766,0.0004330375335093173,nan,nan,nan
mixture,128,24,8,0.7949390550022625,0.35412212276857913,0.7946785945296357,0.35455337937332676,-0.005060944997737571,-0.005321405470364304,-0.005877877231420747,-0.005446620626673115,-0.00026046047262673344,0.00043125660474763183,2.7802505452566004,2.9204354616939074,0.0
gaussian,128,25,0,0.7860615533741517,0.3606710983760467,0.785838190510943,0.3611027667587764,-0.01393844662584831,-0.014161809489057098,0.0006710983760468414,0.0011027667587765189,-0.00022336286320878695,0.00043166838272967745,nan,nan,nan
mixture,128,25,8,0.8080051201926308,0.35173626155729165,0.8079260913215758,0.35218214531149183,0.008005120192630777,0.007926091321575734,-0.008263738442708224,-0.007817854688508041,-7.902887105504242e-05,0.00044588375420018256,2.494306176489914,2.6578213789101843,0.0
gaussian,128,26,0,0.798021627657553,0.3713543118017126,0.7978069738200589,0.3717973033702229,-0.001978372342447021,-0.0021930261799411044,0.011354311801712702,0.011797303370223,-0.00021465383749408318,0.0004429915685102981,nan,nan,nan
mixture,128,26,8,0.7929336124351707,0.35015892836478657,0.793298636717629,0.3505973265694367,-0.007066387564829357,-0.006701363282371031,-0.009841071635213305,-0.009402673430563169,0.0003650242824583261,0.0004383982046501367,2.8403282265379435,2.9587331368815066,0.0
gaussian,128,27,0,0.7959965302456787,0.3549051635150452,0.7957765718464551,0.35533822071875365,-0.004003469754321309,-0.004223428153544928,-0.005094836484954679,-0.0046617792812462255,-0.0002199583992236187,0.00043305720370845346,nan,nan,nan
mixture,128,27,8,0.8138977765792892,0.36952938393353923,0.811244204918988,0.36993442131871573,0.013897776579289145,0.011244204918987921,0.00952938393353936,0.009934421318715858,-0.002653571660301224,0.0004050373851764988,3.735879788370543,5.441875159066893,0.0
gaussian,128,28,0,0.8009519875094614,0.3565236860296321,0.8007355798524088,0.35696303781566513,0.0009519875094613495,0.0007355798524087964,-0.0034763139703677948,-0.003036962184334746,-0.00021640765705255305,0.0004393517860330487,nan,nan,nan
mixture,128,28,8,0.8030596277506995,0.3689670532807603,0.8027197630485736,0.36940991136222034,0.0030596277506994563,0.0027197630485735758,0.008967053280760418,0.009409911362220469,-0.0003398647021258805,0.00044285808146005134,3.0233317336190924,3.27015647941938,0.0
gaussian,128,29,0,0.8201772717002432,0.3644339516772435,0.8199809461041827,0.36487938033839223,0.020177271700243193,0.019980946104182662,0.004433951677243642,0.004879380338392358,-0.00019632559606053146,0.0004454286611487168,nan,nan,nan
mixture,128,29,8,0.7918936996510387,0.366766046719223,0.7909384969746196,0.3671822637681562,-0.008106300348961315,-0.009061503025380446,0.006766046719223151,0.007182263768156338,-0.0009552026764191313,0.00041621704893318734,2.830270788338238,2.7748259419618835,0.0
gaussian,128,30,0,0.7925719031735463,0.3595439423062322,0.7923559210354357,0.35997861579062235,-0.007428096826453734,-0.007644078964564316,-0.00045605769376766414,-2.1384209377528496e-05,-0.00021598213811058198,0.00043467348439013564,nan,nan,nan
mixture,128,30,8,0.8063815148183671,0.381366974484509,0.8067642441869658,0.38181348759075273,0.006381514818367018,0.006764244186965751,0.021366974484509138,0.021813487590752856,0.0003827293685987332,0.00044651310624371776,3.2280584067558937,3.253835661960353,0.0
gaussian,128,31,0,0.7992730542838904,0.3561785846204756,0.7990579163199493,0.35661938469213256,-0.0007269457161096504,-0.0009420836800507759,-0.0038214153795242956,-0.0033806153078673185,-0.0002151379639411255,0.0004408000716569771,nan,nan,nan
mixture,128,31,8,0.8064815816974181,0.3951133547118717,0.8067939134521378,0.3955552078357244,0.006481581697418082,0.0067939134521377564,0.035113354711871825,0.03555520783572452,0.00031233175471967467,0.0004418531238526979,4.549844666721039,4.775926720378699,0.0
gaussian,128,32,0,0.8068727412564385,0.365194755661912,0.8066633522344491,0.3656322740569343,0.006872741256438442,0.006663352234449027,0.0051947556619121316,0.00563227405693445,-0.00020938902198941456,0.00043751839502231826,nan,nan,nan
mixture,128,32,8,0.7916493717789413,0.3918061019068502,0.7908844182352012,0.39224305573161716,-0.008350628221058698,-0.009115581764798875,0.03180610190685035,0.03224305573161729,-0.0007649535437401767,0.0004369538247669391,2.9052239825323296,2.880624926614745,0.0
gaussian,128,33,0,0.7980647971880628,0.3521157452540597,0.797844501504526,0.3525519745119982,-0.0019352028119372644,-0.0021554984954740286,-0.007884254745940178,-0.007448025488001664,-0.0002202956835367642,0.0004362292579385141,nan,nan,nan
mixture,128,33,8,0.8000548035658832,0.372698817887423,0.7999723859236902,0.37313228177204577,5.480356588316582e-05,-2.761407630980095e-05,0.012698817887423108,0.013132281772045895,-8.241764219296677e-05,0.00043346388462278673,2.887535323380088,2.899411088639547,0.0
gaussian,128,34,0,0.8073753526326171,0.36900497100790713,0.8071697105944472,0.3694465745552629,0.007375352632617016,0.007169710594447154,0.009004971007907259,0.009446574555263043,-0.00020564203816986204,0.00044160354735578444,nan,nan,nan
mixture,128,34,8,0.80500834739094,0.3502948248063084,0.8051719283920954,0.3507249780871157,0.005008347390939916,0.0051719283920953485,-0.009705175193691462,-0.009275021912884152,0.00016358100115543284,0.0004301532808073105,3.262876634613363,3.428218444124732,0.0
gaussian,128,35,0,0.8049295333637456,0.35359258044849606,0.8047161970125906,0.35403384059871057,0.004929533363745575,0.004716197012590517,-0.006407419551503812,-0.005966159401289306,-0.0002133363511550579,0.0004412601502145064,nan,nan,nan
mixture,128,35,8,0.8028322032777705,0.37794692094684806,0.8027938750544934,0.37838192347892086,0.002832203277770451,0.0027938750544933555,0.01794692094684819,0.01838192347892098,-3.83282232770954e-05,0.0004350025320727924,2.6333130008023,2.6066797899591947,0.0
gaussian,128,36,0,0.7956021275803643,0.36263106329017203,0.7953924355899766,0.3630632100590291,-0.00439787241963574,-0.0046075644100234125,0.002631063290172153,0.003063210059029209,-0.0002096919903876726,0.0004321467688570557,nan,nan,nan
mixture,128,36,8,0.8039658827072482,0.3612429726131933,0.8036296894320865,0.36168086346539025,0.003965882707248181,0.0036296894320864137,0.0012429726131934493,0.0016808634653903698,-0.0003361932751617669,0.0004378908521969205,3.0087646135310457,3.175679877768159,0.0
gaussian,128,37,0,0.8125296081154819,0.3558467406193005,0.8123190480751049,0.3562860135395164,0.012529608115481872,0.012319048075104866,-0.004153259380699381,-0.003713986460483487,-0.00021056004037700582,0.00043927292021589404,nan,nan,nan
mixture,128,37,8,0.8026811776742446,0.3496166990638378,0.802248564494882,0.35004694985642787,0.0026811776742445836,0.002248564494881977,-0.010383300936162076,-0.009953050143572006,-0.00043261317936260646,0.00043025079259007004,2.6048808802218524,2.558078424656392,0.0
gaussian,128,38,0,0.797222453066326,0.3433926285618468,0.7970066396542324,0.34382519841015385,-0.0027775469336740466,-0.0029933603457676927,-0.01660737143815305,-0.016174801589846022,-0.00021581341209364613,0.0004325698483070295,nan,nan,nan
mixture,128,38,8,0.8053163135162716,0.36660557981401415,0.8056088410946344,0.367051290584722,0.005316313516271598,0.0056088410946343314,0.006605579814014273,0.007051290584722147,0.00029252757836273346,0.00044571077070787446,3.3262752313889647,4.1049335246394225,0.0
gaussian,128,39,0,0.7924595004822526,0.3631467453422802,0.7922476733795039,0.3635809600377585,-0.00754049951774749,-0.007752326620496186,0.0031467453422803215,0.0035809600377586515,-0.0002118271027486962,0.0004342146954783299,nan,nan,nan
mixture,128,39,8,0.8036733589582384,0.3773243414410301,0.8033727063945936,0.3777608035405462,0.003673358958238393,0.0033727063945935276,0.017324341441030233,0.01776080354054632,-0.00030065256364486537,0.0004364620995160884,2.6935826822976594,2.7686514579682795,0.0
gaussian,128,40,0,0.7920458786653518,0.3657041501431181,0.7918242845589342,0.3661429639896077,-0.007954121334648234,-0.008175715441065878,0.005704150143118203,0.006142963989607841,-0.0002215941064176441,0.0004388138464896385,nan,nan,nan
mixture,128,40,8,0.8175284009145718,0.37350136789125765,0.8176497461804658,0.37394024201538545,0.01752840091457175,0.017649746180465775,0.013501367891257776,0.013940242015385573,0.00012134526589402395,0.00043887412412779714,2.528912324603449,2.609499184839497,0.0
gaussian,128,41,0,0.795634645020402,0.35846979877143126,0.7954169166706596,0.3589047646003058,-0.004365354979598002,-0.004583083329340432,-0.0015302012285686173,-0.0010952353996940833,-0.00021772834974242983,0.00043496582887453394,nan,nan,nan
mixture,128,41,8,0.7993095324492284,0.3673403966013753,0.7996117874322534,0.3677819098579408,-0.0006904675507716229,-0.0003882125677466819,0.007340396601375421,0.007781909857940916,0.000302254983024941,0.00044151325656549556,2.9903869898249376,3.1338539025800225,0.0
gaussian,128,42,0,0.7959443842465419,0.35613320128762593,0.7957313026950552,0.3565680840507078,-0.004055615753458142,-0.004268697304944835,-0.0038667987123739422,-0.003431915949292097,-0.0002130815514866935,0.00043488276308184526,nan,nan,nan
mixture,128,42,8,0.8018616823957347,0.37342420476832805,0.8019110866999435,0.3738647249427384,0.0018616823957346984,0.0019110866999434428,0.013424204768328174,0.013864724942738549,4.940430420874442e-05,0.00044052017441037483,2.4348839200703525,2.4705280187932654,0.0
gaussian,128,43,0,0.7935628528440655,0.3455989814861717,0.7933402042471471,0.3460295783600452,-0.006437147155934575,-0.006659795752852915,-0.01440101851382819,-0.013970421639954655,-0.00022264859691834005,0.0004305968738735344,nan,nan,nan
mixture,128,43,8,0.8095114872448045,0.36103308567505116,0.8089634367981975,0.36148319542629814,0.00951148724480444,0.008963436798197444,0.0010330856750512818,0.0014831954262982672,-0.0005480504466069958,0.0004501097512469854,3.0197184691604706,3.0564605000283853,0.0
gaussian,128,44,0,0.797656829167765,0.3629302108819811,0.7974439982434179,0.36336609610021575,-0.0023431708322350087,-0.0025560017565821047,0.002930210881981199,0.0033660961002158762,-0.00021283092434709605,0.0004358852182346773,nan,nan,nan
mixture,128,44,8,0.79560192134897,0.3560384711108435,0.7951247624219303,0.35648181756254294,-0.004398078651030035,-0.0048752375780697355,-0.003961528889156352,-0.0035181824374569404,-0.0004771589270397003,0.0004433464516994112,2.41041077677378,2.4092985405258975,0.0
gaussian,128,45,0,0.7980840177707029,0.3693132320350812,0.7978762933523834,0.36975029135879334,-0.0019159822292971196,-0.00212370664761663,0.009313232035081331,0.009750291358793461,-0.00020772441831951038,0.0004370593237121301,nan,nan,nan
mixture,128,45,8,0.8034576534881133,0.3684995138212649,0.8034615619555887,0.36893724921831345,0.0034576534881132215,0.0034615619555886656,0.008499513821265015,0.00893724921831357,3.908467475444155e-06,0.00043773539704855535,2.511775938617352,2.4839267783538785,0.0
gaussian,128,46,0,0.7994475487702897,0.35814835743932055,0.7992364324092859,0.35858337403552987,-0.0005524512297103712,-0.0007635675907141648,-0.001851642560679323,-0.0014166259644700085,-0.0002111163610037936,0.00043501659620931443,nan,nan,nan
mixture,128,46,8,0.8003922348206917,0.3806224545244313,0.7995262846034077,0.38107972260216544,0.0003922348206916171,-0.00047371539659235573,0.0206224545244314,0.021079722602165563,-0.0008659502172839728,0.0004572680777341631,3.080563449298163,3.1028732455213657,0.0
gaussian,128,47,0,0.7816792938188517,0.3650541758159207,0.7814612752443407,0.3654796113374449,-0.01832070618114834,-0.01853872475565932,0.005054175815920825,0.005479611337445012,-0.00021801857451098083,0.00042543552152418673,nan,nan,nan
mixture,128,47,8,0.8039803379480013,0.3587243013693228,0.8034720021633395,0.3591656477860952,0.0039803379480012335,0.003472002163339427,-0.001275698630677058,-0.0008343522139046544,-0.0005083357846618064,0.0004413464167724035,2.696620840013111,2.660015955865086,0.0
gaussian,128,48,0,0.7758519491811021,0.36314451161393696,0.7756261352746951,0.36356930821422284,-0.024148050818897926,-0.024373864725304895,0.0031445116139370843,0.003569308214222966,-0.00022581390640696863,0.0004247966002858816,nan,nan,nan
mixture,128,48,8,0.7943312600469156,0.37498242811824184,0.7940626926448232,0.37541052059574875,-0.005668739953084478,-0.005937307355176835,0.014982428118241964,0.015410520595748878,-0.00026856740209235674,0.0004280924775069139,2.736313342862493,2.7062695501688934,0.0
gaussian,128,49,0,0.7890008802366473,0.36017408697810105,0.7887862824721323,0.36059878811753465,-0.010999119763352772,-0.011213717527867706,0.00017408697810117335,0.0005987881175347765,-0.0002145977645149344,0.0004247011394336031,nan,nan,nan
mixture,128,49,8,0.7984768131353134,0.355317253233928,0.7984195089654637,0.35575146585259515,-0.0015231868646866653,-0.001580491034536391,-0.004682746766071888,-0.004248534147404726,-5.730416984972564e-05,0.00043421261866716243,2.342806447305575,2.3218045554467643,0.0
gaussian,128,50,0,0.8054235950990206,0.3715833088333698,0.8052202554666842,0.3720230557973021,0.005423595099020573,0.005220255466684143,0.011583308833369943,0.012023055797302229,-0.00020333963233643004,0.00043974696393228596,nan,nan,nan
mixture,128,50,8,0.8074414595698546,0.3549125720964148,0.8051770161877914,0.3553614476978178,0.007441459569854536,0.005177016187791317,-0.005087427903585073,-0.004638552302182075,-0.0022644433820632193,0.0004488756014029982,2.2979714696601423,2.345219540580663,0.0
gaussian,128,51,0,0.8014128498333539,0.3696078135647014,0.8012078817571654,0.37004233415871074,0.0014128498333538797,0.0012078817571653522,0.009607813564701528,0.010042334158710864,-0.00020496807618852753,0.0004345205940093355,nan,nan,nan
mixture,128,51,8,0.7930216767318341,0.3575784168804903,0.7928363848294717,0.35801431254185817,-0.006978323268165942,-0.007163615170528326,-0.002421583119509574,-0.001985687458141705,-0.00018529190236238335,0.00043589566136786884,2.6511651415897193,2.5963011683189023,0.0
gaussian,128,52,0,0.7941724207248235,0.3605575285771667,0.7939544079397987,0.3609947484525677,-0.00582757927517652,-0.006045592060201388,0.0005575285771668437,0.0009947484525678063,-0.0002180127850248681,0.00043721987540096263,nan,nan,nan
mixture,128,52,8,0.8020834134177574,0.36728830558686765,0.8043709129619807,0.3677162698269165,0.002083413417757307,0.004370912961980666,0.0072883055868677715,0.007716269826916644,0.002287499544223359,0.00042796424004887257,2.738928743334612,2.8709909397594693,0.0
gaussian,128,53,0,0.79217011404419,0.3628251889046678,0.7919518893789369,0.36325539787402644,-0.007829885955810023,-0.008048110621063143,0.00282518890466793,0.0032553978740265666,-0.00021822466525311945,0.0004302089693586364,nan,nan,nan
mixture,128,53,8,0.7880924235741792,0.35445666941329734,0.7869706722175179,0.35489261042283815,-0.011907576425820854,-0.013029327782482114,-0.005543330586702533,-0.005107389577161725,-0.0011217513566612602,0.00043594100954080783,3.0343471672154294,3.678725443645499,0.0
gaussian,128,54,0,0.7966428977399957,0.3524817439949384,0.7964324533117736,0.3529189053790231,-0.0033571022600042966,-0.003567546688226453,-0.007518256005061452,-0.00708109462097678,-0.00021044442822215625,0.0004371613840846722,nan,nan,nan
mixture,128,54,8,0.7936094667290611,0.3489575876469812,0.7932255052711221,0.3494088233012037,-0.0063905332709389695,-0.006774494728877922,-0.011042412353018671,-0.010591176698796168,-0.00038396145793895275,0.0004512356542225038,2.3989707410592125,2.5283475516187215,0.0
gaussian,128,55,0,0.7954782130919833,0.3659434810068155,0.795266357429789,0.36637781539824626,-0.004521786908016745,-0.004733642570211027,0.005943481006815632,0.006377815398246389,-0.00021185566219428242,0.00043433439143075736,nan,nan,nan
mixture,128,55,8,0.807794270708541,0.3655288513093697,0.8077526456037458,0.365968462846433,0.007794270708540996,0.007752645603745778,0.005528851309369809,0.005968462846433098,-4.162510479521764e-05,0.00043961153706328915,2.208211893048917,2.1915678496683517,0.0
gaussian,128,56,0,0.7992459732151187,0.36520067295430836,0.7990316924147342,0.3656384664019709,-0.0007540267848813453,-0.0009683075852658929,0.005200672954308483,0.005638466401971021,-0.00021428080038454755,0.0004377934476625378,nan,nan,nan
mixture,128,56,8,0.8084904778582754,0.3460391526830311,0.8086432730619803,0.34647851116566414,0.008490477858275391,0.008643273061980206,-0.013960847316968783,-0.013521488834335738,0.00015279520370481414,0.00043935848263304544,2.9115513390683008,2.9310914322149904,0.0
gaussian,128,57,0,0.7983430612403519,0.3465684340700322,0.7981199042457005,0.3470048817253468,-0.0016569387596481189,-0.0018800957542995933,-0.013431565929967693,-0.01299511827465305,-0.00022315699465147443,0.00043644765531464236,nan,nan,nan
mixture,128,57,8,0.8033408787857378,0.33180225171608235,0.8038773725939101,0.33222929989230715,0.003340878785737744,0.003877372593910078,-0.028197748283917523,-0.027770700107692725,0.0005364938081723336,0.00042704817622479796,2.251920284095614,2.2417937970705086,0.0
gaussian,128,58,0,0.7949266164242307,0.35213631314394755,0.7947032240485443,0.3525697214745883,-0.0050733835757693635,-0.005296775951455723,-0.007863686856052321,-0.00743027852541156,-0.00022339237568635983,0.000433408330640761,nan,nan,nan
mixture,128,58,8,0.7890807885220138,0.3546793746621743,0.7898913153818725,0.35511760511323787,-0.010919211477986246,-0.010108684618127528,-0.005320625337825569,-0.004882394886762009,0.0008105268598587179,0.0004382304510635593,3.2143486653449553,4.258223300085097,0.0
gaussian,128,59,0,0.7904694448156765,0.3622731385921868,0.7902480308992692,0.3627073646315406,-0.009530555184323553,-0.00975196910073084,0.0022731385921869185,0.0027073646315406985,-0.00022141391640728703,0.00043422603935378,nan,nan,nan
mixture,128,59,8,0.8031262359673111,0.3641109335125999,0.8028238319413599,0.36454006024964525,0.0031262359673110973,0.0028238319413598223,0.004110933512600001,0.004540060249645372,-0.000302404025951275,0.0004291267370453711,2.680953982145632,2.655861841947078,0.0
gaussian,128,60,0,0.808007685334727,0.36496466490240365,0.8078008329095854,0.3654065720884141,0.008007685334726955,0.007800832909585331,0.00496466490240377,0.005406572088414219,-0.00020685242514162372,0.00044190718601044843,nan,nan,nan
mixture,128,60,8,0.8015538195039754,0.35731222059504814,0.8010018832593279,0.3577488708304254,0.0015538195039753733,0.0010018832593278182,-0.00268777940495174,-0.002251129169574484,-0.0005519362446475551,0.0004366502353772561,2.4131021264205623,2.3807755879620984,0.0
gaussian,128,61,0,0.7808004206585026,0.3524517815062101,0.7805749751246979,0.35288076229789106,-0.019199579341497408,-0.019425024875302177,-0.007548218493789782,-0.007119237702108816,-0.00022544553380476895,0.00042898079168096626,nan,nan,nan
mixture,128,61,8,0.8031083723692196,0.3686406997269733,0.8024272680959905,0.3690679074792408,0.0031083723692195697,0.0024272680959904758,0.0086406997269734,0.009067907479240911,-0.000681104273229094,0.00042720775226751107,2.975848636249901,2.949886320760176,0.0
gaussian,128,62,0,0.7873074833382271,0.34666364014797746,0.787076804350415,0.3470932574854951,-0.012692516661772957,-0.012923195649584995,-0.013336359852022417,-0.012906742514504799,-0.00023067898781203855,0.0004296173375176182,nan,nan,nan
mixture,128,62,8,0.8087425591314507,0.347841802326234,0.8074236102136576,0.3482751449854728,0.008742559131450611,0.007423610213657561,-0.012158197673765858,-0.01172485501452708,-0.0013189489177930502,0.0004333426592387779,2.2859959492376793,2.317042813685937,0.0
gaussian,128,63,0,0.7952155936981643,0.36810149016025834,0.7950035698582132,0.36853534381747777,-0.004784406301835742,-0.004996430141786856,0.008101490160258462,0.008535343817477892,-0.0002120238399511143,0.0004338536572194296,nan,nan,nan
mixture,128,63,8,0.7935379385255117,0.3731470068850226,0.793325782079949,0.37358148813643116,-0.0064620614744883564,-0.006674217920051073,0.013147006885022738,0.013581488136431286,-0.00021215644556271673,0.0004344812514085472,2.9367642340076143,3.0754214820003947,0.0
gaussian,256,0,0,0.8082481510186421,0.3588589224186007,0.8080360265470096,0.3593006725573405,0.00824815101864207,0.008036026547009523,-0.001141077581399197,-0.000699327442659381,-0.00021212447163254655,0.00044175013873981595,nan,nan,nan
mixture,256,0,8,0.8009735486916469,0.3610689700116273,0.8005767268117473,0.361504506978915,0.0009735486916468972,0.0005767268117472524,0.0010689700116274237,0.0015045069789151322,-0.0003968218798996448,0.0004355369672877085,2.7631649182311175,2.8366146025822516,0.0
gaussian,256,1,0,0.7871535960013581,0.35355949713113116,0.7869296411018162,0.3539911386471102,-0.012846403998641898,-0.013070358898183865,-0.006440502868868714,-0.006008861352889694,-0.00022395489954196712,0.0004316415159790199,nan,nan,nan
mixture,256,1,8,0.8002420659018886,0.376348742604045,0.8008561297292165,0.3767923542717903,0.00024206590188857735,0.0008561297292164483,0.01634874260404512,0.016792354271790433,0.0006140638273278709,0.0004436116677453139,2.8003762819758125,2.8472232730240234,0.0
gaussian,256,2,0,0.7997627716813066,0.35131025023274254,0.7995450743294099,0.35174950971209606,-0.00023722831869343874,-0.0004549256705901339,-0.008689749767257338,-0.008250490287903811,-0.00021769735189669515,0.0004392594793535265,nan,nan,nan
mixture,256,2,8,0.8071932899549656,0.3610204075174509,0.807166482792821,0.3614610883324502,0.007193289954965598,0.00716648279282095,0.0010204075174510274,0.0014610883324503443,-2.6807162144648622e-05,0.0004406808149993169,2.939440959236662,3.093924981183145,0.0
gaussian,256,3,0,0.7996768782023972,0.3656017769742327,0.7994635453498725,0.3660435994325521,-0.0003231217976028544,-0.0005364546501275269,0.005601776974232808,0.006043599432552227,-0.0002133328525246725,0.0004418224583194186,nan,nan,nan
mixture,256,3,8,0.8043696913768984,0.36817892478234066,0.8040265139191244,0.3686211626954192,0.004369691376898355,0.0040265139191243415,0.00817892478234078,0.008621162695419349,-0.0003431774577740132,0.0004422379130785692,3.196127597206501,3.460069027748122,0.0
gaussian,256,4,0,0.7966897575860828,0.3541223718842724,0.7964741479464067,0.3545580423818702,-0.003310242413917197,-0.003525852053593348,-0.005877628115727451,-0.005441957618129656,-0.00021560963967615088,0.0004356704975977954,nan,nan,nan
mixture,256,4,8,0.8006448984270624,0.3617112821578203,0.8019639309933168,0.3621532856201926,0.0006448984270623903,0.0019639309933167093,0.001711282157820404,0.0021532856201927353,0.001319032566254319,0.00044200346237233124,2.596073265838638,2.6081761190942716,0.0
gaussian,256,5,0,0.7964986332686167,0.3598518083405135,0.7962847542948236,0.36029066931345183,-0.0035013667313833485,-0.003715245705176451,-0.00014819165948637414,0.00029066931345195224,-0.0002138789737931024,0.0004388609729383264,nan,nan,nan
mixture,256,5,8,0.798703575683642,0.3593048409683806,0.7991143728004189,0.35974403272741495,-0.0012964243163580136,-0.0008856271995811849,-0.0006951590316192635,-0.0002559672725849227,0.00041079711677682873,0.0004391917590343408,2.49561886795325,2.5160052737023406,0.0
gaussian,256,6,0,0.8086747388632164,0.3635035041401577,0.8084702110350133,0.3639415683235127,0.008674738863216347,0.00847021103501322,0.0035035041401578204,0.003941568323512834,-0.0002045278282031271,0.0004380641833550136,nan,nan,nan
mixture,256,6,8,0.80557024762328,0.39672130582293785,0.8052187557672031,0.397154794913829,0.005570247623279956,0.005218755767203098,0.03672130582293798,0.037154794913829114,-0.0003514918560768576,0.0004334890908911371,3.6781153030870524,3.7298037314614696,0.0
gaussian,256,7,0,0.7870828705285988,0.35641434373482983,0.7868573971682387,0.3568478181725522,-0.012917129471401223,-0.013142602831761385,-0.003585656265170045,-0.0031521818274476976,-0.0002254733603601622,0.0004334744377223476,nan,nan,nan
mixture,256,7,8,0.8058706290339388,0.37378653648131754,0.8079173932973116,0.37425469775468234,0.005870629033938757,0.007917393297311559,0.013786536481317668,0.014254697754682466,0.0020467642633728023,0.00046816127336479774,3.266107519423917,3.5246433989960373,0.0
gaussian,256,8,0,0.8078268491887931,0.3671559194735087,0.8076214350243406,0.3675974575937018,0.007826849188793061,0.007621435024340539,0.007155919473508798,0.007597457593701951,-0.00020541416445252203,0.0004415381201931523,nan,nan,nan
mixture,256,8,8,0.8035600102519808,0.35359842395172303,0.8031343900295318,0.35404039814000626,0.0035600102519807164,0.003134390029531753,-0.006401576048276847,-0.005959601859993613,-0.0004256202224489636,0.000441974188283234,3.175501515846591,3.5828637344056498,0.0
gaussian,256,9,0,0.800711335036078,0.3712616325884979,0.800500124780153,0.3717039595741194,0.0007113350360780091,0.0005001247801529329,0.01126163258849805,0.011703959574119516,-0.00021121025592507614,0.0004423269856214662,nan,nan,nan
mixture,256,9,8,0.8062001507496662,0.36209151632545694,0.8049995871746547,0.36250853754441975,0.006200150749666178,0.004999587174654652,0.0020915163254570657,0.0025085375444198754,-0.0012005635750115262,0.00041702121896280975,3.101014228103108,3.165789359177605,0.0
gaussian,256,10,0,0.7910905289887125,0.3660402183264506,0.7908797432844218,0.3664670316533351,-0.008909471011287584,-0.009120256715578257,0.006040218326450741,0.006467031653335231,-0.00021078570429067245,0.0004268133268844898,nan,nan,nan
mixture,256,10,8,0.7958004699981626,0.35366287581972844,0.795534882859725,0.3541009074538635,-0.0041995300018374815,-0.004465117140275088,-0.006337124180271436,-0.005899092546136353,-0.0002655871384376063,0.00043803163413508317,3.0405143117943396,3.1114294771908755,0.0
gaussian,256,11,0,0.7994462892950092,0.3587181085680444,0.7992312581735261,0.35915815282501073,-0.000553710704990884,-0.0007687418264739065,-0.0012818914319554509,-0.000841847174989141,-0.0002150311214830225,0.0004400442569663099,nan,nan,nan
mixture,256,11,8,0.8055045079891466,0.35564596118846287,0.8077209859650248,0.3560907639796116,0.00550450798914659,0.007720985965024796,-0.004354038811537009,-0.003909236020388285,0.002216477975878206,0.000444802791148724,2.442987556639843,2.6609161863195547,0.0
gaussian,256,12,0,0.7908232106115074,0.3599766162163554,0.7906006231580083,0.36041071359156,-0.009176789388492645,-0.009399376841991769,-2.338378364447058e-05,0.0004107135915601412,-0.00022258745349912346,0.0004340973752046118,nan,nan,nan
mixture,256,12,8,0.8030782247096275,0.35957352893626016,0.802172808752997,0.36001814867356313,0.003078224709627486,0.0021728087529969686,-0.00042647106373971955,1.8148673563256335e-05,-0.0009054159566305175,0.0004446197373029759,2.9370277924370036,3.099538462296385,0.0
gaussian,256,13,0,0.801715571332614,0.36087445779951605,0.801503682859485,0.3613131375286719,0.0017155713326139077,0.0015036828594849894,0.0008744577995161706,0.0013131375286720148,-0.00021188847312891834,0.0004386797291558442,nan,nan,nan
mixture,256,13,8,0.7918843584852286,0.37388540863519093,0.7908703321488946,0.37432032866380865,-0.008115641514771399,-0.009129667851105472,0.013885408635191054,0.014320328663808779,-0.001014026336334073,0.0004349200286177246,2.6158545288493684,2.7554484449253094,0.0
gaussian,256,14,0,0.7884549666007699,0.35227727346809395,0.7882295274134025,0.35270840768518025,-0.011545033399230187,-0.01177047258659758,-0.007722726531905921,-0.007291592314819628,-0.00022543918736739332,0.00043113421708629307,nan,nan,nan
mixture,256,14,8,0.7957721216804439,0.3510413018993342,0.7964462863774568,0.35147527370785503,-0.0042278783195561775,-0.0035537136225431976,-0.008958698100665685,-0.008524726292144846,0.00067416469701298,0.00043397180852083883,2.7007727112631867,2.81437052345727,0.0
gaussian,256,15,0,0.8087829920299806,0.3549451439690364,0.8085747782575513,0.3553877377834292,0.008782992029980563,0.008574778257551263,-0.0050548560309634505,-0.004612262216570684,-0.00020821377242929984,0.00044259381439276657,nan,nan,nan
mixture,256,15,8,0.7999096488314328,0.36242836460421946,0.7989267694026323,0.362872588887341,-9.035116856725978e-05,-0.001073230597367747,0.0024283646042195794,0.0028725888873410987,-0.0009828794288004872,0.0004442242831215193,2.592361147824138,2.657736732580662,0.0
gaussian,256,16,0,0.791854341719317,0.35201198904720965,0.7916373872950415,0.3524427900862918,-0.008145658280683032,-0.008362612704958527,-0.007988010952790225,-0.007557209913708063,-0.00021695442427549505,0.0004308010390821626,nan,nan,nan
mixture,256,16,8,0.7996293461137515,0.3522010266190083,0.7994594898049904,0.35263856335342597,-0.0003706538862485731,-0.0005405101950096691,-0.0077989733809915585,-0.0073614366465739045,-0.00016985630876109603,0.00043753673441765395,2.5266604603780056,2.6460343391318117,0.0
gaussian,256,17,0,0.7988774749638772,0.3602524234513439,0.7986641190715408,0.36068865728971505,-0.0011225250361228678,-0.0013358809284592654,0.00025242345134401933,0.0006886572897151777,-0.00021335589233639762,0.00043623383837115837,nan,nan,nan
mixture,256,17,8,0.8028405732295418,0.3640959336136124,0.8040925266404121,0.364526735927389,0.0028405732295417874,0.004092526640412042,0.004095933613612546,0.004526735927389114,0.0012519534108702546,0.0004308023137765682,2.887447063224201,2.947645840847005,0.0
gaussian,256,18,0,0.7970752241578344,0.3619376725206709,0.7968628863782207,0.36237436096072667,-0.002924775842165661,-0.003137113621779375,0.0019376725206710077,0.0023743609607267957,-0.0002123377796137138,0.000436688440055788,nan,nan,nan
mixture,256,18,8,0.7903336540706692,0.3598333464268822,0.7901446675823867,0.3602631395024014,-0.0096663459293308,-0.009855332417613383,-0.00016665357311768103,0.0002631395024015326,-0.00018898648828258313,0.00042979307551921364,3.1288400513271943,3.4031019314856836,0.0
gaussian,256,19,0,0.8061325038911269,0.36526663051691993,0.8059269526562564,0.3657059776594352,0.00613250389112685,0.005926952656256312,0.005266630516920057,0.005705977659435313,-0.00020555123487053795,0.0004393471425152562,nan,nan,nan
mixture,256,19,8,0.7958510600723756,0.36042070743897686,0.7955471701898004,0.36086333320098113,-0.00414893992762444,-0.004452829810199677,0.00042070743897698604,0.0008633332009812533,-0.00030388988257523675,0.0004426257620042673,2.9518764926442262,2.960338548553584,0.0
gaussian,256,20,0,0.78654609809216,0.3650980406890657,0.7863278874984031,0.3655275918495076,-0.013453901907840016,-0.013672112501596945,0.00509804068906583,0.00552759184950774,-0.00021821059375692897,0.00042955116044191,nan,nan,nan
mixture,256,20,8,0.8024665490668496,0.35131616884269207,0.803018612770223,0.351762300331047,0.0024665490668495105,0.0030186127702229726,-0.008683831157307809,-0.00823769966895288,0.0005520637033734621,0.00044613148835492833,2.7488862061697317,2.752969757963501,0.0
gaussian,256,21,0,0.8019319269742369,0.3553812394136958,0.8017192079412581,0.35581684346028974,0.0019319269742368306,0.0017192079412580163,-0.00461876058630406,-0.004183156539710131,-0.00021271903297881423,0.00043560404659392926,nan,nan,nan
mixture,256,21,8,0.7982067828804806,0.3698962470138594,0.7980899404595786,0.37033128734249743,-0.001793217119519408,-0.0019100595404214493,0.00989624701385955,0.010331287342497553,-0.00011684242090204133,0.00043504032863800335,3.186454837211392,3.2464653617558836,0.0
gaussian,256,22,0,0.7787682642008438,0.3699015266645561,0.7785501253110733,0.3703301342734199,-0.02123173579915627,-0.021449874688926784,0.009901526664556237,0.01033013427342,-0.00021813888977051388,0.0004286076088637625,nan,nan,nan
mixture,256,22,8,0.7940746601450978,0.35833812885258115,0.7936619782755944,0.358774164106015,-0.0059253398549022895,-0.006338021724405674,-0.0016618711474187253,-0.0012258358939848946,-0.00041268186950338404,0.00043603525343383076,2.6396912957847185,2.678135275008673,0.0
gaussian,256,23,0,0.8000281232496417,0.36200779475470823,0.7998158238482759,0.3624432405803858,2.812324964163171e-05,-0.00018417615172416912,0.0020077947547083586,0.002443240580385919,-0.00021229940136580083,0.00043544582567756063,nan,nan,nan
mixture,256,23,8,0.806815015472916,0.3573080838611234,0.8066787060113949,0.3577452486365475,0.006815015472915964,0.006678706011394864,-0.0026919161388764823,-0.0022547513634523786,-0.00013630946152110024,0.0004371647754241037,2.5216580781047204,2.5648780384382315,0.0
gaussian,256,24,0,0.7954830372350352,0.3587994682178047,0.7952664967454735,0.3592347516644426,-0.004516962764964827,-0.004733503254526594,-0.0012005317821952022,-0.0007652483355573003,-0.0002165404895617673,0.00043528344663790186,nan,nan,nan
mixture,256,24,8,0.7983733562781179,0.35301277698511313,0.7970900754539214,0.35345201844624885,-0.0016266437218821483,-0.002909924546078635,-0.006987223014886745,-0.0065479815537510255,-0.0012832808241964866,0.0004392414611357198,3.0409346594980544,3.8786635606301756,0.0
gaussian,256,25,0,0.7978865825469074,0.371743317344946,0.7976778141676977,0.3721779464552317,-0.002113417453092681,-0.0023221858323023703,0.011743317344946103,0.012177946455231847,-0.0002087683792096895,0.0004346291102857447,nan,nan,nan
mixture,256,25,8,0.803938350346795,0.3503401286920211,0.8018725399675314,0.350767836044227,0.0039383503467949055,0.0018725399675313392,-0.009659871307978796,-0.009232163955772865,-0.0020658103792635663,0.0004277073522059305,2.561821966729787,2.7632110791824687,0.0
gaussian,256,26,0,0.8114280439219239,0.36037852071561227,0.8112230997102732,0.36082400820588123,0.01142804392192387,0.011223099710273132,0.000378520715612396,0.0008240082058813547,-0.00020494421165073717,0.00044548749026895873,nan,nan,nan
mixture,256,26,8,0.7994693302737078,0.3668054765348488,0.7991671759345099,0.3672368322137172,-0.0005306697262922322,-0.0008328240654901231,0.00680547653484892,0.007236832213717348,-0.0003021543391978909,0.00043135567886842807,3.278477943046412,3.2626219378954495,0.0
gaussian,256,27,0,0.7965994530092646,0.35668684890931984,0.7963788507713511,0.3571247444100987,-0.0034005469907354424,-0.003621149228648979,-0.0033131510906800332,-0.002875255589901149,-0.0002206022379135364,0.0004378955007788843,nan,nan,nan
mixture,256,27,8,0.8033074919133045,0.36641971521469624,0.8038861149728229,0.36685924713808726,0.0033074919133044833,0.003886114972822874,0.006419715214696364,0.006859247138087388,0.0005786230595183905,0.0004395319233910233,2.3257939806725956,2.428430575496617,0.0
gaussian,256,28,0,0.7956357720847184,0.35805325980741776,0.7954165114920083,0.35848877187407674,-0.004364227915281682,-0.004583488507991729,-0.0019467401925821193,-0.0015112281259231364,-0.0002192605927100466,0.0004355120666589829,nan,nan,nan
mixture,256,28,8,0.7931262884640481,0.3604869520048603,0.7928340671767466,0.3609202864842586,-0.006873711535951954,-0.007165932823253396,0.00048695200486043033,0.0009202864842587366,-0.0002922212873014418,0.00043333447939830627,2.5644525037389956,2.6487242016859334,0.0
gaussian,256,29,0,0.7939160326761571,0.366671509161013,0.793702559525804,0.36710809798946015,-0.006083967323842976,-0.006297440474196003,0.006671509161013112,0.007108097989460271,-0.00021347315035302739,0.00043658882844715974,nan,nan,nan
mixture,256,29,8,0.7960432640592761,0.35925850296510586,0.7955044325412717,0.35969354659956904,-0.003956735940723988,-0.004495567458728367,-0.000741497034894012,-0.00030645340043083946,-0.000538831518004379,0.0004350436344631725,2.770648984739344,2.8424755567044384,0.0
gaussian,256,30,0,0.7990056121368774,0.3522097921282351,0.7987904190846112,0.3526445535267181,-0.00099438786312267,-0.0012095809153888082,-0.007790207871764765,-0.00735544647328179,-0.00021519305226613827,0.00043476139848297457,nan,nan,nan
mixture,256,30,8,0.7970150884245726,0.3484442044018508,0.7956125299126221,0.3488842406667117,-0.0029849115754274624,-0.004387470087377943,-0.011555795598149066,-0.011115759333288178,-0.0014025585119504802,0.000440036264860888,3.0589513168293383,3.2236705031414292,0.0
gaussian,256,31,0,0.7959571482709408,0.36126313470461846,0.7957408301638421,0.3616991795046157,-0.004042851729059271,-0.004259169836157928,0.0012631347046185848,0.0016991795046158442,-0.0002163181070986564,0.0004360447999972594,nan,nan,nan
mixture,256,31,8,0.8034513624799856,0.36636196002117016,0.8029518723243367,0.36679341188030573,0.0034513624799855647,0.0029518723243366907,0.006361960021170288,0.006793411880305855,-0.000499490155648874,0.0004314518591355676,2.6325594064465596,2.7104115690775465,0.0
gaussian,256,32,0,0.8015846640834514,0.35655073345993443,0.8013681389021552,0.3569911361253861,0.0015846640834513703,0.001368138902155147,-0.003449266540065443,-0.0030088638746137986,-0.00021652518129622322,0.00044040266545164464,nan,nan,nan
mixture,256,32,8,0.8113673497061892,0.3801561486572441,0.8107150775489814,0.3805963536749489,0.011367349706189134,0.010715077548981378,0.020156148657244244,0.020596353674948997,-0.0006522721572077561,0.0004402050177047534,3.024418036275547,3.168095347751887,0.0
gaussian,256,33,0,0.8113636609114004,0.35623769983710046,0.8111558009206319,0.35668103350775804,0.011363660911400397,0.011155800920631842,-0.0037623001628994124,-0.003318966492241837,-0.00020785999076855521,0.00044333367065757523,nan,nan,nan
mixture,256,33,8,0.8036811978851761,0.36959532700094244,0.8029069821903516,0.37003596297623076,0.0036811978851760685,0.0029069821903515702,0.009595327000942566,0.010035962976230883,-0.0007742156948244983,0.0004406359752883171,3.091617939519155,3.0771139191264485,0.0
gaussian,256,34,0,0.8105171970086912,0.35865369504814526,0.8103082499917016,0.3590978427532824,0.010517197008691137,0.010308249991701546,-0.0013463049518546155,-0.0009021572467174943,-0.00020894701698959128,0.0004441477051371212,nan,nan,nan
mixture,256,34,8,0.7989084891645354,0.3576839803353656,0.7983965546129521,0.3581207507316497,-0.0010915108354646597,-0.0016034453870479304,-0.0023160196646342945,-0.0018792492683502027,-0.0005119345515832707,0.00043677039628409187,2.541368090309577,2.5212292926630484,0.0
gaussian,256,35,0,0.8035714705777406,0.3596992168394547,0.8033656982277956,0.36013416103416257,0.003571470577740543,0.0033656982277955327,-0.0003007831605451594,0.0001341610341626942,-0.00020577234994501037,0.0004349441947078536,nan,nan,nan
mixture,256,35,8,0.7956311892954304,0.35467190667512,0.7952853473002505,0.3551022587770945,-0.004368810704569626,-0.0047146526997495775,-0.005328093324879879,-0.004897741222905372,-0.00034584199517995184,0.00043035210197450713,2.6446628204017504,2.814368898361458,0.0
gaussian,256,36,0,0.8030160072816022,0.36881992628512406,0.8028092074493477,0.3692548952170227,0.0030160072816021177,0.0028092074493476504,0.00881992628512418,0.00925489521702283,-0.0002067998322544673,0.0004349689318986494,nan,nan,nan
mixture,256,36,8,0.8042224619301798,0.3630443054700877,0.8040930676294505,0.3634818668157712,0.004222461930179722,0.0040930676294504975,0.003044305470087827,0.0034818668157713395,-0.0001293943007292242,0.00043756134568351257,2.6949427748540584,2.7906370380708587,0.0
gaussian,256,37,0,0.7974457471773646,0.37439544922056606,0.7972387451177623,0.3748330100760492,-0.002554252822635439,-0.0027612548822377736,0.014395449220566181,0.014833010076049313,-0.00020700205960233475,0.0004375608554831323,nan,nan,nan
mixture,256,37,8,0.7985483560452331,0.3558724568273239,0.7982007793717083,0.356305614735122,-0.0014516439547669346,-0.0017992206282917422,-0.004127543172675996,-0.003694385264877864,-0.0003475766735248076,0.0004331579077981318,2.545616444056349,2.520121396092592,0.0
gaussian,256,38,0,0.8110337505892359,0.3575317403509862,0.8108319057879391,0.3579715820051225,0.011033750589235836,0.010831905787939022,-0.002468259649013649,-0.0020284179948773517,-0.00020184480129681326,0.00043984165413629706,nan,nan,nan
mixture,256,38,8,0.7984275014518627,0.3670812187210674,0.7986786478474113,0.3675177296176985,-0.0015724985481373466,-0.0013213521525887728,0.007081218721067539,0.007517729617698643,0.00025114639554857376,0.00043651089663110376,2.9080006453753384,2.953991143361285,0.0
gaussian,256,39,0,0.8089858923350695,0.35827969813670274,0.8087784355749089,0.3587181478018578,0.008985892335069412,0.008778435574908872,-0.0017203018632971356,-0.001281852198142086,-0.00020745676016054038,0.00043844966515504957,nan,nan,nan
mixture,256,39,8,0.7981652052442677,0.3584218742114137,0.7995557291490464,0.35887001552195347,-0.0018347947557323385,-0.00044427085095366525,-0.0015781257885861821,-0.0011299844780464086,0.0013905239047786733,0.0004481413105397736,3.122817745428118,3.4095666781027303,0.0
gaussian,256,40,0,0.7970399206357145,0.3512628107562134,0.7968171310875407,0.3516982326227602,-0.0029600793642855505,-0.0031828689124593357,-0.00873718924378647,-0.0083017673772397,-0.00022278954817378516,0.0004354218665467702,nan,nan,nan
mixture,256,40,8,0.8027561523890459,0.359440633137598,0.8037183029318857,0.35987884421751015,0.0027561523890458073,0.0037183029318856864,-0.0005593668624018777,-0.00012115578248972358,0.0009621505428398791,0.00043821107991215413,3.149368359566844,3.187412973730331,0.0
gaussian,256,41,0,0.7854658602538669,0.3589032656361745,0.785247839526187,0.3593312567817931,-0.014534139746133157,-0.014752160473813003,-0.0010967343638254023,-0.0006687432182067576,-0.00021802072767984626,0.0004279911456186447,nan,nan,nan
mixture,256,41,8,0.7986925614542828,0.3771004778479192,0.7976187630674286,0.3775477226903464,-0.0013074385457172433,-0.0023812369325714178,0.01710047784791935,0.017547722690346546,-0.0010737983868541745,0.00044724484242719686,3.24890851920171,3.3123327254182007,0.0
gaussian,256,42,0,0.7997712891441053,0.3608647395223175,0.7995577313191724,0.361302984610629,-0.0002287108558947093,-0.0004422686808276399,0.0008647395223176368,0.0013029846106291099,-0.00021355782493293063,0.000438245088311473,nan,nan,nan
mixture,256,42,8,0.7952575611166235,0.3706915372053722,0.7957550445835628,0.37112843998103046,-0.004742438883376554,-0.004244955416437213,0.010691537205372303,0.01112843998103058,0.0004974834669393413,0.0004369027756582766,3.056280731491835,3.4176070149091204,0.0
gaussian,256,43,0,0.8042106303125971,0.36486781974343435,0.8040038690510193,0.3653048526899762,0.004210630312597052,0.004003869051019238,0.004867819743434476,0.005304852689976325,-0.00020676126157781471,0.00043703294654184877,nan,nan,nan
mixture,256,43,8,0.7996638406384262,0.36140950156511864,0.799384218159115,0.3618439316982763,-0.000336159361573829,-0.0006157818408850657,0.0014095015651187648,0.001843931698276402,-0.00027962247931123674,0.00043443013315763723,3.0472366134903472,3.137545123970644,0.0
gaussian,256,44,0,0.8118963957030139,0.3673675108634776,0.8116975025966154,0.36780737971361915,0.011896395703013818,0.011697502596615394,0.0073675108634777,0.007807379713619278,-0.0001988931063984234,0.00043986885014157817,nan,nan,nan
mixture,256,44,8,0.7890238257537077,0.3725266651040431,0.7891137386396322,0.3729611833989076,-0.01097617424629238,-0.010886261360367855,0.012526665104043211,0.012961183398907727,8.991288592452573e-05,0.00043451829486451654,2.7288675493949013,2.829657663762842,0.0
gaussian,256,45,0,0.7849960678445352,0.3607757655092814,0.7847740306873346,0.3612095324524165,-0.015003932155464805,-0.0152259693126654,0.0007757655092815452,0.0012095324524166173,-0.00022203715720059414,0.00043376694313507214,nan,nan,nan
mixture,256,45,8,0.7969528628702196,0.35832506895300303,0.7977012335031355,0.35876459843734365,-0.0030471371297804417,-0.002298766496864557,-0.0016749310469968415,-0.0012354015626562243,0.0007483706329158846,0.0004395294843406172,2.9600927674956585,3.059975056392516,0.0
gaussian,256,46,0,0.7992105753465644,0.3653329597791769,0.7989959276677043,0.36576835831263393,-0.0007894246534356775,-0.0010040723322957135,0.005332959779177027,0.005768358312634059,-0.000214647678860036,0.00043539853345703206,nan,nan,nan
mixture,256,46,8,0.7950198592783273,0.3570560160578666,0.7944884648548522,0.3574868636760949,-0.004980140721672743,-0.0055115351451477945,-0.002943983942133299,-0.0025131363239049853,-0.0005313944234750512,0.00043084761822831386,3.381022148729037,3.537145603831397,0.0
gaussian,256,47,0,0.8062315689614777,0.35064129500111074,0.8060182429039291,0.35108374240422985,0.006231568961477696,0.00601824290392905,-0.009358704998889134,-0.008916257595770027,-0.0002133260575486462,0.00044244740311910613,nan,nan,nan
mixture,256,47,8,0.7945467017132766,0.35870047156069756,0.7945346211291263,0.35913234258209054,-0.005453298286723474,-0.005465378870873727,-0.001299528439302311,-0.0008676574179093399,-1.2080584150253593e-05,0.00043187102139297107,2.917058116890362,3.206487727292454,0.0
gaussian,256,48,0,0.7881562108007317,0.36170926579669166,0.787938194788996,0.36214206180926956,-0.011843789199268318,-0.012061805211004084,0.0017092657966917835,0.0021420618092696797,-0.00021801601173576657,0.00043279601257789624,nan,nan,nan
mixture,256,48,8,0.798788546517756,0.349093450519507,0.7963309696353346,0.349523628386684,-0.0012114534822440515,-0.003669030364665482,-0.010906549480492855,-0.010476371613315882,-0.0024575768824214306,0.00043017786717697293,2.6475581877964895,2.8148241151770694,0.0
gaussian,256,49,0,0.7972199512542011,0.35742488598559385,0.7970079677431743,0.3578597179063384,-0.0027800487457989576,-0.0029920322568257607,-0.0025751140144060214,-0.002140282093661461,-0.00021198351102680313,0.00043483192074456056,nan,nan,nan
mixture,256,49,8,0.7952070042844571,0.3506330002054832,0.7955908843212053,0.3510740373247183,-0.004792995715542925,-0.004409115678794762,-0.009366999794516662,-0.008925962675281562,0.0003838800367481632,0.00044103711923509925,2.858179901940562,2.993527700214422,0.0
gaussian,256,50,0,0.7872208475688722,0.3565389110707042,0.7869996367873884,0.35697047861482645,-0.012779152431127816,-0.013000363212611665,-0.003461088929295697,-0.003029521385173428,-0.00022121078148384932,0.00043156754412226883,nan,nan,nan
mixture,256,50,8,0.8049021211393156,0.36590802968004515,0.8058377947324554,0.366343943921671,0.004902121139315541,0.005837794732455381,0.005908029680045279,0.006343943921671147,0.0009356735931398408,0.00043591424162586767,2.9077962071167587,3.1272876841463457,0.0
gaussian,256,51,0,0.8005827521695736,0.3652078859416037,0.8003705340400704,0.3656459312383086,0.0005827521695735971,0.0003705340400703694,0.005207885941603818,0.005645931238308699,-0.00021221812950322771,0.0004380452967048809,nan,nan,nan
mixture,256,51,8,0.8122029510862275,0.3705360480437067,0.8103693696073381,0.37095810329762735,0.012202951086227487,0.01036936960733803,0.010536048043706836,0.010958103297627475,-0.0018335814788894567,0.00042205525392063903,2.6378302909358453,2.6916089858258934,0.0
gaussian,256,52,0,0.7983497624457462,0.35434899850993073,0.7981275800794684,0.3547881655742917,-0.0016502375542538639,-0.001872419920531665,-0.005651001490069141,-0.005211834425708162,-0.00022218236627780108,0.0004391670643609791,nan,nan,nan
mixture,256,52,8,0.7965488353377501,0.3714199590335629,0.796088644000075,0.3718592533969906,-0.003451164662249928,-0.003911355999925092,0.01141995903356302,0.011859253396990732,-0.0004601913376751643,0.00043929436342771133,2.80300807930393,2.9074617494746775,0.0
gaussian,256,53,0,0.8091137276749796,0.3604154138678861,0.808904988139642,0.36085571365214103,0.009113727674979533,0.008904988139641912,0.00041541386788623846,0.0008557136521411546,-0.0002087395353376209,0.0004402997842549161,nan,nan,nan
mixture,256,53,8,0.8004627728821687,0.36377763714186256,0.7992403406443509,0.36420783997817235,0.00046277288216867163,-0.0007596593556491449,0.0037776371418626886,0.0042078399781724785,-0.0012224322378178165,0.00043020283630978984,3.000717020612603,3.0810662906870228,0.0
gaussian,256,54,0,0.8016379291529685,0.3594703944027405,0.8014250448861973,0.359909843140996,0.0016379291529684536,0.0014250448861972131,-0.0005296055972593972,-9.015685900387593e-05,-0.0002128842667712405,0.0004394487382555212,nan,nan,nan
mixture,256,54,8,0.7954960102574166,0.3537408992213276,0.795784276820443,0.35418044224797823,-0.004503989742583481,-0.004215723179557096,-0.006259100778672255,-0.005819557752021642,0.00028826656302638476,0.00043954302665061284,2.8276203722676225,2.9213321426462953,0.0
gaussian,256,55,0,0.7986042748657564,0.36437307700582205,0.7983930180434773,0.3648069078391001,-0.001395725134243686,-0.0016069819565227572,0.004373077005822179,0.004806907839100205,-0.00021125682227907117,0.0004338308332780261,nan,nan,nan
mixture,256,55,8,0.7981644642049338,0.3601561147796033,0.7980312112348966,0.36058934888814187,-0.0018355357950662343,-0.001968788765103424,0.00015611477960342235,0.0005893488881419939,-0.00013325297003718983,0.0004332341085385716,2.862270055597242,2.894524581463508,0.0
gaussian,256,56,0,0.8009339497082085,0.36262571557243944,0.8007216780458786,0.36306386113337136,0.0009339497082084813,0.0007216780458785266,0.0026257155724395687,0.0030638611333714816,-0.00021227166232995476,0.0004381455609319129,nan,nan,nan
mixture,256,56,8,0.7996260557899614,0.3748690083601304,0.7991060026016379,0.375304426429373,-0.00037394421003866807,-0.0008939973983621563,0.014869008360130498,0.01530442642937313,-0.0005200531883234882,0.0004354180692426324,3.2630413849416007,3.416816198807621,0.0
gaussian,256,57,0,0.8056651916567463,0.35611599406044747,0.8054522324978155,0.356559589440059,0.005665191656746282,0.005452232497815457,-0.003884005939552404,-0.0034404105599408763,-0.0002129591589308255,0.00044359537961152773,nan,nan,nan
mixture,256,57,8,0.7963919586615895,0.35304128342008734,0.7969534959715301,0.3534817441602431,-0.003608041338410528,-0.003046504028469954,-0.006958716579912538,-0.0065182558397567925,0.000561537309940574,0.0004404607401557459,3.1909547199261263,3.3925739351218356,0.0
gaussian,256,58,0,0.8002121741996209,0.36719540094485115,0.8000002017202548,0.36763678596875066,0.00021217419962082928,2.0172025472220412e-07,0.007195400944851271,0.007636785968750781,-0.00021197247936610708,0.00044138502389950984,nan,nan,nan
mixture,256,58,8,0.8008032554581116,0.34960452284983656,0.8009648005146782,0.3500420199510927,0.0008032554581115514,0.0009648005146781768,-0.010395477150163313,-0.009957980048907189,0.00016154505656662543,0.0004374971012561235,2.8823818594122264,2.8891956430712655,0.0
gaussian,256,59,0,0.8064006482961957,0.3729548495482349,0.8061990725833305,0.37339413585406095,0.006400648296195688,0.006199072583330412,0.012954849548235003,0.013394135854061073,-0.0002015757128652762,0.00043928630582606987,nan,nan,nan
mixture,256,59,8,0.795849931702925,0.3547752312176775,0.7957650510431397,0.35520924927292336,-0.0041500682970750935,-0.004234948956860385,-0.005224768782322364,-0.00479075072707652,-8.488065978529136e-05,0.0004340180552458439,2.733146661775093,2.7728955338744345,0.0
gaussian,256,60,0,0.798207253584113,0.3599815365485159,0.7979912809701707,0.3604152681072077,-0.0017927464158870032,-0.0020087190298293534,-1.8463451483985427e-05,0.00041526810720782237,-0.00021597261394235012,0.0004337315586918078,nan,nan,nan
mixture,256,60,8,0.7966676236737742,0.373957018116329,0.7961883775357596,0.3743953521806711,-0.00333237632622585,-0.003811622464240494,0.0139570181163291,0.014395352180671228,-0.000479246138014644,0.0004383340643421274,3.2574171208586327,3.4962522627603656,0.0
gaussian,256,61,0,0.7985023646274725,0.3604394365483399,0.7982871514597268,0.3608768346059122,-0.0014976353725275615,-0.001712848540273204,0.0004394365483399998,0.0008768346059123133,-0.00021521316774564259,0.00043739805757231354,nan,nan,nan
mixture,256,61,8,0.7877101605168756,0.35659573939293526,0.788461405691264,0.3570366557702465,-0.012289839483124454,-0.01153859430873605,-0.003404260607064613,-0.002963344229753362,0.0007512451743884041,0.0004409163773112512,3.119858091730407,3.244496289319927,0.0
gaussian,256,62,0,0.8008819919589893,0.35761738039525776,0.8006713431314778,0.3580522971984258,0.0008819919589893033,0.000671343131477764,-0.00238261960474212,-0.0019477028015740805,-0.00021064882751153924,0.0004349168031680395,nan,nan,nan
mixture,256,62,8,0.8023630680612892,0.3469862855508272,0.8021745602648007,0.34741979308871923,0.002363068061289164,0.0021745602648006734,-0.013013714449172653,-0.012580206911280645,-0.0001885077964884907,0.00043350753789200835,2.573349185103856,2.6847835862784075,0.0
gaussian,256,63,0,0.8053462611764828,0.3528745321994558,0.8051285596492923,0.3533168354108072,0.005346261176482736,0.005128559649292264,-0.007125467800544072,-0.006683164589192658,-0.00021770152719047253,0.0004423032113514136,nan,nan,nan
mixture,256,63,8,0.8002240985458997,0.3718095070634397,0.799287484730828,0.37224123934077114,0.00022409854589966471,-0.0007125152691720427,0.011809507063439806,0.01224123934077126,-0.0009366138150717074,0.0004317322773314536,3.3439425116491392,3.9408395793643516,0.0
gaussian,512,0,0,0.7936894252863406,0.3548622361838873,0.7934704588014986,0.35529480060273866,-0.006310574713659478,-0.006529541198501465,-0.005137763816112584,-0.004705199397261217,-0.000218966484841987,0.00043256441885136665,nan,nan,nan
mixture,512,0,8,0.7966591743950887,0.3655848877445192,0.7964731360024712,0.3660197261926342,-0.003340825604911335,-0.003526863997528884,0.005584887744519318,0.0060197261926343,-0.00018603839261754906,0.0004348384481149825,3.1386154679538096,3.1995868665737586,0.0
gaussian,512,1,0,0.803075511811225,0.36405557857409965,0.8028679265031502,0.36449290339924784,0.003075511811225007,0.0028679265031501533,0.004055578574099772,0.0044929033992479606,-0.00020758530807485354,0.0004373248251481887,nan,nan,nan
mixture,512,1,8,0.7963335810703974,0.35776737630019656,0.7960080508730554,0.3582020255918599,-0.0036664189296026217,-0.003991949126944672,-0.0022326236998033155,-0.0017979744081400018,-0.0003255301973420499,0.0004346492916633138,3.0489658783951574,3.1734407699888596,0.0
gaussian,512,2,0,0.7977941135220957,0.3640389521276389,0.7975829491579365,0.36447482976846296,-0.0022058864779043175,-0.0024170508420635617,0.0040389521276390505,0.0044748297684630844,-0.00021116436415924422,0.0004358776408240339,nan,nan,nan
mixture,512,2,8,0.8026597023161913,0.35761899775285816,0.802432398232948,0.3580585066833967,0.0026597023161912814,0.002432398232947941,-0.002381002247141717,-0.001941493316603149,-0.0002273040832433404,0.000439508930538568,2.8526450648747153,2.997547856920068,0.0
gaussian,512,3,0,0.8002172051769247,0.3621940133707562,0.8000058204057897,0.3626320317580307,0.0002172051769246952,5.820405789669358e-06,0.002194013370756309,0.0026320317580308394,-0.00021138477113502585,0.00043801838727453024,nan,nan,nan
mixture,512,3,8,0.8001340340928297,0.36254971190025986,0.8000508133364118,0.3629893162233829,0.00013403409282963796,5.0813336411770216e-05,0.0025497119002599877,0.0029893162233829984,-8.322075641786775e-05,0.0004396043231230107,2.5993034478079293,2.7069705125283026,0.0
gaussian,512,4,0,0.7983761648890154,0.35599506861582425,0.7981607755820559,0.3564320660597182,-0.0016238351109846283,-0.001839224417944152,-0.004004931384175625,-0.0035679339402816534,-0.00021538930695952363,0.00043699744389397166,nan,nan,nan
mixture,512,4,8,0.793655950941119,0.3550628282240371,0.7943208129458716,0.3554934245733042,-0.006344049058881085,-0.005679187054128398,-0.0049371717759627565,-0.0045065754266956914,0.0006648620047526865,0.000430596349267065,2.6592885165687683,2.761304295238255,0.0
gaussian,512,5,0,0.7984205352773349,0.3533407680752039,0.7981997447866662,0.3537782934447511,-0.0015794647226651248,-0.0018002552133338234,-0.00665923192479595,-0.006221706555248785,-0.0002207904906686986,0.0004375253695471648,nan,nan,nan
mixture,512,5,8,0.7969697044717555,0.35797661742114883,0.7964928854152773,0.3584109462717029,-0.00303029552824452,-0.003507114584722748,-0.0020233825788510407,-0.0015890537282969852,-0.0004768190564782282,0.00043432885055405546,2.7083366121744366,2.8674970518271463,0.0
gaussian,512,6,0,0.8015292552603194,0.359612466873694,0.8013132598693622,0.3600510483043252,0.0015292552603193288,0.0013132598693621489,-0.00038753312630585013,5.104830432534069e-05,-0.0002159953909571799,0.0004385814306311908,nan,nan,nan
mixture,512,6,8,0.800489650257585,0.3750517433775269,0.8001477489280301,0.3754852497043746,0.0004896502575849615,0.0001477489280300448,0.015051743377527016,0.015485249704374704,-0.0003419013295549167,0.00043350632684768797,2.7994392892768802,2.9396659184250824,0.0
gaussian,512,7,0,0.8016596461610708,0.36254256075685004,0.8014479040597153,0.36298266818261987,0.001659646161070727,0.0014479040597152881,0.002542560756850165,0.0029826681826199963,-0.0002117421013554388,0.0004401074257698312,nan,nan,nan
mixture,512,7,8,0.8008596571944522,0.35631798468479803,0.8001873916674856,0.3567591791987977,0.0008596571944521347,0.00018739166748560354,-0.0036820153152018475,-0.0032408208012021933,-0.0006722655269665312,0.00044119451399965426,2.8776797814070605,2.9054640841394166,0.0
gaussian,512,8,0,0.7967245797366732,0.361458262724229,0.7965099725132556,0.36189232625867196,-0.0032754202633268337,-0.003490027486744429,0.001458262724229109,0.0018923262586720835,-0.00021460722341759553,0.0004340635344429744,nan,nan,nan
mixture,512,8,8,0.7958734565233878,0.3605772723529369,0.7955034716003072,0.3610140527559832,-0.004126543476612232,-0.004496528399692834,0.0005772723529370305,0.001014052755983319,-0.0003699849230806018,0.0004367804030462885,2.8047490818050136,2.941413620235278,0.0
gaussian,512,9,0,0.8013162790083479,0.36369625264348565,0.8011077352505683,0.364132983476454,0.0013162790083478537,0.001107735250568287,0.0036962526434857756,0.004132983476454133,-0.0002085437577795668,0.00043673083296835724,nan,nan,nan
mixture,512,9,8,0.7972388425540543,0.3667384183733993,0.7968005692031707,0.36717703418193454,-0.002761157445945739,-0.0031994307968293834,0.006738418373399446,0.007177034181934661,-0.0004382733508836445,0.0004386158085352143,3.2675682968778776,3.390356693178454,0.0
gaussian,512,10,0,0.7954105922863554,0.35276757755308547,0.7951901175937519,0.3532001341700842,-0.004589407713644689,-0.004809882406248134,-0.0072324224469144105,-0.006799865829915652,-0.0002204746926034451,0.00043255661699875825,nan,nan,nan
mixture,512,10,8,0.7990416265146015,0.3620749153460399,0.798550773571656,0.3625171987437107,-0.0009583734853985115,-0.001449226428343997,0.0020749153460400405,0.0025171987437108134,-0.0004908529429454855,0.00044228339767077296,2.8598679467929013,3.0341966362123802,0.0
gaussian,512,11,0,0.8007681959284457,0.35978010821505924,0.8005515525080766,0.3602195350420431,0.0007681959284456807,0.0005515525080765915,-0.0002198917849406401,0.0002195350420432507,-0.00021664342036908923,0.0004394268269838908,nan,nan,nan
mixture,512,11,8,0.7999692706172448,0.35199921417793784,0.7990186593902983,0.35243525673547066,-3.072938275527903e-05,-0.0009813406097017863,-0.00800078582206204,-0.007564743264529217,-0.0009506112269465072,0.00043604255753282306,2.8922807464801306,2.957705836852381,0.0
gaussian,512,12,0,0.7995738926183354,0.36228579838398123,0.7993636987226039,0.3627203913161201,-0.0004261073816645977,-0.0006363012773961119,0.0022857983839813523,0.0027203913161202298,-0.00021019389573151415,0.0004345929321388775,nan,nan,nan
mixture,512,12,8,0.7994663838038569,0.36702198014617315,0.7989190761608461,0.36745648169044604,-0.0005336161961431163,-0.0010809238391539244,0.007021980146173279,0.0074564816904461595,-0.0005473076430108081,0.00043450154427288057,3.1029833187513534,3.179405631720349,0.0
gaussian,512,13,0,0.7963454522940868,0.3603383092767349,0.7961326409769197,0.36077247955404684,-0.0036545477059132248,-0.00386735902308033,0.0003383092767350049,0.0007724795540469676,-0.00021281131716710533,0.00043417027731196267,nan,nan,nan
mixture,512,13,8,0.8016267461324064,0.361368471166989,0.8018053430493369,0.3618068332822519,0.0016267461324063204,0.0018053430493368827,0.001368471166989127,0.0018068332822520072,0.00017859691693056234,0.00043836211526288027,2.7492529203751683,2.9513823505261794,0.0
gaussian,512,14,0,0.7939113130703955,0.35064302207399156,0.793687975099449,0.35107886585952097,-0.006088686929604514,-0.00631202490055105,-0.009356977926008314,-0.008921134140478904,-0.0002233379709465355,0.0004358437855294106,nan,nan,nan
mixture,512,14,8,0.7997077860192452,0.36843944230358133,0.7992843457135336,0.3688809302820699,-0.00029221398075485183,-0.0007156542864664717,0.008439442303581457,0.008880930282070043,-0.00042344030571161984,0.0004414879784885861,3.2241977447532575,3.2797724073269636,0.0
gaussian,512,15,0,0.7958796139966225,0.36070138975878363,0.7956636246641422,0.36113563632641266,-0.004120386003377496,-0.004336375335857845,0.0007013897587837548,0.0011356363264127811,-0.00021598933248034857,0.00043424656762902636,nan,nan,nan
mixture,512,15,8,0.7990305690933219,0.35536958205945945,0.7988316851566463,0.35580598616215936,-0.0009694309066781148,-0.0011683148433537793,-0.004630417940540421,-0.004194013837840516,-0.0001988839366756645,0.0004364041026999055,2.700321703452124,2.767626561204633,0.0
gaussian,512,16,0,0.7996849677497373,0.3630852326707867,0.7994732577340287,0.36352220139649183,-0.00031503225026274784,-0.0005267422659713805,0.0030852326707868083,0.003522201396491953,-0.00021171001570863268,0.00043696872570514467,nan,nan,nan
mixture,512,16,8,0.7953947533314378,0.36320270756772766,0.7954240896630059,0.36363827431909934,-0.004605246668562213,-0.004575910336994116,0.0032027075677277805,0.003638274319099466,2.933633156809723e-05,0.00043556675137168543,2.826318064462118,2.9414933354309234,0.0
gaussian,512,17,0,0.7906579669168976,0.3638136730433602,0.7904452792402067,0.3642439244455141,-0.009342033083102441,-0.009554720759793356,0.0038136730433603327,0.004243924445514247,-0.0002126876766909147,0.0004302514021539139,nan,nan,nan
mixture,512,17,8,0.8016722144845307,0.35587258688015927,0.801919734531514,0.3563095834333187,0.0016722144845306985,0.0019197345315139502,-0.004127413119840606,-0.003690416566681176,0.0002475200469832517,0.00043699655315943,2.7739563177197297,2.892922598056467,0.0
gaussian,512,18,0,0.8004850367962627,0.3647376585210328,0.8002770375751753,0.36517379913547265,0.00048503679626266116,0.0002770375751752763,0.004737658521032917,0.005173799135472779,-0.0002079992210873849,0.00043614061443986163,nan,nan,nan
mixture,512,18,8,0.8048389104551565,0.35362783651289775,0.8045184683964989,0.35406829796416195,0.004838910455156498,0.0045184683964988315,-0.006372163487102123,-0.005931702035837927,-0.0003204420586576662,0.0004404614512641958,3.1671103557504043,3.4416273064785825,0.0
gaussian,512,19,0,0.7996595194850158,0.35949582600007823,0.7994425262410982,0.35993780197643693,-0.0003404805149842538,-0.0005574737589018053,-0.0005041739999216421,-6.219802356294268e-05,-0.00021699324391755148,0.00044197597635869945,nan,nan,nan
mixture,512,19,8,0.8006663690800764,0.3620145506268331,0.8006254459319964,0.36245132740307673,0.0006663690800763344,0.0006254459319963157,0.0020145506268332003,0.002451327403076853,-4.0923148080018734e-05,0.0004367767762436525,2.844276029812545,2.924548808547704,0.0
gaussian,512,20,0,0.8041149322676256,0.3619190877140568,0.8039040032926499,0.3623589231086164,0.004114932267625604,0.003904003292649838,0.0019190877140569107,0.0023589231086165174,-0.0002109289749757659,0.00043983539455960674,nan,nan,nan
mixture,512,20,8,0.8014612432045211,0.3563344927099289,0.8017322499534557,0.3567717620457813,0.0014612432045210122,0.0017322499534556668,-0.0036655072900709795,-0.00322823795421856,0.0002710067489346546,0.00043726933585241934,2.64338730074118,2.7583514552308213,0.0
gaussian,512,21,0,0.8096115663548797,0.35312417248518985,0.8094037916041377,0.35356544231900966,0.009611566354879697,0.009403791604137623,-0.006875827514810029,-0.006434557680990216,-0.00020777475074207352,0.0004412698338198129,nan,nan,nan
mixture,512,21,8,0.7994752551600721,0.3550101945780891,0.8006443410392328,0.35544972095352295,-0.0005247448399279264,0.0006443410392327209,-0.004989805421910798,-0.004550279046476924,0.0011690858791606473,0.00043952637543387407,2.7959581162757985,2.888764391707509,0.0
gaussian,512,22,0,0.8023285025276481,0.36027743888783403,0.8021183706551128,0.360715976544819,0.0023285025276480464,0.002118370655112778,0.00027743888783415827,0.0007159765448191413,-0.00021013187253526855,0.00043853765698498304,nan,nan,nan
mixture,512,22,8,0.8002233154452625,0.37608153470171984,0.7997709170173354,0.37652316050581336,0.00022331544526243974,-0.00022908298266466343,0.01608153470171997,0.016523160505813483,-0.00045239842792710316,0.00044162580409351504,2.8806129856537623,3.325728360597954,0.0
gaussian,512,23,0,0.8033694188171822,0.35783460758831653,0.8031562097791247,0.35827374143506435,0.0033694188171821127,0.0031562097791246746,-0.0021653924116833423,-0.0017262585649355233,-0.00021320903805743807,0.00043913384674781897,nan,nan,nan
mixture,512,23,8,0.799675444934918,0.3656978178579191,0.7994277539169621,0.36613443537624907,-0.0003245550650819995,-0.0005722460830379639,0.00569781785791923,0.006134435376249192,-0.0002476910179559644,0.00043661751832996254,2.93723758635394,3.0401339581445983,0.0
gaussian,512,24,0,0.8049990792397909,0.36565012129714336,0.8047908372825126,0.36609010242361156,0.004999079239790816,0.004790837282512506,0.005650121297143484,0.006090102423611687,-0.00020824195727831007,0.000439981126468203,nan,nan,nan
mixture,512,24,8,0.7990575019221071,0.3608458314623442,0.7988317419444347,0.36128784387504465,-0.0009424980778929282,-0.0011682580555653077,0.0008458314623443486,0.0012878438750447696,-0.00022575997767237954,0.000442012412700421,3.0045446686964734,3.2158929527391154,0.0
gaussian,512,25,0,0.799191187814774,0.35701254367622703,0.7989742812386522,0.3574487955150594,-0.0008088121852259933,-0.001025718761347827,-0.0029874563237728413,-0.0025512044849404503,-0.00021690657612183362,0.00043625183883239105,nan,nan,nan
mixture,512,25,8,0.7991127903620545,0.36603603665400586,0.7986182453197316,0.3664712420176083,-0.0008872096379455296,-0.0013817546802684655,0.006036036654005983,0.006471242017608403,-0.0004945450423229358,0.00043520536360242,2.6484284139636856,2.7311263872440987,0.0
gaussian,512,26,0,0.7892021074258231,0.36359430587370306,0.7889854785689157,0.3640262491824145,-0.01079789257417696,-0.01101452143108439,0.003594305873703185,0.004026249182414621,-0.0002166288569074304,0.0004319433087114355,nan,nan,nan
mixture,512,26,8,0.7999361861199683,0.3626858537076299,0.7996242294714033,0.36312464955782636,-6.381388003173782e-05,-0.00037577052859671944,0.002685853707630026,0.0031246495578264866,-0.0003119566485649816,0.0004387958501964606,2.982566588512748,3.1919039372483633,0.0
gaussian,512,27,0,0.8044239235904364,0.36473984620277594,0.8042141096928352,0.36517882454611006,0.004423923590436307,0.0042141096928351995,0.004739846202776066,0.005178824546110183,-0.0002098138976011077,0.00043897834333411767,nan,nan,nan
mixture,512,27,8,0.7979652317921846,0.36376578967912415,0.7979100334277618,0.36420151858660893,-0.0020347682078154516,-0.0020899665722382554,0.003765789679124276,0.004201518586609054,-5.519836442280379e-05,0.0004357289074847781,2.772182586047327,2.886979698154839,0.0
gaussian,512,28,0,0.8041331639820032,0.3577628473429041,0.8039217522418078,0.3582004918239629,0.004133163982003141,0.003921752241807797,-0.0022371526570957867,-0.001799508176036968,-0.00021141174019534414,0.0004376444810588187,nan,nan,nan
mixture,512,28,8,0.795322313074741,0.3569067562122901,0.7952682989376513,0.3573422669931948,-0.00467768692525905,-0.00473170106234877,-0.003093243787709754,-0.002657733006805052,-5.401413708971958e-05,0.0004355107809047021,2.821320702897766,2.8616152300121334,0.0
gaussian,512,29,0,0.8078475382108377,0.35645806430792487,0.8076385526879858,0.3568973493555047,0.007847538210837612,0.007638552687985745,-0.0035419356920750045,-0.003102650644495164,-0.00020898552285186778,0.00043928504757984044,nan,nan,nan
mixture,512,29,8,0.796962265863641,0.35843316674075587,0.7968105945171153,0.3588692185237615,-0.003037734136358994,-0.0031894054828847107,-0.0015668332592440049,-0.0011307814762383517,-0.0001516713465257169,0.00043605178300565317,2.638007643190255,2.784343111587548,0.0
gaussian,512,30,0,0.8010849989284473,0.368129760513837,0.800876955970139,0.3685669793482368,0.0010849989284472672,0.0008769559701389262,0.008129760513837125,0.008566979348236914,-0.00020804295830834096,0.0004372188343997885,nan,nan,nan
mixture,512,30,8,0.8005335958223648,0.364812310349941,0.7998090082395025,0.36524175401925774,0.0005335958223647852,-0.00019099176049752753,0.004812310349941118,0.0052417540192578604,-0.0007245875828623127,0.0004294436693167425,2.70395686043779,2.892026710008915,0.0
gaussian,512,31,0,0.8007215327159876,0.3596227621851669,0.8005097812055536,0.3600567996266729,0.0007215327159875162,0.0005097812055535611,-0.0003772378148329536,5.679962667304306e-05,-0.00021175151043395513,0.00043403744150599666,nan,nan,nan
mixture,512,31,8,0.8003632410585162,0.3501815514966429,0.7991555839869529,0.35062263661829735,0.0003632410585161505,-0.0008444160130471889,-0.009818448503357002,-0.00937736338170253,-0.0012076570715633395,0.000441085121654472,2.5985123876894702,2.7066730936516787,0.0
gaussian,512,32,0,0.7895605557870492,0.3615191969912734,0.7893423154392407,0.36195202489535505,-0.010439444212950844,-0.010657684560759328,0.0015191969912735082,0.0019520248953551755,-0.0002182403478084849,0.0004328279040816674,nan,nan,nan
mixture,512,32,8,0.8030660724469956,0.3691332551131101,0.8029461618772874,0.36957244490594826,0.003066072446995527,0.0029461618772873566,0.00913325511311025,0.009572444905948385,-0.00011991056970817038,0.000439189792838135,3.039584974268756,3.1788209152872584,0.0
gaussian,512,33,0,0.801806343204487,0.3644256056947605,0.8015955418058534,0.364865022046369,0.0018063432044869154,0.0015955418058533066,0.004425605694760637,0.004865022046369127,-0.0002108013986336088,0.00043941635160849035,nan,nan,nan
mixture,512,33,8,0.8007992546251357,0.35633584469681606,0.8010236505558853,0.35677489296205744,0.0007992546251356369,0.0010236505558852693,-0.0036641553031838137,-0.003225107037942432,0.00022439593074963238,0.00043904826524138185,3.0089011803670855,3.103615492439383,0.0
gaussian,512,34,0,0.7949761484601288,0.3576394145777371,0.7947583103666666,0.35807475156769575,-0.005023851539871282,-0.005241689633333491,-0.002360585422262751,-0.0019252484323041275,-0.00021783809346220817,0.00043533698995862347,nan,nan,nan
mixture,512,34,8,0.8050953804198148,0.366076453009811,0.8045846125000218,0.36651539171694575,0.005095380419814721,0.004584612500021734,0.0060764530098111336,0.006515391716945873,-0.0005107679197929871,0.0004389387071347395,3.2552435104531083,3.3604314321494257,0.0
gaussian,512,35,0,0.8020612914011824,0.36527062628568663,0.8018486859539276,0.36570847808303447,0.0020612914011823857,0.0018486859539275091,0.0052706262856867525,0.005708478083034596,-0.00021260544725487662,0.0004378517973478435,nan,nan,nan
mixture,512,35,8,0.7979022933917053,0.3615121229487201,0.7991790644165634,0.36195395886224685,-0.0020977066082947804,-0.000820935583436655,0.0015121229487202181,0.001953958862246974,0.0012767710248581254,0.0004418359135267558,2.7338857879586014,2.8015093795321695,0.0
gaussian,512,36,0,0.7953939948159306,0.3571731810477074,0.7951763702637047,0.3576064967827359,-0.004606005184069395,-0.004823629736295354,-0.002826818952292476,-0.002393503217263948,-0.000217624552225959,0.0004333157350285277,nan,nan,nan
mixture,512,36,8,0.7994287903410124,0.36117245115485486,0.7993281360366415,0.361609406219094,-0.0005712096589876037,-0.0006718639633584989,0.001172451154854981,0.0016094062190941116,-0.00010065430437089518,0.00043695506423913066,2.7507842990771554,2.8340074338547065,0.0
gaussian,512,37,0,0.7985077501572906,0.3684018791528925,0.7982991622544399,0.3688416128900761,-0.0014922498427094588,-0.0017008377455601797,0.008401879152892644,0.008841612890076234,-0.00020858790285072093,0.00043973373718358966,nan,nan,nan
mixture,512,37,8,0.7980693606771291,0.3545625750053516,0.7974319560726351,0.35499818172648073,-0.001930639322870964,-0.0025680439273649824,-0.005437424994648277,-0.005001818273519143,-0.0006374046044940185,0.0004356067211291337,2.8955676326719564,2.952592253012896,0.0
gaussian,512,38,0,0.8038654882985944,0.36695136767458025,0.80365963112183,0.36738840348697965,0.003865488298594344,0.003659631121829987,0.006951367674580378,0.007388403486979778,-0.00020585717676435689,0.00043703581239940004,nan,nan,nan
mixture,512,38,8,0.8019226801550327,0.36252599929269247,0.8016389740321849,0.3629652732361508,0.0019226801550326078,0.0016389740321848256,0.0025259992926925934,0.0029652732361509226,-0.0002837061228477822,0.00043927394345832926,2.9879607549557807,3.1442717812861023,0.0
gaussian,512,39,0,0.8043963820363422,0.3580234491144062,0.8041862842542756,0.35846178949467233,0.0043963820363421835,0.004186284254275585,-0.0019765508855936753,-0.0015382105053275419,-0.00021009778206659835,0.0004383403802661334,nan,nan,nan
mixture,512,39,8,0.7988240862485257,0.3578689274848316,0.7985275198483631,0.3583061398946837,-0.0011759137514743,-0.0014724801516369235,-0.002131072515168253,-0.0016938601053161917,-0.00029656640016262337,0.00043721240985206133,2.903947495438641,3.038173965811958,0.0
gaussian,512,40,0,0.7992156380059889,0.3579742033856844,0.7990025772189179,0.35841068689158406,-0.0007843619940111068,-0.000997422781082169,-0.002025796614315456,-0.001589313108415813,-0.00021306078707106213,0.000436483505899643,nan,nan,nan
mixture,512,40,8,0.7980382053967034,0.3609406944578558,0.7974182061233097,0.3613813148793611,-0.001961794603296596,-0.0025817938766903303,0.0009406944578559395,0.0013813148793612173,-0.0006199992733937343,0.0004406204215052778,2.708811984398258,2.797955671845476,0.0
gaussian,512,41,0,0.8010548807269712,0.353842548423287,0.8008392207134438,0.3542801443063718,0.0010548807269711302,0.0008392207134437779,-0.00615745157671288,-0.005719855693628095,-0.0002156600135273523,0.0004375958830847848,nan,nan,nan
mixture,512,41,8,0.8033259708714157,0.34998555052962105,0.8031405574784543,0.3504264172121306,0.0033259708714156178,0.003140557478454209,-0.010014449470378828,-0.009573582787869295,-0.0001854133929614088,0.0004408666825095331,2.326050759582597,2.3612589767500074,0.0
gaussian,512,42,0,0.805347822721728,0.35480553307932566,0.8051352927453035,0.3552457073208929,0.005347822721727957,0.005135292745303444,-0.005194466920674212,-0.004754292679106986,-0.00021252997642451366,0.00044017424156722607,nan,nan,nan
mixture,512,42,8,0.8017146010085094,0.3594375385520111,0.8018806190509208,0.3598727136189112,0.0017146010085093977,0.0018806190509207399,-0.0005624614479887713,-0.00012728638108866486,0.00016601804241134221,0.00043517506690010643,2.68089838410891,2.866220954869638,0.0
gaussian,512,43,0,0.8041546817733952,0.36844292453838307,0.8039474812201353,0.36888342296283794,0.004154681773395175,0.003947481220135218,0.00844292453838319,0.008883422962838061,-0.00020720055325995634,0.00044049842445487153,nan,nan,nan
mixture,512,43,8,0.8012478073356287,0.3591321304437976,0.8010008390624449,0.35956965548204406,0.0012478073356286812,0.0010008390624448582,-0.000867869556202272,-0.0004303445179558163,-0.00024696827318382297,0.0004375250382464557,2.5295281018347042,2.6282625392517636,0.0
gaussian,512,44,0,0.8015734184222711,0.3577118315200667,0.8013603089650041,0.3581493990435595,0.0015734184222711,0.0013603089650040534,-0.0022881684799331836,-0.0018506009564403514,-0.00021310945726704666,0.00043756752349283223,nan,nan,nan
mixture,512,44,8,0.8016101704368278,0.36512253596109373,0.8015897556391989,0.3655617434062517,0.0016101704368277625,0.001589755639198831,0.005122535961093855,0.005561743406251818,-2.0414797628931503e-05,0.00043920744515796306,2.8589536546139334,3.1001407523802227,0.0
gaussian,512,45,0,0.7976049627958627,0.35240842442024894,0.7973876213373522,0.3528451397353747,-0.0023950372041373624,-0.002612378662647852,-0.007591575579750931,-0.007154860264625196,-0.00021734145851048936,0.00043671531512573525,nan,nan,nan
mixture,512,45,8,0.8001966934812178,0.35727841466340493,0.7996905731507655,0.35771807615176454,0.00019669348121775787,-0.0003094268492345176,-0.002721585336594945,-0.0022819238482353343,-0.0005061203304522754,0.0004396614883596106,2.6258667305231445,2.6377149370229533,0.0
gaussian,512,46,0,0.7988044154326169,0.361083386638957,0.798592482204884,0.36151941530020837,-0.0011955845673831123,-0.0014075177951160533,0.001083386638957129,0.0015194153002084931,-0.0002119332277329411,0.0004360286612513642,nan,nan,nan
mixture,512,46,8,0.793819757562113,0.3595185684458317,0.7932906121840002,0.3599528382093484,-0.006180242437887062,-0.006709387815999834,-0.00048143155416818795,-4.7161790651450985e-05,-0.000529145378112772,0.00043426976351673696,2.504556246163358,2.5740509531564664,0.0
gaussian,512,47,0,0.7950984607283407,0.35877080063333106,0.79488203839866,0.359208492179897,-0.004901539271659372,-0.0051179616013400375,-0.0012291993666688206,-0.0007915078201028991,-0.00021642232968066555,0.00043769154656592146,nan,nan,nan
mixture,512,47,8,0.7960042544200616,0.35891014449289843,0.7955771361366086,0.3593435153057988,-0.003995745579938426,-0.004422863863391413,-0.0010898555071014449,-0.0006564846942010982,-0.0004271182834529874,0.0004333708129003466,3.0563465260762532,3.1470620996168925,0.0
gaussian,512,48,0,0.8078849779700951,0.3591582507537303,0.8076759209084909,0.3595990499800212,0.00788497797009502,0.007675920908490896,-0.000841749246269563,-0.0004009500199786964,-0.00020905706160412318,0.00044079922629086665,nan,nan,nan
mixture,512,48,8,0.8077297416839933,0.3660813590136609,0.807367172203126,0.36651808659410656,0.007729741683993208,0.007367172203125993,0.006081359013661025,0.006518086594106687,-0.0003625694808672142,0.0004367275804456616,2.920985038355264,3.081692550545216,0.0
gaussian,512,49,0,0.8051170691535501,0.3586014071980927,0.8049093152481336,0.35903974141273504,0.005117069153550036,0.004909315248133539,-0.0013985928019071836,-0.0009602585872648395,-0.00020775390541649674,0.0004383342146423441,nan,nan,nan
mixture,512,49,8,0.7976157727940288,0.3559236154307256,0.7974455669159731,0.356358183378565,-0.002384227205971201,-0.002554433084026919,-0.004076384569274283,-0.003641816621434868,-0.00017020587805571807,0.0004345679478394149,2.680356036206015,2.7485730555225603,0.0
gaussian,512,50,0,0.7930674316343113,0.3586057549289398,0.7928468198504255,0.3590418172885505,-0.006932568365688785,-0.007153180149574556,-0.001394245071060063,-0.0009581827114493735,-0.0002206117838857713,0.0004360623596106894,nan,nan,nan
mixture,512,50,8,0.8023320029206088,0.3524601567934746,0.8017903943767657,0.3528942819044495,0.0023320029206087556,0.0017903943767656472,-0.007539843206525287,-0.007105718095550384,-0.0005416085438431084,0.00043412511097490336,2.6835644867172936,2.7538297277662283,0.0
gaussian,512,51,0,0.8021603898870215,0.36429577929319096,0.8019522923199908,0.36473331731349506,0.0021603898870214966,0.0019522923199907227,0.004295779293191082,0.004733317313495189,-0.00020809756703077387,0.0004375380203041068,nan,nan,nan
mixture,512,51,8,0.7979161482392853,0.3627876071568375,0.7979842085773878,0.36322527609707705,-0.0020838517607147944,-0.002015791422612212,0.0027876071568376237,0.0032252760970771788,6.806033810258239e-05,0.00043766894023955505,3.1820771302426145,3.3679646759174844,0.0
gaussian,512,52,0,0.8033821113316241,0.3623737842832409,0.8031693987214297,0.36281017041649233,0.003382111331624027,0.003169398721429628,0.0023737842832410316,0.0028101704164924524,-0.0002127126101943988,0.0004363861332514207,nan,nan,nan
mixture,512,52,8,0.7990490773694587,0.35969204603489857,0.7990794854022111,0.36012712019104925,-0.0009509226305413065,-0.0009205145977889684,-0.00030795396510130413,0.0001271201910493791,3.0408032752338165e-05,0.00043507415615068323,2.734111304568315,2.8882613253625076,0.0
gaussian,512,53,0,0.8009704659090919,0.3666497652066526,0.8007647262855454,0.367086499691153,0.0009704659090918888,0.0007647262855453585,0.006649765206652725,0.007086499691153103,-0.0002057396235465303,0.00043673448450037844,nan,nan,nan
mixture,512,53,8,0.7993797851355925,0.3503420199352146,0.7984757679249798,0.35077746888220723,-0.0006202148644075534,-0.001524232075020282,-0.009657980064785299,-0.009222531117792643,-0.0009040172106127287,0.0004354489469926559,2.4789054884362134,2.514333296369079,0.0
gaussian,512,54,0,0.7971504703414631,0.35877737394395376,0.7969370111174627,0.35920972133153894,-0.002849529658536909,-0.0030629888825373097,-0.0012226260560461166,-0.0007902786684609309,-0.00021345922400040074,0.00043234738758518576,nan,nan,nan
mixture,512,54,8,0.7983111323123372,0.3702551552524114,0.7984197124477435,0.37069155377580104,-0.0016888676876628539,-0.0015802875522565873,0.010255155252411552,0.010691553775801166,0.00010858013540626654,0.00043639852338961393,2.6544051389396266,2.7498519611861614,0.0
gaussian,512,55,0,0.8075508938058533,0.3611954565945752,0.8073410369268192,0.36163526634610016,0.007550893805853276,0.0073410369268192,0.001195456594575317,0.0016352663461002837,-0.00020985687903407602,0.0004398097515249666,nan,nan,nan
mixture,512,55,8,0.8009677847968049,0.3701770042851465,0.8007711850550243,0.37061615066187803,0.0009677847968048159,0.0007711850550242705,0.010177004285146618,0.010616150661878154,-0.0001965997417805454,0.0004391463767315362,2.781420578958601,2.8221696617576812,0.0
gaussian,512,56,0,0.8002946730213213,0.35610139866289575,0.8000790112761216,0.3565386148168182,0.0002946730213212456,7.901127612153225e-05,-0.003898601337104124,-0.0034613851831816755,-0.00021566174519971337,0.0004372161539224484,nan,nan,nan
mixture,512,56,8,0.8045179509032317,0.36117130379454526,0.80409816118134,0.3616163254188265,0.0045179509032317045,0.004098161181339988,0.0011713037945453864,0.001616325418826614,-0.0004197897218917168,0.0004450216242812277,2.805730137055958,2.9903888155884486,0.0
gaussian,512,57,0,0.807351430440455,0.3583993771382749,0.8071446162216759,0.35884010186869947,0.007351430440454942,0.007144616221675837,-0.0016006228617249652,-0.0011598981313004075,-0.00020681421877910555,0.0004407247304245576,nan,nan,nan
mixture,512,57,8,0.7961663119713746,0.3602123709255348,0.795450081504883,0.3606465875514638,-0.0038336880286254926,-0.004549918495116989,0.00021237092553494374,0.0006465875514639063,-0.0007162304664914965,0.0004342166259289626,2.8163557121574794,2.983719315244042,0.0
gaussian,512,58,0,0.8042311604251027,0.3627404357098584,0.8040181407878201,0.3631819927635257,0.004231160425102631,0.004018140787820035,0.0027404357098585463,0.0031819927635258205,-0.00021301963728259654,0.00044155705366727416,nan,nan,nan
mixture,512,58,8,0.8021791399483513,0.36398522300166947,0.8017010851933286,0.36442335009332355,0.002179139948351283,0.0017010851933285664,0.003985223001669591,0.004423350093323675,-0.00047805475502271655,0.0004381270916540836,2.4824970194655016,2.713043724197844,0.0
gaussian,512,59,0,0.8027470747390039,0.3517344703409031,0.8025288123279869,0.35217049248841226,0.0027470747390038186,0.0025288123279868513,-0.00826552965909677,-0.007829507511587619,-0.0002182624110169673,0.0004360221475091519,nan,nan,nan
mixture,512,59,8,0.8025788580324249,0.3545036849710014,0.801784705185056,0.35495007058805916,0.0025788580324248578,0.0017847051850559126,-0.0054963150289985,-0.005049929411940712,-0.0007941528473689452,0.00044638561705778734,2.522839388383783,2.740722014868325,0.0
gaussian,512,60,0,0.7974018737031912,0.3572456445519988,0.7971895864384905,0.35768065041199065,-0.002598126296808889,-0.0028104135615095727,-0.002754355448001067,-0.002319349588009223,-0.0002122872647006835,0.0004350058599918438,nan,nan,nan
mixture,512,60,8,0.7947698952133292,0.36266469674489726,0.7944254746815739,0.3630989629220121,-0.005230104786670853,-0.005574525318426171,0.002664696744897388,0.0030989629220122272,-0.0003444205317553184,0.0004342661771148393,2.9850086216594764,3.161787651196903,0.0
gaussian,512,61,0,0.796161090850882,0.360473813596707,0.7959488303981263,0.36090819055461776,-0.003838909149117997,-0.004051169601873794,0.00047381359670711776,0.0009081905546178826,-0.00021226045275579697,0.0004343769579107648,nan,nan,nan
mixture,512,61,8,0.7965424523630118,0.35972419747839246,0.7963695671379246,0.36016104206143745,-0.003457547636988245,-0.003630432862075428,-0.0002758025216074156,0.00016104206143757738,-0.00017288522508718263,0.00043684458304499296,2.6675869556043343,2.7970339068751313,0.0
gaussian,512,62,0,0.7963251789284128,0.36152998009385195,0.7961092965843737,0.36196750559189356,-0.003674821071587231,-0.003890703415626362,0.0015299800938520791,0.0019675055918936812,-0.0002158823440391311,0.0004375254980416021,nan,nan,nan
mixture,512,62,8,0.8028148567390991,0.3694147779009902,0.80250410846404,0.36985336917272577,0.002814856739099092,0.0025041084640399225,0.009414777900990323,0.00985336917272589,-0.00031074827505916947,0.00043859127173556667,3.021887722236735,3.1159100963878146,0.0
gaussian,512,63,0,0.7964991942175605,0.3555710421835144,0.7962797626464045,0.3560062974003401,-0.003500805782439498,-0.0037202373535955013,-0.0044289578164855015,-0.003993702599659754,-0.00021943157115600354,0.0004352552168257473,nan,nan,nan
mixture,512,63,8,0.8012272938307659,0.35999565667814215,0.8010784640319425,0.3604320764362021,0.0012272938307658077,0.0010784640319424499,-4.343321857724902e-06,0.00043207643620224445,-0.00014882979882335778,0.00043641975805996935,2.9328325359292338,3.022466684241132,0.0
gaussian,1024,0,0,0.8007090490320421,0.36639415216691,0.8005017292661532,0.3668314743854236,0.0007090490320420528,0.0005017292661531059,0.006394152166910139,0.006831474385423697,-0.00020731976588894696,0.00043732221851355835,nan,nan,nan
mixture,1024,0,8,0.8044482007300077,0.36338718035665313,0.804393746604854,0.3638264807068674,0.004448200730007623,0.004393746604853921,0.003387180356653252,0.00382648070686753,-5.445412515370229e-05,0.0004393003502142778,2.8677315784228696,3.016659728109154,0.0
gaussian,1024,1,0,0.800872364543326,0.3586211868727878,0.8006597279672992,0.3590578117607556,0.0008723645433259541,0.000659727967299184,-0.001378813127212053,-0.0009421882392443015,-0.0002126365760267701,0.00043662488796775145,nan,nan,nan
mixture,1024,1,8,0.7987339133040444,0.3556695327253588,0.7986537865587764,0.3561067359863374,-0.001266086695955626,-0.0013462134412236537,-0.004330467274641092,-0.0038932640136624674,-8.012674526802765e-05,0.0004372032609786247,2.582020282316547,2.7620778334792515,0.0
gaussian,1024,2,0,0.7965673124870106,0.3588087077710998,0.7963508471068523,0.3592457629819797,-0.0034326875129894185,-0.0036491528931477113,-0.001191292228900076,-0.0007542370180201874,-0.00021646538015829275,0.00043705521087988863,nan,nan,nan
mixture,1024,2,8,0.7953491178871803,0.36360885757193534,0.794931524595669,0.36404591277670656,-0.004650882112819721,-0.005068475404331085,0.0036088575719354643,0.004045912776706684,-0.0004175932915113645,0.0004370552047712195,2.828079890097623,2.943746657461684,0.0
gaussian,1024,3,0,0.7983286210302738,0.35824189748444263,0.7981149892500462,0.3586770880374538,-0.0016713789697262449,-0.0018850107499538415,-0.0017581025155572472,-0.0013229119625460806,-0.00021363178022759666,0.0004351905530111666,nan,nan,nan
mixture,1024,3,8,0.8018713783819263,0.35529128545732275,0.8015568905111964,0.3557323162592773,0.001871378381926303,0.0015568905111963405,-0.004708714542677128,-0.004267683740722561,-0.00031448787072996254,0.00044103080195456723,2.8690039484595307,3.0604768042864405,0.0
gaussian,1024,4,0,0.7996752034167598,0.35898742944345563,0.7994598996163195,0.3594239972157451,-0.00032479658324024996,-0.0005401003836805751,-0.0010125705565442455,-0.0005760027842547921,-0.00021530380044032515,0.0004365677722894534,nan,nan,nan
mixture,1024,4,8,0.8020311808460147,0.36580897023860176,0.8021566306903908,0.366247072766125,0.002031180846014613,0.0021566306903907373,0.005808970238601885,0.006247072766125128,0.00012544984437612428,0.0004381025275232431,2.96689403474982,3.1391629331471442,0.0
gaussian,1024,5,0,0.803599567446592,0.36055705452214637,0.8033880057402628,0.360994834359573,0.003599567446591956,0.0033880057402627672,0.000557054522146494,0.000994834359573149,-0.00021156170632918858,0.00043777983742665505,nan,nan,nan
mixture,1024,5,8,0.8000843094315053,0.36327828905513687,0.7999288202976407,0.3637171565002291,8.430943150528059e-05,-7.117970235936966e-05,0.003278289055136996,0.003717156500229246,-0.00015548913386465024,0.0004388674450922503,2.7395394873819434,2.864464235152739,0.0
gaussian,1024,6,0,0.799965640546176,0.3648005815396339,0.7997561028797526,0.3652368854239238,-3.435945382401773e-05,-0.00024389712024741605,0.00480058153963403,0.00523688542392392,-0.00020953766642339833,0.0004363038842898903,nan,nan,nan
mixture,1024,6,8,0.8009592591433644,0.3639649242302312,0.8009089028878629,0.36440282198295154,0.000959259143364366,0.000908902887862828,0.003964924230231315,0.004402821982951666,-5.0356255501537994e-05,0.0004378977527203509,2.949430211749842,3.026150461828137,0.0
gaussian,1024,7,0,0.8005987209740069,0.3593536793841103,0.8003860750427443,0.3597902658048995,0.0005987209740068167,0.0003860750427442383,-0.0006463206158895951,-0.00020973419510039726,-0.00021264593126257836,0.00043658642078919785,nan,nan,nan
mixture,1024,7,8,0.7985255409870544,0.36182261349101963,0.7986790707690813,0.3622578527621026,-0.001474459012945628,-0.0013209292309187548,0.0018226134910197533,0.002257852762102719,0.00015352978202687328,0.00043523927108296556,2.7551458086800533,2.7998656042830117,0.0
gaussian,1024,8,0,0.7993650758637865,0.3597489805482008,0.7991529445198109,0.36018467989887665,-0.0006349241362135771,-0.0008470554801891517,-0.0002510194517990616,0.00018467989887677172,-0.00021213134397557454,0.0004356993506758333,nan,nan,nan
mixture,1024,8,8,0.7991091903659366,0.363800288289913,0.7990950267908004,0.36423769383846794,-0.0008908096340634053,-0.0009049732091996887,0.003800288289913134,0.00423769383846806,-1.4163575136283413e-05,0.00043740554855492553,2.736403616521036,2.8485503537283616,0.0
gaussian,1024,9,0,0.7936200041552118,0.36338192729129154,0.7934058282593736,0.3638166244087345,-0.006379995844788211,-0.006594171740626487,0.0033819272912916643,0.003816624408734648,-0.00021417589583827557,0.00043469711744298367,nan,nan,nan
mixture,1024,9,8,0.8075430553468922,0.36471868396636037,0.8073873436051056,0.36515667955743963,0.007543055346892147,0.007387343605105512,0.004718683966360493,0.005156679557439758,-0.00015571174178663494,0.00043799559107926544,2.829467803963512,2.9206217185748713,0.0
gaussian,1024,10,0,0.7995214759380029,0.3599712621167204,0.7993088339312212,0.36040809319238826,-0.00047852406199710984,-0.0006911660687788368,-2.8737883279450482e-05,0.00040809319238838127,-0.00021264200678172696,0.00043683107566783175,nan,nan,nan
mixture,1024,10,8,0.798596435790691,0.3543352121779586,0.7983606477231551,0.35477439099791985,-0.0014035642093090939,-0.0016393522768449742,-0.005664787822041273,-0.005225609002080023,-0.00023578806753588033,0.0004391788199612501,2.843125481043651,2.9353927393775674,0.0
gaussian,1024,11,0,0.8015029714820371,0.35822284789815334,0.8012887341328505,0.35866218064950156,0.001502971482037041,0.0012887341328504665,-0.0017771521018465353,-0.001337819350498315,-0.00021423734918657455,0.00043933275134822036,nan,nan,nan
mixture,1024,11,8,0.8031355570531084,0.3532855570369117,0.8021538843243565,0.35373363314382317,0.0031355570531083066,0.002153884324356481,-0.006714442963088152,-0.006266366856176708,-0.0009816727287518257,0.0004480761069114436,2.9596352100694485,3.150101364229985,0.0
gaussian,1024,12,0,0.7955334183511471,0.36114526666671903,0.7953185105569475,0.3615803179579284,-0.004466581648852941,-0.004681489443052578,0.001145266666719158,0.001580317957928512,-0.0002149077941996369,0.00043505129120935404,nan,nan,nan
mixture,1024,12,8,0.8009959007442942,0.36281718668930774,0.8006082392858658,0.3632527336412521,0.0009959007442941203,0.0006082392858657304,0.00281718668930786,0.0032527336412522256,-0.00038766145842838995,0.00043554695194436555,2.8169808691622835,2.8665305664628553,0.0
gaussian,1024,13,0,0.8079733241675946,0.3568328549803572,0.8077641958596945,0.3572739044869878,0.007973324167594553,0.007764195859694456,-0.0031671450196426587,-0.002726095513012061,-0.00020912830790009718,0.0004410495066305975,nan,nan,nan
mixture,1024,13,8,0.8024475204548149,0.3573755158927539,0.8022633491691245,0.35781622583085765,0.0024475204548148888,0.0022633491691244068,-0.0026244841072459724,-0.0021837741691422274,-0.00018417128569048202,0.0004407099381037449,2.8367417174231777,3.034396358190672,0.0
gaussian,1024,14,0,0.8028488934746921,0.35260446346822516,0.8026318314068521,0.35304262871349706,0.0028488934746920824,0.002631831406852081,-0.007395536531774716,-0.0069573712865028114,-0.00021706206784000148,0.00043816524527190426,nan,nan,nan
mixture,1024,14,8,0.7999952115267632,0.3588314095826625,0.7994646537608695,0.35926871645995373,-4.788473236816415e-06,-0.0005353462391305408,-0.0011685904173373562,-0.0007312835400461459,-0.0005305577658937244,0.0004373068772912103,2.752167811623191,2.839737283767249,0.0
gaussian,1024,15,0,0.7975441314638797,0.35662194130524616,0.7973309159488796,0.3570565779930334,-0.0024558685361203425,-0.0026690840511204295,-0.003378058694753716,-0.0029434220069664563,-0.00021321551500008695,0.00043463668778725983,nan,nan,nan
mixture,1024,15,8,0.8025623883131238,0.35680796373269247,0.802270988644209,0.3572447497650164,0.00256238831312372,0.0022709886442089378,-0.0031920362673074076,-0.002755250234983464,-0.0002913996689147824,0.00043678603232394364,3.100277895874714,3.2579094296846574,0.0
gaussian,1024,16,0,0.8026463630637685,0.35996433142795303,0.8024330003110414,0.3604046546123023,0.00264636306376842,0.0024330003110413223,-3.566857204684304e-05,0.00040465461230243527,-0.0002133627527270976,0.0004403231843492783,nan,nan,nan
mixture,1024,16,8,0.8012028251912664,0.35700191698072575,0.8009946696215847,0.3574376618378008,0.0012028251912663546,0.0009946696215846762,-0.0029980830192741226,-0.002562338162199085,-0.00020815556968167837,0.00043574485707503774,2.7945660694602994,2.9267892760004814,0.0
gaussian,1024,17,0,0.7995729735382573,0.35756615429477495,0.7993574842290575,0.35800304752402856,-0.00042702646174275216,-0.0006425157709425422,-0.002433845705224924,-0.001996952475971314,-0.00021548930919979004,0.00043689322925360985,nan,nan,nan
mixture,1024,17,8,0.7999864598865746,0.35434701878651453,0.7996531613989547,0.35478737863306264,-1.354011342546979e-05,-0.0003468386010453406,-0.005652981213485342,-0.005212621366937231,-0.0003332984876198708,0.00044035984654811067,2.7932339369916415,2.9060652108088494,0.0
gaussian,1024,18,0,0.7952104562242928,0.36040732725183094,0.7949941269732484,0.36084575625204396,-0.004789543775707283,-0.005005873026751595,0.0004073272518310689,0.0008457562520440831,-0.00021632925104431155,0.00043842900021301423,nan,nan,nan
mixture,1024,18,8,0.7948017839928821,0.36729347276089913,0.7950899920878367,0.3677312273442853,-0.005198216007117895,-0.004910007912163339,0.0072934727608992556,0.007731227344285441,0.00028820809495455624,0.0004377545833861851,2.7984432500647474,2.8992170128309347,0.0
gaussian,1024,19,0,0.8017681954954268,0.3591094452827282,0.801555544131258,0.35954761725439555,0.0017681954954267276,0.0015555441312579132,-0.0008905547172716743,-0.00045238274560432945,-0.00021265136416881436,0.0004381719716673449,nan,nan,nan
mixture,1024,19,8,0.7978239781450587,0.3610994502038739,0.7976319646635254,0.36153482139838905,-0.002176021854941368,-0.002368035336474672,0.0010994502038740306,0.0015348213983891745,-0.0001920134815333041,0.00043537119451514394,2.703708379075196,2.8417963320963295,0.0
gaussian,1024,20,0,0.8043556196395727,0.35475379452759204,0.8041423426934732,0.3551918212497876,0.00435561963957265,0.004142342693473133,-0.005246205472407839,-0.0048081787502122775,-0.00021327694609951653,0.0004380267221955614,nan,nan,nan
mixture,1024,20,8,0.8002338028908271,0.35755505374661556,0.8001075937391349,0.3579932288419988,0.00023380289082708394,0.00010759373913482584,-0.002444946253384317,-0.002006771158001075,-0.0001262091516922581,0.00043817509538324195,2.904852090089957,3.033671986920365,0.0
gaussian,1024,21,0,0.7954084776484904,0.3597528218578944,0.7951904443158424,0.36018850221674004,-0.004591522351509614,-0.00480955568415764,-0.0002471781421054531,0.00018850221674016066,-0.0002180333326480266,0.00043568035884561374,nan,nan,nan
mixture,1024,21,8,0.7971180574549083,0.3514459478673524,0.796891928338071,0.35188090552752826,-0.0028819425450917757,-0.003108071661929057,-0.008554052132647483,-0.00811909447247161,-0.00022612911683728143,0.000434957660175872,3.167575051746403,3.212480170467945,0.0
gaussian,1024,22,0,0.7951765763476265,0.3601309685394276,0.7949616746100644,0.360566431959949,-0.004823423652373537,-0.0050383253899356495,0.0001309685394277338,0.0005664319599490986,-0.00021490173756211206,0.0004354634205213648,nan,nan,nan
mixture,1024,22,8,0.7972989179919485,0.3601262840717448,0.798115809839978,0.36056756402200024,-0.002701082008051525,-0.001884190160022059,0.00012628407174491985,0.0005675640220003664,0.0008168918480294662,0.00044127995025544653,2.851190075164414,2.955108368854688,0.0
gaussian,1024,23,0,0.7980417294858486,0.3609652086060165,0.7978268033718299,0.3614023662089284,-0.001958270514151428,-0.002173196628170171,0.000965208606016621,0.0014023662089285294,-0.00021492611401874306,0.0004371576029119084,nan,nan,nan
mixture,1024,23,8,0.7992832648833442,0.3607334891435116,0.799427648485082,0.36117006296272613,-0.00071673511665582,-0.0005723515149180791,0.0007334891435117341,0.0011700629627262593,0.0001443836017377409,0.0004365738192145252,2.7961383695446678,2.8542154060271114,0.0
gaussian,1024,24,0,0.8063043091699397,0.3623816780664998,0.8060952053011337,0.3628208206554572,0.006304309169939626,0.0060952053011336105,0.002381678066499915,0.002820820655457301,-0.0002091038688060154,0.00043914258895738634,nan,nan,nan
mixture,1024,24,8,0.7991756866464036,0.36254007511965464,0.7986872498070894,0.3629757240322293,-0.0008243133535964509,-0.001312750192910661,0.002540075119654761,0.0029757240322293987,-0.0004884368393142102,0.00043564891257463767,2.7944982175371536,2.904024773918618,0.0
gaussian,1024,25,0,0.7979286322148079,0.3585155753970694,0.7977133765071082,0.3589520134815559,-0.002071367785192124,-0.0022866234928918816,-0.0014844246029304675,-0.0010479865184439552,-0.00021525570769975744,0.00043643808448651233,nan,nan,nan
mixture,1024,25,8,0.799419763407206,0.3560689977783499,0.799308553883434,0.3565058379735865,-0.0005802365927940478,-0.0006914461165660191,-0.003931002221649993,-0.0034941620264133944,-0.00011120952377197124,0.00043684019523659856,2.9221648530778737,3.0644964771901497,0.0
gaussian,1024,26,0,0.7962758929780417,0.36297057612614664,0.7960612167717763,0.3634056907675975,-0.003724107021958356,-0.003938783228223719,0.0029705761261467623,0.0034056907675976134,-0.00021467620626536288,0.0004351146414508511,nan,nan,nan
mixture,1024,26,8,0.8006550543860718,0.3730448147168412,0.8005345373244632,0.37348076610048314,0.0006550543860717184,0.0005345373244631801,0.013044814716841324,0.013480766100483266,-0.00012051706160853826,0.0004359513836419415,2.850541794474192,3.022061396280985,0.0
gaussian,1024,27,0,0.8041943568875,0.36267063270564426,0.8039858188651686,0.3631097011322705,0.004194356887499917,0.003985818865168578,0.0026706327056443824,0.0031097011322706036,-0.00020853802233133933,0.00043906842662622125,nan,nan,nan
mixture,1024,27,8,0.798240015714234,0.3531523891261186,0.7985791533793095,0.3535904676064113,-0.0017599842857660697,-0.0014208466206905301,-0.006847610873881249,-0.006409532393588602,0.00033913766507553955,0.0004380784802926474,2.677578954878956,2.816004325681308,0.0
gaussian,1024,28,0,0.8035733123793546,0.36327450764760405,0.803364263774848,0.36371172497413945,0.003573312379354543,0.0033642637748479975,0.0032745076476041746,0.003711724974139574,-0.0002090486045065454,0.0004372173265353996,nan,nan,nan
mixture,1024,28,8,0.8015615066922944,0.36095935159060694,0.8015875787106927,0.3613972111716792,0.0015615066922943788,0.0015875787106927053,0.0009593515906070604,0.0013972111716793467,2.6072018398326513e-05,0.0004378595810722863,2.644551422184107,2.7459345861362,0.0
gaussian,1024,29,0,0.8028549307417544,0.3626229239039165,0.8026434526049077,0.363061825985389,0.002854930741754358,0.0026434526049076146,0.0026229239039166075,0.0030618259853891217,-0.00021147813684674333,0.0004389020814725142,nan,nan,nan
mixture,1024,29,8,0.7992914886966409,0.3585281519823604,0.7983427641861901,0.35895974206114717,-0.0007085113033591384,-0.001657235813809943,-0.0014718480176394988,-0.0010402579388527067,-0.0009487245104508046,0.0004315900787867921,2.778536262900719,3.044998236618987,0.0
gaussian,1024,30,0,0.8010077685009573,0.3582282224249182,0.8007947034883299,0.3586670199088108,0.0010077685009572956,0.0007947034883298842,-0.0017717775750816789,-0.0013329800911890954,-0.0002130650126274114,0.00043879748389258344,nan,nan,nan
mixture,1024,30,8,0.8023962015298431,0.36152189753652236,0.8022234925059639,0.3619611272222687,0.0023962015298431005,0.0022234925059638755,0.0015218975365224874,0.0019611272222688214,-0.00017270902387922504,0.00043922968574633403,2.7760375973354074,2.9732146506362653,0.0
gaussian,1024,31,0,0.8049958060464852,0.36024309270543037,0.8047855837941394,0.36068272744107055,0.004995806046485196,0.004785583794139403,0.0002430927054304921,0.0006827274410706741,-0.00021022225234579306,0.00043963473564018196,nan,nan,nan
mixture,1024,31,8,0.8007416770018001,0.35510483803551857,0.8006693081846118,0.35554306059798757,0.0007416770018000562,0.0006693081846117499,-0.004895161964481309,-0.004456939402012305,-7.236881718830634e-05,0.00043822256246900393,2.779209962257333,2.8997836447755576,0.0
gaussian,1024,32,0,0.7991060198418426,0.3625682660785959,0.7988940194019053,0.36300401672099325,-0.000893980158157448,-0.0011059805980947468,0.0025682660785960043,0.0030040167209933744,-0.00021200043993729878,0.00043575064239737005,nan,nan,nan
mixture,1024,32,8,0.7919263973514356,0.364306014138068,0.7919844318009346,0.3647392269007195,-0.008073602648564493,-0.00801556819906546,0.004306014138068137,0.004739226900719651,5.803444949903369e-05,0.00043321276265151365,2.9172484725266674,3.042553390423497,0.0
gaussian,1024,33,0,0.7997297669491042,0.36162513208217234,0.7995174595867447,0.3620632045682219,-0.0002702330508957962,-0.00048254041325535013,0.0016251320821724646,0.00206320456822201,-0.00021230736235955394,0.0004380724860495455,nan,nan,nan
mixture,1024,33,8,0.8015605044729128,0.3578497002849565,0.8013037155472054,0.3582879333679828,0.0015605044729127826,0.0013037155472053197,-0.00215029971504338,-0.0017120666320170619,-0.0002567889257074629,0.00043823308302631814,2.723795158410611,2.8736483525320304,0.0
gaussian,1024,34,0,0.8027634342239822,0.35722234562434224,0.8025487613606188,0.35766062385918995,0.002763434223982175,0.0025487613606187676,-0.0027776543756576344,-0.0023393761408099234,-0.00021467286336340763,0.000438278234847711,nan,nan,nan
mixture,1024,34,8,0.8022378539230076,0.35861690455482353,0.8020809719278308,0.3590549620604879,0.002237853923007571,0.0020809719278307437,-0.001383095445176341,-0.0009450379395119501,-0.00015688199517682744,0.00043805750566439094,2.73165934223136,2.8076762707454783,0.0
gaussian,1024,35,0,0.8042906623355416,0.3611567225657359,0.8040803230882275,0.36159746474893306,0.00429066233554154,0.004080323088227478,0.0011567225657360125,0.0015974647489331861,-0.00021033924731406195,0.0004407421831971736,nan,nan,nan
mixture,1024,35,8,0.7984559943451885,0.36049612797885294,0.7979857119993692,0.3609351289978216,-0.0015440056548114978,-0.0020142880006308594,0.000496127978853067,0.0009351289978217214,-0.0004702823458193617,0.0004390010189686544,2.856418332621603,2.971677230043711,0.0
gaussian,1024,36,0,0.8027550893899461,0.3616698295444455,0.8025431361983331,0.3621081452885667,0.0027550893899460638,0.002543136198333018,0.0016698295444456113,0.002108145288566843,-0.0002119531916130457,0.00043831574412123153,nan,nan,nan
mixture,1024,36,8,0.8004577445330242,0.3664501816391101,0.800158619363081,0.3668852596296748,0.0004577445330241625,0.00015861936308092517,0.0064501816391102085,0.0068852596296749,-0.00029912516994323735,0.00043507799056469176,2.6402394698653007,2.6968710630570083,0.0
gaussian,1024,37,0,0.8020379942353558,0.3579732650133879,0.8018225423076992,0.3584130510503304,0.002037994235355778,0.001822542307699182,-0.002026734986611989,-0.0015869489496694866,-0.00021545192765659582,0.0004397860369425022,nan,nan,nan
mixture,1024,37,8,0.8027705948663885,0.36046811725695543,0.8024938023110924,0.36090545807456054,0.0027705948663884206,0.002493802311092308,0.00046811725695555806,0.0009054580745606611,-0.0002767925552961126,0.000437340817605103,2.770902500390916,2.8103167283434782,0.0
gaussian,1024,38,0,0.804002343025209,0.36014603285535335,0.8037919800943943,0.36058379402016,0.004002343025208965,0.0037919800943942983,0.00014603285535347288,0.0005837940201601222,-0.00021036293081466706,0.0004377611648066493,nan,nan,nan
mixture,1024,38,8,0.7999879570500076,0.3596565851252703,0.8003953573166492,0.3600888828378096,-1.204294999246347e-05,0.00039535731664919194,-0.0003434148747295529,8.888283780972284e-05,0.0004074002666416554,0.00043229771253927574,2.8330363021610756,3.0080741896021372,0.0
gaussian,1024,39,0,0.79716969644852,0.36487970812403286,0.7969567770847998,0.36531521465080263,-0.0028303035514800623,-0.0030432229152002055,0.004879708124032989,0.005315214650802758,-0.0002129193637201432,0.00043550652676976886,nan,nan,nan
mixture,1024,39,8,0.7997189543622706,0.35331144289760713,0.7995159262297457,0.3537492759273045,-0.0002810456377294601,-0.0004840737702543896,-0.006688557102392745,-0.0062507240726953905,-0.00020302813252492946,0.00043783302969735427,2.7390138070988126,2.8780575850179355,0.0
gaussian,1024,40,0,0.8023143703743177,0.3583967402039085,0.8021014559676197,0.3588352599101991,0.002314370374317698,0.002101455967619681,-0.001603259796091383,-0.0011647400898007754,-0.0002129144066980171,0.00043851970629060766,nan,nan,nan
mixture,1024,40,8,0.7960052444136582,0.3655705917925866,0.7958731297220881,0.36600487891372224,-0.0039947555863418804,-0.00412687027791192,0.005570591792586732,0.006004878913722367,-0.00013211469157003997,0.0004342871211356347,2.815865355027734,2.9115954121052594,0.0
gaussian,1024,41,0,0.7940966881664058,0.3581191650033354,0.7938786225728748,0.3585543602576689,-0.005903311833594271,-0.006121377427125263,-0.001880834996664471,-0.001445639742330973,-0.00021806559353099164,0.00043519525433349804,nan,nan,nan
mixture,1024,41,8,0.8012212446681711,0.3620682509387365,0.8005570854340621,0.36250372055550345,0.0012212446681710842,0.0005570854340620768,0.0020682509387366377,0.0025037205555035746,-0.0006641592341090075,0.00043546961676693696,2.668448902672867,2.756529856204737,0.0
gaussian,1024,42,0,0.8010789571396618,0.35770406229633384,0.8008640095046652,0.3581422114628105,0.0010789571396617736,0.0008640095046651419,-0.00229593770366604,-0.0018577885371893754,-0.00021494763499663172,0.0004381491664766646,nan,nan,nan
mixture,1024,42,8,0.7998071839778316,0.374140866751302,0.7995223563219944,0.3745823293346162,-0.00019281602216847382,-0.0004776436780056237,0.014140866751302106,0.01458232933461634,-0.00028482765583714986,0.0004414625833142338,2.7173888195627978,2.8468991064243374,0.0
gaussian,1024,43,0,0.8000479526178449,0.3598346254173375,0.7998330841066014,0.3602732198484461,4.795261784484861e-05,-0.00016691589339867807,-0.00016537458266235872,0.0002732198484462489,-0.00021486851124352668,0.00043859443110860763,nan,nan,nan
mixture,1024,43,8,0.8014120089652902,0.3662213883311352,0.8007671300042093,0.3666602784209813,0.0014120089652901457,0.0007671300042092488,0.006221388331135336,0.006660278420981436,-0.0006448789610808969,0.0004388900898461001,2.874465705528584,3.05476202000117,0.0
gaussian,1024,44,0,0.7974275693398433,0.3672998484118562,0.7972148399780367,0.3677349894092957,-0.002572430660156777,-0.0027851600219633843,0.0072998484118563245,0.007734989409295845,-0.0002127293618066073,0.0004351409974395204,nan,nan,nan
mixture,1024,44,8,0.7940993652518161,0.3559584272945261,0.7938961572126666,0.35639350771902667,-0.005900634748183919,-0.006103842787333447,-0.004041572705473784,-0.003606492280973206,-0.00020320803914952723,0.00043508042450057793,2.8539538288014388,2.963697308013792,0.0
gaussian,1024,45,0,0.805600610677336,0.36255207572059706,0.8053911378912642,0.3629922960056574,0.005600610677335971,0.005391137891264108,0.00255207572059718,0.0029922960056575354,-0.0002094727860718626,0.0004402202850603554,nan,nan,nan
mixture,1024,45,8,0.8010024091041353,0.3568608780363975,0.8007893220106833,0.35729814442765756,0.0010024091041352934,0.0007893220106832688,-0.003139121963602387,-0.0027018555723423154,-0.0002130870934520246,0.0004372663912600716,2.87677442282192,2.9878430640418543,0.0
gaussian,1024,46,0,0.7976215233733177,0.35917000663315013,0.7974039259935344,0.3596081148572015,-0.0023784766266823354,-0.002596074006465665,-0.0008299933668497461,-0.00039188514279836495,-0.00021759737978332971,0.00043810822405138117,nan,nan,nan
mixture,1024,46,8,0.8015207319468942,0.35312829033233223,0.8012118894962469,0.35356448775447796,0.0015207319468941716,0.001211889496246843,-0.006871709667667647,-0.006435512245521913,-0.0003088424506473286,0.0004361974221457343,2.6218499913034163,2.681037327645508,0.0
gaussian,1024,47,0,0.7977989920978961,0.35939210009381034,0.7975848318590314,0.3598289992421702,-0.0022010079021039797,-0.0024151681409686487,-0.0006078999061895352,-0.00017100075782966462,-0.00021416023886466906,0.00043689914835987054,nan,nan,nan
mixture,1024,47,8,0.798109473180695,0.36061850077907975,0.7990733510710423,0.36105005191613126,-0.0018905268193050162,-0.000926648928957774,0.000618500779079878,0.0010500519161313893,0.0009638778903472422,0.00043155113705151127,2.775792456369813,2.953192913184326,0.0
gaussian,1024,48,0,0.7977641429931616,0.3597149679186577,0.7975507080516048,0.3601518596155572,-0.002235857006838482,-0.0024492919483952713,-0.0002850320813421736,0.00015185961555730376,-0.00021343494155678933,0.0004368916968994774,nan,nan,nan
mixture,1024,48,8,0.8010771435780653,0.3646656032893531,0.8009270919932022,0.3651064851597793,0.0010771435780652094,0.0009270919932021782,0.004665603289353226,0.005106485159779406,-0.00015005158486303127,0.00044088187042617966,2.6320237314099924,2.796927202600653,0.0
gaussian,1024,49,0,0.8052482286068149,0.3552443846174078,0.8050362979809209,0.3556846236259198,0.005248228606814842,0.0050362979809208674,-0.00475561538259206,-0.004315376374080082,-0.0002119306258939746,0.00044023900851197784,nan,nan,nan
mixture,1024,49,8,0.8020820947882895,0.35769907042949917,0.8020353620386999,0.3581383414617098,0.002082094788289468,0.002035362038699806,-0.0023009295705007093,-0.0018616585382900674,-4.673274958966189e-05,0.0004392710322106419,2.8576730029674913,2.995389352665736,0.0
gaussian,1024,50,0,0.7962767736324942,0.3610412914374276,0.7960629798520604,0.3614768179141986,-0.003723226367505883,-0.003937020147939618,0.001041291437427705,0.0014768179141987359,-0.00021379378043373531,0.00043552647677103096,nan,nan,nan
mixture,1024,50,8,0.7936978914655582,0.3579273734440816,0.7933861783330661,0.358357923316272,-0.006302108534441797,-0.006613821666933917,-0.0020726265559182777,-0.0016420766837279,-0.0003117131324921196,0.00043054987219037777,2.6572743506439336,2.728192107285982,0.0
gaussian,1024,51,0,0.8008189097393276,0.3555341752558339,0.8006049801665414,0.3559714750083199,0.0008189097393275224,0.0006049801665413135,-0.004465824744165958,-0.004028524991679994,-0.00021392957278620894,0.00043729975248596453,nan,nan,nan
mixture,1024,51,8,0.7994780024944076,0.3557636081132515,0.7995317697144415,0.3561996360485736,-0.0005219975055924531,-0.0004682302855585352,-0.004236391886748403,-0.0038003639514263,5.376722003391787e-05,0.00043602793532210304,2.74442591911495,2.865098116402627,0.0
gaussian,1024,52,0,0.8020006525773797,0.35650915548064,0.8017861894632148,0.35694595131924056,0.0020006525773796913,0.001786189463214738,-0.0034908445193598814,-0.0030540486807593137,-0.00021446311416495334,0.0004367958386005677,nan,nan,nan
mixture,1024,52,8,0.8022641035842142,0.35900475925130904,0.8019238845403152,0.35944292894048974,0.002264103584214139,0.0019238845403151128,-0.00099524074869084,-0.0005570710595101391,-0.000340219043899026,0.00043816968918070076,2.8326105382291846,2.9541986028936336,0.0
gaussian,1024,53,0,0.8008300978437225,0.3599919391216029,0.8006174347984437,0.3604278282915167,0.0008300978437224549,0.0006174347984436723,-8.060878396998206e-06,0.00042782829151682966,-0.00021266304527878255,0.00043588916991382787,nan,nan,nan
mixture,1024,53,8,0.8007198351716068,0.35688615920846783,0.8002119873675434,0.3573270739391803,0.0007198351716067863,0.00021198736754335368,-0.003113840791532041,-0.0026729260608195915,-0.0005078478040634327,0.00044091473071244947,2.6243706563666347,2.752451562742758,0.0
gaussian,1024,54,0,0.8034776815843736,0.36078987298689774,0.8032677198155924,0.3612282241306912,0.00347768158437356,0.0032677198155923737,0.000789872986897866,0.0012282241306913466,-0.0002099617687811861,0.0004383511437934806,nan,nan,nan
mixture,1024,54,8,0.8030782868013046,0.36424820306876954,0.8024667496113722,0.36468583057085213,0.0030782868013045084,0.0024667496113721654,0.004248203068769663,0.004685830570852256,-0.000611537189932343,0.0004376275020825937,2.5087617407398604,2.5945290544756228,0.0
gaussian,1024,55,0,0.8002078541079993,0.35878950097533396,0.7999939315245915,0.35922716458003157,0.0002078541079992835,-6.068475408516072e-06,-0.001210499024665912,-0.0007728354199683096,-0.00021392258340779957,0.00043766360469760235,nan,nan,nan
mixture,1024,55,8,0.799941025132021,0.3582837493151434,0.7996028011539279,0.35871893588333714,-5.8974867979011414e-05,-0.0003971988460721443,-0.0017162506848564796,-0.0012810641166627335,-0.00033822397809313287,0.0004351865681937461,2.741501086805033,2.906615557666555,0.0
gaussian,1024,56,0,0.7995230847406236,0.3591425851408174,0.7993094670065167,0.35958164567431233,-0.0004769152593764314,-0.0006905329934833171,-0.0008574148591824482,-0.00041835432568754216,-0.00021361773410688567,0.00043906053349490604,nan,nan,nan
mixture,1024,56,8,0.8019675518375348,0.3653936911842615,0.8015196439027926,0.3658322241506226,0.00196755183753472,0.0015196439027925779,0.00539369118426164,0.0058322241506227335,-0.0004479079347421422,0.00043853296636109373,2.767724794565712,2.9129550227682044,0.0
gaussian,1024,57,0,0.8054188906928549,0.36091258675778387,0.8052083809844468,0.3613513558261647,0.005418890692854839,0.005208380984446759,0.0009125867577839952,0.0013513558261648018,-0.0002105097084080798,0.00043876906838080654,nan,nan,nan
mixture,1024,57,8,0.8000357806728918,0.3653287709621642,0.7996250464501274,0.3657649556919372,3.5780672891783105e-05,-0.0003749535498726031,0.005328770962164331,0.005764955691937301,-0.0004107342227643862,0.0004361847297729704,2.6912387699343734,2.9364249458263565,0.0
gaussian,1024,58,0,0.8034360129529153,0.3587883953551239,0.80322403215789,0.3592282906665928,0.0034360129529152905,0.003224032157889911,-0.0012116046448759632,-0.000771709333407089,-0.00021198079502537936,0.00043989531146887417,nan,nan,nan
mixture,1024,58,8,0.8010735980664864,0.35355689343090513,0.8004492285203477,0.3539940679675333,0.0010735980664863254,0.0004492285203476776,-0.0064431065690947475,-0.006005932032466577,-0.0006243695461386478,0.00043717453662817096,2.5873503253983916,2.6795260346917855,0.0
gaussian,1024,59,0,0.797717051392732,0.357204356414405,0.7975016169037716,0.35763926675988644,-0.002282948607268076,-0.002498383096228407,-0.0027956435855948647,-0.002360733240113433,-0.00021543448896033102,0.0004349103454814318,nan,nan,nan
mixture,1024,59,8,0.7992017453757326,0.36141322457412367,0.799235441088715,0.3618483967223743,-0.0007982546242674138,-0.0007645589112850182,0.0014132245741237948,0.0018483967223744124,3.36957129823956e-05,0.0004351721482506177,2.711523454669055,2.848640426358295,0.0
gaussian,1024,60,0,0.8053833856431113,0.3638891395308508,0.8051761032561371,0.36432910945452357,0.005383385643111249,0.0051761032561370435,0.0038891395308509047,0.004329109454523694,-0.00020728238697420576,0.0004399699236727894,nan,nan,nan
mixture,1024,60,8,0.8033598101375166,0.3539193896066508,0.8036149825558668,0.3543593786241098,0.003359810137516517,0.003614982555866786,-0.006080610393349062,-0.005640621375890054,0.00025517241835026905,0.0004399890174590082,2.8610525294744473,3.111775937926777,0.0
gaussian,1024,61,0,0.7961363717167999,0.36157585240494367,0.795921795587169,0.3620112262599609,-0.0038636282832001934,-0.004078204412831021,0.0015758524049437894,0.0020112262599610298,-0.00021457612963082795,0.00043537385501724035,nan,nan,nan
mixture,1024,61,8,0.8000084824668946,0.36710049771044706,0.7996960029380896,0.3675385275919231,8.482466894554896e-06,-0.00030399706191042153,0.0071004977104471845,0.00753852759192325,-0.0003124795288049764,0.00043802988147606525,2.8164025030387556,2.911971516376391,0.0
gaussian,1024,62,0,0.8005751458792842,0.360669608170891,0.8003649970043134,0.36110644014015847,0.0005751458792842001,0.000364997004313361,0.0006696081708911228,0.0011064401401585933,-0.00021014887497083912,0.0004368319692674705,nan,nan,nan
mixture,1024,62,8,0.7999564025969208,0.36141368991616896,0.7993239440918497,0.36184901556868276,-4.359740307924298e-05,-0.0006760559081503414,0.0014136899161690808,0.001849015568682888,-0.0006324585050710985,0.00043532565251380717,2.6325924891150354,2.733055920882114,0.0
gaussian,1024,63,0,0.8006076085160553,0.35859235908233206,0.8003954705467651,0.3590301452430684,0.0006076085160552358,0.000395470546765031,-0.0014076409176678184,-0.0009698547569314542,-0.00021213796929020479,0.00043778616073636423,nan,nan,nan
mixture,1024,63,8,0.7965302047019667,0.3663310618590922,0.7964085109631626,0.3667679868835393,-0.0034697952980333735,-0.0035914890368374808,0.006331061859092324,0.006767986883539412,-0.00012169373880410728,0.0004369250244470879,2.5872434060518916,2.5938364419727566,0.0
