n_chains,t,em_bp_score_rel_l2,em_bp_mean_rel_l2,net_score_rel_l2_selected,net_mean_rel_l2_selected,net_score_rel_l2_oracle,net_mean_rel_l2_oracle,mode_selected,mode_oracle,selection_agrees,ratio_selected,ratio_oracle,seed
32,0.1,0.1428325457104516,0.0476643973243872,1.4637851112475049,0.4884771519893041,1.4637851112475049,0.4884771519893041,eps,eps,1,10.248260324470252,10.248260324470252,10
32,0.2,0.0966632686867621,0.0574258386222177,0.9320976408919072,0.5537417618212502,0.9320976408919072,0.5537417618212502,eps,eps,1,9.642728345059126,9.642728345059126,10
32,0.4,0.0549029982994038,0.0633114134357638,0.5204890314416866,0.6002021251859883,0.5204890314416866,0.6002021251859883,eps,eps,1,9.48015677765522,9.48015677765522,10
32,0.8,0.0292470338922931,0.0808924616445709,0.2582834322905646,0.7143692832898916,0.2582834322905646,0.7143692832898916,x0,x0,1,8.83109833433825,8.83109833433825,10
32,1.6,0.010319250295294,0.1269628632231086,0.0668928505185832,0.8230159738317203,0.0668928505185832,0.8230159738317203,x0,x0,1,6.482336274863738,6.482336274863738,10
64,0.1,0.165117305149035,0.0551010051568366,1.2724628728323877,0.4246313446948255,1.2724628728323877,0.4246313446948255,eps,eps,1,7.706417396310226,7.706417396310226,10
64,0.2,0.1122066851500024,0.0666598914075463,0.8440175652271543,0.5014150375166176,0.8440175652271543,0.5014150375166176,eps,eps,1,7.521990014220968,7.521990014220968,10
64,0.4,0.0521779730316067,0.0601690495085412,0.4647819830626367,0.5359635210941165,0.4647819830626367,0.5359635210941165,eps,eps,1,8.90762818212765,8.90762818212765,10
64,0.8,0.0231433624072246,0.0640107151633638,0.2203469244354335,0.6094431729054535,0.2203469244354335,0.6094431729054535,x0,x0,1,9.520955536117258,9.520955536117258,10
64,1.6,0.006155952347241,0.0757397401463523,0.0549569309697674,0.6761624255841895,0.0549569309697674,0.6761624255841895,x0,x0,1,8.927445806886006,8.927445806886006,10
128,0.1,0.056333127453881,0.0187988287692519,1.0838267720299115,0.3616819236532145,1.0838267720299115,0.3616819236532145,eps,eps,1,19.239598811857583,19.239598811857583,10
128,0.2,0.0355210974487551,0.0211024191245421,0.7273241051921608,0.4320896371315645,0.7273241051921608,0.4320896371315645,eps,eps,1,20.4758342909152,20.4758342909152,10
128,0.4,0.01757655016525,0.0202684055289321,0.4029822380160655,0.4646991215155828,0.4029822380160655,0.4646991215155828,eps,eps,1,22.92726583017339,22.92726583017339,10
128,0.8,0.0119111866917171,0.0329443736465513,0.1726611903667946,0.4775523142171456,0.1726611903667946,0.4775523142171456,x0,x0,1,14.495716911805273,14.495716911805273,10
128,1.6,0.0088619774654682,0.1090333115912129,0.045671184232603,0.5619152701050094,0.045671184232603,0.5619152701050094,x0,x0,1,5.15361096443387,5.15361096443387,10
256,0.1,0.042910046973425,0.0143194362179585,0.7763618108406717,0.2590783328500374,0.7763618108406717,0.2590783328500374,eps,eps,1,18.092774667002484,18.092774667002484,10
256,0.2,0.0238605852351435,0.0141751270752617,0.5495963223239689,0.3265048879674689,0.5495963223239689,0.3265048879674689,eps,eps,1,23.033648039549536,23.033648039549536,10
256,0.4,0.013614166764015,0.0156991815980539,0.3297560447952579,0.3802583088654653,0.3297560447952579,0.3802583088654653,x0,x0,1,24.221537058505067,24.221537058505067,10
256,0.8,0.0099045935517089,0.0273944686814139,0.1435264851634746,0.396970535160006,0.1435264851634746,0.396970535160006,x0,x0,1,14.490901056582077,14.490901056582077,10
256,1.6,0.0056679054142327,0.0697350562566468,0.038186585396566,0.4698285321049674,0.038186585396566,0.4698285321049674,x0,x0,1,6.737336388972738,6.737336388972738,10
512,0.1,0.0495296868194294,0.0165284645748703,0.5379156087869972,0.179506870627294,0.5379156087869972,0.179506870627294,eps,eps,1,10.860468606395148,10.860468606395148,10
512,0.2,0.0363089067136549,0.0215704418629188,0.3843902956163693,0.2283590797611336,0.3843902956163693,0.2283590797611336,eps,eps,1,10.58666675501438,10.58666675501438,10
512,0.4,0.0225740363066139,0.0260312585795063,0.2646984373447064,0.3052371040128294,0.2646984373447064,0.3052371040128294,eps,eps,1,11.725791247494012,11.725791247494012,10
512,0.8,0.0123044866666036,0.0340321763704266,0.1164106174673056,0.321972526963708,0.1164106174673056,0.321972526963708,x0,x0,1,9.46082682045266,9.46082682045266,10
512,1.6,0.0052015415453211,0.0639971498771655,0.0318145753267898,0.3914305264558362,0.0318145753267898,0.3914305264558362,x0,x0,1,6.116374357407131,6.116374357407131,10
1024,0.1,0.0346479926532854,0.011562320618905,0.3500238254684572,0.1168058344626264,0.3500238254684572,0.1168058344626264,eps,eps,1,10.102282951023057,10.102282951023057,10
1024,0.2,0.017394363484048,0.0103336657651008,0.2522850673905342,0.149877836365244,0.2522850673905342,0.149877836365244,eps,eps,1,14.503840144647938,14.503840144647938,10
1024,0.4,0.0082226222079217,0.0094819199361918,0.1923265064013202,0.221781384233842,0.1923265064013202,0.221781384233842,eps,eps,1,23.389923741848666,23.389923741848666,10
1024,0.8,0.0053090723775594,0.0146840166853003,0.0913876285584803,0.2527630755713375,0.0913876285584803,0.2527630755713375,x0,x0,1,17.213483271533562,17.213483271533562,10
1024,1.6,0.0027046078258848,0.0332761337930297,0.025342988113898,0.311807373742746,0.025342988113898,0.311807373742746,x0,x0,1,9.370300518747747,9.370300518747747,10
2048,0.1,0.0334047695334747,0.0111474468207046,0.2708197574781205,0.0903747843989227,0.2708197574781205,0.0903747843989227,eps,eps,1,8.107218258360781,8.107218258360781,10
2048,0.2,0.0157294167912862,0.0093445520987406,0.2001389738041935,0.1188988182154226,0.2001389738041935,0.1188988182154226,eps,eps,1,12.723864874320425,12.723864874320425,10
2048,0.4,0.0064593691693239,0.0074486240220096,0.1611325180587873,0.185810024675398,0.1611325180587873,0.185810024675398,eps,eps,1,24.945550228653772,24.945550228653772,10
2048,0.8,0.0029630086524498,0.0081951921912324,0.0759012402765973,0.2099302852542564,0.0759012402765973,0.2099302852542564,x0,x0,1,25.61627358524302,25.61627358524302,10
2048,1.6,0.0013032757758868,0.016034849368017,0.0240320400950262,0.2956781289575381,0.0240320400950262,0.2956781289575381,x0,x0,1,18.439719773563567,18.439719773563567,10
4096,0.1,0.036409316584912,0.012150088926726,0.2206961905395406,0.0736481371352159,0.2206961905395406,0.0736481371352159,eps,eps,1,6.0615307080769805,6.0615307080769805,10
4096,0.2,0.0203687592751349,0.0121006986310291,0.1606540397787723,0.0954415579741984,0.1606540397787723,0.0954415579741984,eps,eps,1,7.887276667601922,7.887276667601922,10
4096,0.4,0.0076258646639473,0.0087937687466805,0.13798540183076,0.1591179187658702,0.13798540183076,0.1591179187658702,eps,eps,1,18.094394263657826,18.094394263657826,10
4096,0.8,0.0034305274140347,0.0094882718118495,0.0635729306106266,0.1758322184051695,0.0635729306106266,0.1758322184051695,x0,x0,1,18.531532600655304,18.531532600655304,10
4096,1.6,0.0014891925335051,0.0183222756047028,0.0212477253324391,0.2614213211220274,0.0212477253324391,0.2614213211220274,x0,x0,1,14.267950486179112,14.267950486179112,10
32,0.1,0.1475064979602757,0.049224133699614,1.4406009079404318,0.4807403923272739,1.4406009079404318,0.4807403923272739,eps,eps,1,9.766355569829834,9.766355569829834,11
32,0.2,0.0836585097151852,0.0496999547351059,0.9307484439775462,0.5529402291881592,0.9307484439775462,0.5529402291881592,eps,eps,1,11.12556806410098,11.12556806410098,11
32,0.4,0.03776510903494,0.0435488498919329,0.5189454831842967,0.5984221819240786,0.5189454831842967,0.5984221819240786,eps,eps,1,13.741400367841416,13.741400367841416,11
32,0.8,0.0205423202117358,0.0568166623643915,0.2517934301321829,0.6964190100210385,0.2517934301321829,0.6964190100210385,x0,x0,1,12.257302365890144,12.257302365890144,11
32,1.6,0.0111842457804927,0.1376053324270937,0.0668827255327806,0.8228914011010672,0.0668827255327806,0.8228914011010672,x0,x0,1,5.980083668175089,5.980083668175089,11
64,0.1,0.1178557524735586,0.0393294356333332,1.2852457180547754,0.4288970854654982,1.2852457180547754,0.4288970854654982,eps,eps,1,10.905243834772724,10.905243834772724,11
64,0.2,0.0814275803044473,0.0483746013298353,0.8217752061012046,0.4882012682835156,0.8217752061012046,0.4882012682835156,eps,eps,1,10.092099053277677,10.092099053277677,11
64,0.4,0.0531521624646553,0.0612924364249378,0.4447454974763652,0.5128584400959091,0.4447454974763652,0.5128584400959091,eps,eps,1,8.367401754766012,8.367401754766012,11
64,0.8,0.0331053289268149,0.0915638679910358,0.2031348164868172,0.5618373272260887,0.2031348164868172,0.5618373272260887,x0,x0,1,6.136015652823804,6.136015652823804,11
64,1.6,0.0167191747900311,0.2057043139110598,0.0514136066068812,0.6325671455428294,0.0514136066068812,0.6325671455428294,x0,x0,1,3.0751282436222116,3.0751282436222116,11
128,0.1,0.067449616241211,0.0225084926681614,1.0828519239831698,0.3613566088280834,1.0828519239831698,0.3613566088280834,eps,eps,1,16.054234024263543,16.054234024263543,11
128,0.2,0.049178195025348,0.0292158451666795,0.7380166567044367,0.4384418818460844,0.7380166567044367,0.4384418818460844,eps,eps,1,15.006989506712044,15.006989506712044,11
128,0.4,0.0317045181654884,0.0365600772185645,0.4103364358925807,0.4731796176026885,0.4103364358925807,0.4731796176026885,x0,x0,1,12.94252237964139,12.94252237964139,11
128,0.8,0.0206910193832047,0.057227939694904,0.1744015743654515,0.4823659286977333,0.1744015743654515,0.4823659286977333,x0,x0,1,8.428853655563051,8.428853655563051,11
128,1.6,0.0104033302076072,0.1279973401571252,0.0426688095526024,0.5249755627683941,0.0426688095526024,0.5249755627683941,x0,x0,1,4.101456812492758,4.101456812492758,11
256,0.1,0.0586432362605197,0.0195697311113932,0.7724452762597505,0.2577713529914122,0.7724452762597505,0.2577713529914122,eps,eps,1,13.1719414806543,13.1719414806543,11
256,0.2,0.0430937717629074,0.0256012031922764,0.5559645364874047,0.3302881248042683,0.5559645364874047,0.3302881248042683,eps,eps,1,12.901273519203672,12.901273519203672,11
256,0.4,0.0265171200402785,0.0305782270913623,0.324725016531519,0.3744567767036773,0.324725016531519,0.3744567767036773,x0,x0,1,12.245862900581722,12.245862900581722,11
256,0.8,0.0148144051576962,0.0409741960644378,0.1390158574988345,0.3844948845795557,0.1390158574988345,0.3844948845795557,x0,x0,1,9.383829861478718,9.383829861478718,11
256,1.6,0.0079969268851896,0.0983901645250872,0.0365084594153353,0.4491817144264287,0.0365084594153353,0.4491817144264287,x0,x0,1,4.56531114257765,4.56531114257765,11
512,0.1,0.037063257898976,0.0123683145311591,0.5305621574039077,0.177052963314463,0.5305621574039077,0.177052963314463,eps,eps,1,14.31504372470629,14.31504372470629,11
512,0.2,0.0243832847378317,0.0144856530661276,0.390020406923848,0.2317038235067242,0.390020406923848,0.2317038235067242,eps,eps,1,15.995400583528172,15.995400583528172,11
512,0.4,0.0130090628429325,0.0150014057805961,0.2659814912802568,0.3067166581481252,0.2659814912802568,0.3067166581481252,eps,eps,1,20.44586105022595,20.44586105022595,11
512,0.8,0.011012478534857,0.0304586954278233,0.1173312493857155,0.3245188426832096,0.1173312493857155,0.3245188426832096,x0,x0,1,10.654390745401695,10.654390745401695,11
512,1.6,0.0053062632033647,0.0652855924641968,0.0347390636604203,0.4274119593773378,0.0347390636604203,0.4274119593773378,x0,x0,1,6.546803716482074,6.546803716482074,11
1024,0.1,0.0423352836704634,0.0141276329681909,0.3567174810370479,0.119039562475993,0.3567174810370479,0.119039562475993,eps,eps,1,8.42600899556328,8.42600899556328,11
1024,0.2,0.0251452491680295,0.0149383218719611,0.2586039453441913,0.1536317634832693,0.2586039453441913,0.1536317634832693,eps,eps,1,10.284405758563269,10.284405758563269,11
1024,0.4,0.011192901218997,0.0129070983110458,0.1920845984485125,0.2215024279857682,0.1920845984485125,0.2215024279857682,eps,eps,1,17.16128773856221,17.16128773856221,11
1024,0.8,0.0043507434063028,0.0120334371483893,0.0940063544521744,0.2600060385566922,0.0940063544521744,0.2600060385566922,x0,x0,1,21.606963609021093,21.606963609021093,11
1024,1.6,0.0016139007723154,0.0198566230246983,0.026171554664369,0.3220016396640473,0.026171554664369,0.3220016396640473,x0,x0,1,16.21633443227131,16.21633443227131,11
2048,0.1,0.0332842965534799,0.0111072439946837,0.2574783900804447,0.0859226601766005,0.2574783900804447,0.0859226601766005,eps,eps,1,7.735731763678347,7.735731763678347,11
2048,0.2,0.0184018463427545,0.0109321924737952,0.1913269464154128,0.1136637576837691,0.1913269464154128,0.1136637576837691,eps,eps,1,10.397160309446088,10.397160309446088,11
2048,0.4,0.0077559620098963,0.0089437905507969,0.1594099130665576,0.1838236020713933,0.1594099130665576,0.1838236020713933,eps,eps,1,20.553209629334845,20.553209629334845,11
2048,0.8,0.0043441890228942,0.0120153088072236,0.0784882066091508,0.2170854065428815,0.0784882066091508,0.2170854065428815,x0,x0,1,18.067401348217427,18.067401348217427,11
2048,1.6,0.0021616476370852,0.0265958248351594,0.0245149078839516,0.3016190912644744,0.0245149078839516,0.3016190912644744,x0,x0,1,11.34084365248702,11.34084365248702,11
4096,0.1,0.0341946276664634,0.0114110289874539,0.2184901808260099,0.0729119735181343,0.2184901808260099,0.0729119735181343,eps,eps,1,6.389605494675268,6.389605494675268,11
4096,0.2,0.0181998718661819,0.0108122032177413,0.157006579532082,0.0932746701133488,0.157006579532082,0.0932746701133488,eps,eps,1,8.626795874526115,8.626795874526115,11
4096,0.4,0.007166725984991,0.0082643128038696,0.1370240055274642,0.1580092842519289,0.1370240055274642,0.1580092842519289,eps,eps,1,19.11947042686268,19.11947042686268,11
4096,0.8,0.0038783873281437,0.0107269783096646,0.065297014291745,0.1806007489016466,0.065297014291745,0.1806007489016466,x0,x0,1,16.83612511259873,16.83612511259873,11
4096,1.6,0.0019141631876047,0.0235509006972529,0.0211901170584109,0.2607125379055479,0.0211901170584109,0.2607125379055479,x0,x0,1,11.070172697724376,11.070172697724376,11
32,0.1,0.1505151275743716,0.0502281381904315,1.3882494763728113,0.4632702882811136,1.3882494763728113,0.4632702882811136,eps,eps,1,9.223321926142326,9.223321926142326,2
32,0.2,0.0992052920601223,0.0589360071277493,0.8967772743617299,0.5327585931782337,0.8967772743617299,0.5327585931782337,eps,eps,1,9.039611251970786,9.039611251970786,2
32,0.4,0.0552428193136921,0.0637032781680402,0.4990231686888188,0.5754487573627792,0.4990231686888188,0.5754487573627792,eps,eps,1,9.033267579178998,9.033267579178998,2
32,0.8,0.0417498582303739,0.115473207232024,0.2499608678634476,0.6913504456811166,0.2499608678634476,0.6913504456811166,x0,x0,1,5.987106985709367,5.987106985709367,2
32,1.6,0.0244892886070727,0.3013038845727895,0.0646389639242937,0.7952852872796491,0.0646389639242937,0.7952852872796491,x0,x0,1,2.6394790376077037,2.6394790376077037,2
64,0.1,0.1076731993832414,0.0359314337713666,1.2975255646436956,0.4329949714478943,1.2975255646436956,0.4329949714478943,eps,eps,1,12.050589859649389,12.050589859649389,2
64,0.2,0.0754641924053849,0.0448318641993234,0.8402763555883618,0.4991924548966839,0.8402763555883618,0.4991924548966839,eps,eps,1,11.1347690713298,11.1347690713298,2
64,0.4,0.0478573940543246,0.0551867722124842,0.4463859947099729,0.5147501801067327,0.4463859947099729,0.5147501801067327,eps,eps,1,9.327419587520046,9.327419587520046,2
64,0.8,0.0329520334064704,0.0911398779192419,0.2193519938114532,0.6066913592468194,0.2193519938114532,0.6066913592468194,x0,x0,1,6.656705858048243,6.656705858048243,2
64,1.6,0.0191521520142983,0.2356384414600779,0.0629416832019291,0.7744027993044257,0.0629416832019291,0.7744027993044257,x0,x0,1,3.286402653599396,3.286402653599396,2
128,0.1,0.1047153378398043,0.0349443710040145,1.1288022288069963,0.3766906041399049,1.1288022288069963,0.3766906041399049,eps,eps,1,10.779721978587904,10.779721978587904,2
128,0.2,0.0614386834584567,0.0364995718578471,0.7580828207983799,0.4503628143438236,0.7580828207983799,0.4503628143438236,eps,eps,1,12.338851976067753,12.338851976067753,2
128,0.4,0.0375747306392769,0.0433293149723401,0.415184791646836,0.4787705008904716,0.415184791646836,0.4787705008904716,x0,x0,1,11.04957466316052,11.04957466316052,2
128,0.8,0.021346369586097,0.059040530036422,0.1732652547747726,0.4792230565267134,0.1732652547747726,0.4792230565267134,x0,x0,1,8.116848819464888,8.116848819464888,2
128,1.6,0.0106215936517694,0.130682743748935,0.0412890733881365,0.507999983252415,0.0412890733881365,0.507999983252415,x0,x0,1,3.8872766876426623,3.8872766876426623,2
256,0.1,0.0390771186140103,0.0130403564442953,0.7592816524643065,0.2533785432736135,0.7592816524643065,0.2533785432736135,eps,eps,1,19.43033876075193,19.43033876075193,2
256,0.2,0.0259279473397552,0.0154033082055505,0.528809772885714,0.3141559880205603,0.528809772885714,0.3141559880205603,eps,eps,1,20.39535818074158,20.39535818074158,2
256,0.4,0.013107265137109,0.0151146477935922,0.3214182592218025,0.3706435882503707,0.3214182592218025,0.3706435882503707,x0,x0,1,24.522145227062552,24.522145227062552,2
256,0.8,0.0096809574798403,0.0267759282703559,0.1371764906946149,0.3794075000191733,0.1371764906946149,0.3794075000191733,x0,x0,1,14.169723498969082,14.169723498969082,2
256,1.6,0.0039710643696026,0.0488579778550329,0.0338327777195531,0.4162614731832167,0.0338327777195531,0.4162614731832167,x0,x0,1,8.519826064400606,8.519826064400606,2
512,0.1,0.0387992907345863,0.012947642991862,0.5191631558972231,0.1732490225934363,0.5191631558972231,0.1732490225934363,eps,eps,1,13.380738309075136,13.380738309075136,2
512,0.2,0.0228831881146518,0.0135944737405078,0.3621494225208478,0.2151461933508942,0.3621494225208478,0.2151461933508942,eps,eps,1,15.826003820200569,15.826003820200569,2
512,0.4,0.0118349611572619,0.0136474899738172,0.2547609891828125,0.2937777318735675,0.2547609891828125,0.2937777318735675,eps,eps,1,21.5261364864295,21.5261364864295,2
512,0.8,0.0122526898315009,0.0338889148857823,0.113099095854635,0.3128134055285352,0.113099095854635,0.3128134055285352,x0,x0,1,9.230552426444683,9.230552426444683,2
512,1.6,0.0099114096563892,0.1219449972180831,0.0291645954117752,0.3588265069906411,0.0291645954117752,0.3588265069906411,x0,x0,1,2.9425274933495267,2.9425274933495267,2
1024,0.1,0.0623240951189196,0.0207980640396421,0.3590609899725398,0.1198216107163218,0.3590609899725398,0.1198216107163218,eps,eps,1,5.761190584274367,5.761190584274367,2
1024,0.2,0.0368844755080314,0.0219123765103903,0.2600633091368612,0.1544987441967039,0.2600633091368612,0.1544987441967039,eps,eps,1,7.050752533548518,7.050752533548518,2
1024,0.4,0.0213983204338875,0.0246754813723082,0.1993788622692486,0.229913811093586,0.1993788622692486,0.229913811093586,eps,eps,1,9.317500543337085,9.317500543337085,2
1024,0.8,0.0121429490554227,0.0335853900376748,0.0928746191981286,0.2568758459030764,0.0928746191981286,0.2568758459030764,x0,x0,1,7.64844015850113,7.64844015850113,2
1024,1.6,0.0050418770317863,0.0620327180421566,0.0260484088297453,0.3204865152789977,0.0260484088297453,0.3204865152789977,x0,x0,1,5.166410974627921,5.166410974627921,2
2048,0.1,0.0317538810118748,0.010596531719105,0.2744545750073546,0.0915877529562869,0.2744545750073546,0.0915877529562869,eps,eps,1,8.643182069767096,8.643182069767096,2
2048,0.2,0.0190648168750662,0.011326050857823,0.2032261649411749,0.1207328606850884,0.2032261649411749,0.1207328606850884,eps,eps,1,10.659749121795288,10.659749121795288,2
2048,0.4,0.0074721705669812,0.0086165363401261,0.1632051673400464,0.1882001009848471,0.1632051673400464,0.1882001009848471,eps,eps,1,21.84173472447648,21.84173472447648,2
2048,0.8,0.004410825370729,0.0121996139313334,0.0797567542901814,0.2205939997564693,0.0797567542901814,0.2205939997564693,x0,x0,1,18.082047595776423,18.082047595776423,2
2048,1.6,0.0009046056031822,0.0111298121647522,0.0263515587546888,0.3242163194174098,0.0263515587546888,0.3242163194174098,x0,x0,1,29.130439455590505,29.130439455590505,2
4096,0.1,0.0304846289728839,0.0101729718561176,0.2164901686633146,0.0722445529810141,0.2164901686633146,0.0722445529810141,eps,eps,1,7.10161730542572,7.10161730542572,2
4096,0.2,0.013944616632177,0.0082842357313927,0.1605715503693746,0.0953925525600792,0.1605715503693746,0.0953925525600792,eps,eps,1,11.514949073526909,11.514949073526909,2
4096,0.4,0.004780263213431,0.0055123623483526,0.1338713947054537,0.1543738498797311,0.1338713947054537,0.1543738498797311,eps,eps,1,28.005025817264144,28.005025817264144,2
4096,0.8,0.0022349344133731,0.0061814591858341,0.0623541312770906,0.1724612208980865,0.0623541312770906,0.1724612208980865,x0,x0,1,27.89975889403443,27.89975889403443,2
4096,1.6,0.0013004911817129,0.0160005891224456,0.0183173991272368,0.2253680619661905,0.0183173991272368,0.2253680619661905,x0,x0,1,14.084985261576652,14.084985261576652,2
32,0.1,0.0937697583290654,0.0312917409388531,1.372679281062498,0.4580743858206652,1.372679281062498,0.4580743858206652,eps,eps,1,14.638827117857833,14.638827117857833,5
32,0.2,0.0718619996553956,0.0426918689109648,0.8880491020606641,0.5275733493846256,0.8880491020606641,0.5275733493846256,eps,eps,1,12.35770095904904,12.35770095904904,5
32,0.4,0.0531005214309034,0.0612328865471645,0.4898335856937336,0.564851786225951,0.4898335856937336,0.564851786225951,eps,eps,1,9.224647376224455,9.224647376224455,5
32,0.8,0.0489662540053544,0.1354325651822835,0.2349633788492019,0.6498698699305129,0.2349633788492019,0.6498698699305129,x0,x0,1,4.7984756772186214,4.7984756772186214,5
32,1.6,0.0383104032134526,0.4713519242216535,0.0605981378503757,0.7455689965172106,0.0605981378503757,0.7455689965172106,x0,x0,1,1.5817671642019362,1.5817671642019362,5
64,0.1,0.0605255560467901,0.0201978767328136,1.282216356664157,0.4278861626100426,1.282216356664157,0.4278861626100426,eps,eps,1,21.18471006979135,21.18471006979135,5
64,0.2,0.0405204835775837,0.0240724608471595,0.8373868238225947,0.497475838159747,0.8373868238225947,0.497475838159747,eps,eps,1,20.66576580260371,20.66576580260371,5
64,0.4,0.0275220639670968,0.031737078563983,0.454432632927519,0.524029164037281,0.454432632927519,0.524029164037281,eps,eps,1,16.51157534808443,16.51157534808443,5
64,0.8,0.0237317477334118,0.0656380917242179,0.2079862874739331,0.5752556941001541,0.2079862874739331,0.5752556941001541,x0,x0,1,8.764052686313955,8.764052686313955,5
64,1.6,0.0137056533761467,0.1686274627695196,0.0498463221981474,0.613284066799355,0.0498463221981474,0.613284066799355,x0,x0,1,3.6369168860566505,3.6369168860566505,5
128,0.1,0.059008875811617,0.0196917480421587,1.12756305980077,0.3762770832328101,1.12756305980077,0.3762770832328101,eps,eps,1,19.10836368753168,19.10836368753168,5
128,0.2,0.0393970355786511,0.0234050414192461,0.7519536763280498,0.4467216043368871,0.7519536763280498,0.4467216043368871,eps,eps,1,19.086554744122072,19.086554744122072,5
128,0.4,0.0195275034649672,0.0225181480708363,0.4096561737443613,0.472395173046933,0.4014192463982695,0.4628967571352027,eps,x0,0,20.978420230691203,20.556608637577465,5
128,0.8,0.0109272244998793,0.0302228968583042,0.1750058192955814,0.4840371703017352,0.1750058192955814,0.4840371703017352,x0,x0,1,16.015578274017674,16.015578274017674,5
128,1.6,0.0046636872097385,0.05737966076813,0.0468191032257788,0.5760386877905219,0.0468191032257788,0.5760386877905219,x0,x0,1,10.039074474808803,10.039074474808803,5
256,0.1,0.0601997253414482,0.0200891443418683,0.776537422043376,0.2591369357552694,0.776537422043376,0.2591369357552694,eps,eps,1,12.899351577418578,12.899351577418578,5
256,0.2,0.0451180780753822,0.0268038056823578,0.5380487525542526,0.319644692910095,0.5380487525542526,0.319644692910095,eps,eps,1,11.925347344257297,11.925347344257297,5
256,0.4,0.0238943426293978,0.027553770319353,0.3256435558202666,0.3755159906349412,0.3256435558202666,0.3755159906349412,x0,x0,1,13.628479379868716,13.628479379868716,5
256,0.8,0.0136819996196464,0.0378421495160549,0.136453458619327,0.3774077128054198,0.136453458619327,0.3774077128054198,x0,x0,1,9.973210233348407,9.973210233348407,5
256,1.6,0.0082126068406784,0.1010437821722115,0.0362272521158541,0.4457218813106794,0.0362272521158541,0.4457218813106794,x0,x0,1,4.41117574707392,4.41117574707392,5
512,0.1,0.0390072166734603,0.0130170295908002,0.519595294327317,0.1733932307480181,0.519595294327317,0.1733932307480181,eps,eps,1,13.320491402321403,13.320491402321403,5
512,0.2,0.0255851944345468,0.0151996851200787,0.3780300150696759,0.2245805561375427,0.3780300150696759,0.2245805561375427,eps,eps,1,14.77534267080784,14.77534267080784,5
512,0.4,0.0155600670928556,0.017943097304664,0.2580527721131821,0.2975736526156171,0.2580527721131821,0.2975736526156171,eps,eps,1,16.584296878235588,16.584296878235588,5
512,0.8,0.0116133692731938,0.032120659891724,0.1197570024360833,0.3312280746794764,0.1197570024360833,0.3312280746794764,x0,x0,1,10.3119947035963,10.3119947035963,5
512,1.6,0.0061893483078718,0.0761506272418713,0.0329892031319819,0.405882555925135,0.0329892031319819,0.405882555925135,x0,x0,1,5.329996227555184,5.329996227555184,5
1024,0.1,0.0338107465243434,0.0112829246874686,0.3502859898859917,0.1168933208887733,0.3502859898859917,0.1168933208887733,eps,eps,1,10.360196857345,10.360196857345,5
1024,0.2,0.0177186626137424,0.0105263258079502,0.2552883841061023,0.1516620506110762,0.2552883841061023,0.1516620506110762,eps,eps,1,14.407881095275386,14.407881095275386,5
1024,0.4,0.0067180196068814,0.0077468868727603,0.1970773334188716,0.2272598022216854,0.1970773334188716,0.2272598022216854,eps,eps,1,29.335629389500543,29.335629389500543,5
1024,0.8,0.0044268629638834,0.0122439712632218,0.0939807023678296,0.2599350891313041,0.0939807023678296,0.2599350891313041,x0,x0,1,21.229638941745236,21.229638941745236,5
1024,1.6,0.0018223523706593,0.0224213066026548,0.0253932446276268,0.3124257045997398,0.0253932446276268,0.3124257045997398,x0,x0,1,13.93432194369736,13.93432194369736,5
2048,0.1,0.0309646197595105,0.0103331487363379,0.2704574227211795,0.0902538703051959,0.2704574227211795,0.0902538703051959,eps,eps,1,8.734401546723676,8.734401546723676,5
2048,0.2,0.0168215265642607,0.0099933540731887,0.2017336776580921,0.1198462019259918,0.2017336776580921,0.1198462019259918,eps,eps,1,11.99259038039378,11.99259038039378,5
2048,0.4,0.0058904967204104,0.0067926285405066,0.1644436663210628,0.1896282765573232,0.1644436663210628,0.1896282765573232,eps,eps,1,27.91677410688786,27.91677410688786,5
2048,0.8,0.0032333161473621,0.0089428180443344,0.0870844273135542,0.240861132183301,0.0870844273135542,0.240861132183301,x0,x0,1,26.933471193221195,26.933471193221195,5
2048,1.6,0.0016604154814482,0.0204289166007324,0.0290497897721787,0.3574139961686118,0.0290497897721787,0.3574139961686118,x0,x0,1,17.49549440893002,17.49549440893002,5
4096,0.1,0.0332536625116078,0.011097021162512,0.2162334149466554,0.0721588721503289,0.2162334149466554,0.0721588721503289,eps,eps,1,6.502544339925717,6.502544339925717,5
4096,0.2,0.0209594527921975,0.0124516185931498,0.1598992161383522,0.0949931313779133,0.1598992161383522,0.0949931313779133,eps,eps,1,7.628978567507105,7.628978567507105,5
4096,0.4,0.0086825478566919,0.0100122833735438,0.1400675619101595,0.1615189624558235,0.1400675619101595,0.1615189624558235,eps,eps,1,16.132080608367176,16.132080608367176,5
4096,0.8,0.0045675364307103,0.0126330508212245,0.0620073316216809,0.1715020303720696,0.0620073316216809,0.1715020303720696,x0,x0,1,13.575662189526897,13.575662189526897,5
4096,1.6,0.0014075219815271,0.0173174422279155,0.0213871019902634,0.2631361413887587,0.0213871019902634,0.2631361413887587,x0,x0,1,15.194861800352134,15.194861800352134,5
32,0.1,0.1328266843369355,0.0443253589441092,1.4283502369895211,0.4766522424956644,1.4283502369895211,0.4766522424956644,eps,eps,1,10.753488609007876,10.753488609007876,4
32,0.2,0.0992198098807203,0.0589446318932278,0.9155816068364148,0.5439298951294337,0.9155816068364148,0.5439298951294337,eps,eps,1,9.227810534379223,9.227810534379223,4
32,0.4,0.0574726282888233,0.0662745832384381,0.4962646257976898,0.5722677425754237,0.4962646257976898,0.5722677425754237,eps,eps,1,8.634799565869137,8.634799565869137,4
32,0.8,0.0316494053084302,0.0875370239051935,0.2332139379289896,0.6450312055018779,0.2332139379289896,0.6450312055018779,x0,x0,1,7.3686672989988224,7.3686672989988224,4
32,1.6,0.0137875849618055,0.1696355077733699,0.0719280588621644,0.8849666436897333,0.0719280588621644,0.8849666436897333,x0,x0,1,5.21687148702401,5.21687148702401,4
64,0.1,0.101421437314256,0.0338451692596514,1.2698602939116663,0.4237628426659055,1.2698602939116663,0.4237628426659055,eps,eps,1,12.520630031863805,12.520630031863805,4
64,0.2,0.0576469127565685,0.03424695185671,0.8224983684910372,0.4886308855234494,0.8224983684910372,0.4886308855234494,eps,eps,1,14.267864993296078,14.267864993296078,4
64,0.4,0.0243872938015865,0.028122217151635,0.4444884885422095,0.5125620701454324,0.4444884885422095,0.5125620701454324,eps,eps,1,18.226232568424333,18.226232568424333,4
64,0.8,0.0086252081214735,0.023855900044845,0.2124968381553383,0.5877311317577012,0.2124968381553383,0.5877311317577012,x0,x0,1,24.63672008404074,24.63672008404074,4
64,1.6,0.0025235766507411,0.0310488173047987,0.0568274984179598,0.6991769462400889,0.0568274984179598,0.6991769462400889,x0,x0,1,22.518633781649005,22.518633781649005,4
128,0.1,0.0832073688316878,0.0277669845383159,1.0996174618815848,0.3669514069588056,1.0996174618815848,0.3669514069588056,eps,eps,1,13.215385576076732,13.215385576076732,4
128,0.2,0.0569319091645206,0.033822181605827,0.7461286182501056,0.4432610463638989,0.7461286182501056,0.4432610463638989,eps,eps,1,13.10563143234769,13.10563143234769,4
128,0.4,0.0357723286915218,0.0412508744786269,0.3995095633129377,0.4606946053567626,0.3995095633129377,0.4606946053567626,x0,x0,1,11.168117310954456,11.168117310954456,4
128,0.8,0.0187158866283506,0.0517650489551671,0.1689820011566987,0.4673762849775029,0.1689820011566987,0.4673762849775029,x0,x0,1,9.028800211940096,9.028800211940096,4
128,1.6,0.0053902584084755,0.0663190272034184,0.0393211604008633,0.4837877720657081,0.0393211604008633,0.4837877720657081,x0,x0,1,7.294856279809407,7.294856279809407,4
256,0.1,0.0563917188417149,0.0188183811981162,0.8255418961011203,0.2754901325042512,0.8255418961011203,0.2754901325042512,eps,eps,1,14.63941715304549,14.63941715304549,4
256,0.2,0.0391890111209895,0.0232814579826684,0.5836924574879412,0.3467607636704985,0.5836924574879412,0.3467607636704985,eps,eps,1,14.894289005810531,14.894289005810531,4
256,0.4,0.0262041420675915,0.0302173164227497,0.3449472059740837,0.3977760021746194,0.3449472059740837,0.3977760021746194,x0,x0,1,13.163842765175032,13.163842765175032,4
256,0.8,0.0205081274384931,0.0567220908051612,0.1400801818651921,0.3874386298598473,0.1400801818651921,0.3874386298598473,x0,x0,1,6.830471591583031,6.830471591583031,4
256,1.6,0.0095519772774421,0.1175227220856522,0.0349114676110534,0.4295331308362113,0.0349114676110534,0.4295331308362113,x0,x0,1,3.654894332035308,3.654894332035308,4
512,0.1,0.0362051196590687,0.0120819467301601,0.5266778540507681,0.1757567392821069,0.5266778540507681,0.1757567392821069,eps,eps,1,14.547054643385058,14.547054643385058,4
512,0.2,0.0208905759436013,0.0124107001466082,0.3751646533142672,0.2228782983513552,0.3751646533142672,0.2228782983513552,eps,eps,1,17.958559607313177,17.958559607313177,4
512,0.4,0.0102089416452049,0.0117724449531233,0.2624533130743054,0.302648138103848,0.2624533130743054,0.302648138103848,eps,eps,1,25.708180357518064,25.708180357518064,4
512,0.8,0.0090739891058565,0.0250971540707987,0.1114907275355695,0.308364924597461,0.1114907275355695,0.308364924597461,x0,x0,1,12.286848290749118,12.286848290749118,4
512,1.6,0.0067438156564688,0.0829725145037496,0.0289627938602364,0.3563436422424227,0.0289627938602364,0.3563436422424227,x0,x0,1,4.29471909310786,4.29471909310786,4
1024,0.1,0.0407370679654831,0.0135942952194772,0.3660325481994472,0.1221480771364544,0.3660325481994472,0.1221480771364544,eps,eps,1,8.985245293293797,8.985245293293797,4
1024,0.2,0.0241939973177615,0.0143732009528704,0.2666450817491417,0.1584088521106598,0.2666450817491417,0.1584088521106598,eps,eps,1,11.021125539820972,11.021125539820972,4
1024,0.4,0.0106035545387069,0.0122274929618194,0.2024021738856116,0.2334001440374607,0.2024021738856116,0.2334001440374607,eps,eps,1,19.088143805623595,19.088143805623595,4
1024,0.8,0.0055958255728526,0.0154771286274253,0.0941173134214553,0.2603129327258492,0.0941173134214553,0.2603129327258492,x0,x0,1,16.819200705263725,16.819200705263725,4
1024,1.6,0.0035350579329353,0.0434935740467223,0.0279069175259698,0.3433526711183725,0.0279069175259698,0.3433526711183725,x0,x0,1,7.894331028062467,7.894331028062467,4
2048,0.1,0.0360347557609412,0.0120250948936988,0.2723885241375661,0.0908982947585059,0.2723885241375661,0.0908982947585059,eps,eps,1,7.559050099981903,7.559050099981903,4
2048,0.2,0.020948724737651,0.0124452452567472,0.1969086500098976,0.1169797433131464,0.1969086500098976,0.1169797433131464,eps,eps,1,9.399553074273506,9.399553074273506,4
2048,0.4,0.0095783060687242,0.0110452272975021,0.1617047468158325,0.1864698904849036,0.1617047468158325,0.1864698904849036,eps,eps,1,16.882395034738117,16.882395034738117,4
2048,0.8,0.0041840447640422,0.0115723762567131,0.0733530098082893,0.20288230096367,0.0733530098082893,0.20288230096367,x0,x0,1,17.53160253893205,17.53160253893205,4
2048,1.6,0.0013776242353211,0.0169495954024565,0.0227799814040785,0.2802734288313489,0.0227799814040785,0.2802734288313489,x0,x0,1,16.53570024395558,16.53570024395558,4
4096,0.1,0.0318120082274484,0.0106159292498616,0.2292898775488006,0.0765159212950051,0.2292898775488006,0.0765159212950051,eps,eps,1,7.207651774431578,7.207651774431578,4
4096,0.2,0.0174621765295177,0.0103739522261167,0.172113304815715,0.1022492928426844,0.172113304815715,0.1022492928426844,eps,eps,1,9.856348922184942,9.856348922184942,4
4096,0.4,0.0068979826356858,0.0079544113080864,0.1479322357711373,0.1705881141191711,0.1456605244102153,0.1679684892966118,x0,eps,0,21.445724581246047,21.11639476397896,4
4096,0.8,0.0039859953127177,0.0110246042089904,0.0660024076502486,0.1825517503401933,0.0660024076502486,0.1825517503401933,x0,x0,1,16.558576333409196,16.558576333409196,4
4096,1.6,0.00196912068862,0.0242270701363905,0.0233828006142754,0.2876902130688041,0.0233828006142754,0.2876902130688041,x0,x0,1,11.874742238710729,11.874742238710729,4
32,0.1,0.1232817317297229,0.0411401296166497,1.375572312475405,0.4590398142393131,1.375572312475405,0.4590398142393131,eps,eps,1,11.157957413277948,11.157957413277948,3
32,0.2,0.0992490421383014,0.058961998230299,0.8789971638992066,0.5221957623534791,0.8789971638992066,0.5221957623534791,eps,eps,1,8.85648007236526,8.85648007236526,3
32,0.4,0.0650814416613156,0.0750486892818718,0.4887294384558071,0.5635785384172775,0.4887294384558071,0.5635785384172775,eps,eps,1,7.509505413219936,7.509505413219936,3
32,0.8,0.0441041431993823,0.1219847703278661,0.2356641013537945,0.6518079525591646,0.2356641013537945,0.6518079525591646,x0,x0,1,5.343355164806715,5.343355164806715,3
32,1.6,0.0288393050107961,0.354824297575667,0.0620648439684676,0.7636146105813181,0.0620648439684676,0.7636146105813181,x0,x0,1,2.152092220850449,2.152092220850449,3
64,0.1,0.1328690627614074,0.0443395009735183,1.3182436466348084,0.4399087661080098,1.3182436466348084,0.4399087661080098,eps,eps,1,9.921373864147547,9.921373864147547,3
64,0.2,0.0757034503049109,0.0449740028390976,0.8607677942788244,0.5113660350720947,0.8607677942788244,0.5113660350720947,eps,eps,1,11.370258433557623,11.370258433557623,3
64,0.4,0.0381407362138158,0.0439820045165643,0.462765293827941,0.5336379751337119,0.462765293827941,0.5336379751337119,eps,eps,1,12.1330980931698,12.1330980931698,3
64,0.8,0.0188059530739705,0.0520141578571025,0.2251926682655523,0.6228456994098792,0.2251926682655523,0.6228456994098792,x0,x0,1,11.974541645392222,11.974541645392222,3
64,1.6,0.0078544498021488,0.0966371981865546,0.0619046887304686,0.7616441411194216,0.0619046887304686,0.7616441411194216,x0,x0,1,7.88147996229252,7.88147996229252,3
128,0.1,0.0540198929646656,0.0180268833610818,1.088042629651568,0.3630887900767047,1.088042629651568,0.3630887900767047,eps,eps,1,20.141517687997933,20.141517687997933,3
128,0.2,0.0381212625932966,0.022647128568058,0.7278683387885991,0.4324129561244607,0.7278683387885991,0.4324129561244607,eps,eps,1,19.093500300711177,19.093500300711177,3
128,0.4,0.0246697193534565,0.028447896284526,0.4039237982108239,0.4657848820133962,0.4039237982108239,0.4657848820133962,eps,eps,1,16.37326280139579,16.37326280139579,3
128,0.8,0.0197527725599759,0.0546329040601561,0.1781162292379038,0.4926400500975055,0.1781162292379038,0.4926400500975055,x0,x0,1,9.017277382052775,9.017277382052775,3
128,1.6,0.0128648732104369,0.1582829266719312,0.049398312069526,0.6077719756052236,0.049398312069526,0.6077719756052236,x0,x0,1,3.839782270800036,3.839782270800036,3
256,0.1,0.066450624577742,0.0221751209192053,0.781246082682891,0.2607082546061041,0.781246082682891,0.2607082546061041,eps,eps,1,11.756790664456345,11.756790664456345,3
256,0.2,0.0436547165968837,0.0259344500185996,0.5586215577483316,0.3318666114023185,0.5586215577483316,0.3318666114023185,eps,eps,1,12.796362026737071,12.796362026737071,3
256,0.4,0.024626259404735,0.0283977804280768,0.3276160581034189,0.3777905823953151,0.3276160581034189,0.3777905823953151,x0,x0,1,13.303525018518506,13.303525018518506,3
256,0.8,0.0132535214462249,0.0366570497094666,0.1482450138964492,0.4100212057325023,0.1482450138964492,0.4100212057325023,x0,x0,1,11.185330215666944,11.185330215666944,3
256,1.6,0.0061408773291211,0.0755542647088086,0.0421764773006504,0.5189181544706807,0.0421764773006504,0.5189181544706807,x0,x0,1,6.868151737967766,6.868151737967766,3
512,0.1,0.0574377293426814,0.0191674435205411,0.5520855446935711,0.1842354949877476,0.5520855446935711,0.1842354949877476,eps,eps,1,9.611897110342785,9.611897110342785,3
512,0.2,0.0386478937793679,0.02295999029843,0.4011067632121248,0.2382900202675853,0.4011067632121248,0.2382900202675853,eps,eps,1,10.378489588642315,10.378489588642315,3
512,0.4,0.0245423719737035,0.0283010456049778,0.2687367225916733,0.3098938541860717,0.2639649780591624,0.3043913151578722,eps,x0,0,10.949908300616448,10.75547947614815,3
512,0.8,0.0170833148371688,0.0472496252206947,0.110790395084335,0.3064279207919276,0.110790395084335,0.3064279207919276,x0,x0,1,6.485298441218455,6.485298441218455,3
512,1.6,0.0108545875011473,0.1335493828345167,0.0341397073829837,0.4200377813220961,0.0341397073829837,0.4200377813220961,x0,x0,1,3.145186989314446,3.145186989314446,3
1024,0.1,0.0376524400229975,0.0125649294603134,0.3475924558498201,0.1159944663884334,0.3475924558498201,0.1159944663884334,eps,eps,1,9.2316050603232,9.2316050603232,3
1024,0.2,0.0196542626369551,0.0116762295519501,0.2472131998177432,0.1468647347734473,0.2472131998177432,0.1468647347734473,eps,eps,1,12.57809587590014,12.57809587590014,3
1024,0.4,0.0095520146618316,0.0110149093516131,0.1887040251258749,0.217604118568999,0.1887040251258749,0.217604118568999,eps,eps,1,19.755416192974007,19.755416192974007,3
1024,0.8,0.0059941873326261,0.0165789314116602,0.0958001898412591,0.26496749074848,0.0958001898412591,0.26496749074848,x0,x0,1,15.982181491029255,15.982181491029255,3
1024,1.6,0.0029948617422434,0.0368472719307893,0.0294441406623246,0.36226589109264,0.0294441406623246,0.36226589109264,x0,x0,1,9.8315525711941,9.8315525711941,3
2048,0.1,0.0445915073443626,0.0148805533975685,0.263078432482607,0.0877914404658714,0.263078432482607,0.0877914404658714,eps,eps,1,5.89974298134746,5.89974298134746,3
2048,0.2,0.0216048880272746,0.0128350595853093,0.1915439108212521,0.1137926521762249,0.1915439108212521,0.1137926521762249,eps,eps,1,8.865767347622528,8.865767347622528,3
2048,0.4,0.0108580867246365,0.0125210068491342,0.156023971288942,0.1799191020187182,0.156023971288942,0.1799191020187182,eps,eps,1,14.36937973012598,14.36937973012598,3
2048,0.8,0.0061099956146917,0.0168992379784599,0.0783152512656236,0.2166070406496417,0.0783152512656236,0.2166070406496417,x0,x0,1,12.817562598132056,12.817562598132056,3
2048,1.6,0.001915115116709,0.0235626127539631,0.0269233199501673,0.3312509814694516,0.0269233199501673,0.3312509814694516,x0,x0,1,14.058329818018032,14.058329818018032,3
4096,0.1,0.035204223560734,0.0117479394555984,0.2177707778209722,0.0726719028080737,0.2177707778209722,0.0726719028080737,eps,eps,1,6.1859275903437,6.1859275903437,3
4096,0.2,0.0169608603969607,0.0100761296952005,0.1582267625053661,0.0939995579788777,0.1582267625053661,0.0939995579788777,eps,eps,1,9.32893490083318,9.32893490083318,3
4096,0.4,0.0076915328792703,0.0088694940742342,0.1384754217313593,0.1596829854012005,0.1384754217313593,0.1596829854012005,eps,eps,1,18.00361825203512,18.00361825203512,3
4096,0.8,0.0047216866500906,0.0130594048492823,0.0683239315584602,0.1889727017567896,0.0683239315584602,0.1889727017567896,x0,x0,1,14.470238417271666,14.470238417271666,3
4096,1.6,0.0019110424429299,0.0235125046250616,0.0238498029015503,0.2934359742265887,0.0238498029015503,0.2934359742265887,x0,x0,1,12.479996448945723,12.479996448945723,3
32,0.1,0.2169315417018229,0.0723918428005093,1.3784993644412942,0.4600165955967923,1.3784993644412942,0.4600165955967923,eps,eps,1,6.354536337256437,6.354536337256437,6
32,0.2,0.1461616774847464,0.0868319167975866,0.8915345072975083,0.5296439633974067,0.8915345072975083,0.5296439633974067,eps,eps,1,6.09964610860839,6.09964610860839,6
32,0.4,0.0766572585846876,0.0883973469835091,0.5049095609977665,0.5822366528996415,0.5049095609977665,0.5822366528996415,eps,eps,1,6.586585149532373,6.586585149532373,6
32,0.8,0.0362668902542373,0.1003082240634261,0.2478844526351735,0.6856074243603931,0.2478844526351735,0.6856074243603931,x0,x0,1,6.835007106963382,6.835007106963382,6
32,1.6,0.0110113517927873,0.1354781317986581,0.0652408109545811,0.8026901103046769,0.0652408109545811,0.8026901103046769,x0,x0,1,5.924868461410443,5.924868461410443,6
64,0.1,0.1128814083027964,0.037669455999111,1.3097653201281845,0.4370794786984244,1.3097653201281845,0.4370794786984244,eps,eps,1,11.603020726095396,11.603020726095396,6
64,0.2,0.0638889029061214,0.0379552013694723,0.8644204325496103,0.5135359991001393,0.8644204325496103,0.5135359991001393,eps,eps,1,13.530055975758302,13.530055975758302,6
64,0.4,0.0273548833566747,0.0315442941792914,0.473732653009554,0.5462849895582986,0.473732653009554,0.5462849895582986,eps,eps,1,17.318028625187313,17.318028625187313,6
64,0.8,0.0096582251106059,0.0267130542943774,0.2095676137723883,0.5796293812718658,0.2095676137723883,0.5796293812718658,x0,x0,1,21.6983567241828,21.6983567241828,6
64,1.6,0.0031917552008571,0.0392697499732971,0.0520149767620169,0.6399661013359428,0.0520149767620169,0.6399661013359428,x0,x0,1,16.29666860041407,16.29666860041407,6
128,0.1,0.0879373144171252,0.0293454063509751,1.0874561442019557,0.3628930750500191,1.0874561442019557,0.3628930750500191,eps,eps,1,12.366265122035385,12.366265122035385,6
128,0.2,0.062508234606357,0.037134972175382,0.7458232414596657,0.4430796277286197,0.7458232414596657,0.4430796277286197,eps,eps,1,11.931599830909574,11.931599830909574,6
128,0.4,0.0380195088415763,0.0438422111260151,0.4163909293510383,0.4801613590442429,0.4163909293510383,0.4801613590442429,x0,x0,1,10.952033364925876,10.952033364925876,6
128,0.8,0.0186754314424159,0.0516531565975148,0.1821865915989009,0.5038979996174128,0.1821865915989009,0.5038979996174128,x0,x0,1,9.755415405564126,9.755415405564126,6
128,1.6,0.0046659588202669,0.0574076095210482,0.0464993045240827,0.5721040454802292,0.0464993045240827,0.5721040454802292,x0,x0,1,9.965648286930838,9.965648286930838,6
256,0.1,0.0316560817564095,0.0105638953017721,0.7919014044359193,0.2642640232660362,0.7919014044359193,0.2642640232660362,eps,eps,1,25.015774552565393,25.015774552565393,6
256,0.2,0.0158489088092818,0.0094155400700277,0.552078058607256,0.3279792410412179,0.552078058607256,0.3279792410412179,eps,eps,1,34.83382138484723,34.83382138484723,6
256,0.4,0.0083182220873358,0.0095921609736119,0.3339720886469103,0.3851200414415198,0.3339720886469103,0.3851200414415198,x0,x0,1,40.1494556337187,40.1494556337187,6
256,0.8,0.0068020032262496,0.0188132166534206,0.1432956100407107,0.3963319727306793,0.1432956100407107,0.3963319727306793,x0,x0,1,21.066677752771135,21.066677752771135,6
256,1.6,0.0033676855512969,0.0414343084809893,0.0391582165348645,0.4817829927280775,0.0391582165348645,0.4817829927280775,x0,x0,1,11.627634450545411,11.627634450545411,6
512,0.1,0.0368311122255065,0.012290845607236,0.5183381902963273,0.1729737247753903,0.5183381902963273,0.1729737247753903,eps,eps,1,14.073378700124197,14.073378700124197,6
512,0.2,0.0164432613051003,0.00976863376294,0.3792144579401705,0.2252842114769733,0.3792144579401705,0.2252842114769733,eps,eps,1,23.06199791537374,23.06199791537374,6
512,0.4,0.007320464563714,0.008441596504579,0.2674446555630188,0.3084039065990242,0.2674446555630188,0.3084039065990242,eps,eps,1,36.53383651205467,36.53383651205467,6
512,0.8,0.0060097667820805,0.0166220215937988,0.1161332561966762,0.3212053915328569,0.1161332561966762,0.3212053915328569,x0,x0,1,19.32408700832685,19.32408700832685,6
512,1.6,0.002597094291406,0.0319533413631486,0.0294306883405773,0.3621003804947603,0.0294306883405773,0.3621003804947603,x0,x0,1,11.332160113695185,11.332160113695185,6
1024,0.1,0.0373711437650077,0.0124710585813761,0.3532824514411934,0.1178932647980832,0.3532824514411934,0.1178932647980832,eps,eps,1,9.45334864949966,9.45334864949966,6
1024,0.2,0.0222622724164532,0.013225599346261,0.2600854865182298,0.1545119193638676,0.2600854865182298,0.1545119193638676,eps,eps,1,11.682791480262804,11.682791480262804,6
1024,0.4,0.0126153507239001,0.0145473965003233,0.1956104248322689,0.2255682360253839,0.1956104248322689,0.2255682360253839,eps,eps,1,15.505746063934597,15.505746063934597,6
1024,0.8,0.0105330660043059,0.0291327196081095,0.0922096261631235,0.2550365850817515,0.0922096261631235,0.2550365850817515,x0,x0,1,8.754300611562474,8.754300611562474,6
1024,1.6,0.005237053851512,0.0644340754235608,0.026736886689496,0.3289572004390942,0.026736886689496,0.3289572004390942,x0,x0,1,5.105329723080162,5.105329723080162,6
2048,0.1,0.0405680513476903,0.0135378929815641,0.2660250042080378,0.0887747357279362,0.2660250042080378,0.0887747357279362,eps,eps,1,6.557500184765057,6.557500184765057,6
2048,0.2,0.0189734500347148,0.0112717715281384,0.1989581055200635,0.1181972864708435,0.1989581055200635,0.1181972864708435,eps,eps,1,10.486132208746389,10.486132208746389,6
2048,0.4,0.007009542356399,0.0080830564425894,0.164649071354927,0.1898651394504907,0.164649071354927,0.1898651394504907,eps,eps,1,23.48927547382872,23.48927547382872,6
2048,0.8,0.0035043832425344,0.0096925448262052,0.0761583197154088,0.2106413244905856,0.0761583197154088,0.2106413244905856,x0,x0,1,21.73230335970016,21.73230335970016,6
2048,1.6,0.0016219484157036,0.019955637179556,0.0256791514686297,0.3159433585096715,0.0256791514686297,0.3159433585096715,x0,x0,1,15.832286168910027,15.832286168910027,6
4096,0.1,0.0328015640483705,0.0109461521804162,0.2232231248958449,0.074491395949742,0.2232231248958449,0.074491395949742,eps,eps,1,6.805258571410529,6.805258571410529,6
4096,0.2,0.0171189150603093,0.0101700270122916,0.1659890598113594,0.098610993516777,0.1659890598113594,0.098610993516777,eps,eps,1,9.696237128730752,9.696237128730752,6
4096,0.4,0.0061625480735931,0.0071063446622233,0.1410884651987272,0.1626962174725343,0.1407529712176748,0.1623093424602848,eps,x0,0,22.894501351364458,22.84006056209256,6
4096,0.8,0.0047115059150884,0.013031246618991,0.0603848890191216,0.1670146222991222,0.0603848890191216,0.1670146222991222,x0,x0,1,12.81647314200342,12.81647314200342,6
4096,1.6,0.0019919981663382,0.0245085431108135,0.0213691923429276,0.2629157900996625,0.0213691923429276,0.2629157900996625,x0,x0,1,10.727516071065857,10.727516071065857,6
32,0.1,0.0891492945455564,0.0297498541055359,1.4057225145664702,0.4691011850895699,1.4057225145664702,0.4691011850895699,eps,eps,1,15.76818438925647,15.76818438925647,1
32,0.2,0.0773398938510996,0.0459461833195894,0.9110220876008674,0.5412211700948611,0.9110220876008674,0.5412211700948611,eps,eps,1,11.779458727404425,11.779458727404425,1
32,0.4,0.0510935853576576,0.058918587448607,0.5105718071565137,0.5887660742178833,0.5105718071565137,0.5887660742178833,eps,eps,1,9.992874909491782,9.992874909491782,1
32,0.8,0.0351729758819711,0.0972826377175811,0.2527656652438084,0.6991080516437307,0.2527656652438084,0.6991080516437307,x0,x0,1,7.18635995123091,7.18635995123091,1
32,1.6,0.0172213959879848,0.2118833908244887,0.0643373231809203,0.7915740513518893,0.0643373231809203,0.7915740513518893,x0,x0,1,3.735894768682371,3.735894768682371,1
64,0.1,0.1572335593092761,0.0524701342146319,1.313429174630122,0.4383021371328201,1.313429174630122,0.4383021371328201,eps,eps,1,8.353364131677674,8.353364131677674,1
64,0.2,0.1134075335324258,0.067373292954542,0.8520695456621059,0.5061985683792576,0.8520695456621059,0.5061985683792576,eps,eps,1,7.513341654842354,7.513341654842354,1
64,0.4,0.0743978337773378,0.0857918904048892,0.4591769251646951,0.5295000464406415,0.4591769251646951,0.5295000464406415,eps,eps,1,6.171912565881236,6.171912565881236,1
64,0.8,0.0467376204456188,0.129268533116173,0.2106654196816915,0.582665730965942,0.2106654196816915,0.582665730965942,x0,x0,1,4.507405761634991,4.507405761634991,1
64,1.6,0.0193583477371164,0.2381753698806705,0.0487285876004666,0.5995320227279166,0.0487285876004666,0.5995320227279166,x0,x0,1,2.5171873272550864,2.5171873272550864,1
128,0.1,0.0478199937187102,0.015957925900718,1.1262538430683326,0.375840186822344,1.1262538430683326,0.375840186822344,eps,eps,1,23.551944604870773,23.551944604870773,1
128,0.2,0.0325910354960673,0.0193617241621836,0.7643177387766911,0.4540668624120254,0.7643177387766911,0.4540668624120254,eps,eps,1,23.451778292497625,23.451778292497625,1
128,0.4,0.0203176447402223,0.0234292997838545,0.4128779834421172,0.4761104041290976,0.4128779834421172,0.4761104041290976,eps,eps,1,20.32115379125384,20.32115379125384,1
128,0.8,0.0148821826849549,0.0411616575022139,0.1769391605182735,0.4893844725710333,0.1769391605182735,0.4893844725710333,x0,x0,1,11.88932861959486,11.88932861959486,1
128,1.6,0.0090701448755952,0.1115944986603462,0.0473831356304726,0.5829782586896985,0.0473831356304726,0.5829782586896985,x0,x0,1,5.224077044013393,5.224077044013393,1
256,0.1,0.0688041531326016,0.0229605127890704,0.7999824561011092,0.2669607367878223,0.7999824561011092,0.2669607367878223,eps,eps,1,11.626950113888562,11.626950113888562,1
256,0.2,0.0484105939537979,0.028759827737723,0.5635028682549972,0.3347665066079014,0.5635028682549972,0.3347665066079014,eps,eps,1,11.64007342675432,11.64007342675432,1
256,0.4,0.0254959161297868,0.0294006254123652,0.3413849373841242,0.3936681707910169,0.3413849373841242,0.3936681707910169,x0,x0,1,13.389789001748564,13.389789001748564,1
256,0.8,0.0131659128933943,0.0364147389327336,0.1406336991607659,0.3889695672111937,0.1406336991607659,0.3889695672111937,x0,x0,1,10.681651952241369,10.681651952241369,1
256,1.6,0.0043558886537402,0.0535926622123036,0.0355952803716119,0.4379464189632171,0.0355952803716119,0.4379464189632171,x0,x0,1,8.171760850922512,8.171760850922512,1
512,0.1,0.0521979449257468,0.0174188842891653,0.5249694076597997,0.1751866166452703,0.5249694076597997,0.1751866166452703,eps,eps,1,10.057281151711706,10.057281151711706,1
512,0.2,0.0360144198178929,0.0213954927102351,0.3717478915831376,0.2208484641604771,0.3717478915831376,0.2208484641604771,eps,eps,1,10.32219576111131,10.32219576111131,1
512,0.4,0.0205595253782967,0.0237082245339332,0.2543092555512259,0.2932568150639562,0.2543092555512259,0.2932568150639562,eps,eps,1,12.369412759872484,12.369412759872484,1
512,0.8,0.0119847366820902,0.0331478007631992,0.1120391318087177,0.3098817201738852,0.1120391318087177,0.3098817201738852,x0,x0,1,9.348485059012324,9.348485059012324,1
512,1.6,0.0053607815576072,0.0659563588624104,0.0301688576683941,0.371182444474335,0.0301688576683941,0.371182444474335,x0,x0,1,5.62769763031716,5.62769763031716,1
1024,0.1,0.0410970572606613,0.0137144266132891,0.3537128869581147,0.1180369046765088,0.3537128869581147,0.1180369046765088,eps,eps,1,8.606769207699296,8.606769207699296,1
1024,0.2,0.0253722245710452,0.0150731637104575,0.2577041443287474,0.1530972085421113,0.2577041443287474,0.1530972085421113,eps,eps,1,10.156939278506895,10.156939278506895,1
1024,0.4,0.0092215169908891,0.010633795836273,0.1943750702983667,0.2241436864732973,0.1943750702983667,0.2241436864732973,eps,eps,1,21.07842673720692,21.07842673720692,1
1024,0.8,0.0060276325926415,0.0166714354728567,0.0939927503074037,0.25996841174082,0.0939927503074037,0.25996841174082,x0,x0,1,15.59364292079601,15.59364292079601,1
1024,1.6,0.0019546805788289,0.0240494062914535,0.0272377584939589,0.3351196750939956,0.0272377584939589,0.3351196750939956,x0,x0,1,13.934634021010597,13.934634021010597,1
2048,0.1,0.0317723636256242,0.0106026995195945,0.2727948915197111,0.0910339029020553,0.2727948915197111,0.0910339029020553,eps,eps,1,8.585917457513396,8.585917457513396,1
2048,0.2,0.0191004442442171,0.0113472164109767,0.2004723251732212,0.1190968560242237,0.2004723251732212,0.1190968560242237,eps,eps,1,10.49568913738311,10.49568913738311,1
2048,0.4,0.0077992378651421,0.0089936941197843,0.1627387200875061,0.1876622171576196,0.1627387200875061,0.1876622171576196,eps,eps,1,20.86597727899138,20.86597727899138,1
2048,0.8,0.0046650572931634,0.0129027774080156,0.0820206870203058,0.2268556634934452,0.0820206870203058,0.2268556634934452,x0,x0,1,17.581924908083387,17.581924908083387,1
2048,1.6,0.0014065072371633,0.0173049573238589,0.0289998572836382,0.3567996519544933,0.0289998572836382,0.3567996519544933,x0,x0,1,20.61834913990582,20.61834913990582,1
4096,0.1,0.0329780623583117,0.0110050511206422,0.2249899790928292,0.0750810097526776,0.2249899790928292,0.0750810097526776,eps,eps,1,6.822413538075056,6.822413538075056,1
4096,0.2,0.0157354865999776,0.0093481580584718,0.1689297285437117,0.1003579897684007,0.1689297285437117,0.1003579897684007,eps,eps,1,10.735589742992264,10.735589742992264,1
4096,0.4,0.0052695682312146,0.0060766046162913,0.1397341258797785,0.1611344605701758,0.1397341258797785,0.1611344605701758,x0,x0,1,26.517186939919444,26.517186939919444,1
4096,0.8,0.0033347549498586,0.0092233810057083,0.0588511474721897,0.1627725466850695,0.0588511474721897,0.1627725466850695,x0,x0,1,17.647817712867994,17.647817712867994,1
4096,1.6,0.0008897729001847,0.0109473180505467,0.0177047257332039,0.2178300368092162,0.0177047257332039,0.2178300368092162,x0,x0,1,19.89802760853722,19.89802760853722,1
32,0.1,0.2068425391758638,0.0690250595326475,1.420937221374112,0.474178458107749,1.420937221374112,0.474178458107749,eps,eps,1,6.869656633667545,6.869656633667545,8
32,0.2,0.135639251395872,0.0805807404127695,0.9006750284669877,0.5350741759355575,0.9006750284669877,0.5350741759355575,eps,eps,1,6.640224118004812,6.640224118004812,8
32,0.4,0.0809368233344096,0.0933323287074073,0.5071760103807293,0.5848502098703098,0.5071760103807293,0.5848502098703098,eps,eps,1,6.266319698330779,6.266319698330779,8
32,0.8,0.0480558466111325,0.1329145288067237,0.2425219514580081,0.670775632446372,0.2425219514580081,0.670775632446372,x0,x0,1,5.046669002015374,5.046669002015374,8
32,1.6,0.0301654538200215,0.3711405652366968,0.0702595507906142,0.8644381599323911,0.0702595507906142,0.8644381599323911,x0,x0,1,2.3291395252930425,2.3291395252930425,8
64,0.1,0.0629825146421999,0.0210177840593874,1.2938070260909322,0.4317540644951872,1.2938070260909322,0.4317540644951872,eps,eps,1,20.54232088764596,20.54232088764596,8
64,0.2,0.0409117867406064,0.0243049267320545,0.8365740581807752,0.4969929893049659,0.8365740581807752,0.4969929893049659,eps,eps,1,20.448240588584344,20.448240588584344,8
64,0.4,0.0254219480808952,0.0293153291285652,0.4450643734988005,0.5132261521028393,0.4450643734988005,0.5132261521028393,eps,eps,1,17.507091591980256,17.507091591980256,8
64,0.8,0.0194365371846849,0.0537582492811248,0.2204129185089363,0.6096257016049191,0.2204129185089363,0.6096257016049191,x0,x0,1,11.340133091331266,11.340133091331266,8
64,1.6,0.0141445886096206,0.1740279010200352,0.0571705590613128,0.7033977917756539,0.0571705590613128,0.7033977917756539,x0,x0,1,4.041867928377035,4.041867928377035,8
128,0.1,0.0541256837100018,0.0180621866044278,1.0799249686867878,0.3603798597300152,1.0799249686867878,0.3603798597300152,eps,eps,1,19.952172326780772,19.952172326780772,8
128,0.2,0.0428076938875963,0.0254312496812459,0.7260767983268331,0.4313486354694667,0.7260767983268331,0.4313486354694667,eps,eps,1,16.961362138155636,16.961362138155636,8
128,0.4,0.0352684868726322,0.0406698690929466,0.4020766518013005,0.4636548444265237,0.4020766518013005,0.4636548444265237,x0,x0,1,11.400450868599805,11.400450868599805,8
128,0.8,0.0293543448857942,0.081189266115677,0.1714686032473912,0.4742538153618628,0.1714686032473912,0.4742538153618628,x0,x0,1,5.841336398904682,5.841336398904682,8
128,1.6,0.016526468900469,0.2033333576110734,0.0429212577767341,0.5280815586919524,0.0429212577767341,0.5280815586919524,x0,x0,1,2.5971221097034265,2.5971221097034265,8
256,0.1,0.0493063184292521,0.0164539247026993,0.7524158108098857,0.251087355344736,0.7524158108098857,0.251087355344736,eps,eps,1,15.2600282231475,15.2600282231475,8
256,0.2,0.0286959423896871,0.0170477222544855,0.5365997653048344,0.3187838767067823,0.5365997653048344,0.3187838767067823,eps,eps,1,18.699499672040034,18.699499672040034,8
256,0.4,0.0159218806961741,0.0183603227993713,0.3298293720974206,0.3803428662719304,0.3298293720974206,0.3803428662719304,x0,x0,1,20.71547817693892,20.71547817693892,8
256,0.8,0.0101784234640832,0.0281518369590125,0.1394829359904215,0.3857867464861289,0.1394829359904215,0.3857867464861289,x0,x0,1,13.703785903840377,13.703785903840377,8
256,1.6,0.0061886534299449,0.0761420778135058,0.0353811444070261,0.435311797803262,0.0353811444070261,0.435311797803262,x0,x0,1,5.717099011527736,5.717099011527736,8
512,0.1,0.0655402487727886,0.0218713210123566,0.5375977715356771,0.1794008057178152,0.5375977715356771,0.1794008057178152,eps,eps,1,8.20255921516855,8.20255921516855,8
512,0.2,0.042406873411907,0.025193129739037,0.3899548826480607,0.2316648967609364,0.3899548826480607,0.2316648967609364,eps,eps,1,9.195558438377311,9.195558438377311,8
512,0.4,0.021725326098466,0.0250525680791773,0.2708663380720344,0.3123496210897493,0.2708663380720344,0.3123496210897493,x0,x0,1,12.467768577759545,12.467768577759545,8
512,0.8,0.0146424124300599,0.0404984926076463,0.1154948580919074,0.3194396878928175,0.1154948580919074,0.3194396878928175,x0,x0,1,7.88769327756425,7.88769327756425,8
512,1.6,0.00827823270086,0.1018512097344572,0.0338247059948164,0.4161621627435635,0.0338247059948164,0.4161621627435635,x0,x0,1,4.085981539429588,4.085981539429588,8
1024,0.1,0.0434466918641195,0.0144985190394886,0.3629560148239448,0.1211214126009853,0.3629560148239448,0.1211214126009853,eps,eps,1,8.354054112085153,8.354054112085153,8
1024,0.2,0.0250651895863885,0.0148907599730316,0.2636239600281144,0.1566140602443513,0.2636239600281144,0.1566140602443513,eps,eps,1,10.51753305593481,10.51753305593481,8
1024,0.4,0.0133302326700191,0.015371762889235,0.203140075589169,0.234251055668445,0.203140075589169,0.234251055668445,eps,eps,1,15.239049506318697,15.239049506318697,8
1024,0.8,0.0081012736002336,0.0224067837577116,0.0951220377885339,0.2630918342591319,0.0951220377885339,0.2630918342591319,x0,x0,1,11.741615267232866,11.741615267232866,8
1024,1.6,0.004453315616023,0.0547913545332172,0.0269480138705743,0.3315548030407239,0.0269480138705743,0.3315548030407239,x0,x0,1,6.051224793862669,6.051224793862669,8
2048,0.1,0.0300999415477794,0.0100445984928574,0.270042053798391,0.0901152582733686,0.270042053798391,0.0901152582733686,eps,eps,1,8.9715142260239,8.9715142260239,8
2048,0.2,0.015565966065483,0.0092474490819465,0.1991142607031789,0.1182900553422817,0.1991142607031789,0.1182900553422817,eps,eps,1,12.7916417050855,12.7916417050855,8
2048,0.4,0.0057250415736393,0.0066018338748824,0.1624672380713896,0.187349157567158,0.1624672380713896,0.187349157567158,eps,eps,1,28.378350791278436,28.378350791278436,8
2048,0.8,0.003933532774025,0.010879501498247,0.0728905769327806,0.2016032880633181,0.0728905769327806,0.2016032880633181,x0,x0,1,18.53056301300208,18.53056301300208,8
2048,1.6,0.0015728346986175,0.0193513667174259,0.0225680248122171,0.2776656215767846,0.0225680248122171,0.2776656215767846,x0,x0,1,14.34863106215364,14.34863106215364,8
4096,0.1,0.0338949564989308,0.0113110262498083,0.2206779602014402,0.0736420535211891,0.2206779602014402,0.0736420535211891,eps,eps,1,6.5106429686198535,6.5106429686198535,8
4096,0.2,0.0144914794230488,0.0086091166794896,0.1633236069493807,0.0970274978623612,0.1633236069493807,0.0970274978623612,eps,eps,1,11.270319763875357,11.270319763875357,8
4096,0.4,0.0054861778375562,0.0063263880664859,0.1374878747521392,0.1585441952253401,0.1374878747521392,0.1585441952253401,eps,eps,1,25.060776158394095,25.060776158394095,8
4096,0.8,0.0032663122412659,0.009034079786307,0.0628179001079344,0.1737439288300818,0.0628179001079344,0.1737439288300818,x0,x0,1,19.232056052175473,19.232056052175473,8
4096,1.6,0.0007270253171142,0.0089449536793009,0.0227069743245906,0.2793751864608179,0.0227069743245906,0.2793751864608179,x0,x0,1,31.232714721296432,31.232714721296432,8
32,0.1,0.1134578026262638,0.0378618035338596,1.4124082859303435,0.471332282078863,1.4124082859303435,0.471332282078863,eps,eps,1,12.448754102729216,12.448754102729216,9
32,0.2,0.0884643446680431,0.0525550113268931,0.9093553301387072,0.5402309806842945,0.9093553301387072,0.5402309806842945,eps,eps,1,10.279342864642311,10.279342864642311,9
32,0.4,0.0599053277169023,0.0690798515120604,0.514408511493136,0.5931903712874534,0.514408511493136,0.5931903712874534,eps,eps,1,8.587024411653374,8.587024411653374,9
32,0.8,0.0355656131867027,0.0983686076053376,0.2474163615899194,0.6843127618977369,0.2474163615899194,0.6843127618977369,x0,x0,1,6.95661734527393,6.95661734527393,9
32,1.6,0.0136436647219157,0.1678647855591315,0.0634881038844618,0.7811256844359471,0.0634881038844618,0.7811256844359471,x0,x0,1,4.653302846300603,4.653302846300603,9
64,0.1,0.1135300811035104,0.0378859234572311,1.294372697711983,0.4319428337757931,1.294372697711983,0.4319428337757931,eps,eps,1,11.401143072661467,11.401143072661467,9
64,0.2,0.077087390764439,0.0457961759620565,0.8426274065392819,0.5005891702605896,0.8426274065392819,0.5005891702605896,eps,eps,1,10.930807207032778,10.930807207032778,9
64,0.4,0.048867566366751,0.0563516527999637,0.4687843436031988,0.5405788446784617,0.4687843436031988,0.5405788446784617,eps,eps,1,9.592954559778407,9.592954559778407,9
64,0.8,0.029397283134098,0.0813080262134289,0.2083007662089637,0.5761254903025721,0.2083007662089637,0.5761254903025721,x0,x0,1,7.085714868914356,7.085714868914356,9
64,1.6,0.0142527218578995,0.1753583180966869,0.052889779743501,0.6507292370393174,0.052889779743501,0.6507292370393174,x0,x0,1,3.7108546894281127,3.7108546894281127,9
128,0.1,0.0901842314999451,0.030095221094231,1.1037734307626057,0.3683382880161126,1.1037734307626057,0.3683382880161126,eps,eps,1,12.239095598028984,12.239095598028984,9
128,0.2,0.0657659915010082,0.0390703445690974,0.7432096359532646,0.4415269336176943,0.7432096359532646,0.4415269336176943,eps,eps,1,11.300820058979433,11.300820058979433,9
128,0.4,0.0382923530852336,0.0441568415696852,0.4028008970795594,0.4644900081454648,0.4028008970795594,0.4644900081454648,eps,eps,1,10.519094926942165,10.519094926942165,9
128,0.8,0.02230079455917,0.0616803117596304,0.1687519920030242,0.4667401176755456,0.1687519920030242,0.4667401176755456,x0,x0,1,7.567084282816896,7.567084282816896,9
128,1.6,0.0072166211237839,0.0887896750687218,0.0380935346502457,0.4686836825432446,0.0380935346502457,0.4686836825432446,x0,x0,1,5.2785831481024195,5.2785831481024195,9
256,0.1,0.0465625371205974,0.0155383022735362,0.8012920482214688,0.2673977584683309,0.8012920482214688,0.2673977584683309,eps,eps,1,17.208943020998078,17.208943020998078,9
256,0.2,0.0274473081392126,0.0163059320177175,0.5678522108328807,0.3373503696241589,0.5678522108328807,0.3373503696241589,eps,eps,1,20.688812467610184,20.688812467610184,9
256,0.4,0.0134705434377032,0.0155335623045217,0.3338062723429277,0.3849288303073193,0.3338062723429277,0.3849288303073193,x0,x0,1,24.780460705736985,24.780460705736985,9
256,0.8,0.0084184431206563,0.0232840222277767,0.1429972040830966,0.3955066311740036,0.1429972040830966,0.3955066311740036,x0,x0,1,16.98618165302142,16.98618165302142,9
256,1.6,0.0038700109906843,0.0476146679285653,0.0350830564830414,0.431644273977565,0.0350830564830414,0.431644273977565,x0,x0,1,9.065363526742342,9.065363526742342,9
512,0.1,0.0471352922647444,0.0157294353841619,0.5055526400508453,0.1687070813162239,0.5055526400508453,0.1687070813162239,eps,eps,1,10.725564980297802,10.725564980297802,9
512,0.2,0.0260439554926659,0.0154722264778004,0.3760799894281621,0.2234220824037232,0.3760799894281621,0.2234220824037232,eps,eps,1,14.44020243138826,14.44020243138826,9
512,0.4,0.0103317383460606,0.0119140480155649,0.2526812162473109,0.2913794409195107,0.2526812162473109,0.2913794409195107,eps,eps,1,24.456795921826192,24.456795921826192,9
512,0.8,0.0069166602514647,0.0191303390340574,0.1092935651893083,0.3022879367060954,0.1092935651893083,0.3022879367060954,x0,x0,1,15.801493960349395,15.801493960349395,9
512,1.6,0.0045105823106712,0.0554959351288807,0.0295495737974986,0.3635630873362839,0.0295495737974986,0.3635630873362839,x0,x0,1,6.5511660717485825,6.5511660717485825,9
1024,0.1,0.0430562715906595,0.0143682325774983,0.3544373361506938,0.1182786593409283,0.3544373361506938,0.1182786593409283,eps,eps,1,8.231956067175675,8.231956067175675,9
1024,0.2,0.0242260571935048,0.0143922471249655,0.2619302718833765,0.1556078718193431,0.2619302718833765,0.1556078718193431,eps,eps,1,10.811923285378905,10.811923285378905,9
1024,0.4,0.0118817453898349,0.013701439229458,0.1984525950577275,0.2288456857052274,0.1984525950577275,0.2288456857052274,eps,eps,1,16.70231001814829,16.70231001814829,9
1024,0.8,0.0098441634009294,0.0272273288725668,0.1062245971440045,0.2937996783477472,0.1062245971440045,0.2937996783477472,x0,x0,1,10.790617020231023,10.790617020231023,9
1024,1.6,0.0051346072333349,0.0631736237822989,0.0318464131434626,0.391822242932119,0.0318464131434626,0.391822242932119,x0,x0,1,6.202307537119733,6.202307537119733,9
2048,0.1,0.0475915237337125,0.0158816835843225,0.2704065784017735,0.0902369031368954,0.2704065784017735,0.0902369031368954,eps,eps,1,5.681822248742682,5.681822248742682,9
2048,0.2,0.0207780157501973,0.0123438302425638,0.1972681875370505,0.1171933378283476,0.1972681875370505,0.1171933378283476,eps,eps,1,9.494082106236569,9.494082106236569,9
2048,0.4,0.0066985188166414,0.0077243995290551,0.1596266051635601,0.1840734806457249,0.1596266051635601,0.1840734806457249,eps,eps,1,23.830134621252594,23.830134621252594,9
2048,0.8,0.0023154368164148,0.0064041155267925,0.0740336527149746,0.2047648467433704,0.0740336527149746,0.2047648467433704,x0,x0,1,31.973946423469005,31.973946423469005,9
2048,1.6,0.0011807853834061,0.014527789213292,0.0247323561090789,0.3042944648114783,0.0247323561090789,0.3042944648114783,x0,x0,1,20.945682811330062,20.945682811330062,9
4096,0.1,0.0318887885438537,0.0106415514740517,0.2246356045899088,0.0749627520613034,0.2246356045899088,0.0749627520613034,eps,eps,1,7.04434426165133,7.04434426165133,9
4096,0.2,0.0167272779389586,0.0099373627290049,0.1652544936792141,0.0981746015269859,0.1652544936792141,0.0981746015269859,eps,eps,1,9.879341652734071,9.879341652734071,9
4096,0.4,0.0057619413436524,0.0066443848587511,0.143349985732297,0.1653040907386445,0.143349985732297,0.1653040907386445,eps,eps,1,24.878765190870254,24.878765190870254,9
4096,0.8,0.0030757501671553,0.0085070165864052,0.0638389733158265,0.1765680485548336,0.0638389733158265,0.1765680485548336,x0,x0,1,20.755578264300187,20.755578264300187,9
4096,1.6,0.0007109156806362,0.0087467488180745,0.0202808943886471,0.2495259196767781,0.0202808943886471,0.2495259196767781,x0,x0,1,28.527847874303852,28.527847874303852,9
32,0.1,0.139236884247304,0.0464644954688894,1.3869933631722613,0.4628511129567672,1.3869933631722613,0.4628511129567672,eps,eps,1,9.96139328073996,9.96139328073996,0
32,0.2,0.0874934400795001,0.0519782150838453,0.8816714938837555,0.5237845317402554,0.8816714938837555,0.5237845317402554,eps,eps,1,10.077001122399947,10.077001122399947,0
32,0.4,0.0426069806960901,0.0491322560452779,0.4939478893626424,0.5695961970714585,0.4939478893626424,0.5695961970714585,eps,eps,1,11.593121157443814,11.593121157443814,0
32,0.8,0.0262559459339216,0.0726196067342525,0.2547092323365937,0.7044836369795214,0.2547092323365937,0.7044836369795214,x0,x0,1,9.701011457656897,9.701011457656897,0
32,1.6,0.0138590097829196,0.170514282833025,0.0681327091470288,0.8382705705276766,0.0681327091470288,0.8382705705276766,x0,x0,1,4.916131109958379,4.916131109958379,0
64,0.1,0.1026606499864604,0.0342587047384428,1.2946630099195295,0.4320397133513815,1.2946630099195295,0.4320397133513815,eps,eps,1,12.611093053572896,12.611093053572896,0
64,0.2,0.0624798036573326,0.0371180818807258,0.8391369525449307,0.4985155568754741,0.8391369525449307,0.4985155568754741,eps,eps,1,13.430531202484802,13.430531202484802,0
64,0.4,0.0312549457425372,0.0360416526075157,0.4451989622258914,0.5133813531448329,0.4451989622258914,0.5133813531448329,eps,eps,1,14.244112464415077,14.244112464415077,0
64,0.8,0.0150674270272218,0.041674012734778,0.2099504569599781,0.5806882622504308,0.2099504569599781,0.5806882622504308,x0,x0,1,13.934061640429237,13.934061640429237,0
64,1.6,0.0057735224103417,0.0710345146327199,0.053785792465489,0.661753326717595,0.053785792465489,0.661753326717595,x0,x0,1,9.315940710500444,9.315940710500444,0
128,0.1,0.0590770420193534,0.019714495667313,1.1152911469447302,0.3721818448024435,1.1152911469447302,0.3721818448024435,eps,eps,1,18.878588176086467,18.878588176086467,0
128,0.2,0.0454754051758138,0.0270160870244178,0.7439516731541475,0.441967764029582,0.7439516731541475,0.441967764029582,eps,eps,1,16.35942924044179,16.35942924044179,0
128,0.4,0.0284388752092659,0.0327942997976757,0.4072648629625006,0.4696376321064882,0.4072648629625006,0.4696376321064882,eps,eps,1,14.320709239224938,14.320709239224938,0
128,0.8,0.0167867187934914,0.0464292895868161,0.1753285379514729,0.4849297567633174,0.1753285379514729,0.4849297567633174,x0,x0,1,10.44447935944762,10.44447935944762,0
128,1.6,0.0050098601583823,0.0616387985419513,0.0451264900994095,0.5552136275677976,0.0451264900994095,0.5552136275677976,x0,x0,1,9.007534875779884,9.007534875779884,0
256,0.1,0.0678425647471166,0.0226396228221494,0.781226877112397,0.2607018455489925,0.781226877112397,0.2607018455489925,eps,eps,1,11.515291027460744,11.515291027460744,0
256,0.2,0.0361696296441222,0.0214876999628422,0.5558124537759492,0.3301977753120163,0.5558124537759492,0.3301977753120163,eps,eps,1,15.3668273422941,15.3668273422941,0
256,0.4,0.0222800245514579,0.0256922188118756,0.3355621362967462,0.3869536054955693,0.3355621362967462,0.3869536054955693,x0,x0,1,15.061120580084287,15.061120580084287,0
256,0.8,0.0174776033943089,0.0483401621996857,0.1450587720590513,0.4012085874488428,0.1450587720590513,0.4012085874488428,x0,x0,1,8.299694688476887,8.299694688476887,0
256,1.6,0.0111157980343844,0.136763185800314,0.0402838318065588,0.4956319966472028,0.0402838318065588,0.4956319966472028,x0,x0,1,3.624016168875067,3.624016168875067,0
512,0.1,0.0413397614979407,0.0137954190169493,0.5318224543811498,0.1774735347995626,0.5318224543811498,0.1774735347995626,eps,eps,1,12.864671568258585,12.864671568258585,0
512,0.2,0.0225141744780068,0.0133752496460274,0.383504683579608,0.2278329542266273,0.383504683579608,0.2278329542266273,eps,eps,1,17.03392162809424,17.03392162809424,0
512,0.4,0.0092834908621752,0.0107052610295911,0.2616855306482769,0.3017627695063457,0.2616855306482769,0.3017627695063457,eps,eps,1,28.188268242336513,28.188268242336513,0
512,0.8,0.0051824233389328,0.0143337263776694,0.1132062109745778,0.3131096682457543,0.1132062109745778,0.3131096682457543,x0,x0,1,21.84426156854426,21.84426156854426,0
512,1.6,0.0035085703382949,0.0431676840102175,0.0313469705123547,0.3856773521070492,0.0313469705123547,0.3856773521070492,x0,x0,1,8.934399909334065,8.934399909334065,0
1024,0.1,0.0499918670315317,0.0166826979196276,0.3589250395275236,0.1197762429327018,0.3589250395275236,0.1197762429327018,eps,eps,1,7.179668630922232,7.179668630922232,0
1024,0.2,0.0254694148538665,0.0151309026383126,0.2614756109787355,0.1553377662860577,0.2614756109787355,0.1553377662860577,eps,eps,1,10.266259059306195,10.266259059306195,0
1024,0.4,0.0126222959390404,0.0145554053778121,0.1973767843116435,0.227605114132933,0.1973767843116435,0.227605114132933,eps,eps,1,15.637153911212142,15.637153911212142,0
1024,0.8,0.0074510560261706,0.0206083894191877,0.0973880187251289,0.2693591629966674,0.0973880187251289,0.2693591629966674,x0,x0,1,13.070364574238676,13.070364574238676,0
1024,1.6,0.0043753296080097,0.0538318539313933,0.0285404148255912,0.3511469031315961,0.0285404148255912,0.3511469031315961,x0,x0,1,6.5230319501743175,6.5230319501743175,0
2048,0.1,0.0394140184244245,0.0131527826868034,0.2651083453134262,0.0884688391023011,0.2651083453134262,0.0884688391023011,eps,eps,1,6.726245024261232,6.726245024261232,0
2048,0.2,0.0221134892627425,0.0131372100595053,0.1986287771035948,0.1180016386228576,0.1986287771035948,0.1180016386228576,eps,eps,1,8.98224494305609,8.98224494305609,0
2048,0.4,0.0114902192243935,0.0132499506824026,0.161149545286993,0.1858296596300997,0.161149545286993,0.1858296596300997,eps,eps,1,14.02493217404204,14.02493217404204,0
2048,0.8,0.0067555658344014,0.0186847785029814,0.077664736272256,0.2148078236984804,0.077664736272256,0.2148078236984804,x0,x0,1,11.49640728490328,11.49640728490328,0
2048,1.6,0.0024835297472957,0.0305561003554906,0.025051527726351,0.3082213917905533,0.025051527726351,0.3082213917905533,x0,x0,1,10.087065698983038,10.087065698983038,0
4096,0.1,0.0342370105343362,0.0114251724996624,0.2187354450489098,0.0729938202100882,0.2187354450489098,0.0729938202100882,eps,eps,1,6.388859355274031,6.388859355274031,0
4096,0.2,0.0174045029947452,0.0103396894586187,0.1632640707773947,0.0969921285369587,0.1632640707773947,0.0969921285369587,eps,eps,1,9.3805649507307,9.3805649507307,0
4096,0.4,0.007236101780185,0.0083443135285661,0.1392403728846259,0.160565089115437,0.1392403728846259,0.160565089115437,x0,x0,1,19.242456382511712,19.242456382511712,0
4096,0.8,0.0040501086404909,0.0112019310766275,0.0615172891412535,0.1701466538679715,0.0615172891412535,0.1701466538679715,x0,x0,1,15.189046665621476,15.189046665621476,0
4096,1.6,0.0009246301322328,0.0113761838943069,0.0199537919435805,0.2455014157831299,0.0199537919435805,0.2455014157831299,x0,x0,1,21.580295999433226,21.580295999433226,0
32,0.1,0.1171177957644976,0.039083173399373,1.4270937440577118,0.4762329404518679,1.4270937440577118,0.4762329404518679,eps,eps,1,12.185114437496203,12.185114437496203,7
32,0.2,0.0760799357946345,0.0451976658216368,0.920669518656752,0.5469525283083877,0.920669518656752,0.5469525283083877,eps,eps,1,12.1013445797582,12.1013445797582,7
32,0.4,0.0454492602943088,0.0524098318483615,0.5120982797334431,0.590526326652355,0.5120982797334431,0.590526326652355,eps,eps,1,11.2674722628559,11.2674722628559,7
32,0.8,0.0259989558568443,0.0719088146577101,0.2497679267357389,0.6908168024121852,0.2497679267357389,0.6908168024121852,x0,x0,1,9.606844525257593,9.606844525257593,7
32,1.6,0.0098295627811341,0.1209379944484164,0.0700408622870023,0.8617475266229924,0.0700408622870023,0.8617475266229924,x0,x0,1,7.12553181118406,7.12553181118406,7
64,0.1,0.1285185287146009,0.0428876919173342,1.274071074220704,0.4251680147483421,1.274071074220704,0.4251680147483421,eps,eps,1,9.913520540295115,9.913520540295115,7
64,0.2,0.0927550435611612,0.0551040352277005,0.8387742654923154,0.4983000912861471,0.8387742654923154,0.4983000912861471,eps,eps,1,9.042896572403,9.042896572403,7
64,0.4,0.0508053879493235,0.0585862524972324,0.4582162994372407,0.5283923005165257,0.4582162994372407,0.5283923005165257,eps,eps,1,9.019049316074394,9.019049316074394,7
64,0.8,0.0265952673568792,0.0735581137053477,0.2079367359725838,0.5751186428375513,0.2079367359725838,0.5751186428375513,x0,x0,1,7.818561595275649,7.818561595275649,7
64,1.6,0.009833844150824,0.1209906702667939,0.0565569184437585,0.6958478663871563,0.0565569184437585,0.6958478663871563,x0,x0,1,5.751252264763532,5.751252264763532,7
128,0.1,0.0562638348704815,0.0187757052632586,1.1042524947241514,0.3684981556071672,1.1042524947241514,0.3684981556071672,eps,eps,1,19.626328302472132,19.626328302472132,7
128,0.2,0.0436610822662093,0.0259382317435958,0.7230467905787137,0.4295485645807879,0.7230467905787137,0.4295485645807879,eps,eps,1,16.560441314078517,16.560441314078517,7
128,0.4,0.0357855328127751,0.0412661008160879,0.3996579100903942,0.4608656714997844,0.3996579100903942,0.4608656714997844,x0,x0,1,11.168141946672907,11.168141946672907,7
128,0.8,0.0331053093190243,0.0915638137591278,0.1710216057162807,0.4730174940728823,0.1710216057162807,0.4730174940728823,x0,x0,1,5.165987245979342,5.165987245979342,7
128,1.6,0.0197893930407304,0.243478734404222,0.0448706090519659,0.5520653959135294,0.0448706090519659,0.5520653959135294,x0,x0,1,2.267407037679904,2.267407037679904,7
256,0.1,0.0657485548771607,0.0219408344756537,0.7712633334855731,0.2573769289494485,0.7712633334855731,0.2573769289494485,eps,eps,1,11.73049863873874,11.73049863873874,7
256,0.2,0.0304818434687427,0.0181086926577669,0.5482610347946222,0.3257116186396644,0.5482610347946222,0.3257116186396644,eps,eps,1,17.98647891348271,17.98647891348271,7
256,0.4,0.0139240337275258,0.0160565048052481,0.329256025833295,0.3796817118087086,0.329256025833295,0.3796817118087086,x0,x0,1,23.646597837694323,23.646597837694323,7
256,0.8,0.0090241076697448,0.0249591902631763,0.1397981944285333,0.3866586992183954,0.1397981944285333,0.3866586992183954,x0,x0,1,15.491636352836895,15.491636352836895,7
256,1.6,0.0037616083049019,0.0462809358284462,0.0392863633288101,0.4833596464002552,0.0392863633288101,0.4833596464002552,x0,x0,1,10.444033547462563,10.444033547462563,7
512,0.1,0.0665381344506535,0.0222043236848041,0.5356011912712468,0.178734530433422,0.5356011912712468,0.178734530433422,eps,eps,1,8.049537241962542,8.049537241962542,7
512,0.2,0.040682432803798,0.0241686718511523,0.3860953727705155,0.2293720341834564,0.3860953727705155,0.2293720341834564,eps,eps,1,9.490469132771972,9.490469132771972,7
512,0.4,0.0244251097506568,0.0281658246277331,0.2707733158628431,0.3122423524937302,0.2707733158628431,0.3122423524937302,eps,eps,1,11.085858717812366,11.085858717812366,7
512,0.8,0.0173034415378375,0.0478584592910612,0.1153452377692442,0.3190258628103544,0.1153452377692442,0.3190258628103544,x0,x0,1,6.666028692443523,6.666028692443523,7
512,1.6,0.0081982793370305,0.1008675037765995,0.0314243954435641,0.3866299495021995,0.0314243954435641,0.3866299495021995,x0,x0,1,3.833047661797045,3.833047661797045,7
1024,0.1,0.0353550952288631,0.0117982865743095,0.3606596663156257,0.1203551021837666,0.3606596663156257,0.1203551021837666,eps,eps,1,10.201066182426532,10.201066182426532,7
1024,0.2,0.0157278360673087,0.0093436130202129,0.2587366963193895,0.1537106283528546,0.2587366963193895,0.1537106283528546,eps,eps,1,16.450876980921024,16.450876980921024,7
1024,0.4,0.0063665348358545,0.0073415720749509,0.1962602804161357,0.2263176172398554,0.1962602804161357,0.2263176172398554,eps,eps,1,30.826860368508736,30.826860368508736,7
1024,0.8,0.003854927659086,0.0106620927425868,0.0947741014610353,0.2621294998859923,0.0947741014610353,0.2621294998859923,x0,x0,1,24.58518287305699,24.58518287305699,7
1024,1.6,0.0014849763268532,0.0182704015195559,0.0314071020924708,0.3864171808119654,0.0314071020924708,0.3864171808119654,x0,x0,1,21.14990086005273,21.14990086005273,7
2048,0.1,0.0403422340872684,0.0134625359012158,0.258987798351584,0.0864263621529424,0.258987798351584,0.0864263621529424,eps,eps,1,6.419768369578668,6.419768369578668,7
2048,0.2,0.0220445618540349,0.0130962615761479,0.1922852775184106,0.1142330842544,0.1922852775184106,0.1142330842544,eps,eps,1,8.72257197904868,8.72257197904868,7
2048,0.4,0.0113602284763982,0.0131000518017573,0.1604101213705049,0.1849769926586935,0.1604101213705049,0.1849769926586935,eps,eps,1,14.120325282521325,14.120325282521325,7
2048,0.8,0.0063585974003021,0.0175868294272653,0.0745455124142674,0.2061805660687874,0.0745455124142674,0.2061805660687874,x0,x0,1,11.723577971885058,11.723577971885058,7
2048,1.6,0.0029446081963545,0.0362289775886039,0.0241068710198334,0.2965988110031607,0.0241068710198334,0.2965988110031607,x0,x0,1,8.186783915659213,8.186783915659213,7
4096,0.1,0.0373998513206382,0.0124806385292163,0.2217033631406855,0.0739842389304785,0.2217033631406855,0.0739842389304785,eps,eps,1,5.927920975940982,5.927920975940982,7
4096,0.2,0.0193068471889483,0.0114698365370733,0.1587224977480739,0.0942940650075955,0.1587224977480739,0.0942940650075955,eps,eps,1,8.221046978552263,8.221046978552263,7
4096,0.4,0.0094664383619066,0.0109162270087051,0.1385144775891157,0.1597280226784731,0.1385144775891157,0.1597280226784731,eps,eps,1,14.632163892441806,14.632163892441806,7
4096,0.8,0.0044148547219905,0.0122107584509306,0.0716498110444316,0.1981715346963685,0.0716498110444316,0.1981715346963685,x0,x0,1,16.229256806014742,16.229256806014742,7
4096,1.6,0.0009150323351001,0.0112580974277776,0.0248260368769132,0.3054470658408975,0.0248260368769132,0.3054470658408975,x0,x0,1,27.131321948525184,27.131321948525184,7
32,0.1,0.1334191844698565,0.0445230811201709,1.3954754847444069,0.4656816668109853,1.3954754847444069,0.4656816668109853,eps,eps,1,10.4593315443304,10.4593315443304,14
32,0.2,0.1048853829101249,0.0623104427840562,0.904024803128092,0.5370642143619708,0.904024803128092,0.5370642143619708,eps,eps,1,8.619168639568592,8.619168639568592,14
32,0.4,0.0849596755220557,0.0979712822424057,0.5027872207835153,0.5797892754718543,0.5027872207835153,0.5797892754718543,eps,eps,1,5.917951283288392,5.917951283288392,14
32,0.8,0.0632259773289884,0.1748726029743967,0.2357027544265506,0.6519148605696277,0.2357027544265506,0.6519148605696277,x0,x0,1,3.727941652844701,3.727941652844701,14
32,1.6,0.0251534115661895,0.3094749192903131,0.0609502048006148,0.7499006511209336,0.0609502048006148,0.7499006511209336,x0,x0,1,2.4231386919515265,2.4231386919515265,14
64,0.1,0.1222424967563038,0.0407933283435921,1.3422020496607472,0.4479038825949842,1.3422020496607472,0.4479038825949842,eps,eps,1,10.979831771077862,10.979831771077862,14
64,0.2,0.0829929669105911,0.0493045682122619,0.8653755578861128,0.5141034211848996,0.8653755578861128,0.5141034211848996,eps,eps,1,10.427095091303189,10.427095091303189,14
64,0.4,0.040433206869946,0.0466255679283132,0.472792635910358,0.5452010084817217,0.472792635910358,0.5452010084817217,eps,eps,1,11.693176784891229,11.693176784891229,14
64,0.8,0.0205810081856486,0.0569236669056853,0.2119363603788251,0.5861809428665405,0.2119363603788251,0.5861809428665405,x0,x0,1,10.297666589852009,10.297666589852009,14
64,1.6,0.0102685502876102,0.1263390758396481,0.0516045701203505,0.6349166645240928,0.0516045701203505,0.6349166645240928,x0,x0,1,5.0254971417547845,5.0254971417547845,14
128,0.1,0.0969423931853482,0.0323504753302544,1.1422441967455357,0.3811762995915776,1.1422441967455357,0.3811762995915776,eps,eps,1,11.782710940110906,11.782710940110906,14
128,0.2,0.0627674097416906,0.0372889432721466,0.7621767565842774,0.4527949449655649,0.7621767565842774,0.4527949449655649,eps,eps,1,12.142874139954088,12.142874139954088,14
128,0.4,0.0360040127039192,0.0415180409859159,0.4058902489437763,0.4680524954263481,0.4058902489437763,0.4680524954263481,x0,x0,1,11.273472551007988,11.273472551007988,14
128,0.8,0.0172234014487924,0.0476370816342036,0.1716248915523971,0.4746860829813671,0.1716248915523971,0.4746860829813671,x0,x0,1,9.96463399303917,9.96463399303917,14
128,1.6,0.0056212795253515,0.0691613947809302,0.0411793215369047,0.5066496516994746,0.0411793215369047,0.5066496516994746,x0,x0,1,7.325613563813956,7.325613563813956,14
256,0.1,0.0627745543401751,0.0209483859931826,0.7933224715897335,0.2647382450836697,0.7933224715897335,0.2647382450836697,eps,eps,1,12.63764402516856,12.63764402516856,14
256,0.2,0.0389363978414611,0.0231313851616154,0.5549609979309528,0.3296919413317155,0.5549609979309528,0.3296919413317155,eps,eps,1,14.253013342184596,14.253013342184596,14
256,0.4,0.0218961388228358,0.0252495408374535,0.3278762187459563,0.3780905867395147,0.3278762187459563,0.3780905867395147,x0,x0,1,14.974156923229264,14.974156923229264,14
256,0.8,0.0176397048354001,0.0487885079927767,0.1418531190172793,0.3923422809822688,0.1418531190172793,0.3923422809822688,x0,x0,1,8.041694594152295,8.041694594152295,14
256,1.6,0.008463547841244,0.1041312339754112,0.0361667276868359,0.4449772191905444,0.0361667276868359,0.4449772191905444,x0,x0,1,4.273234861459702,4.273234861459702,14
512,0.1,0.0417692434052512,0.0139387406679908,0.5281805418005135,0.1762581985650882,0.5281805418005135,0.1762581985650882,eps,eps,1,12.645202516024282,12.645202516024282,14
512,0.2,0.0231361220315882,0.0137447370462434,0.3794231864450841,0.2254082131748455,0.3794231864450841,0.2254082131748455,eps,eps,1,16.39960171056537,16.39960171056537,14
512,0.4,0.0098982492200415,0.0114141698645096,0.2671607058583812,0.3080764698887878,0.2671607058583812,0.3080764698887878,eps,eps,1,26.990703094992252,26.990703094992252,14
512,0.8,0.0051797154140254,0.0143262367049555,0.1146775394551973,0.3171791196343426,0.1146775394551973,0.3171791196343426,x0,x0,1,22.13973747373788,22.13973747373788,14
512,1.6,0.0016807741522029,0.0206793994416814,0.0306605907765288,0.3772324812079967,0.0306605907765288,0.3772324812079967,x0,x0,1,18.24194567505892,18.24194567505892,14
1024,0.1,0.0343972273654666,0.0114786381762634,0.3633206851360166,0.1212431060887022,0.3633206851360166,0.1212431060887022,eps,eps,1,10.562499159475127,10.562499159475127,14
1024,0.2,0.0199481363395072,0.0118508144180253,0.2617399523246635,0.1554948065318375,0.2617399523246635,0.1554948065318375,eps,eps,1,13.12102282990157,13.12102282990157,14
1024,0.4,0.0078600829042751,0.0090638575998743,0.1995099825852713,0.2300650125360331,0.1995099825852713,0.2300650125360331,eps,eps,1,25.382681711506734,25.382681711506734,14
1024,0.8,0.0040343401214897,0.011158317959373,0.0903945195685526,0.2500163002514042,0.0903945195685526,0.2500163002514042,x0,x0,1,22.406271371877263,22.406271371877263,14
1024,1.6,0.000679500880256,0.0083602369214046,0.0256721157455412,0.3158567945130044,0.0256721157455412,0.3158567945130044,x0,x0,1,37.78084251468014,37.78084251468014,14
2048,0.1,0.0364064896786154,0.0121491455648035,0.2699134303445874,0.0900723355670845,0.2699134303445874,0.0900723355670845,eps,eps,1,7.413882325027619,7.413882325027619,14
2048,0.2,0.0212129800821137,0.0126022344106661,0.1992462749042695,0.1183684825081604,0.1992462749042695,0.1183684825081604,eps,eps,1,9.392658369215605,9.392658369215605,14
2048,0.4,0.011986277976064,0.0138219810211497,0.1633069158573191,0.1883174323263597,0.1633069158573191,0.1883174323263597,eps,eps,1,13.62448928545081,13.62448928545081,14
2048,0.8,0.0066118941612042,0.0182874064017177,0.079043275909551,0.2186206364830544,0.079043275909551,0.2186206364830544,x0,x0,1,11.9547097975861,11.9547097975861,14
2048,1.6,0.0032290355705771,0.0397284288837047,0.0247376815397247,0.3043599862305096,0.0247376815397247,0.3043599862305096,x0,x0,1,7.661012397984544,7.661012397984544,14
4096,0.1,0.0347963678708319,0.011611834651488,0.2183680204331006,0.0728712075885209,0.2183680204331006,0.0728712075885209,eps,eps,1,6.275598109656364,6.275598109656364,14
4096,0.2,0.0218428377521718,0.0129764210630225,0.1596382434186658,0.0948380923699311,0.1596382434186658,0.0948380923699311,eps,eps,1,7.3084937602850175,7.3084937602850175,14
4096,0.4,0.0108113479387742,0.0124671100003851,0.1394556237727012,0.1608133057591445,0.1394556237727012,0.1608133057591445,eps,eps,1,12.899004320502163,12.899004320502163,14
4096,0.8,0.0070084624397485,0.0193842487133086,0.0599993516316369,0.1659482896089594,0.0599993516316369,0.1659482896089594,x0,x0,1,8.560986400005499,8.560986400005499,14
4096,1.6,0.0032851247422709,0.0404185218294399,0.0183299971848524,0.225523062128039,0.0183299971848524,0.225523062128039,x0,x0,1,5.579695939394129,5.579695939394129,14
32,0.1,0.123730481620571,0.0412898811525498,1.4086050904390155,0.4700631244082544,1.4086050904390155,0.4700631244082544,eps,eps,1,11.384463003697109,11.384463003697109,13
32,0.2,0.0881693745034997,0.052379775073272,0.9035365468682816,0.5367741504570038,0.9035365468682816,0.5367741504570038,eps,eps,1,10.24773683556547,10.24773683556547,13
32,0.4,0.0613501752032206,0.0707459779421522,0.5067327123718051,0.5843390206021898,0.5067327123718051,0.5843390206021898,eps,eps,1,8.259678325176225,8.259678325176225,13
32,0.8,0.0459787096677926,0.1271695113414167,0.2595686626618307,0.7179240180672691,0.2595686626618307,0.7179240180672691,x0,x0,1,5.645409898130627,5.645409898130627,13
32,1.6,0.0322841241846564,0.3972076193368048,0.0669285605406955,0.8234553319753256,0.0669285605406955,0.8234553319753256,x0,x0,1,2.073110614922751,2.073110614922751,13
64,0.1,0.1643037438180048,0.0548295130376064,1.3013492480089033,0.4342709660908196,1.3013492480089033,0.4342709660908196,eps,eps,1,7.920387069514225,7.920387069514225,13
64,0.2,0.1149033386891306,0.0682619228002548,0.8498968130813613,0.5049077886213809,0.8498968130813613,0.5049077886213809,eps,eps,1,7.396624178003607,7.396624178003607,13
64,0.4,0.0646947212421159,0.0746027424829286,0.4617977447685835,0.5325222455667706,0.4617977447685835,0.5325222455667706,eps,eps,1,7.138105488395785,7.138105488395785,13
64,0.8,0.0364695127639972,0.1008686444349221,0.2093752067294509,0.5790972151931354,0.2093752067294509,0.5790972151931354,x0,x0,1,5.741102385556041,5.741102385556041,13
64,1.6,0.0211761843228399,0.2605411165377146,0.0540492869476527,0.664995230241755,0.0540492869476527,0.664995230241755,x0,x0,1,2.5523619422483494,2.5523619422483494,13
128,0.1,0.0869141073243338,0.0290039537137392,1.1446237836381845,0.3819703873434618,1.1446237836381845,0.3819703873434618,eps,eps,1,13.169597190555484,13.169597190555484,13
128,0.2,0.0463486926226179,0.0275348907507173,0.7693497662821819,0.4570562957655495,0.7693497662821819,0.4570562957655495,eps,eps,1,16.59916866580057,16.59916866580057,13
128,0.4,0.0257654858173153,0.0297114798003858,0.4093315066348205,0.4720207830456978,0.4093315066348205,0.4720207830456978,x0,x0,1,15.886815002717144,15.886815002717144,13
128,0.8,0.016951586013741,0.0468852850679169,0.1773442510214915,0.490504885947474,0.1773442510214915,0.490504885947474,x0,x0,1,10.46180875805576,10.46180875805576,13
128,1.6,0.0090875792546584,0.1118090024877608,0.0429801765330517,0.5288064654231163,0.0429801765330517,0.5288064654231163,x0,x0,1,4.729551768257673,4.729551768257673,13
256,0.1,0.0433806251907752,0.0144764720462595,0.7805737935563605,0.2604839061854804,0.7805737935563605,0.2604839061854804,eps,eps,1,17.993604059960536,17.993604059960536,13
256,0.2,0.0288443868460532,0.0171359103274884,0.5506937848418191,0.3271568699074571,0.5506937848418191,0.3271568699074571,eps,eps,1,19.091887367235536,19.091887367235536,13
256,0.4,0.0161226766840913,0.0185918707694464,0.3322538367849867,0.3831386386513884,0.3317202070511463,0.3825232833202179,x0,eps,0,20.607858316282563,20.57476023062989,13
256,0.8,0.0086053558407232,0.0238009919175776,0.1435067993417189,0.3969160874308046,0.1435067993417189,0.3969160874308046,x0,x0,1,16.676451502748982,16.676451502748982,13
256,1.6,0.0048796743735076,0.0600370581513556,0.037743134219381,0.4643725319553505,0.037743134219381,0.4643725319553505,x0,x0,1,7.734764931097228,7.734764931097228,13
512,0.1,0.0358414923644372,0.0119606013059565,0.5194806112091467,0.1733549600465916,0.5194806112091467,0.1733549600465916,eps,eps,1,14.493833178793286,14.493833178793286,13
512,0.2,0.0252991824284058,0.0150297707406892,0.3751827192542495,0.2228890309881477,0.3751827192542495,0.2228890309881477,eps,eps,1,14.829835719631642,14.829835719631642,13
512,0.4,0.0137429079297115,0.0158476395223948,0.2593223703661901,0.2990376903254553,0.2593223703661901,0.2990376903254553,eps,eps,1,18.86954141674384,18.86954141674384,13
512,0.8,0.0111134890912977,0.0307380739313895,0.1151529709152378,0.3184940844710358,0.1151529709152378,0.3184940844710358,x0,x0,1,10.36154982195523,10.36154982195523,13
512,1.6,0.0060097048110024,0.0739403840488797,0.0336069558265463,0.4134830742400611,0.0336069558265463,0.4134830742400611,x0,x0,1,5.592114235797318,5.592114235797318,13
1024,0.1,0.0382524778185077,0.0127651670164851,0.3465302689206456,0.1156400058586353,0.3465302689206456,0.1156400058586353,eps,eps,1,9.05902803381231,9.05902803381231,13
1024,0.2,0.0227431119463243,0.0135112571107944,0.2510597619447515,0.1491499053346841,0.2510597619447515,0.1491499053346841,eps,eps,1,11.038936207906556,11.038936207906556,13
1024,0.4,0.0084097483752191,0.009697704547404,0.1980082984814243,0.2283333449387535,0.1980082984814243,0.2283333449387535,eps,eps,1,23.545091915578773,23.545091915578773,13
1024,0.8,0.0052892470414606,0.0146291830824854,0.0868771484654822,0.2402878331496573,0.0868771484654822,0.2402878331496573,x0,x0,1,16.42523931752129,16.42523931752129,13
1024,1.6,0.0009598395455729,0.0118093827994731,0.0248124682043911,0.3052801237216305,0.0248124682043911,0.3052801237216305,x0,x0,1,25.85064172322799,25.85064172322799,13
2048,0.1,0.0354934240540314,0.0118444480429821,0.2727352379555035,0.0910139960161837,0.2727352379555035,0.0910139960161837,eps,eps,1,7.684106147108276,7.684106147108276,13
2048,0.2,0.0204034329070828,0.012121297586762,0.202487315592087,0.1202939241162833,0.202487315592087,0.1202939241162833,eps,eps,1,9.924178765123196,9.924178765123196,13
2048,0.4,0.0068470758285341,0.0078957081039972,0.1603317113278694,0.1848865740881131,0.1603317113278694,0.1848865740881131,eps,eps,1,23.416085252000844,23.416085252000844,13
2048,0.8,0.0030006989396713,0.0082994372960408,0.0888478648811416,0.2457385090251369,0.0888478648811416,0.2457385090251369,x0,x0,1,29.609056645606877,29.609056645606877,13
2048,1.6,0.0013017885589072,0.0160165513986345,0.0308443308908932,0.3794931271213228,0.0308443308908932,0.3794931271213228,x0,x0,1,23.69381008908539,23.69381008908539,13
4096,0.1,0.0340048024410855,0.0113476827457441,0.2244226650435481,0.0748916923802389,0.2244226650435481,0.0748916923802389,eps,eps,1,6.599734417877227,6.599734417877227,13
4096,0.2,0.0199577707142541,0.01185653801973,0.1697654260477064,0.1008544620132707,0.1697654260477064,0.1008544620132707,eps,eps,1,8.506231907276977,8.506231907276977,13
4096,0.4,0.0072725832944907,0.0083863822007064,0.1396073423971591,0.1609882601488224,0.1396073423971591,0.1609882601488224,x0,x0,1,19.196389610678835,19.196389610678835,13
4096,0.8,0.004889230398431,0.0135228031646919,0.058541473168161,0.1619160387447018,0.058541473168161,0.1619160387447018,x0,x0,1,11.973555835484182,11.973555835484182,13
4096,1.6,0.0009267895186149,0.0114027518977978,0.017258820178488,0.2123438392334453,0.017258820178488,0.2123438392334453,x0,x0,1,18.62215727717921,18.62215727717921,13
32,0.1,0.1407568620116007,0.0469717245721817,1.4300024570389491,0.4772036019390711,1.4300024570389491,0.4772036019390711,eps,eps,1,10.15938005865102,10.15938005865102,12
32,0.2,0.0811729289106395,0.0482233177032375,0.9309739486159098,0.553074197272905,0.9309739486159098,0.553074197272905,eps,eps,1,11.4690200428863,11.4690200428863,12
32,0.4,0.0423507857520679,0.0488368247478342,0.5293164075036669,0.610381417259716,0.5293164075036669,0.610381417259716,eps,eps,1,12.49838457785452,12.49838457785452,12
32,0.8,0.0266746295298601,0.0737776163584214,0.2554511240464084,0.7065355868251578,0.2554511240464084,0.7065355868251578,x0,x0,1,9.57655752108762,9.57655752108762,12
32,1.6,0.0077954147103326,0.0959108601219525,0.0611659384035812,0.752554928819629,0.0611659384035812,0.752554928819629,x0,x0,1,7.846399540810499,7.846399540810499,12
64,0.1,0.1008763614218485,0.0336632729433852,1.2524600840017768,0.4179562492557874,1.2524600840017768,0.4179562492557874,eps,eps,1,12.415793614563404,12.415793614563404,12
64,0.2,0.0753337260519312,0.0447543565807537,0.824223963917036,0.4896560294670271,0.824223963917036,0.4896560294670271,eps,eps,1,10.940969033562183,10.940969033562183,12
64,0.4,0.0497706646925577,0.0573930609789213,0.4417944380169304,0.5094554247543623,0.4417944380169304,0.5094554247543623,eps,eps,1,8.876603130498115,8.876603130498115,12
64,0.8,0.0286145234931972,0.0791430424252721,0.1988510499474931,0.5499891370214784,0.1988510499474931,0.5499891370214784,x0,x0,1,6.949304956791181,6.949304956791181,12
64,1.6,0.0104544132465686,0.1286258401646923,0.0501912887731978,0.6175283619595019,0.0501912887731978,0.6175283619595019,x0,x0,1,4.800966595583123,4.800966595583123,12
128,0.1,0.055141544453022,0.0184011877042172,1.1303944358000972,0.3772219367319576,1.1303944358000972,0.3772219367319576,eps,eps,1,20.499868964735647,20.499868964735647,12
128,0.2,0.0422405407203373,0.0250943146003245,0.7642973246392529,0.4540547347550769,0.7642973246392529,0.4540547347550769,eps,eps,1,18.09392852471867,18.09392852471867,12
128,0.4,0.0238891118747299,0.0275477384726121,0.4181508664464839,0.4821908311773141,0.4181508664464839,0.4821908311773141,x0,x0,1,17.50382637241553,17.50382637241553,12
128,0.8,0.0139773900015404,0.0386591504887188,0.1749738503723977,0.4839487495441988,0.1749738503723977,0.4839487495441988,x0,x0,1,12.518349302202603,12.518349302202603,12
128,1.6,0.0069620688920908,0.0856577924948183,0.041212402823115,0.507056667199261,0.041212402823115,0.507056667199261,x0,x0,1,5.919562627415762,5.919562627415762,12
256,0.1,0.0573180404106416,0.0191275023377826,0.7708760421052339,0.257247686624872,0.7708760421052339,0.257247686624872,eps,eps,1,13.44909973513528,13.44909973513528,12
256,0.2,0.0319985678233674,0.0190097502074067,0.5429499407843437,0.3225563970991017,0.5429499407843437,0.3225563970991017,eps,eps,1,16.96794505871121,16.96794505871121,12
256,0.4,0.0152597266299926,0.0175967595853264,0.330404655511239,0.3810062545600594,0.330404655511239,0.3810062545600594,x0,x0,1,21.65206910468742,21.65206910468742,12
256,0.8,0.0111938789235895,0.0309604189202599,0.1399306709536155,0.3870251073903654,0.1399306709536155,0.3870251073903654,x0,x0,1,12.500641815834824,12.500641815834824,12
256,1.6,0.0068846331033602,0.0847050615141909,0.0344689769187828,0.4240889480096863,0.0344689769187828,0.4240889480096863,x0,x0,1,5.006654152994591,5.006654152994591,12
512,0.1,0.0545075364900584,0.0181896140232805,0.5210902282829313,0.1738921025260131,0.5210902282829313,0.1738921025260131,eps,eps,1,9.55996659981087,9.55996659981087,12
512,0.2,0.0256899717706859,0.0152619313742985,0.380835384963596,0.2262471738817237,0.380835384963596,0.2262471738817237,eps,eps,1,14.824281955737913,14.824281955737913,12
512,0.4,0.0119196214519629,0.0137451160249516,0.2593315698223781,0.2990482986818683,0.2593315698223781,0.2990482986818683,eps,eps,1,21.756695115487094,21.756695115487094,12
512,0.8,0.0071667971765048,0.0198221764247896,0.1151568324131056,0.3185047647358898,0.1151568324131056,0.3185047647358898,x0,x0,1,16.06810260943735,16.06810260943735,12
512,1.6,0.0050245102329156,0.0618190456874274,0.0373432342682372,0.4594523641769646,0.0373432342682372,0.4594523641769646,x0,x0,1,7.432213795406532,7.432213795406532,12
1024,0.1,0.048725951230943,0.0162602513868828,0.3567378758525436,0.1190463683939601,0.3567378758525436,0.1190463683939601,eps,eps,1,7.321311679719454,7.321311679719454,12
1024,0.2,0.0253495778153169,0.0150597096967723,0.261940638031465,0.155614030153893,0.261940638031465,0.155614030153893,eps,eps,1,10.333136115316,10.333136115316,12
1024,0.4,0.0123136123879577,0.0141994468231109,0.1952974941244706,0.2252073798602957,0.1952974941244706,0.2252073798602957,eps,eps,1,15.86029249348987,15.86029249348987,12
1024,0.8,0.0089821268491034,0.0248430782520901,0.0918513862186223,0.2540457526070179,0.0918513862186223,0.2540457526070179,x0,x0,1,10.226017485801878,10.226017485801878,12
1024,1.6,0.0054032848905505,0.0664792984842416,0.0251694917849935,0.3096727622112806,0.0251694917849935,0.3096727622112806,x0,x0,1,4.658183363422313,4.658183363422313,12
2048,0.1,0.0338258298392651,0.0112879581139319,0.2719409265549903,0.0907489277573703,0.2719409265549903,0.0907489277573703,eps,eps,1,8.039445827263064,8.039445827263064,12
2048,0.2,0.016885435105646,0.010031320941411,0.1970070426716829,0.1170381965518384,0.1970070426716829,0.1170381965518384,eps,eps,1,11.6672766463571,11.6672766463571,12
2048,0.4,0.0052463778805182,0.0060498626545381,0.1605281442064027,0.1851130907369376,0.1605281442064027,0.1851130907369376,eps,eps,1,30.59789970571961,30.59789970571961,12
2048,0.8,0.0024923101864305,0.0068933180337076,0.0742960369608062,0.2054905581991109,0.0742960369608062,0.2054905581991109,x0,x0,1,29.81010845492432,29.81010845492432,12
2048,1.6,0.0004175593055661,0.005137439589416,0.0233318808426759,0.287063721820706,0.0233318808426759,0.287063721820706,x0,x0,1,55.87680727421192,55.87680727421192,12
4096,0.1,0.0384662856128305,0.0128365164390481,0.2185767500709084,0.0729408623884152,0.2185767500709084,0.0729408623884152,eps,eps,1,5.682294159382048,5.682294159382048,12
4096,0.2,0.0223225016082765,0.0132613803817772,0.1650236755923739,0.0980374768219553,0.1650236755923739,0.0980374768219553,eps,eps,1,7.39270528403446,7.39270528403446,12
4096,0.4,0.0097694401408545,0.0112656336257013,0.1445978427375948,0.166743057520391,0.1445978427375948,0.166743057520391,eps,eps,1,14.80103676902686,14.80103676902686,12
4096,0.8,0.0040565100949198,0.0112196364415122,0.0671525992483196,0.1857329901908223,0.0671525992483196,0.1857329901908223,x0,x0,1,16.554278844866722,16.554278844866722,12
4096,1.6,0.0014363585119151,0.0176722323879281,0.0258597918942907,0.3181658674128833,0.0258597918942907,0.3181658674128833,x0,x0,1,18.00371681566502,18.00371681566502,12
32,0.1,0.1548852983608941,0.0516865001884491,1.4120663575392045,0.4712181777575357,1.4120663575392045,0.4712181777575357,eps,eps,1,9.116852099474192,9.116852099474192,15
32,0.2,0.0890429041658414,0.0528987226952886,0.9124416782477004,0.5420645223268119,0.9124416782477004,0.5420645223268119,eps,eps,1,10.247213821196665,10.247213821196665,15
32,0.4,0.0449806934932189,0.0518695038629152,0.5202255952944644,0.599898343692312,0.5202255952944644,0.599898343692312,eps,eps,1,11.565530784288397,11.565530784288397,15
32,0.8,0.0188325701126783,0.0520877761867659,0.2447562018351369,0.676955199701015,0.2447562018351369,0.676955199701015,x0,x0,1,12.996431202471092,12.996431202471092,15
32,1.6,0.0066900732238487,0.0823112946547524,0.0636903861579998,0.7836144637457557,0.0636903861579998,0.7836144637457557,x0,x0,1,9.520132893457186,9.520132893457186,15
64,0.1,0.11421423302239,0.0381142305894012,1.3016664857758289,0.4343768309474168,1.3016664857758289,0.4343768309474168,eps,eps,1,11.39670994875618,11.39670994875618,15
64,0.2,0.0882505232923183,0.0524279840497984,0.8508349288119964,0.5054651056176743,0.8508349288119964,0.5054651056176743,eps,eps,1,9.641131826422342,9.641131826422342,15
64,0.4,0.0555643289082637,0.064074027079684,0.4524785968412959,0.5217758665789411,0.4524785968412959,0.5217758665789411,eps,eps,1,8.143328745827814,8.143328745827814,15
64,0.8,0.0352083098766312,0.0973803657066249,0.2099292232801817,0.5806295334017267,0.2099292232801817,0.5806295334017267,x0,x0,1,5.962490787423955,5.962490787423955,15
64,1.6,0.0146986593120395,0.1808449081469208,0.0520099257972262,0.6399039568066879,0.0520099257972262,0.6399039568066879,x0,x0,1,3.5384129050889355,3.5384129050889355,15
128,0.1,0.0496444782995859,0.0165667714375844,1.130531664546936,0.3772677310954279,1.130531664546936,0.3772677310954279,eps,eps,1,22.77255604791734,22.77255604791734,15
128,0.2,0.0377955989811255,0.022453657911709,0.755603420429763,0.4488898489932575,0.755603420429763,0.4488898489932575,eps,eps,1,19.991836107878548,19.991836107878548,15
128,0.4,0.0204234039649463,0.0235512560741947,0.3964058564177026,0.4571155645663838,0.3964058564177026,0.4571155645663838,x0,x0,1,19.409392141391937,19.409392141391937,15
128,0.8,0.0171682555208273,0.0474845571122572,0.1727829743656898,0.4778891486289988,0.1727829743656898,0.4778891486289988,x0,x0,1,10.064096154445147,10.064096154445147,15
128,1.6,0.0125524685235397,0.1544392565992253,0.0414973428401616,0.5105624257937186,0.0414973428401616,0.5105624257937186,x0,x0,1,3.305910925993666,3.305910925993666,15
256,0.1,0.0428578863534823,0.0143020297893236,0.798909817300894,0.2666027883825432,0.798909817300894,0.2666027883825432,eps,eps,1,18.640905683300932,18.640905683300932,15
256,0.2,0.0255422947197584,0.0151741992025027,0.5647616764799975,0.3355143410125028,0.5647616764799975,0.3355143410125028,eps,eps,1,22.110843316012737,22.110843316012737,15
256,0.4,0.0148103477746116,0.0170785581867951,0.3305055588282094,0.3811226112585208,0.3305055588282094,0.3811226112585208,x0,x0,1,22.31585401355473,22.31585401355473,15
256,0.8,0.0097263337180346,0.0269014314451812,0.1427273468057949,0.3947602505483982,0.1427273468057949,0.3947602505483982,x0,x0,1,14.6743213777611,14.6743213777611,15
256,1.6,0.0054862906794561,0.0675005599443258,0.0403688918972882,0.4966785332032495,0.0403688918972882,0.4966785332032495,x0,x0,1,7.358139452663912,7.358139452663912,15
512,0.1,0.0562536396173419,0.0187723030232855,0.5261341745368342,0.1755753089488423,0.5261341745368342,0.1755753089488423,eps,eps,1,9.352891263850536,9.352891263850536,15
512,0.2,0.0264851406304532,0.015734326310232,0.3723699250666537,0.2212180026100589,0.3723699250666537,0.2212180026100589,eps,eps,1,14.059578926248715,14.059578926248715,15
512,0.4,0.01321329706247,0.0152369185487759,0.2642551729457836,0.3047259535020956,0.2642551729457836,0.3047259535020956,eps,eps,1,19.99918504037517,19.99918504037517,15
512,0.8,0.0108156802508446,0.0299143839020865,0.1132522596885089,0.3132370313773173,0.1132522596885089,0.3132370313773173,x0,x0,1,10.471117586863237,10.471117586863237,15
512,1.6,0.0080639392848205,0.0992146513710416,0.0301387950791164,0.3708125695026672,0.0301387950791164,0.3708125695026672,x0,x0,1,3.737477926681486,3.737477926681486,15
1024,0.1,0.0319428698311343,0.0106595988452018,0.3605932267806052,0.120332930763524,0.3605932267806052,0.120332930763524,eps,eps,1,11.288692239829356,11.288692239829356,15
1024,0.2,0.0202213346225762,0.0120131164043799,0.2620783744249159,0.1556958567671472,0.2620783744249159,0.1556958567671472,eps,eps,1,12.96048847994024,12.96048847994024,15
1024,0.4,0.0099400373737388,0.0114623578898888,0.1996416932045895,0.2302168946869506,0.1996416932045895,0.2302168946869506,eps,eps,1,20.084601868000416,20.084601868000416,15
1024,0.8,0.0052583525714976,0.014543734084966,0.093054956694151,0.2573746296099574,0.093054956694151,0.2573746296099574,x0,x0,1,17.696598968761908,17.696598968761908,15
1024,1.6,0.002160340048289,0.0265797369205593,0.0253582787742241,0.3119955023334885,0.0253582787742241,0.3119955023334885,x0,x0,1,11.738095951286908,11.738095951286908,15
2048,0.1,0.036090088970606,0.0120435600416633,0.2547725589648819,0.0850197020395501,0.2547725589648819,0.0850197020395501,eps,eps,1,7.059349706019963,7.059349706019963,15
2048,0.2,0.0165075337104431,0.0098068167959289,0.191852085120466,0.113975732759104,0.191852085120466,0.113975732759104,eps,eps,1,11.62209258425412,11.62209258425412,15
2048,0.4,0.0059170092357971,0.0068232014577399,0.1564158642115334,0.1803710134919209,0.1564158642115334,0.1803710134919209,eps,eps,1,26.43495353450493,26.43495353450493,15
2048,0.8,0.0028975700328988,0.008014199785589,0.0782635249629335,0.2164639742459926,0.0782635249629335,0.2164639742459926,x0,x0,1,27.01005465763828,27.01005465763828,15
2048,1.6,0.0013436326748153,0.0165313803457675,0.0254467786028343,0.3130843596936242,0.0254467786028343,0.3130843596936242,x0,x0,1,18.938791144187967,18.938791144187967,15
4096,0.1,0.0344644838489403,0.0115010822189358,0.2213556593917465,0.0738682073246693,0.2213556593917465,0.0738682073246693,eps,eps,1,6.422717959797693,6.422717959797693,15
4096,0.2,0.0144839252543017,0.0086046288892329,0.1674317125853394,0.0994680465267981,0.1674317125853394,0.0994680465267981,eps,eps,1,11.559829924944667,11.559829924944667,15
4096,0.4,0.0039190222203692,0.0045192219686194,0.1447308920108931,0.1668964833406563,0.1447308920108931,0.1668964833406563,eps,eps,1,36.93035759242456,36.93035759242456,15
4096,0.8,0.0017167683025949,0.004748297368605,0.0654010319960191,0.1808884446790828,0.0654010319960191,0.1808884446790828,x0,x0,1,38.09543308620207,38.09543308620207,15
4096,1.6,0.0009461915313336,0.0116414644996409,0.021149400361969,0.2602115801602348,0.021149400361969,0.2602115801602348,x0,x0,1,22.35213449031773,22.35213449031773,15
