stage,seed,n_chains,arch,region,hp,checkpoint,at_cap,n_params,sq_err,sq_ref,risk
screen,10000,32,window,all,"{""lr"": 0.003, ""parameterization"": ""eps"", ""radius"": 2, ""width"": 64}",4000,False,4801,58261.21973158584,1425250.9359114203,0.20218275909369562
screen,10000,32,window,bulk,"{""lr"": 0.003, ""parameterization"": ""eps"", ""radius"": 2, ""width"": 64}",4000,False,4801,30351.442528885033,1083969.239568798,0.16733284281811137
screen,10000,32,window,centre,"{""lr"": 0.003, ""parameterization"": ""eps"", ""radius"": 2, ""width"": 64}",4000,False,4801,1236.5476485338813,44414.23562951278,0.16685696191772523
screen,10000,32,window,all,"{""lr"": 0.003, ""parameterization"": ""eps"", ""radius"": 2, ""width"": 128}",2000,False,17793,67650.87796555088,1425250.9359114203,0.2178667982823779
screen,10000,32,window,bulk,"{""lr"": 0.003, ""parameterization"": ""eps"", ""radius"": 2, ""width"": 128}",2000,False,17793,37997.85390924494,1083969.239568798,0.18722811085693888
screen,10000,32,window,centre,"{""lr"": 0.003, ""parameterization"": ""eps"", ""radius"": 2, ""width"": 128}",2000,False,17793,1518.9322419887737,44414.23562951278,0.18493031281560937
screen,10000,32,window,all,"{""lr"": 0.003, ""parameterization"": ""eps"", ""radius"": 4, ""width"": 64}",2000,False,5057,72411.06930413202,1425250.9359114203,0.225401505769759
screen,10000,32,window,bulk,"{""lr"": 0.003, ""parameterization"": ""eps"", ""radius"": 4, ""width"": 64}",2000,False,5057,39422.0445224185,1083969.239568798,0.19070456669229635
screen,10000,32,window,centre,"{""lr"": 0.003, ""parameterization"": ""eps"", ""radius"": 4, ""width"": 64}",2000,False,5057,1576.9393035792523,44414.23562951278,0.1884284139973799
screen,10000,32,window,all,"{""lr"": 0.003, ""parameterization"": ""eps"", ""radius"": 4, ""width"": 128}",2000,False,18305,87455.51983340555,1425250.9359114203,0.24771251309815584
screen,10000,32,window,bulk,"{""lr"": 0.003, ""parameterization"": ""eps"", ""radius"": 4, ""width"": 128}",2000,False,18305,49744.764082285066,1083969.239568798,0.2142225618685191
screen,10000,32,window,centre,"{""lr"": 0.003, ""parameterization"": ""eps"", ""radius"": 4, ""width"": 128}",2000,False,18305,1946.2156231070094,44414.23562951278,0.20933140149854193
screen,10000,32,window,all,"{""lr"": 0.003, ""parameterization"": ""eps"", ""radius"": 8, ""width"": 64}",1000,False,5569,104603.24326662139,1425250.9359114203,0.2709111673687342
screen,10000,32,window,bulk,"{""lr"": 0.003, ""parameterization"": ""eps"", ""radius"": 8, ""width"": 64}",1000,False,5569,65256.19938358992,1083969.239568798,0.24535923508362997
screen,10000,32,window,centre,"{""lr"": 0.003, ""parameterization"": ""eps"", ""radius"": 8, ""width"": 64}",1000,False,5569,2839.703884634198,44414.23562951278,0.2528572623784636
screen,10000,32,window,all,"{""lr"": 0.003, ""parameterization"": ""eps"", ""radius"": 8, ""width"": 128}",1000,False,19329,132253.0578337268,1425250.9359114203,0.30461914418662434
screen,10000,32,window,bulk,"{""lr"": 0.003, ""parameterization"": ""eps"", ""radius"": 8, ""width"": 128}",1000,False,19329,81440.72363540296,1083969.239568798,0.2741020810844104
screen,10000,32,window,centre,"{""lr"": 0.003, ""parameterization"": ""eps"", ""radius"": 8, ""width"": 128}",1000,False,19329,3395.831061268973,44414.23562951278,0.27651070027700997
screen,10000,32,window,all,"{""lr"": 0.003, ""parameterization"": ""eps"", ""radius"": 16, ""width"": 64}",500,False,6593,145038.09965909505,1425250.9359114203,0.31900345223575205
screen,10000,32,window,bulk,"{""lr"": 0.003, ""parameterization"": ""eps"", ""radius"": 16, ""width"": 64}",500,False,6593,91576.17634106104,1083969.239568798,0.29065833001666574
screen,10000,32,window,centre,"{""lr"": 0.003, ""parameterization"": ""eps"", ""radius"": 16, ""width"": 64}",500,False,6593,4177.9165666358695,44414.23562951278,0.30670353759524827
screen,10000,32,window,all,"{""lr"": 0.003, ""parameterization"": ""eps"", ""radius"": 16, ""width"": 128}",500,False,21377,167779.25838809734,1425250.9359114203,0.34310217233128026
screen,10000,32,window,bulk,"{""lr"": 0.003, ""parameterization"": ""eps"", ""radius"": 16, ""width"": 128}",500,False,21377,107243.64966042027,1083969.239568798,0.31454103648230763
screen,10000,32,window,centre,"{""lr"": 0.003, ""parameterization"": ""eps"", ""radius"": 16, ""width"": 128}",500,False,21377,5285.693039881839,44414.23562951278,0.3449767870530749
screen,10000,32,window,all,"{""lr"": 0.003, ""parameterization"": ""x0"", ""radius"": 2, ""width"": 64}",64000,True,4801,159432.95052023052,1425250.9359114203,0.3344593752981396
screen,10000,32,window,bulk,"{""lr"": 0.003, ""parameterization"": ""x0"", ""radius"": 2, ""width"": 64}",64000,True,4801,99102.47148255505,1083969.239568798,0.3023665631888453
screen,10000,32,window,centre,"{""lr"": 0.003, ""parameterization"": ""x0"", ""radius"": 2, ""width"": 64}",64000,True,4801,5163.353131158858,44414.23562951278,0.340961087833211
screen,10000,32,window,all,"{""lr"": 0.003, ""parameterization"": ""x0"", ""radius"": 2, ""width"": 128}",16000,False,17793,140712.14326454583,1425250.9359114203,0.3142100860156154
screen,10000,32,window,bulk,"{""lr"": 0.003, ""parameterization"": ""x0"", ""radius"": 2, ""width"": 128}",16000,False,17793,88706.3911001702,1083969.239568798,0.28606780021946365
screen,10000,32,window,centre,"{""lr"": 0.003, ""parameterization"": ""x0"", ""radius"": 2, ""width"": 128}",16000,False,17793,4482.947704437245,44414.23562951278,0.3177025789207319
screen,10000,32,window,all,"{""lr"": 0.003, ""parameterization"": ""x0"", ""radius"": 4, ""width"": 64}",4000,False,5057,246899.37350621875,1425250.9359114203,0.41621174041375153
screen,10000,32,window,bulk,"{""lr"": 0.003, ""parameterization"": ""x0"", ""radius"": 4, ""width"": 64}",4000,False,5057,183660.34844294772,1083969.239568798,0.4116226107618894
screen,10000,32,window,centre,"{""lr"": 0.003, ""parameterization"": ""x0"", ""radius"": 4, ""width"": 64}",4000,False,5057,8364.467217810776,44414.23562951278,0.43396833868579465
screen,10000,32,window,all,"{""lr"": 0.003, ""parameterization"": ""x0"", ""radius"": 4, ""width"": 128}",4000,False,18305,256581.24996005953,1425250.9359114203,0.42429390272553025
screen,10000,32,window,bulk,"{""lr"": 0.003, ""parameterization"": ""x0"", ""radius"": 4, ""width"": 128}",4000,False,18305,181943.5939600914,1083969.239568798,0.4096942846813661
screen,10000,32,window,centre,"{""lr"": 0.003, ""parameterization"": ""x0"", ""radius"": 4, ""width"": 128}",4000,False,18305,8631.479805797486,44414.23562951278,0.4408405476689913
screen,10000,32,window,all,"{""lr"": 0.003, ""parameterization"": ""x0"", ""radius"": 8, ""width"": 64}",2000,False,5569,370006.88296504953,1425250.9359114203,0.5095176514583997
screen,10000,32,window,bulk,"{""lr"": 0.003, ""parameterization"": ""x0"", ""radius"": 8, ""width"": 64}",2000,False,5569,259449.395271098,1083969.239568798,0.48923537545889184
screen,10000,32,window,centre,"{""lr"": 0.003, ""parameterization"": ""x0"", ""radius"": 8, ""width"": 64}",2000,False,5569,12046.163569405086,44414.23562951278,0.5207907738755408
screen,10000,32,window,all,"{""lr"": 0.003, ""parameterization"": ""x0"", ""radius"": 8, ""width"": 128}",1000,False,19329,437207.7523287391,1425250.9359114203,0.5538577787047482
screen,10000,32,window,bulk,"{""lr"": 0.003, ""parameterization"": ""x0"", ""radius"": 8, ""width"": 128}",1000,False,19329,303860.8315929792,1083969.239568798,0.5294547902659147
screen,10000,32,window,centre,"{""lr"": 0.003, ""parameterization"": ""x0"", ""radius"": 8, ""width"": 128}",1000,False,19329,13890.09547698002,44414.23562951278,0.5592313625836938
screen,10000,32,window,all,"{""lr"": 0.003, ""parameterization"": ""x0"", ""radius"": 16, ""width"": 64}",2000,False,6593,616748.6075735516,1425250.9359114203,0.6578220418005583
screen,10000,32,window,bulk,"{""lr"": 0.003, ""parameterization"": ""x0"", ""radius"": 16, ""width"": 64}",2000,False,6593,444042.8485519263,1083969.239568798,0.6400353494449542
screen,10000,32,window,centre,"{""lr"": 0.003, ""parameterization"": ""x0"", ""radius"": 16, ""width"": 64}",2000,False,6593,24135.19434889627,44414.23562951278,0.7371643158468539
screen,10000,32,window,all,"{""lr"": 0.003, ""parameterization"": ""x0"", ""radius"": 16, ""width"": 128}",1000,False,21377,573679.9080770115,1425250.9359114203,0.6344379490674429
screen,10000,32,window,bulk,"{""lr"": 0.003, ""parameterization"": ""x0"", ""radius"": 16, ""width"": 128}",1000,False,21377,435009.8679964993,1083969.239568798,0.6334919132680459
screen,10000,32,window,centre,"{""lr"": 0.003, ""parameterization"": ""x0"", ""radius"": 16, ""width"": 128}",1000,False,21377,22624.508897496526,44414.23562951278,0.7137210147906796
screen,10000,32,conv,all,"{""channels"": 64, ""lr"": 0.001, ""parameterization"": ""eps""}",500,False,66433,176674.4635960797,1425250.9359114203,0.35207989276512763
screen,10000,32,conv,bulk,"{""channels"": 64, ""lr"": 0.001, ""parameterization"": ""eps""}",500,False,66433,122887.51779389674,1083969.239568798,0.3367017758120152
screen,10000,32,conv,centre,"{""channels"": 64, ""lr"": 0.001, ""parameterization"": ""eps""}",500,False,66433,5293.203926753414,44414.23562951278,0.34522180334357433
screen,10000,32,conv,all,"{""channels"": 64, ""lr"": 0.003, ""parameterization"": ""eps""}",1000,False,66433,157147.84018401708,1425250.9359114203,0.3320538658988451
screen,10000,32,conv,bulk,"{""channels"": 64, ""lr"": 0.003, ""parameterization"": ""eps""}",1000,False,66433,95209.52454185,1083969.239568798,0.2963682796069682
screen,10000,32,conv,centre,"{""channels"": 64, ""lr"": 0.003, ""parameterization"": ""eps""}",1000,False,66433,3841.1355276300333,44414.23562951278,0.2940821868604936
screen,10000,32,conv,all,"{""channels"": 128, ""lr"": 0.001, ""parameterization"": ""eps""}",2000,False,263937,393780.61198935076,1425250.9359114203,0.5256316375782647
screen,10000,32,conv,bulk,"{""channels"": 128, ""lr"": 0.001, ""parameterization"": ""eps""}",2000,False,263937,254248.2149479544,1083969.239568798,0.48430669994476655
screen,10000,32,conv,centre,"{""channels"": 128, ""lr"": 0.001, ""parameterization"": ""eps""}",2000,False,263937,9815.976725952554,44414.23562951278,0.4701166836613116
screen,10000,32,conv,all,"{""channels"": 128, ""lr"": 0.003, ""parameterization"": ""eps""}",500,False,263937,138039.03041814742,1425250.9359114203,0.31121124620334667
screen,10000,32,conv,bulk,"{""channels"": 128, ""lr"": 0.003, ""parameterization"": ""eps""}",500,False,263937,79740.00310664794,1083969.239568798,0.27122495452164136
screen,10000,32,conv,centre,"{""channels"": 128, ""lr"": 0.003, ""parameterization"": ""eps""}",500,False,263937,3294.263066341379,44414.23562951278,0.27234414464860773
screen,10000,32,conv,all,"{""channels"": 64, ""lr"": 0.001, ""parameterization"": ""x0""}",500,False,66433,426177.40675211645,1425250.9359114203,0.5468264884653725
screen,10000,32,conv,bulk,"{""channels"": 64, ""lr"": 0.001, ""parameterization"": ""x0""}",500,False,66433,305068.0758660792,1083969.239568798,0.5305055141262397
screen,10000,32,conv,centre,"{""channels"": 64, ""lr"": 0.001, ""parameterization"": ""x0""}",500,False,66433,13050.938922419751,44414.23562951278,0.5420755042346742
screen,10000,32,conv,all,"{""channels"": 64, ""lr"": 0.003, ""parameterization"": ""x0""}",1000,False,66433,693503.7680822716,1425250.9359114203,0.6975554643239299
screen,10000,32,conv,bulk,"{""channels"": 64, ""lr"": 0.003, ""parameterization"": ""x0""}",1000,False,66433,497791.79990878,1083969.239568798,0.6776655215343202
screen,10000,32,conv,centre,"{""channels"": 64, ""lr"": 0.003, ""parameterization"": ""x0""}",1000,False,66433,22116.16694130569,44414.23562951278,0.7056572917998244
screen,10000,32,conv,all,"{""channels"": 128, ""lr"": 0.001, ""parameterization"": ""x0""}",1000,False,263937,1048930.105809385,1425250.9359114203,0.8578821031291343
screen,10000,32,conv,bulk,"{""channels"": 128, ""lr"": 0.001, ""parameterization"": ""x0""}",1000,False,263937,793045.499949433,1083969.239568798,0.8553435277306844
screen,10000,32,conv,centre,"{""channels"": 128, ""lr"": 0.001, ""parameterization"": ""x0""}",1000,False,263937,38080.67761051548,44414.23562951278,0.9259578922623076
screen,10000,32,conv,all,"{""channels"": 128, ""lr"": 0.003, ""parameterization"": ""x0""}",500,False,263937,521130.5839046582,1425250.9359114203,0.6046827971554973
screen,10000,32,conv,bulk,"{""channels"": 128, ""lr"": 0.003, ""parameterization"": ""x0""}",500,False,263937,355126.1527779113,1083969.239568798,0.5723778897804674
screen,10000,32,conv,centre,"{""channels"": 128, ""lr"": 0.003, ""parameterization"": ""x0""}",500,False,263937,14226.057398819683,44414.23562951278,0.565954063127311
screen,10000,32,bimp,all,"{""hidden"": 64, ""lr"": 0.001, ""parameterization"": ""eps""}",500,False,8965,84458.42680263093,1425250.9359114203,0.24343096817903428
screen,10000,32,bimp,bulk,"{""hidden"": 64, ""lr"": 0.001, ""parameterization"": ""eps""}",500,False,8965,51448.10121802246,1083969.239568798,0.21785934642706634
screen,10000,32,bimp,centre,"{""hidden"": 64, ""lr"": 0.001, ""parameterization"": ""eps""}",500,False,8965,2011.8293259775014,44414.23562951278,0.2128307968662852
screen,10000,32,bimp,all,"{""hidden"": 64, ""lr"": 0.003, ""parameterization"": ""eps""}",500,False,8965,148277.78929353997,1425250.9359114203,0.3225465372190935
screen,10000,32,bimp,bulk,"{""hidden"": 64, ""lr"": 0.003, ""parameterization"": ""eps""}",500,False,8965,96503.89104087961,1083969.239568798,0.2983760313394551
screen,10000,32,bimp,centre,"{""hidden"": 64, ""lr"": 0.003, ""parameterization"": ""eps""}",500,False,8965,4096.5336113598,44414.23562951278,0.30370165957130035
screen,10000,32,bimp,all,"{""hidden"": 128, ""lr"": 0.001, ""parameterization"": ""eps""}",500,False,34309,175743.23703188013,1425250.9359114203,0.3511507847356543
screen,10000,32,bimp,bulk,"{""hidden"": 128, ""lr"": 0.001, ""parameterization"": ""eps""}",500,False,34309,129273.73048123487,1083969.239568798,0.3453398226883931
screen,10000,32,bimp,centre,"{""hidden"": 128, ""lr"": 0.001, ""parameterization"": ""eps""}",500,False,34309,7282.863223303722,44414.23562951278,0.4049393493534976
screen,10000,32,bimp,all,"{""hidden"": 128, ""lr"": 0.003, ""parameterization"": ""eps""}",64000,True,34309,150540.36969474974,1425250.9359114203,0.3249980997505058
screen,10000,32,bimp,bulk,"{""hidden"": 128, ""lr"": 0.003, ""parameterization"": ""eps""}",64000,True,34309,97746.60970423643,1083969.239568798,0.3002910388966701
screen,10000,32,bimp,centre,"{""hidden"": 128, ""lr"": 0.003, ""parameterization"": ""eps""}",64000,True,34309,2992.7143610839867,44414.23562951278,0.25958018505075126
screen,10000,32,bimp,all,"{""hidden"": 64, ""lr"": 0.001, ""parameterization"": ""x0""}",1000,False,8965,227498.4094203527,1425250.9359114203,0.39952459033794
screen,10000,32,bimp,bulk,"{""hidden"": 64, ""lr"": 0.001, ""parameterization"": ""x0""}",1000,False,8965,142423.91317524607,1083969.239568798,0.3624791059282013
screen,10000,32,bimp,centre,"{""hidden"": 64, ""lr"": 0.001, ""parameterization"": ""x0""}",1000,False,8965,6276.105242001511,44414.23562951278,0.3759101156388238
screen,10000,32,bimp,all,"{""hidden"": 64, ""lr"": 0.003, ""parameterization"": ""x0""}",500,False,8965,374972.82379487285,1425250.9359114203,0.5129254276635848
screen,10000,32,bimp,bulk,"{""hidden"": 64, ""lr"": 0.003, ""parameterization"": ""x0""}",500,False,8965,282748.54892575846,1083969.239568798,0.5107304051283396
screen,10000,32,bimp,centre,"{""hidden"": 64, ""lr"": 0.003, ""parameterization"": ""x0""}",500,False,8965,10918.210798518596,44414.23562951278,0.495809268826906
screen,10000,32,bimp,all,"{""hidden"": 128, ""lr"": 0.001, ""parameterization"": ""x0""}",1000,False,34309,289450.5625902044,1425250.9359114203,0.4506522373833919
screen,10000,32,bimp,bulk,"{""hidden"": 128, ""lr"": 0.001, ""parameterization"": ""x0""}",1000,False,34309,182477.63528125844,1083969.239568798,0.4102951119942568
screen,10000,32,bimp,centre,"{""hidden"": 128, ""lr"": 0.001, ""parameterization"": ""x0""}",1000,False,34309,7686.054621032766,44414.23562951278,0.4159974199312033
screen,10000,32,bimp,all,"{""hidden"": 128, ""lr"": 0.003, ""parameterization"": ""x0""}",1000,False,34309,461548.4854158321,1425250.9359114203,0.569066470493226
screen,10000,32,bimp,bulk,"{""hidden"": 128, ""lr"": 0.003, ""parameterization"": ""x0""}",1000,False,34309,357697.7497591535,1083969.239568798,0.5744465492704505
screen,10000,32,bimp,centre,"{""hidden"": 128, ""lr"": 0.003, ""parameterization"": ""x0""}",1000,False,34309,15040.615169455794,44414.23562951278,0.5819312821009482
screen,10000,2048,window,all,"{""lr"": 0.003, ""parameterization"": ""eps"", ""radius"": 2, ""width"": 64}",64000,True,4801,21527.301825245737,1425250.9359114203,0.12289922168500719
screen,10000,2048,window,bulk,"{""lr"": 0.003, ""parameterization"": ""eps"", ""radius"": 2, ""width"": 64}",64000,True,4801,14462.029463866493,1083969.239568798,0.11550642488385394
screen,10000,2048,window,centre,"{""lr"": 0.003, ""parameterization"": ""eps"", ""radius"": 2, ""width"": 64}",64000,True,4801,594.381476885086,44414.23562951278,0.1156835313034808
screen,10000,2048,window,all,"{""lr"": 0.003, ""parameterization"": ""eps"", ""radius"": 2, ""width"": 128}",64000,True,17793,19901.08503264839,1425250.9359114203,0.11816604778677545
screen,10000,2048,window,bulk,"{""lr"": 0.003, ""parameterization"": ""eps"", ""radius"": 2, ""width"": 128}",64000,True,17793,14485.57901488588,1083969.239568798,0.11560043029334058
screen,10000,2048,window,centre,"{""lr"": 0.003, ""parameterization"": ""eps"", ""radius"": 2, ""width"": 128}",64000,True,17793,612.4490660512292,44414.23562951278,0.11742860243781916
screen,10000,2048,window,all,"{""lr"": 0.003, ""parameterization"": ""eps"", ""radius"": 4, ""width"": 64}",32000,False,5057,18553.537250626243,1425250.9359114203,0.11409528376782435
screen,10000,2048,window,bulk,"{""lr"": 0.003, ""parameterization"": ""eps"", ""radius"": 4, ""width"": 64}",32000,False,5057,6763.910823164802,1083969.239568798,0.07899333643852174
screen,10000,2048,window,centre,"{""lr"": 0.003, ""parameterization"": ""eps"", ""radius"": 4, ""width"": 64}",32000,False,5057,290.20586486215865,44414.23562951278,0.08083361403556787
screen,10000,2048,window,all,"{""lr"": 0.003, ""parameterization"": ""eps"", ""radius"": 4, ""width"": 128}",64000,True,18305,9372.841508704141,1425250.9359114203,0.08109423275509997
screen,10000,2048,window,bulk,"{""lr"": 0.003, ""parameterization"": ""eps"", ""radius"": 4, ""width"": 128}",64000,True,18305,5197.452582452055,1083969.239568798,0.06924473998975676
screen,10000,2048,window,centre,"{""lr"": 0.003, ""parameterization"": ""eps"", ""radius"": 4, ""width"": 128}",64000,True,18305,215.29848029359673,44414.23562951278,0.06962406661154841
screen,10000,2048,window,all,"{""lr"": 0.003, ""parameterization"": ""eps"", ""radius"": 8, ""width"": 64}",32000,False,5569,14609.216357379837,1425250.9359114203,0.10124364981558236
screen,10000,2048,window,bulk,"{""lr"": 0.003, ""parameterization"": ""eps"", ""radius"": 8, ""width"": 64}",32000,False,5569,5313.316967451223,1083969.239568798,0.07001230615710437
screen,10000,2048,window,centre,"{""lr"": 0.003, ""parameterization"": ""eps"", ""radius"": 8, ""width"": 64}",32000,False,5569,221.65258590102087,44414.23562951278,0.07064400376874494
screen,10000,2048,window,all,"{""lr"": 0.003, ""parameterization"": ""eps"", ""radius"": 8, ""width"": 128}",16000,False,19329,18925.128832059207,1425250.9359114203,0.11523217384269287
screen,10000,2048,window,bulk,"{""lr"": 0.003, ""parameterization"": ""eps"", ""radius"": 8, ""width"": 128}",16000,False,19329,6853.154895676834,1083969.239568798,0.07951275380811704
screen,10000,2048,window,centre,"{""lr"": 0.003, ""parameterization"": ""eps"", ""radius"": 8, ""width"": 128}",16000,False,19329,290.5538123394149,44414.23562951278,0.080882057968028
screen,10000,2048,window,all,"{""lr"": 0.003, ""parameterization"": ""eps"", ""radius"": 16, ""width"": 64}",8000,False,6593,22342.551012528093,1425250.9359114203,0.12520472297943327
screen,10000,2048,window,bulk,"{""lr"": 0.003, ""parameterization"": ""eps"", ""radius"": 16, ""width"": 64}",8000,False,6593,8113.168527455751,1083969.239568798,0.08651407517036185
screen,10000,2048,window,centre,"{""lr"": 0.003, ""parameterization"": ""eps"", ""radius"": 16, ""width"": 64}",8000,False,6593,345.43007825048005,44414.23562951278,0.08818992623511852
screen,10000,2048,window,all,"{""lr"": 0.003, ""parameterization"": ""eps"", ""radius"": 16, ""width"": 128}",16000,False,21377,26398.082122046235,1425250.9359114203,0.13609448307337269
screen,10000,2048,window,bulk,"{""lr"": 0.003, ""parameterization"": ""eps"", ""radius"": 16, ""width"": 128}",16000,False,21377,12565.14354930298,1083969.239568798,0.10766517439045305
screen,10000,2048,window,centre,"{""lr"": 0.003, ""parameterization"": ""eps"", ""radius"": 16, ""width"": 128}",16000,False,21377,649.3166420050756,44414.23562951278,0.12091137802798876
screen,10000,2048,window,all,"{""lr"": 0.003, ""parameterization"": ""x0"", ""radius"": 2, ""width"": 64}",64000,True,4801,38068.858770948784,1425250.9359114203,0.163432815106058
screen,10000,2048,window,bulk,"{""lr"": 0.003, ""parameterization"": ""x0"", ""radius"": 2, ""width"": 64}",64000,True,4801,26047.032640945843,1083969.239568798,0.15501390186698014
screen,10000,2048,window,centre,"{""lr"": 0.003, ""parameterization"": ""x0"", ""radius"": 2, ""width"": 64}",64000,True,4801,1224.3163811073655,44414.23562951278,0.16602968120404338
screen,10000,2048,window,all,"{""lr"": 0.003, ""parameterization"": ""x0"", ""radius"": 2, ""width"": 128}",32000,False,17793,46701.94685991471,1425250.9359114203,0.18101802626326785
screen,10000,2048,window,bulk,"{""lr"": 0.003, ""parameterization"": ""x0"", ""radius"": 2, ""width"": 128}",32000,False,17793,32593.859363994077,1083969.239568798,0.17340412107496797
screen,10000,2048,window,centre,"{""lr"": 0.003, ""parameterization"": ""x0"", ""radius"": 2, ""width"": 128}",32000,False,17793,1460.1606010957355,44414.23562951278,0.18131728891491808
screen,10000,2048,window,all,"{""lr"": 0.003, ""parameterization"": ""x0"", ""radius"": 4, ""width"": 64}",32000,False,5057,52075.997184550964,1425250.9359114203,0.1911494839983565
screen,10000,2048,window,bulk,"{""lr"": 0.003, ""parameterization"": ""x0"", ""radius"": 4, ""width"": 64}",32000,False,5057,26912.90943797183,1083969.239568798,0.15756938716802013
screen,10000,2048,window,centre,"{""lr"": 0.003, ""parameterization"": ""x0"", ""radius"": 4, ""width"": 64}",32000,False,5057,1090.155268475522,44414.23562951278,0.15666900413471885
screen,10000,2048,window,all,"{""lr"": 0.003, ""parameterization"": ""x0"", ""radius"": 4, ""width"": 128}",32000,False,18305,36601.2537856141,1425250.9359114203,0.16025157767259174
screen,10000,2048,window,bulk,"{""lr"": 0.003, ""parameterization"": ""x0"", ""radius"": 4, ""width"": 128}",32000,False,18305,23031.283994024674,1083969.239568798,0.1457641069558872
screen,10000,2048,window,centre,"{""lr"": 0.003, ""parameterization"": ""x0"", ""radius"": 4, ""width"": 128}",32000,False,18305,1007.2986546453608,44414.23562951278,0.15059759307411705
screen,10000,2048,window,all,"{""lr"": 0.003, ""parameterization"": ""x0"", ""radius"": 8, ""width"": 64}",8000,False,5569,63109.91456945841,1425250.9359114203,0.21042780678428458
screen,10000,2048,window,bulk,"{""lr"": 0.003, ""parameterization"": ""x0"", ""radius"": 8, ""width"": 64}",8000,False,5569,35373.00521718469,1083969.239568798,0.1806456466326688
screen,10000,2048,window,centre,"{""lr"": 0.003, ""parameterization"": ""x0"", ""radius"": 8, ""width"": 64}",8000,False,5569,1682.2802669693888,44414.23562951278,0.19462027380345126
screen,10000,2048,window,all,"{""lr"": 0.003, ""parameterization"": ""x0"", ""radius"": 8, ""width"": 128}",64000,True,19329,40313.23823662121,1425250.9359114203,0.16818148199298877
screen,10000,2048,window,bulk,"{""lr"": 0.003, ""parameterization"": ""x0"", ""radius"": 8, ""width"": 128}",64000,True,19329,27409.739364104913,1083969.239568798,0.1590171530652271
screen,10000,2048,window,centre,"{""lr"": 0.003, ""parameterization"": ""x0"", ""radius"": 8, ""width"": 128}",64000,True,19329,1254.3131573709973,44414.23562951278,0.16805130634941576
screen,10000,2048,window,all,"{""lr"": 0.003, ""parameterization"": ""x0"", ""radius"": 16, ""width"": 64}",16000,False,6593,61942.025594640116,1425250.9359114203,0.2084716646331969
screen,10000,2048,window,bulk,"{""lr"": 0.003, ""parameterization"": ""x0"", ""radius"": 16, ""width"": 64}",16000,False,6593,39200.87122473845,1083969.239568798,0.19016885013018947
screen,10000,2048,window,centre,"{""lr"": 0.003, ""parameterization"": ""x0"", ""radius"": 16, ""width"": 64}",16000,False,6593,1929.9178661748253,44414.23562951278,0.2084530803509076
screen,10000,2048,window,all,"{""lr"": 0.003, ""parameterization"": ""x0"", ""radius"": 16, ""width"": 128}",32000,False,21377,74110.38315693031,1425250.9359114203,0.2280309842887052
screen,10000,2048,window,bulk,"{""lr"": 0.003, ""parameterization"": ""x0"", ""radius"": 16, ""width"": 128}",32000,False,21377,48591.128281583784,1083969.239568798,0.21172396214036399
screen,10000,2048,window,centre,"{""lr"": 0.003, ""parameterization"": ""x0"", ""radius"": 16, ""width"": 128}",32000,False,21377,2780.077065023644,44414.23562951278,0.2501884873259329
screen,10000,2048,conv,all,"{""channels"": 64, ""lr"": 0.001, ""parameterization"": ""eps""}",16000,False,66433,10345.827578482074,1425250.9359114203,0.0851994812884441
screen,10000,2048,conv,bulk,"{""channels"": 64, ""lr"": 0.001, ""parameterization"": ""eps""}",16000,False,66433,6870.913291279554,1083969.239568798,0.07961570678456768
screen,10000,2048,conv,centre,"{""channels"": 64, ""lr"": 0.001, ""parameterization"": ""eps""}",16000,False,66433,271.39845082402735,44414.23562951278,0.07817044531522697
screen,10000,2048,conv,all,"{""channels"": 64, ""lr"": 0.003, ""parameterization"": ""eps""}",8000,False,66433,13722.68854577101,1425250.9359114203,0.09812370448527107
screen,10000,2048,conv,bulk,"{""channels"": 64, ""lr"": 0.003, ""parameterization"": ""eps""}",8000,False,66433,9411.238545471168,1083969.239568798,0.09317832768758526
screen,10000,2048,conv,centre,"{""channels"": 64, ""lr"": 0.003, ""parameterization"": ""eps""}",8000,False,66433,378.4085182819931,44414.23562951278,0.09230375224981083
screen,10000,2048,conv,all,"{""channels"": 128, ""lr"": 0.001, ""parameterization"": ""eps""}",64000,True,263937,10241.96187131507,1425250.9359114203,0.0847707274315967
screen,10000,2048,conv,bulk,"{""channels"": 128, ""lr"": 0.001, ""parameterization"": ""eps""}",64000,True,263937,7134.031416885664,1083969.239568798,0.08112580694838885
screen,10000,2048,conv,centre,"{""channels"": 128, ""lr"": 0.001, ""parameterization"": ""eps""}",64000,True,263937,300.75233325451643,44414.23562951278,0.08228930730030948
screen,10000,2048,conv,all,"{""channels"": 128, ""lr"": 0.003, ""parameterization"": ""eps""}",4000,False,263937,37529.73990833713,1425250.9359114203,0.1622714473878857
screen,10000,2048,conv,bulk,"{""channels"": 128, ""lr"": 0.003, ""parameterization"": ""eps""}",4000,False,263937,26513.10177601871,1083969.239568798,0.15639461323745135
screen,10000,2048,conv,centre,"{""channels"": 128, ""lr"": 0.003, ""parameterization"": ""eps""}",4000,False,263937,1081.9155469282632,44414.23562951278,0.15607580537748286
screen,10000,2048,conv,all,"{""channels"": 64, ""lr"": 0.001, ""parameterization"": ""x0""}",32000,False,66433,30170.57849642383,1425250.9359114203,0.145494357598339
screen,10000,2048,conv,bulk,"{""channels"": 64, ""lr"": 0.001, ""parameterization"": ""x0""}",32000,False,66433,20958.73441014704,1083969.239568798,0.13905097809667635
screen,10000,2048,conv,centre,"{""channels"": 64, ""lr"": 0.001, ""parameterization"": ""x0""}",32000,False,66433,1124.6327517081152,44414.23562951278,0.1591271436914733
screen,10000,2048,conv,all,"{""channels"": 64, ""lr"": 0.003, ""parameterization"": ""x0""}",2000,False,66433,86893.39336294682,1425250.9359114203,0.2469151349800897
screen,10000,2048,conv,bulk,"{""channels"": 64, ""lr"": 0.003, ""parameterization"": ""x0""}",2000,False,66433,62990.59217900363,1083969.239568798,0.2410623392066158
screen,10000,2048,conv,centre,"{""channels"": 64, ""lr"": 0.003, ""parameterization"": ""x0""}",2000,False,66433,2983.4523228763246,44414.23562951278,0.25917819134458164
screen,10000,2048,conv,all,"{""channels"": 128, ""lr"": 0.001, ""parameterization"": ""x0""}",64000,True,263937,48600.23536106706,1425250.9359114203,0.18466029235524772
screen,10000,2048,conv,bulk,"{""channels"": 128, ""lr"": 0.001, ""parameterization"": ""x0""}",64000,True,263937,36144.08969105414,1083969.239568798,0.18260394950193695
screen,10000,2048,conv,centre,"{""channels"": 128, ""lr"": 0.001, ""parameterization"": ""x0""}",64000,True,263937,1753.5817482875746,44414.23562951278,0.19870185070946317
screen,10000,2048,conv,all,"{""channels"": 128, ""lr"": 0.003, ""parameterization"": ""x0""}",8000,False,263937,122484.58806690713,1425250.9359114203,0.2931534810213604
screen,10000,2048,conv,bulk,"{""channels"": 128, ""lr"": 0.003, ""parameterization"": ""x0""}",8000,False,263937,89780.10820320314,1083969.239568798,0.2877938991074781
screen,10000,2048,conv,centre,"{""channels"": 128, ""lr"": 0.003, ""parameterization"": ""x0""}",8000,False,263937,4333.9588208305095,44414.23562951278,0.31237861435013065
screen,10000,2048,bimp,all,"{""hidden"": 64, ""lr"": 0.001, ""parameterization"": ""eps""}",16000,False,8965,13321.869597761428,1425250.9359114203,0.09668006231861712
screen,10000,2048,bimp,bulk,"{""hidden"": 64, ""lr"": 0.001, ""parameterization"": ""eps""}",16000,False,8965,9194.119244368989,1083969.239568798,0.09209723398977007
screen,10000,2048,bimp,centre,"{""hidden"": 64, ""lr"": 0.001, ""parameterization"": ""eps""}",16000,False,8965,373.3892364564763,44414.23562951278,0.09168954152555625
screen,10000,2048,bimp,all,"{""hidden"": 64, ""lr"": 0.003, ""parameterization"": ""eps""}",32000,False,8965,18954.671982856635,1425250.9359114203,0.11532208060032158
screen,10000,2048,bimp,bulk,"{""hidden"": 64, ""lr"": 0.003, ""parameterization"": ""eps""}",32000,False,8965,13559.484826480535,1083969.239568798,0.11184410940260214
screen,10000,2048,bimp,centre,"{""hidden"": 64, ""lr"": 0.003, ""parameterization"": ""eps""}",32000,False,8965,557.4471269534174,44414.23562951278,0.11203165317146488
screen,10000,2048,bimp,all,"{""hidden"": 128, ""lr"": 0.001, ""parameterization"": ""eps""}",16000,False,34309,16473.116481776327,1425250.9359114203,0.10750835513141152
screen,10000,2048,bimp,bulk,"{""hidden"": 128, ""lr"": 0.001, ""parameterization"": ""eps""}",16000,False,34309,11823.954885538808,1083969.239568798,0.10444145246691815
screen,10000,2048,bimp,centre,"{""hidden"": 128, ""lr"": 0.001, ""parameterization"": ""eps""}",16000,False,34309,531.5294291442106,44414.23562951278,0.10939628182516453
screen,10000,2048,bimp,all,"{""hidden"": 128, ""lr"": 0.003, ""parameterization"": ""eps""}",8000,False,34309,34678.1443680936,1425250.9359114203,0.155984791841626
screen,10000,2048,bimp,bulk,"{""hidden"": 128, ""lr"": 0.003, ""parameterization"": ""eps""}",8000,False,34309,25491.919365426307,1083969.239568798,0.1533531809983327
screen,10000,2048,bimp,centre,"{""hidden"": 128, ""lr"": 0.003, ""parameterization"": ""eps""}",8000,False,34309,1016.1411849215565,44414.23562951278,0.15125715617320531
screen,10000,2048,bimp,all,"{""hidden"": 64, ""lr"": 0.001, ""parameterization"": ""x0""}",32000,False,8965,22552.9291231629,1425250.9359114203,0.12579280752554972
screen,10000,2048,bimp,bulk,"{""hidden"": 64, ""lr"": 0.001, ""parameterization"": ""x0""}",32000,False,8965,15314.871868968658,1083969.239568798,0.11886341532159475
screen,10000,2048,bimp,centre,"{""hidden"": 64, ""lr"": 0.001, ""parameterization"": ""x0""}",32000,False,8965,612.3412784736681,44414.23562951278,0.1174182685976281
screen,10000,2048,bimp,all,"{""hidden"": 64, ""lr"": 0.003, ""parameterization"": ""x0""}",16000,False,8965,52941.14034345378,1425250.9359114203,0.19273073534658358
screen,10000,2048,bimp,bulk,"{""hidden"": 64, ""lr"": 0.003, ""parameterization"": ""x0""}",16000,False,8965,37939.277841632844,1083969.239568798,0.18708374327791766
screen,10000,2048,bimp,centre,"{""hidden"": 64, ""lr"": 0.003, ""parameterization"": ""x0""}",16000,False,8965,1571.8701617645481,44414.23562951278,0.18812531444371186
screen,10000,2048,bimp,all,"{""hidden"": 128, ""lr"": 0.001, ""parameterization"": ""x0""}",64000,True,34309,21422.218129582256,1425250.9359114203,0.12259889367347691
screen,10000,2048,bimp,bulk,"{""hidden"": 128, ""lr"": 0.001, ""parameterization"": ""x0""}",64000,True,34309,14306.336207764747,1083969.239568798,0.11488299111958064
screen,10000,2048,bimp,centre,"{""hidden"": 128, ""lr"": 0.001, ""parameterization"": ""x0""}",64000,True,34309,643.3657235221191,44414.23562951278,0.12035603267056826
screen,10000,2048,bimp,all,"{""hidden"": 128, ""lr"": 0.003, ""parameterization"": ""x0""}",32000,False,34309,92345.03181614728,1425250.9359114203,0.2545429659331094
screen,10000,2048,bimp,bulk,"{""hidden"": 128, ""lr"": 0.003, ""parameterization"": ""x0""}",32000,False,34309,69834.9383988639,1083969.239568798,0.2538212029886696
screen,10000,2048,bimp,centre,"{""hidden"": 128, ""lr"": 0.003, ""parameterization"": ""x0""}",32000,False,34309,2266.199504698838,44414.23562951278,0.22588530253006311
screen,10001,32,window,all,"{""lr"": 0.003, ""parameterization"": ""eps"", ""radius"": 2, ""width"": 64}",1000,False,4801,58271.88935273105,1430254.9479102963,0.201847242292465
screen,10001,32,window,bulk,"{""lr"": 0.003, ""parameterization"": ""eps"", ""radius"": 2, ""width"": 64}",1000,False,4801,33241.46916146401,1089372.4409566503,0.17468351120475098
screen,10001,32,window,centre,"{""lr"": 0.003, ""parameterization"": ""eps"", ""radius"": 2, ""width"": 64}",1000,False,4801,1378.965391890009,45204.21662967489,0.17465748798883413
screen,10001,32,window,all,"{""lr"": 0.003, ""parameterization"": ""eps"", ""radius"": 2, ""width"": 128}",2000,False,17793,55253.22541323142,1430254.9479102963,0.19654956550975106
screen,10001,32,window,bulk,"{""lr"": 0.003, ""parameterization"": ""eps"", ""radius"": 2, ""width"": 128}",2000,False,17793,33622.62210789767,1089372.4409566503,0.175682133785714
screen,10001,32,window,centre,"{""lr"": 0.003, ""parameterization"": ""eps"", ""radius"": 2, ""width"": 128}",2000,False,17793,1385.3723221816658,45204.21662967489,0.17506276341338906
screen,10001,32,window,all,"{""lr"": 0.003, ""parameterization"": ""eps"", ""radius"": 4, ""width"": 64}",1000,False,5057,63133.252502927964,1430254.9479102963,0.2100982101045622
screen,10001,32,window,bulk,"{""lr"": 0.003, ""parameterization"": ""eps"", ""radius"": 4, ""width"": 64}",1000,False,5057,38404.290701684775,1089372.4409566503,0.18775939711064585
screen,10001,32,window,centre,"{""lr"": 0.003, ""parameterization"": ""eps"", ""radius"": 4, ""width"": 64}",1000,False,5057,1551.6978562141837,45204.21662967489,0.1852738414854554
screen,10001,32,window,all,"{""lr"": 0.003, ""parameterization"": ""eps"", ""radius"": 4, ""width"": 128}",2000,False,18305,75746.64029494191,1430254.9479102963,0.23013091165426602
screen,10001,32,window,bulk,"{""lr"": 0.003, ""parameterization"": ""eps"", ""radius"": 4, ""width"": 128}",2000,False,18305,46667.647621910786,1089372.4409566503,0.2069758919530204
screen,10001,32,window,centre,"{""lr"": 0.003, ""parameterization"": ""eps"", ""radius"": 4, ""width"": 128}",2000,False,18305,1921.9352654747224,45204.21662967489,0.20619584234994925
screen,10001,32,window,all,"{""lr"": 0.003, ""parameterization"": ""eps"", ""radius"": 8, ""width"": 64}",1000,False,5569,111358.88230700168,1430254.9479102963,0.2790330859891687
screen,10001,32,window,bulk,"{""lr"": 0.003, ""parameterization"": ""eps"", ""radius"": 8, ""width"": 64}",1000,False,5569,72583.41232760012,1089372.4409566503,0.2581252553818201
screen,10001,32,window,centre,"{""lr"": 0.003, ""parameterization"": ""eps"", ""radius"": 8, ""width"": 64}",1000,False,5569,2998.8770937423806,45204.21662967489,0.257566786587274
screen,10001,32,window,all,"{""lr"": 0.003, ""parameterization"": ""eps"", ""radius"": 8, ""width"": 128}",1000,False,19329,105614.921764251,1430254.9479102963,0.27174146436084023
screen,10001,32,window,bulk,"{""lr"": 0.003, ""parameterization"": ""eps"", ""radius"": 8, ""width"": 128}",1000,False,19329,72434.6746485451,1089372.4409566503,0.25786064505961626
screen,10001,32,window,centre,"{""lr"": 0.003, ""parameterization"": ""eps"", ""radius"": 8, ""width"": 128}",1000,False,19329,2960.442317470923,45204.21662967489,0.25591092583623337
screen,10001,32,window,all,"{""lr"": 0.003, ""parameterization"": ""eps"", ""radius"": 16, ""width"": 64}",500,False,6593,150829.86561250957,1430254.9479102963,0.3247408645929281
screen,10001,32,window,bulk,"{""lr"": 0.003, ""parameterization"": ""eps"", ""radius"": 16, ""width"": 64}",500,False,6593,100002.62058157442,1089372.4409566503,0.3029824675982414
screen,10001,32,window,centre,"{""lr"": 0.003, ""parameterization"": ""eps"", ""radius"": 16, ""width"": 64}",500,False,6593,4587.159169046828,45204.21662967489,0.318553536741721
screen,10001,32,window,all,"{""lr"": 0.003, ""parameterization"": ""eps"", ""radius"": 16, ""width"": 128}",500,False,21377,166993.07212997082,1430254.9479102963,0.3416980479437615
screen,10001,32,window,bulk,"{""lr"": 0.003, ""parameterization"": ""eps"", ""radius"": 16, ""width"": 128}",500,False,21377,111143.68961577909,1089372.4409566503,0.31941419515975766
screen,10001,32,window,centre,"{""lr"": 0.003, ""parameterization"": ""eps"", ""radius"": 16, ""width"": 128}",500,False,21377,5129.742503127853,45204.21662967489,0.3368668759336061
screen,10001,32,window,all,"{""lr"": 0.003, ""parameterization"": ""x0"", ""radius"": 2, ""width"": 64}",4000,False,4801,122681.02886488744,1430254.9479102963,0.29287477997454187
screen,10001,32,window,bulk,"{""lr"": 0.003, ""parameterization"": ""x0"", ""radius"": 2, ""width"": 64}",4000,False,4801,74972.64250068391,1089372.4409566503,0.26233921643712205
screen,10001,32,window,centre,"{""lr"": 0.003, ""parameterization"": ""x0"", ""radius"": 2, ""width"": 64}",4000,False,4801,2932.2267008965296,45204.21662967489,0.25468847811863393
screen,10001,32,window,all,"{""lr"": 0.003, ""parameterization"": ""x0"", ""radius"": 2, ""width"": 128}",4000,False,17793,130942.11048391499,1430254.9479102963,0.30257492812778214
screen,10001,32,window,bulk,"{""lr"": 0.003, ""parameterization"": ""x0"", ""radius"": 2, ""width"": 128}",4000,False,17793,80149.26433597012,1089372.4409566503,0.27124489803884927
screen,10001,32,window,centre,"{""lr"": 0.003, ""parameterization"": ""x0"", ""radius"": 2, ""width"": 128}",4000,False,17793,3211.921211459998,45204.21662967489,0.2665587652440753
screen,10001,32,window,all,"{""lr"": 0.003, ""parameterization"": ""x0"", ""radius"": 4, ""width"": 64}",2000,False,5057,162119.97186378387,1430254.9479102963,0.3366755129054591
screen,10001,32,window,bulk,"{""lr"": 0.003, ""parameterization"": ""x0"", ""radius"": 4, ""width"": 64}",2000,False,5057,103176.16962215982,1089372.4409566503,0.3077524423945403
screen,10001,32,window,centre,"{""lr"": 0.003, ""parameterization"": ""x0"", ""radius"": 4, ""width"": 64}",2000,False,5057,3941.2298367735043,45204.21662967489,0.29527481576782055
screen,10001,32,window,all,"{""lr"": 0.003, ""parameterization"": ""x0"", ""radius"": 4, ""width"": 128}",4000,False,18305,172094.64734534043,1430254.9479102963,0.3468781560702539
screen,10001,32,window,bulk,"{""lr"": 0.003, ""parameterization"": ""x0"", ""radius"": 4, ""width"": 128}",4000,False,18305,111666.18114808721,1089372.4409566503,0.3201641051714618
screen,10001,32,window,centre,"{""lr"": 0.003, ""parameterization"": ""x0"", ""radius"": 4, ""width"": 128}",4000,False,18305,4166.342326728985,45204.21662967489,0.3035903771243069
screen,10001,32,window,all,"{""lr"": 0.003, ""parameterization"": ""x0"", ""radius"": 8, ""width"": 64}",4000,False,5569,319054.1913398362,1430254.9479102963,0.47230821306389137
screen,10001,32,window,bulk,"{""lr"": 0.003, ""parameterization"": ""x0"", ""radius"": 8, ""width"": 64}",4000,False,5569,235220.36467016122,1089372.4409566503,0.4646749569142426
screen,10001,32,window,centre,"{""lr"": 0.003, ""parameterization"": ""x0"", ""radius"": 8, ""width"": 64}",4000,False,5569,10115.99920577755,45204.21662967489,0.4730585753401638
screen,10001,32,window,all,"{""lr"": 0.003, ""parameterization"": ""x0"", ""radius"": 8, ""width"": 128}",4000,False,19329,372104.77816642943,1430254.9479102963,0.5100654347147562
screen,10001,32,window,bulk,"{""lr"": 0.003, ""parameterization"": ""x0"", ""radius"": 8, ""width"": 128}",4000,False,19329,276856.2824345403,1089372.4409566503,0.5041258872526704
screen,10001,32,window,centre,"{""lr"": 0.003, ""parameterization"": ""x0"", ""radius"": 8, ""width"": 128}",4000,False,19329,11662.698797541061,45204.21662967489,0.5079372414823311
screen,10001,32,window,all,"{""lr"": 0.003, ""parameterization"": ""x0"", ""radius"": 16, ""width"": 64}",2000,False,6593,652102.8217240584,1430254.9479102963,0.6752293483103162
screen,10001,32,window,bulk,"{""lr"": 0.003, ""parameterization"": ""x0"", ""radius"": 16, ""width"": 64}",2000,False,6593,490040.89073063456,1089372.4409566503,0.6706994777489415
screen,10001,32,window,centre,"{""lr"": 0.003, ""parameterization"": ""x0"", ""radius"": 16, ""width"": 64}",2000,False,6593,23576.367701281124,45204.21662967489,0.7221858490848458
screen,10001,32,window,all,"{""lr"": 0.003, ""parameterization"": ""x0"", ""radius"": 16, ""width"": 128}",1000,False,21377,649327.8630151424,1430254.9479102963,0.6737911309598915
screen,10001,32,window,bulk,"{""lr"": 0.003, ""parameterization"": ""x0"", ""radius"": 16, ""width"": 128}",1000,False,21377,481545.84613582614,1089372.4409566503,0.6648606476983432
screen,10001,32,window,centre,"{""lr"": 0.003, ""parameterization"": ""x0"", ""radius"": 16, ""width"": 128}",1000,False,21377,23413.890650936355,45204.21662967489,0.7196930671583756
screen,10001,32,conv,all,"{""channels"": 64, ""lr"": 0.001, ""parameterization"": ""eps""}",500,False,66433,158682.34695806823,1430254.9479102963,0.33308691958578385
screen,10001,32,conv,bulk,"{""channels"": 64, ""lr"": 0.001, ""parameterization"": ""eps""}",500,False,66433,111069.6680160201,1089372.4409566503,0.31930781265729397
screen,10001,32,conv,centre,"{""channels"": 64, ""lr"": 0.001, ""parameterization"": ""eps""}",500,False,66433,5369.3875005811715,45204.21662967489,0.34464572827585255
screen,10001,32,conv,all,"{""channels"": 64, ""lr"": 0.003, ""parameterization"": ""eps""}",1000,False,66433,177519.17962381445,1430254.9479102963,0.3523026514112543
screen,10001,32,conv,bulk,"{""channels"": 64, ""lr"": 0.003, ""parameterization"": ""eps""}",1000,False,66433,111684.2808363758,1089372.4409566503,0.32019005141429596
screen,10001,32,conv,centre,"{""channels"": 64, ""lr"": 0.003, ""parameterization"": ""eps""}",1000,False,66433,3611.900944162875,45204.21662967489,0.28266916884936016
screen,10001,32,conv,all,"{""channels"": 128, ""lr"": 0.001, ""parameterization"": ""eps""}",500,False,263937,258960.60430711065,1430254.9479102963,0.4255103424414902
screen,10001,32,conv,bulk,"{""channels"": 128, ""lr"": 0.001, ""parameterization"": ""eps""}",500,False,263937,176025.4075649015,1089372.4409566503,0.4019754102776496
screen,10001,32,conv,centre,"{""channels"": 128, ""lr"": 0.001, ""parameterization"": ""eps""}",500,False,263937,8291.701712650776,45204.21662967489,0.4282845041692496
screen,10001,32,conv,all,"{""channels"": 128, ""lr"": 0.003, ""parameterization"": ""eps""}",32000,False,263937,147114.297879546,1430254.9479102963,0.3207160631749527
screen,10001,32,conv,bulk,"{""channels"": 128, ""lr"": 0.003, ""parameterization"": ""eps""}",32000,False,263937,104681.52095048985,1089372.4409566503,0.30998938313241053
screen,10001,32,conv,centre,"{""channels"": 128, ""lr"": 0.003, ""parameterization"": ""eps""}",32000,False,263937,3792.1366752891854,45204.21662967489,0.2896359840205869
screen,10001,32,conv,all,"{""channels"": 64, ""lr"": 0.001, ""parameterization"": ""x0""}",2000,False,66433,639465.0767217894,1430254.9479102963,0.6686543682889697
screen,10001,32,conv,bulk,"{""channels"": 64, ""lr"": 0.001, ""parameterization"": ""x0""}",2000,False,66433,396148.41950935,1089372.4409566503,0.6030325734648344
screen,10001,32,conv,centre,"{""channels"": 64, ""lr"": 0.001, ""parameterization"": ""x0""}",2000,False,66433,17223.853220412835,45204.21662967489,0.6172707303743015
screen,10001,32,conv,all,"{""channels"": 64, ""lr"": 0.003, ""parameterization"": ""x0""}",500,False,66433,557419.0418518445,1430254.9479102963,0.6242868266579538
screen,10001,32,conv,bulk,"{""channels"": 64, ""lr"": 0.003, ""parameterization"": ""x0""}",500,False,66433,380749.45219195663,1089372.4409566503,0.5911959516334299
screen,10001,32,conv,centre,"{""channels"": 64, ""lr"": 0.003, ""parameterization"": ""x0""}",500,False,66433,14772.846364266074,45204.21662967489,0.571666333918513
screen,10001,32,conv,all,"{""channels"": 128, ""lr"": 0.001, ""parameterization"": ""x0""}",1000,False,263937,658638.513557708,1430254.9479102963,0.6786046507334876
screen,10001,32,conv,bulk,"{""channels"": 128, ""lr"": 0.001, ""parameterization"": ""x0""}",1000,False,263937,461431.57573113433,1089372.4409566503,0.6508268519465272
screen,10001,32,conv,centre,"{""channels"": 128, ""lr"": 0.001, ""parameterization"": ""x0""}",1000,False,263937,16469.51002181676,45204.21662967489,0.6036022717831779
screen,10001,32,conv,all,"{""channels"": 128, ""lr"": 0.003, ""parameterization"": ""x0""}",32000,False,263937,498955.6130292242,1430254.9479102963,0.5906418651842034
screen,10001,32,conv,bulk,"{""channels"": 128, ""lr"": 0.003, ""parameterization"": ""x0""}",32000,False,263937,356274.1423387018,1089372.4409566503,0.571878750363208
screen,10001,32,conv,centre,"{""channels"": 128, ""lr"": 0.003, ""parameterization"": ""x0""}",32000,False,263937,14744.63417873159,45204.21662967489,0.5711202081530145
screen,10001,32,bimp,all,"{""hidden"": 64, ""lr"": 0.001, ""parameterization"": ""eps""}",500,False,8965,101445.30668039451,1430254.9479102963,0.2663233532064359
screen,10001,32,bimp,bulk,"{""hidden"": 64, ""lr"": 0.001, ""parameterization"": ""eps""}",500,False,8965,65193.58030938293,1089372.4409566503,0.24463253969424395
screen,10001,32,bimp,centre,"{""hidden"": 64, ""lr"": 0.001, ""parameterization"": ""eps""}",500,False,8965,2865.1049117876855,45204.21662967489,0.25175655715758155
screen,10001,32,bimp,all,"{""hidden"": 64, ""lr"": 0.003, ""parameterization"": ""eps""}",500,False,8965,150031.78569546997,1430254.9479102963,0.3238805810408479
screen,10001,32,bimp,bulk,"{""hidden"": 64, ""lr"": 0.003, ""parameterization"": ""eps""}",500,False,8965,105707.36380538638,1089372.4409566503,0.3115045746935322
screen,10001,32,bimp,centre,"{""hidden"": 64, ""lr"": 0.003, ""parameterization"": ""eps""}",500,False,8965,3993.0749442225515,45204.21662967489,0.2972105743157983
screen,10001,32,bimp,all,"{""hidden"": 128, ""lr"": 0.001, ""parameterization"": ""eps""}",500,False,34309,117693.37307446825,1430254.9479102963,0.28685952535722614
screen,10001,32,bimp,bulk,"{""hidden"": 128, ""lr"": 0.001, ""parameterization"": ""eps""}",500,False,34309,80794.28892345994,1089372.4409566503,0.2723341720927986
screen,10001,32,bimp,centre,"{""hidden"": 128, ""lr"": 0.001, ""parameterization"": ""eps""}",500,False,34309,3486.4447885640197,45204.21662967489,0.277716652829944
screen,10001,32,bimp,all,"{""hidden"": 128, ""lr"": 0.003, ""parameterization"": ""eps""}",32000,False,34309,158444.41421243735,1430254.9479102963,0.3328371059883766
screen,10001,32,bimp,bulk,"{""hidden"": 128, ""lr"": 0.003, ""parameterization"": ""eps""}",32000,False,34309,109553.74785576611,1089372.4409566503,0.3171213105535276
screen,10001,32,bimp,centre,"{""hidden"": 128, ""lr"": 0.003, ""parameterization"": ""eps""}",32000,False,34309,3606.834668026899,45204.21662967489,0.28247085463473554
screen,10001,32,bimp,all,"{""hidden"": 64, ""lr"": 0.001, ""parameterization"": ""x0""}",2000,False,8965,162944.21545599782,1430254.9479102963,0.3375302836284918
screen,10001,32,bimp,bulk,"{""hidden"": 64, ""lr"": 0.001, ""parameterization"": ""x0""}",2000,False,8965,102116.45602392442,1089372.4409566503,0.306167913769873
screen,10001,32,bimp,centre,"{""hidden"": 64, ""lr"": 0.001, ""parameterization"": ""x0""}",2000,False,8965,3753.2720893116357,45204.21662967489,0.2881479610751128
screen,10001,32,bimp,all,"{""hidden"": 64, ""lr"": 0.003, ""parameterization"": ""x0""}",1000,False,8965,365774.54938619916,1430254.9479102963,0.5057082195877433
screen,10001,32,bimp,bulk,"{""hidden"": 64, ""lr"": 0.003, ""parameterization"": ""x0""}",1000,False,8965,267922.82225684,1089372.4409566503,0.4959257542880148
screen,10001,32,bimp,centre,"{""hidden"": 64, ""lr"": 0.003, ""parameterization"": ""x0""}",1000,False,8965,11537.469148583032,45204.21662967489,0.5052028624891034
screen,10001,32,bimp,all,"{""hidden"": 128, ""lr"": 0.001, ""parameterization"": ""x0""}",1000,False,34309,235113.6586461395,1430254.9479102963,0.40544523469364596
screen,10001,32,bimp,bulk,"{""hidden"": 128, ""lr"": 0.001, ""parameterization"": ""x0""}",1000,False,34309,154782.30407837627,1089372.4409566503,0.3769402042055968
screen,10001,32,bimp,centre,"{""hidden"": 128, ""lr"": 0.001, ""parameterization"": ""x0""}",1000,False,34309,6254.7914418838955,45204.21662967489,0.37197773263529094
screen,10001,32,bimp,all,"{""hidden"": 128, ""lr"": 0.003, ""parameterization"": ""x0""}",64000,True,34309,480106.89528398745,1430254.9479102963,0.5793783228194946
screen,10001,32,bimp,bulk,"{""hidden"": 128, ""lr"": 0.003, ""parameterization"": ""x0""}",64000,True,34309,327147.0971369884,1089372.4409566503,0.5480035140556773
screen,10001,32,bimp,centre,"{""hidden"": 128, ""lr"": 0.003, ""parameterization"": ""x0""}",64000,True,34309,10179.977180187816,45204.21662967489,0.47455213157543696
screen,10001,2048,window,all,"{""lr"": 0.003, ""parameterization"": ""eps"", ""radius"": 2, ""width"": 64}",32000,False,4801,23925.80890730158,1430254.9479102963,0.12933813235729785
screen,10001,2048,window,bulk,"{""lr"": 0.003, ""parameterization"": ""eps"", ""radius"": 2, ""width"": 64}",32000,False,4801,14033.847061388158,1089372.4409566503,0.11350112796820942
screen,10001,2048,window,centre,"{""lr"": 0.003, ""parameterization"": ""eps"", ""radius"": 2, ""width"": 64}",32000,False,4801,583.7402471325153,45204.21662967489,0.11363715311682393
screen,10001,2048,window,all,"{""lr"": 0.003, ""parameterization"": ""eps"", ""radius"": 2, ""width"": 128}",64000,True,17793,20042.644822156846,1430254.9479102963,0.11837794206955102
screen,10001,2048,window,bulk,"{""lr"": 0.003, ""parameterization"": ""eps"", ""radius"": 2, ""width"": 128}",64000,True,17793,14588.398419717534,1089372.4409566503,0.11572191602737276
screen,10001,2048,window,centre,"{""lr"": 0.003, ""parameterization"": ""eps"", ""radius"": 2, ""width"": 128}",64000,True,17793,608.2197866049893,45204.21662967489,0.11599540845044957
screen,10001,2048,window,all,"{""lr"": 0.003, ""parameterization"": ""eps"", ""radius"": 4, ""width"": 64}",16000,False,5057,18820.671715882545,1430254.9479102963,0.11471252260856084
screen,10001,2048,window,bulk,"{""lr"": 0.003, ""parameterization"": ""eps"", ""radius"": 4, ""width"": 64}",16000,False,5057,6070.606394996996,1089372.4409566503,0.0746496619566831
screen,10001,2048,window,centre,"{""lr"": 0.003, ""parameterization"": ""eps"", ""radius"": 4, ""width"": 64}",16000,False,5057,249.6672785150065,45204.21662967489,0.07431754245376687
screen,10001,2048,window,all,"{""lr"": 0.003, ""parameterization"": ""eps"", ""radius"": 4, ""width"": 128}",64000,True,18305,10208.940559802011,1430254.9479102963,0.08448577809188673
screen,10001,2048,window,bulk,"{""lr"": 0.003, ""parameterization"": ""eps"", ""radius"": 4, ""width"": 128}",64000,True,18305,6121.953394437106,1089372.4409566503,0.07496470173683045
screen,10001,2048,window,centre,"{""lr"": 0.003, ""parameterization"": ""eps"", ""radius"": 4, ""width"": 128}",64000,True,18305,258.41729323845516,45204.21662967489,0.0756086202455485
screen,10001,2048,window,all,"{""lr"": 0.003, ""parameterization"": ""eps"", ""radius"": 8, ""width"": 64}",64000,True,5569,10315.31939944637,1430254.9479102963,0.08492481519748973
screen,10001,2048,window,bulk,"{""lr"": 0.003, ""parameterization"": ""eps"", ""radius"": 8, ""width"": 64}",64000,True,5569,4991.603495143832,1089372.4409566503,0.06769114307718718
screen,10001,2048,window,centre,"{""lr"": 0.003, ""parameterization"": ""eps"", ""radius"": 8, ""width"": 64}",64000,True,5569,202.56203905184228,45204.21662967489,0.06694059315715954
screen,10001,2048,window,all,"{""lr"": 0.003, ""parameterization"": ""eps"", ""radius"": 8, ""width"": 128}",64000,True,19329,13158.738290637466,1430254.9479102963,0.09591806198667603
screen,10001,2048,window,bulk,"{""lr"": 0.003, ""parameterization"": ""eps"", ""radius"": 8, ""width"": 128}",64000,True,19329,7772.342329266044,1089372.4409566503,0.08446713585395949
screen,10001,2048,window,centre,"{""lr"": 0.003, ""parameterization"": ""eps"", ""radius"": 8, ""width"": 128}",64000,True,19329,319.91507065066156,45204.21662967489,0.0841255421305564
screen,10001,2048,window,all,"{""lr"": 0.003, ""parameterization"": ""eps"", ""radius"": 16, ""width"": 64}",64000,True,6593,13712.420457392489,1430254.9479102963,0.09791524867793543
screen,10001,2048,window,bulk,"{""lr"": 0.003, ""parameterization"": ""eps"", ""radius"": 16, ""width"": 64}",64000,True,6593,7351.397074899742,1089372.4409566503,0.08214795347179776
screen,10001,2048,window,centre,"{""lr"": 0.003, ""parameterization"": ""eps"", ""radius"": 16, ""width"": 64}",64000,True,6593,310.3503755699628,45204.21662967489,0.08285842310377706
screen,10001,2048,window,all,"{""lr"": 0.003, ""parameterization"": ""eps"", ""radius"": 16, ""width"": 128}",64000,True,21377,16496.462435175403,1430254.9479102963,0.10739614232849568
screen,10001,2048,window,bulk,"{""lr"": 0.003, ""parameterization"": ""eps"", ""radius"": 16, ""width"": 128}",64000,True,21377,9993.705421076642,1089372.4409566503,0.09578005449246077
screen,10001,2048,window,centre,"{""lr"": 0.003, ""parameterization"": ""eps"", ""radius"": 16, ""width"": 128}",64000,True,21377,435.57705038337,45204.21662967489,0.09816191472877087
screen,10001,2048,window,all,"{""lr"": 0.003, ""parameterization"": ""x0"", ""radius"": 2, ""width"": 64}",32000,False,4801,43227.99779971491,1430254.9479102963,0.17385045470378624
screen,10001,2048,window,bulk,"{""lr"": 0.003, ""parameterization"": ""x0"", ""radius"": 2, ""width"": 64}",32000,False,4801,28141.550224260576,1089372.4409566503,0.16072588162749377
screen,10001,2048,window,centre,"{""lr"": 0.003, ""parameterization"": ""x0"", ""radius"": 2, ""width"": 64}",32000,False,4801,1176.258317963089,45204.21662967489,0.16131021871373374
screen,10001,2048,window,all,"{""lr"": 0.003, ""parameterization"": ""x0"", ""radius"": 2, ""width"": 128}",8000,False,17793,45505.59196158206,1430254.9479102963,0.17837157812384674
screen,10001,2048,window,bulk,"{""lr"": 0.003, ""parameterization"": ""x0"", ""radius"": 2, ""width"": 128}",8000,False,17793,26289.968895879876,1089372.4409566503,0.15534842124289677
screen,10001,2048,window,centre,"{""lr"": 0.003, ""parameterization"": ""x0"", ""radius"": 2, ""width"": 128}",8000,False,17793,1077.377912566165,45204.21662967489,0.1543812525316764
screen,10001,2048,window,all,"{""lr"": 0.003, ""parameterization"": ""x0"", ""radius"": 4, ""width"": 64}",32000,False,5057,36595.18347713769,1430254.9479102963,0.15995773099582278
screen,10001,2048,window,bulk,"{""lr"": 0.003, ""parameterization"": ""x0"", ""radius"": 4, ""width"": 64}",32000,False,5057,21083.647130067737,1089372.4409566503,0.1391184330419858
screen,10001,2048,window,centre,"{""lr"": 0.003, ""parameterization"": ""x0"", ""radius"": 4, ""width"": 64}",32000,False,5057,882.7648235414343,45204.21662967489,0.13974395673149895
screen,10001,2048,window,all,"{""lr"": 0.003, ""parameterization"": ""x0"", ""radius"": 4, ""width"": 128}",64000,True,18305,33624.56296478869,1430254.9479102963,0.15332804374864847
screen,10001,2048,window,bulk,"{""lr"": 0.003, ""parameterization"": ""x0"", ""radius"": 4, ""width"": 128}",64000,True,18305,21719.641491936676,1089372.4409566503,0.14120111758131498
screen,10001,2048,window,centre,"{""lr"": 0.003, ""parameterization"": ""x0"", ""radius"": 4, ""width"": 128}",64000,True,18305,828.611758840175,45204.21662967489,0.13538983915479635
screen,10001,2048,window,all,"{""lr"": 0.003, ""parameterization"": ""x0"", ""radius"": 8, ""width"": 64}",64000,True,5569,39793.36855470156,1430254.9479102963,0.16680098951718553
screen,10001,2048,window,bulk,"{""lr"": 0.003, ""parameterization"": ""x0"", ""radius"": 8, ""width"": 64}",64000,True,5569,27015.033106130388,1089372.4409566503,0.15747606709652504
screen,10001,2048,window,centre,"{""lr"": 0.003, ""parameterization"": ""x0"", ""radius"": 8, ""width"": 64}",64000,True,5569,1176.2467522001068,45204.21662967489,0.1613094256564971
screen,10001,2048,window,all,"{""lr"": 0.003, ""parameterization"": ""x0"", ""radius"": 8, ""width"": 128}",64000,True,19329,43417.415683425876,1430254.9479102963,0.1742309302270611
screen,10001,2048,window,bulk,"{""lr"": 0.003, ""parameterization"": ""x0"", ""radius"": 8, ""width"": 128}",64000,True,19329,29850.223693013988,1089372.4409566503,0.1655333876024385
screen,10001,2048,window,centre,"{""lr"": 0.003, ""parameterization"": ""x0"", ""radius"": 8, ""width"": 128}",64000,True,19329,1254.9915002464538,45204.21662967489,0.16662145342971008
screen,10001,2048,window,all,"{""lr"": 0.003, ""parameterization"": ""x0"", ""radius"": 16, ""width"": 64}",64000,True,6593,46201.795011576214,1430254.9479102963,0.17973087764339157
screen,10001,2048,window,bulk,"{""lr"": 0.003, ""parameterization"": ""x0"", ""radius"": 16, ""width"": 64}",64000,True,6593,30739.96660499622,1089372.4409566503,0.16798229236572426
screen,10001,2048,window,centre,"{""lr"": 0.003, ""parameterization"": ""x0"", ""radius"": 16, ""width"": 64}",64000,True,6593,1423.807933853736,45204.21662967489,0.17747461002931897
screen,10001,2048,window,all,"{""lr"": 0.003, ""parameterization"": ""x0"", ""radius"": 16, ""width"": 128}",8000,False,21377,78272.94583109449,1430254.9479102963,0.23393710440180313
screen,10001,2048,window,bulk,"{""lr"": 0.003, ""parameterization"": ""x0"", ""radius"": 16, ""width"": 128}",8000,False,21377,48504.78595377307,1089372.4409566503,0.2110105182289731
screen,10001,2048,window,centre,"{""lr"": 0.003, ""parameterization"": ""x0"", ""radius"": 16, ""width"": 128}",8000,False,21377,2293.830929544411,45204.21662967489,0.22526370790071798
screen,10001,2048,conv,all,"{""channels"": 64, ""lr"": 0.001, ""parameterization"": ""eps""}",32000,False,66433,9586.897684585809,1430254.9479102963,0.08187141883178777
screen,10001,2048,conv,bulk,"{""channels"": 64, ""lr"": 0.001, ""parameterization"": ""eps""}",32000,False,66433,6431.618210110103,1089372.4409566503,0.07683727173739772
screen,10001,2048,conv,centre,"{""channels"": 64, ""lr"": 0.001, ""parameterization"": ""eps""}",32000,False,66433,249.14757194119284,45204.21662967489,0.07424015258497697
screen,10001,2048,conv,all,"{""channels"": 64, ""lr"": 0.003, ""parameterization"": ""eps""}",16000,False,66433,17284.138783783932,1430254.9479102963,0.10993023161261124
screen,10001,2048,conv,bulk,"{""channels"": 64, ""lr"": 0.003, ""parameterization"": ""eps""}",16000,False,66433,11889.678380158066,1089372.4409566503,0.10447126690574336
screen,10001,2048,conv,centre,"{""channels"": 64, ""lr"": 0.003, ""parameterization"": ""eps""}",16000,False,66433,474.7668131864064,45204.21662967489,0.10248273404594861
screen,10001,2048,conv,all,"{""channels"": 128, ""lr"": 0.001, ""parameterization"": ""eps""}",32000,False,263937,10636.627586328346,1430254.9479102963,0.08623731920779672
screen,10001,2048,conv,bulk,"{""channels"": 128, ""lr"": 0.001, ""parameterization"": ""eps""}",32000,False,263937,7396.168183029584,1089372.4409566503,0.08239772043345396
screen,10001,2048,conv,centre,"{""channels"": 128, ""lr"": 0.001, ""parameterization"": ""eps""}",32000,False,263937,307.35125528447065,45204.21662967489,0.0824570933870766
screen,10001,2048,conv,all,"{""channels"": 128, ""lr"": 0.003, ""parameterization"": ""eps""}",8000,False,263937,35966.179194286786,1430254.9479102963,0.15857708213232524
screen,10001,2048,conv,bulk,"{""channels"": 128, ""lr"": 0.003, ""parameterization"": ""eps""}",8000,False,263937,26592.504699338846,1089372.4409566503,0.15623971216786084
screen,10001,2048,conv,centre,"{""channels"": 128, ""lr"": 0.003, ""parameterization"": ""eps""}",8000,False,263937,1110.7290161494327,45204.21662967489,0.15675253931054162
screen,10001,2048,conv,all,"{""channels"": 64, ""lr"": 0.001, ""parameterization"": ""x0""}",32000,False,66433,29301.462543181184,1430254.9479102963,0.1431323888513206
screen,10001,2048,conv,bulk,"{""channels"": 64, ""lr"": 0.001, ""parameterization"": ""x0""}",32000,False,66433,20735.50015647971,1089372.4409566503,0.13796504455961123
screen,10001,2048,conv,centre,"{""channels"": 64, ""lr"": 0.001, ""parameterization"": ""x0""}",32000,False,66433,895.6538770719795,45204.21662967489,0.14076044506644353
screen,10001,2048,conv,all,"{""channels"": 64, ""lr"": 0.003, ""parameterization"": ""x0""}",16000,False,66433,67631.64495408621,1430254.9479102963,0.21745442313011445
screen,10001,2048,conv,bulk,"{""channels"": 64, ""lr"": 0.003, ""parameterization"": ""x0""}",16000,False,66433,49837.61257113145,1089372.4409566503,0.21388997154190492
screen,10001,2048,conv,centre,"{""channels"": 64, ""lr"": 0.003, ""parameterization"": ""x0""}",16000,False,66433,2098.834030502306,45204.21662967489,0.21547633240546743
screen,10001,2048,conv,all,"{""channels"": 128, ""lr"": 0.001, ""parameterization"": ""x0""}",32000,False,263937,42878.42459974395,1430254.9479102963,0.17314608685381
screen,10001,2048,conv,bulk,"{""channels"": 128, ""lr"": 0.001, ""parameterization"": ""x0""}",32000,False,263937,29673.62075190734,1089372.4409566503,0.16504298842469511
screen,10001,2048,conv,centre,"{""channels"": 128, ""lr"": 0.001, ""parameterization"": ""x0""}",32000,False,263937,1131.923002497643,45204.21662967489,0.15824098187700852
screen,10001,2048,conv,all,"{""channels"": 128, ""lr"": 0.003, ""parameterization"": ""x0""}",16000,False,263937,158513.89042732172,1430254.9479102963,0.33291007078183754
screen,10001,2048,conv,bulk,"{""channels"": 128, ""lr"": 0.003, ""parameterization"": ""x0""}",16000,False,263937,116486.72964235785,1089372.4409566503,0.32700171787608545
screen,10001,2048,conv,centre,"{""channels"": 128, ""lr"": 0.003, ""parameterization"": ""x0""}",16000,False,263937,5071.591377192335,45204.21662967489,0.33495206041060266
screen,10001,2048,bimp,all,"{""hidden"": 64, ""lr"": 0.001, ""parameterization"": ""eps""}",32000,False,8965,12430.730296849535,1430254.9479102963,0.09322697498227633
screen,10001,2048,bimp,bulk,"{""hidden"": 64, ""lr"": 0.001, ""parameterization"": ""eps""}",32000,False,8965,8655.711530715953,1089372.4409566503,0.08913806351532609
screen,10001,2048,bimp,centre,"{""hidden"": 64, ""lr"": 0.001, ""parameterization"": ""eps""}",32000,False,8965,316.79423721976667,45204.21662967489,0.08371420603360728
screen,10001,2048,bimp,all,"{""hidden"": 64, ""lr"": 0.003, ""parameterization"": ""eps""}",64000,True,8965,15323.235413141156,1430254.9479102963,0.1035067106814942
screen,10001,2048,bimp,bulk,"{""hidden"": 64, ""lr"": 0.003, ""parameterization"": ""eps""}",64000,True,8965,10912.8388186354,1089372.4409566503,0.10008769283598533
screen,10001,2048,bimp,centre,"{""hidden"": 64, ""lr"": 0.003, ""parameterization"": ""eps""}",64000,True,8965,444.56588678353035,45204.21662967489,0.09916960731414928
screen,10001,2048,bimp,all,"{""hidden"": 128, ""lr"": 0.001, ""parameterization"": ""eps""}",16000,False,34309,19324.087221566515,1430254.9479102963,0.1162365644117294
screen,10001,2048,bimp,bulk,"{""hidden"": 128, ""lr"": 0.001, ""parameterization"": ""eps""}",16000,False,34309,14840.757895482271,1089372.4409566503,0.1167185404206313
screen,10001,2048,bimp,centre,"{""hidden"": 128, ""lr"": 0.001, ""parameterization"": ""eps""}",16000,False,34309,621.6806532787833,45204.21662967489,0.1172719650518301
screen,10001,2048,bimp,all,"{""hidden"": 128, ""lr"": 0.003, ""parameterization"": ""eps""}",16000,False,34309,30880.533591342963,1430254.9479102963,0.1469385224878706
screen,10001,2048,bimp,bulk,"{""hidden"": 128, ""lr"": 0.003, ""parameterization"": ""eps""}",16000,False,34309,22891.764925274863,1089372.4409566503,0.14496109023604511
screen,10001,2048,bimp,centre,"{""hidden"": 128, ""lr"": 0.003, ""parameterization"": ""eps""}",16000,False,34309,924.1733665480973,45204.21662967489,0.14298393684599292
screen,10001,2048,bimp,all,"{""hidden"": 64, ""lr"": 0.001, ""parameterization"": ""x0""}",64000,True,8965,20101.784649705205,1430254.9479102963,0.11855246230863067
screen,10001,2048,bimp,bulk,"{""hidden"": 64, ""lr"": 0.001, ""parameterization"": ""x0""}",64000,True,8965,14904.67964386735,1089372.4409566503,0.11696963395235128
screen,10001,2048,bimp,centre,"{""hidden"": 64, ""lr"": 0.001, ""parameterization"": ""x0""}",64000,True,8965,598.7999222540285,45204.21662967489,0.11509365813487463
screen,10001,2048,bimp,all,"{""hidden"": 64, ""lr"": 0.003, ""parameterization"": ""x0""}",16000,False,8965,32886.09644929276,1430254.9479102963,0.15163499233683936
screen,10001,2048,bimp,bulk,"{""hidden"": 64, ""lr"": 0.003, ""parameterization"": ""x0""}",16000,False,8965,23061.91273659214,1089372.4409566503,0.14549881963919017
screen,10001,2048,bimp,centre,"{""hidden"": 64, ""lr"": 0.003, ""parameterization"": ""x0""}",16000,False,8965,1004.8315817836132,45204.21662967489,0.14909296941652234
screen,10001,2048,bimp,all,"{""hidden"": 128, ""lr"": 0.001, ""parameterization"": ""x0""}",32000,False,34309,38455.3304344619,1430254.9479102963,0.16397269864494485
screen,10001,2048,bimp,bulk,"{""hidden"": 128, ""lr"": 0.001, ""parameterization"": ""x0""}",32000,False,34309,28214.29363693203,1089372.4409566503,0.16093347863719606
screen,10001,2048,bimp,centre,"{""hidden"": 128, ""lr"": 0.001, ""parameterization"": ""x0""}",32000,False,34309,1259.5577587978548,45204.21662967489,0.16692430242144848
screen,10001,2048,bimp,all,"{""hidden"": 128, ""lr"": 0.003, ""parameterization"": ""x0""}",16000,False,34309,105570.27403333587,1430254.9479102963,0.27168402019439114
screen,10001,2048,bimp,bulk,"{""hidden"": 128, ""lr"": 0.003, ""parameterization"": ""x0""}",16000,False,34309,78667.46133574749,1089372.4409566503,0.2687258068614231
screen,10001,2048,bimp,centre,"{""hidden"": 128, ""lr"": 0.003, ""parameterization"": ""x0""}",16000,False,34309,2664.906834357861,45204.21662967489,0.24280159846460442
screen,10002,32,window,all,"{""lr"": 0.003, ""parameterization"": ""eps"", ""radius"": 2, ""width"": 64}",4000,False,4801,56811.21122502294,1415723.1085441576,0.20032163850353787
screen,10002,32,window,bulk,"{""lr"": 0.003, ""parameterization"": ""eps"", ""radius"": 2, ""width"": 64}",4000,False,4801,35070.54091686263,1076392.8781636478,0.18050358186740886
screen,10002,32,window,centre,"{""lr"": 0.003, ""parameterization"": ""eps"", ""radius"": 2, ""width"": 64}",4000,False,4801,1441.9074719189216,44848.53563990822,0.17930589272425987
screen,10002,32,window,all,"{""lr"": 0.003, ""parameterization"": ""eps"", ""radius"": 2, ""width"": 128}",1000,False,17793,66395.76316390984,1415723.1085441576,0.21656138638988462
screen,10002,32,window,bulk,"{""lr"": 0.003, ""parameterization"": ""eps"", ""radius"": 2, ""width"": 128}",1000,False,17793,38108.585287307294,1076392.8781636478,0.1881594372550706
screen,10002,32,window,centre,"{""lr"": 0.003, ""parameterization"": ""eps"", ""radius"": 2, ""width"": 128}",1000,False,17793,1604.8504177096677,44848.53563990822,0.18916602854586714
screen,10002,32,window,all,"{""lr"": 0.003, ""parameterization"": ""eps"", ""radius"": 4, ""width"": 64}",1000,False,5057,74826.50212427342,1415723.1085441576,0.229899783067626
screen,10002,32,window,bulk,"{""lr"": 0.003, ""parameterization"": ""eps"", ""radius"": 4, ""width"": 64}",1000,False,5057,45526.08216402367,1076392.8781636478,0.20565758474044016
screen,10002,32,window,centre,"{""lr"": 0.003, ""parameterization"": ""eps"", ""radius"": 4, ""width"": 64}",1000,False,5057,1864.8271567443196,44848.53563990822,0.20391311490814534
screen,10002,32,window,all,"{""lr"": 0.003, ""parameterization"": ""eps"", ""radius"": 4, ""width"": 128}",2000,False,18305,78168.34598836367,1415723.1085441576,0.2349775118350607
screen,10002,32,window,bulk,"{""lr"": 0.003, ""parameterization"": ""eps"", ""radius"": 4, ""width"": 128}",2000,False,18305,50466.61710515007,1076392.8781636478,0.2165293085998953
screen,10002,32,window,centre,"{""lr"": 0.003, ""parameterization"": ""eps"", ""radius"": 4, ""width"": 128}",2000,False,18305,2035.1649813151107,44848.53563990822,0.21302259796936052
screen,10002,32,window,all,"{""lr"": 0.003, ""parameterization"": ""eps"", ""radius"": 8, ""width"": 64}",1000,False,5569,98677.19645695458,1415723.1085441576,0.26400930908950776
screen,10002,32,window,bulk,"{""lr"": 0.003, ""parameterization"": ""eps"", ""radius"": 8, ""width"": 64}",1000,False,5569,61305.21550042609,1076392.8781636478,0.23865102494106233
screen,10002,32,window,centre,"{""lr"": 0.003, ""parameterization"": ""eps"", ""radius"": 8, ""width"": 64}",1000,False,5569,2583.9749862796148,44848.53563990822,0.24003248369238747
screen,10002,32,window,all,"{""lr"": 0.003, ""parameterization"": ""eps"", ""radius"": 8, ""width"": 128}",500,False,19329,103602.00579465061,1415723.1085441576,0.2705172235081719
screen,10002,32,window,bulk,"{""lr"": 0.003, ""parameterization"": ""eps"", ""radius"": 8, ""width"": 128}",500,False,19329,69561.79884787549,1076392.8781636478,0.25421431027397995
screen,10002,32,window,centre,"{""lr"": 0.003, ""parameterization"": ""eps"", ""radius"": 8, ""width"": 128}",500,False,19329,2989.957115006136,44848.53563990822,0.2582012532837794
screen,10002,32,window,all,"{""lr"": 0.003, ""parameterization"": ""eps"", ""radius"": 16, ""width"": 64}",500,False,6593,124174.02303980239,1415723.1085441576,0.2961598731472558
screen,10002,32,window,bulk,"{""lr"": 0.003, ""parameterization"": ""eps"", ""radius"": 16, ""width"": 64}",500,False,6593,85661.99905743627,1076392.8781636478,0.28210364313299346
screen,10002,32,window,centre,"{""lr"": 0.003, ""parameterization"": ""eps"", ""radius"": 16, ""width"": 64}",500,False,6593,3945.763754881461,44848.53563990822,0.2966138362743654
screen,10002,32,window,all,"{""lr"": 0.003, ""parameterization"": ""eps"", ""radius"": 16, ""width"": 128}",500,False,21377,177538.09867187214,1415723.1085441576,0.35412502791080624
screen,10002,32,window,bulk,"{""lr"": 0.003, ""parameterization"": ""eps"", ""radius"": 16, ""width"": 128}",500,False,21377,117277.64098463206,1076392.8781636478,0.33008227432232246
screen,10002,32,window,centre,"{""lr"": 0.003, ""parameterization"": ""eps"", ""radius"": 16, ""width"": 128}",500,False,21377,5382.841610562975,44848.53563990822,0.34644290116542953
screen,10002,32,window,all,"{""lr"": 0.003, ""parameterization"": ""x0"", ""radius"": 2, ""width"": 64}",8000,False,4801,121485.38030706733,1415723.1085441576,0.2929360682904424
screen,10002,32,window,bulk,"{""lr"": 0.003, ""parameterization"": ""x0"", ""radius"": 2, ""width"": 64}",8000,False,4801,84822.23127404442,1076392.8781636478,0.2807174682849038
screen,10002,32,window,centre,"{""lr"": 0.003, ""parameterization"": ""x0"", ""radius"": 2, ""width"": 64}",8000,False,4801,3199.8495843827573,44848.53563990822,0.26711030808877767
screen,10002,32,window,all,"{""lr"": 0.003, ""parameterization"": ""x0"", ""radius"": 2, ""width"": 128}",16000,False,17793,160248.35037374444,1415723.1085441576,0.33643999917995454
screen,10002,32,window,bulk,"{""lr"": 0.003, ""parameterization"": ""x0"", ""radius"": 2, ""width"": 128}",16000,False,17793,116921.6048697221,1076392.8781636478,0.3295808550445394
screen,10002,32,window,centre,"{""lr"": 0.003, ""parameterization"": ""x0"", ""radius"": 2, ""width"": 128}",16000,False,17793,4499.511625795181,44848.53563990822,0.3167441156386489
screen,10002,32,window,all,"{""lr"": 0.003, ""parameterization"": ""x0"", ""radius"": 4, ""width"": 64}",4000,False,5057,219304.67960395914,1415723.1085441576,0.39358160185557123
screen,10002,32,window,bulk,"{""lr"": 0.003, ""parameterization"": ""x0"", ""radius"": 4, ""width"": 64}",4000,False,5057,153838.04743984574,1076392.8781636478,0.3780475881476582
screen,10002,32,window,centre,"{""lr"": 0.003, ""parameterization"": ""x0"", ""radius"": 4, ""width"": 64}",4000,False,5057,5771.766397489529,44848.53563990822,0.35874035951815175
screen,10002,32,window,all,"{""lr"": 0.003, ""parameterization"": ""x0"", ""radius"": 4, ""width"": 128}",4000,False,18305,221170.34563388853,1415723.1085441576,0.3952521926154994
screen,10002,32,window,bulk,"{""lr"": 0.003, ""parameterization"": ""x0"", ""radius"": 4, ""width"": 128}",4000,False,18305,167529.76118837713,1076392.8781636478,0.39451232617299437
screen,10002,32,window,centre,"{""lr"": 0.003, ""parameterization"": ""x0"", ""radius"": 4, ""width"": 128}",4000,False,18305,6520.692246178209,44848.53563990822,0.3813051913326675
screen,10002,32,window,all,"{""lr"": 0.003, ""parameterization"": ""x0"", ""radius"": 8, ""width"": 64}",2000,False,5569,401797.41805799527,1415723.1085441576,0.53273890083139
screen,10002,32,window,bulk,"{""lr"": 0.003, ""parameterization"": ""x0"", ""radius"": 8, ""width"": 64}",2000,False,5569,295173.0455474543,1076392.8781636478,0.5236642671639692
screen,10002,32,window,centre,"{""lr"": 0.003, ""parameterization"": ""x0"", ""radius"": 8, ""width"": 64}",2000,False,5569,12262.290796898753,44848.53563990822,0.5228916080776431
screen,10002,32,window,all,"{""lr"": 0.003, ""parameterization"": ""x0"", ""radius"": 8, ""width"": 128}",2000,False,19329,366249.06409807765,1415723.1085441576,0.5086266377665234
screen,10002,32,window,bulk,"{""lr"": 0.003, ""parameterization"": ""x0"", ""radius"": 8, ""width"": 128}",2000,False,19329,280207.59985489305,1076392.8781636478,0.5102165564029749
screen,10002,32,window,centre,"{""lr"": 0.003, ""parameterization"": ""x0"", ""radius"": 8, ""width"": 128}",2000,False,19329,11792.780293686686,44848.53563990822,0.5127834146886386
screen,10002,32,window,all,"{""lr"": 0.003, ""parameterization"": ""x0"", ""radius"": 16, ""width"": 64}",1000,False,6593,536321.6271406427,1415723.1085441576,0.6154935336353923
screen,10002,32,window,bulk,"{""lr"": 0.003, ""parameterization"": ""x0"", ""radius"": 16, ""width"": 64}",1000,False,6593,407816.6105398217,1076392.8781636478,0.6155269144389889
screen,10002,32,window,centre,"{""lr"": 0.003, ""parameterization"": ""x0"", ""radius"": 16, ""width"": 64}",1000,False,6593,20024.288013784873,44848.53563990822,0.6681968253130388
screen,10002,32,window,all,"{""lr"": 0.003, ""parameterization"": ""x0"", ""radius"": 16, ""width"": 128}",2000,False,21377,658931.8098210284,1415723.1085441576,0.6822304136967132
screen,10002,32,window,bulk,"{""lr"": 0.003, ""parameterization"": ""x0"", ""radius"": 16, ""width"": 128}",2000,False,21377,501618.85938240244,1076392.8781636478,0.6826553848603413
screen,10002,32,window,centre,"{""lr"": 0.003, ""parameterization"": ""x0"", ""radius"": 16, ""width"": 128}",2000,False,21377,26912.215892093915,44848.53563990822,0.7746412066821933
screen,10002,32,conv,all,"{""channels"": 64, ""lr"": 0.001, ""parameterization"": ""eps""}",500,False,66433,191096.42476771315,1415723.1085441576,0.36739828139060254
screen,10002,32,conv,bulk,"{""channels"": 64, ""lr"": 0.001, ""parameterization"": ""eps""}",500,False,66433,136942.48279059204,1076392.8781636478,0.3566840513684115
screen,10002,32,conv,centre,"{""channels"": 64, ""lr"": 0.001, ""parameterization"": ""eps""}",500,False,66433,5104.180561213005,44848.53563990822,0.3373563435628741
screen,10002,32,conv,all,"{""channels"": 64, ""lr"": 0.003, ""parameterization"": ""eps""}",500,False,66433,100007.64306253448,1415723.1085441576,0.26578314466530156
screen,10002,32,conv,bulk,"{""channels"": 64, ""lr"": 0.003, ""parameterization"": ""eps""}",500,False,66433,70313.99884879113,1076392.8781636478,0.25558507590138496
screen,10002,32,conv,centre,"{""channels"": 64, ""lr"": 0.003, ""parameterization"": ""eps""}",500,False,66433,2975.0138202519397,44848.53563990822,0.25755522221249133
screen,10002,32,conv,all,"{""channels"": 128, ""lr"": 0.001, ""parameterization"": ""eps""}",1000,False,263937,272285.0231380486,1415723.1085441576,0.4385536364033728
screen,10002,32,conv,bulk,"{""channels"": 128, ""lr"": 0.001, ""parameterization"": ""eps""}",1000,False,263937,201977.2524669062,1076392.8781636478,0.4331774318939614
screen,10002,32,conv,centre,"{""channels"": 128, ""lr"": 0.001, ""parameterization"": ""eps""}",1000,False,263937,8597.4664610911,44848.53563990822,0.43783564106178874
screen,10002,32,conv,all,"{""channels"": 128, ""lr"": 0.003, ""parameterization"": ""eps""}",64000,True,263937,103138.67466805641,1415723.1085441576,0.2699116391895667
screen,10002,32,conv,bulk,"{""channels"": 128, ""lr"": 0.003, ""parameterization"": ""eps""}",64000,True,263937,75870.14871512423,1076392.8781636478,0.26549115681960556
screen,10002,32,conv,centre,"{""channels"": 128, ""lr"": 0.003, ""parameterization"": ""eps""}",64000,True,263937,3209.069653252532,44848.53563990822,0.2674948580274923
screen,10002,32,conv,all,"{""channels"": 64, ""lr"": 0.001, ""parameterization"": ""x0""}",2000,False,66433,694766.956541868,1415723.1085441576,0.7005359334534831
screen,10002,32,conv,bulk,"{""channels"": 64, ""lr"": 0.001, ""parameterization"": ""x0""}",2000,False,66433,520947.54922642506,1076392.8781636478,0.6956833218489373
screen,10002,32,conv,centre,"{""channels"": 64, ""lr"": 0.001, ""parameterization"": ""x0""}",2000,False,66433,19047.92308246136,44848.53563990822,0.6517029406632546
screen,10002,32,conv,all,"{""channels"": 64, ""lr"": 0.003, ""parameterization"": ""x0""}",500,False,66433,356947.20392248174,1415723.1085441576,0.502126141069646
screen,10002,32,conv,bulk,"{""channels"": 64, ""lr"": 0.003, ""parameterization"": ""x0""}",500,False,66433,251840.07750020528,1076392.8781636478,0.48370103240743667
screen,10002,32,conv,centre,"{""channels"": 64, ""lr"": 0.003, ""parameterization"": ""x0""}",500,False,66433,9330.570179162147,44848.53563990822,0.45612088487954366
screen,10002,32,conv,all,"{""channels"": 128, ""lr"": 0.001, ""parameterization"": ""x0""}",500,False,263937,420404.4749712647,1415723.1085441576,0.5449347515523437
screen,10002,32,conv,bulk,"{""channels"": 128, ""lr"": 0.001, ""parameterization"": ""x0""}",500,False,263937,296152.4335194887,1076392.8781636478,0.5245323101119637
screen,10002,32,conv,centre,"{""channels"": 128, ""lr"": 0.001, ""parameterization"": ""x0""}",500,False,263937,11900.220904897013,44848.53563990822,0.515114029042715
screen,10002,32,conv,all,"{""channels"": 128, ""lr"": 0.003, ""parameterization"": ""x0""}",1000,False,263937,456629.868996455,1415723.1085441576,0.5679276295597192
screen,10002,32,conv,bulk,"{""channels"": 128, ""lr"": 0.003, ""parameterization"": ""x0""}",1000,False,263937,339872.37251992343,1076392.8781636478,0.5619174560999157
screen,10002,32,conv,centre,"{""channels"": 128, ""lr"": 0.003, ""parameterization"": ""x0""}",1000,False,263937,13382.012825908967,44848.53563990822,0.5462438837131911
screen,10002,32,bimp,all,"{""hidden"": 64, ""lr"": 0.001, ""parameterization"": ""eps""}",1000,False,8965,132275.78369562738,1415723.1085441576,0.30566872900452075
screen,10002,32,bimp,bulk,"{""hidden"": 64, ""lr"": 0.001, ""parameterization"": ""eps""}",1000,False,8965,90238.20661223255,1076392.8781636478,0.28954083330407077
screen,10002,32,bimp,centre,"{""hidden"": 64, ""lr"": 0.001, ""parameterization"": ""eps""}",1000,False,8965,4017.795115366361,44848.53563990822,0.29930898868882433
screen,10002,32,bimp,all,"{""hidden"": 64, ""lr"": 0.003, ""parameterization"": ""eps""}",500,False,8965,99838.59758087675,1415723.1085441576,0.2655584196305976
screen,10002,32,bimp,bulk,"{""hidden"": 64, ""lr"": 0.003, ""parameterization"": ""eps""}",500,False,8965,65725.70203825374,1076392.8781636478,0.24710538455297526
screen,10002,32,bimp,centre,"{""hidden"": 64, ""lr"": 0.003, ""parameterization"": ""eps""}",500,False,8965,2433.7654547220773,44848.53563990822,0.23295134779302865
screen,10002,32,bimp,all,"{""hidden"": 128, ""lr"": 0.001, ""parameterization"": ""eps""}",500,False,34309,134796.75668018742,1415723.1085441576,0.30856776929892454
screen,10002,32,bimp,bulk,"{""hidden"": 128, ""lr"": 0.001, ""parameterization"": ""eps""}",500,False,34309,88510.0060176033,1076392.8781636478,0.2867548534899193
screen,10002,32,bimp,centre,"{""hidden"": 128, ""lr"": 0.001, ""parameterization"": ""eps""}",500,False,34309,3538.385796343574,44848.53563990822,0.28088494210723514
screen,10002,32,bimp,all,"{""hidden"": 128, ""lr"": 0.003, ""parameterization"": ""eps""}",16000,False,34309,168959.59610291276,1415723.1085441576,0.34546358125397475
screen,10002,32,bimp,bulk,"{""hidden"": 128, ""lr"": 0.003, ""parameterization"": ""eps""}",16000,False,34309,124833.46356879895,1076392.8781636478,0.3405493866137342
screen,10002,32,bimp,centre,"{""hidden"": 128, ""lr"": 0.003, ""parameterization"": ""eps""}",16000,False,34309,5701.177268225875,44848.53563990822,0.3565399003317505
screen,10002,32,bimp,all,"{""hidden"": 64, ""lr"": 0.001, ""parameterization"": ""x0""}",1000,False,8965,244959.0618707938,1415723.1085441576,0.415965770702889
screen,10002,32,bimp,bulk,"{""hidden"": 64, ""lr"": 0.001, ""parameterization"": ""x0""}",1000,False,8965,164514.96863219677,1076392.8781636478,0.3909464750406346
screen,10002,32,bimp,centre,"{""hidden"": 64, ""lr"": 0.001, ""parameterization"": ""x0""}",1000,False,8965,6800.269883973671,44848.53563990822,0.38939371795776645
screen,10002,32,bimp,all,"{""hidden"": 64, ""lr"": 0.003, ""parameterization"": ""x0""}",1000,False,8965,270095.3130006221,1415723.1085441576,0.4367866574056799
screen,10002,32,bimp,bulk,"{""hidden"": 64, ""lr"": 0.003, ""parameterization"": ""x0""}",1000,False,8965,188001.37329579183,1076392.8781636478,0.4179218743237728
screen,10002,32,bimp,centre,"{""hidden"": 64, ""lr"": 0.003, ""parameterization"": ""x0""}",1000,False,8965,7005.020747040925,44848.53563990822,0.3952124153924187
screen,10002,32,bimp,all,"{""hidden"": 128, ""lr"": 0.001, ""parameterization"": ""x0""}",1000,False,34309,260200.41298595752,1415723.1085441576,0.4287112007272005
screen,10002,32,bimp,bulk,"{""hidden"": 128, ""lr"": 0.001, ""parameterization"": ""x0""}",1000,False,34309,186986.68945912863,1076392.8781636478,0.41679254133920274
screen,10002,32,bimp,centre,"{""hidden"": 128, ""lr"": 0.001, ""parameterization"": ""x0""}",1000,False,34309,6780.873326736582,44848.53563990822,0.38883798331890546
screen,10002,32,bimp,all,"{""hidden"": 128, ""lr"": 0.003, ""parameterization"": ""x0""}",32000,False,34309,448020.2345125031,1415723.1085441576,0.5625480893946652
screen,10002,32,bimp,bulk,"{""hidden"": 128, ""lr"": 0.003, ""parameterization"": ""x0""}",32000,False,34309,328943.41674410785,1076392.8781636478,0.5528091104865829
screen,10002,32,bimp,centre,"{""hidden"": 128, ""lr"": 0.003, ""parameterization"": ""x0""}",32000,False,34309,10122.279750157868,44848.53563990822,0.4750781254790852
screen,10002,2048,window,all,"{""lr"": 0.003, ""parameterization"": ""eps"", ""radius"": 2, ""width"": 64}",32000,False,4801,25538.924884045555,1415723.1085441576,0.13431117388418776
screen,10002,2048,window,bulk,"{""lr"": 0.003, ""parameterization"": ""eps"", ""radius"": 2, ""width"": 64}",32000,False,4801,14756.372024800949,1076392.8781636478,0.11708584378512354
screen,10002,2048,window,centre,"{""lr"": 0.003, ""parameterization"": ""eps"", ""radius"": 2, ""width"": 64}",32000,False,4801,604.1662079498623,44848.53563990822,0.1160657498975659
screen,10002,2048,window,all,"{""lr"": 0.003, ""parameterization"": ""eps"", ""radius"": 2, ""width"": 128}",32000,False,17793,22335.01591031427,1415723.1085441576,0.12560414529105038
screen,10002,2048,window,bulk,"{""lr"": 0.003, ""parameterization"": ""eps"", ""radius"": 2, ""width"": 128}",32000,False,17793,15412.664147022811,1076392.8781636478,0.11966122641620532
screen,10002,2048,window,centre,"{""lr"": 0.003, ""parameterization"": ""eps"", ""radius"": 2, ""width"": 128}",32000,False,17793,643.0300030099122,44848.53563990822,0.11974061512475284
screen,10002,2048,window,all,"{""lr"": 0.003, ""parameterization"": ""eps"", ""radius"": 4, ""width"": 64}",32000,False,5057,18235.611334614405,1415723.1085441576,0.11349350360728519
screen,10002,2048,window,bulk,"{""lr"": 0.003, ""parameterization"": ""eps"", ""radius"": 4, ""width"": 64}",32000,False,5057,6560.564533072028,1076392.8781636478,0.07807018312669026
screen,10002,2048,window,centre,"{""lr"": 0.003, ""parameterization"": ""eps"", ""radius"": 4, ""width"": 64}",32000,False,5057,280.97834540908343,44848.53563990822,0.07915207266046398
screen,10002,2048,window,all,"{""lr"": 0.003, ""parameterization"": ""eps"", ""radius"": 4, ""width"": 128}",16000,False,18305,16290.669011845825,1415723.1085441576,0.10727049864921662
screen,10002,2048,window,bulk,"{""lr"": 0.003, ""parameterization"": ""eps"", ""radius"": 4, ""width"": 128}",16000,False,18305,6233.098951937681,1076392.8781636478,0.07609683654832955
screen,10002,2048,window,centre,"{""lr"": 0.003, ""parameterization"": ""eps"", ""radius"": 4, ""width"": 128}",16000,False,18305,266.8315744021004,44848.53563990822,0.07713375528742886
screen,10002,2048,window,all,"{""lr"": 0.003, ""parameterization"": ""eps"", ""radius"": 8, ""width"": 64}",64000,True,5569,12921.49958713525,1415723.1085441576,0.09553605382361631
screen,10002,2048,window,bulk,"{""lr"": 0.003, ""parameterization"": ""eps"", ""radius"": 8, ""width"": 64}",64000,True,5569,6417.609706586677,1076392.8781636478,0.07721492304209512
screen,10002,2048,window,centre,"{""lr"": 0.003, ""parameterization"": ""eps"", ""radius"": 8, ""width"": 64}",64000,True,5569,260.04555721682055,44848.53563990822,0.07614661209440735
screen,10002,2048,window,all,"{""lr"": 0.003, ""parameterization"": ""eps"", ""radius"": 8, ""width"": 128}",32000,False,19329,12869.15842476894,1415723.1085441576,0.09534236336970728
screen,10002,2048,window,bulk,"{""lr"": 0.003, ""parameterization"": ""eps"", ""radius"": 8, ""width"": 128}",32000,False,19329,7331.09599117475,1076392.8781636478,0.08252756764150262
screen,10002,2048,window,centre,"{""lr"": 0.003, ""parameterization"": ""eps"", ""radius"": 8, ""width"": 128}",32000,False,19329,300.28780445319666,44848.53563990822,0.08182663910856357
screen,10002,2048,window,all,"{""lr"": 0.003, ""parameterization"": ""eps"", ""radius"": 16, ""width"": 64}",8000,False,6593,21459.963422128865,1415723.1085441576,0.1231190705286356
screen,10002,2048,window,bulk,"{""lr"": 0.003, ""parameterization"": ""eps"", ""radius"": 16, ""width"": 64}",8000,False,6593,7095.0335174461125,1076392.8781636478,0.08118799529859765
screen,10002,2048,window,centre,"{""lr"": 0.003, ""parameterization"": ""eps"", ""radius"": 16, ""width"": 64}",8000,False,6593,313.6909680329496,44848.53563990822,0.08363284553576782
screen,10002,2048,window,all,"{""lr"": 0.003, ""parameterization"": ""eps"", ""radius"": 16, ""width"": 128}",64000,True,21377,21488.6903283468,1415723.1085441576,0.12320144828226633
screen,10002,2048,window,bulk,"{""lr"": 0.003, ""parameterization"": ""eps"", ""radius"": 16, ""width"": 128}",64000,True,21377,13801.625727498968,1076392.8781636478,0.11323474728956928
screen,10002,2048,window,centre,"{""lr"": 0.003, ""parameterization"": ""eps"", ""radius"": 16, ""width"": 128}",64000,True,21377,633.5531839190544,44848.53563990822,0.11885498600000116
screen,10002,2048,window,all,"{""lr"": 0.003, ""parameterization"": ""x0"", ""radius"": 2, ""width"": 64}",4000,False,4801,49988.44949036303,1415723.1085441576,0.18790817414299915
screen,10002,2048,window,bulk,"{""lr"": 0.003, ""parameterization"": ""x0"", ""radius"": 2, ""width"": 64}",4000,False,4801,29884.8702927382,1076392.8781636478,0.1666250450334948
screen,10002,2048,window,centre,"{""lr"": 0.003, ""parameterization"": ""x0"", ""radius"": 2, ""width"": 64}",4000,False,4801,1162.052146768897,44848.53563990822,0.1609676764056223
screen,10002,2048,window,all,"{""lr"": 0.003, ""parameterization"": ""x0"", ""radius"": 2, ""width"": 128}",32000,False,17793,61943.391977624626,1415723.1085441576,0.20917430330617967
screen,10002,2048,window,bulk,"{""lr"": 0.003, ""parameterization"": ""x0"", ""radius"": 2, ""width"": 128}",32000,False,17793,41993.8308776602,1076392.8781636478,0.19751830025256986
screen,10002,2048,window,centre,"{""lr"": 0.003, ""parameterization"": ""x0"", ""radius"": 2, ""width"": 128}",32000,False,17793,1650.4614378398815,44848.53563990822,0.19183531395425232
screen,10002,2048,window,all,"{""lr"": 0.003, ""parameterization"": ""x0"", ""radius"": 4, ""width"": 64}",64000,True,5057,38051.75575480252,1415723.1085441576,0.16394500514801183
screen,10002,2048,window,bulk,"{""lr"": 0.003, ""parameterization"": ""x0"", ""radius"": 4, ""width"": 64}",64000,True,5057,23269.2931779316,1076392.8781636478,0.14703007809752425
screen,10002,2048,window,centre,"{""lr"": 0.003, ""parameterization"": ""x0"", ""radius"": 4, ""width"": 64}",64000,True,5057,973.1333883392412,44848.53563990822,0.14730315643679695
screen,10002,2048,window,all,"{""lr"": 0.003, ""parameterization"": ""x0"", ""radius"": 4, ""width"": 128}",8000,False,18305,45323.99162472855,1415723.1085441576,0.1789266022025138
screen,10002,2048,window,bulk,"{""lr"": 0.003, ""parameterization"": ""x0"", ""radius"": 4, ""width"": 128}",8000,False,18305,27269.723451832655,1076392.8781636478,0.15916770671822367
screen,10002,2048,window,centre,"{""lr"": 0.003, ""parameterization"": ""x0"", ""radius"": 4, ""width"": 128}",8000,False,18305,1079.4888774599572,44848.53563990822,0.15514398850966685
screen,10002,2048,window,all,"{""lr"": 0.003, ""parameterization"": ""x0"", ""radius"": 8, ""width"": 64}",64000,True,5569,47869.48087577949,1415723.1085441576,0.1838824147883895
screen,10002,2048,window,bulk,"{""lr"": 0.003, ""parameterization"": ""x0"", ""radius"": 8, ""width"": 64}",64000,True,5569,33698.565087431394,1076392.8781636478,0.17693766695657143
screen,10002,2048,window,centre,"{""lr"": 0.003, ""parameterization"": ""x0"", ""radius"": 8, ""width"": 64}",64000,True,5569,1373.853845118976,44848.53563990822,0.17502340682094658
screen,10002,2048,window,all,"{""lr"": 0.003, ""parameterization"": ""x0"", ""radius"": 8, ""width"": 128}",64000,True,19329,42872.10931348522,1415723.1085441576,0.17401963972007142
screen,10002,2048,window,bulk,"{""lr"": 0.003, ""parameterization"": ""x0"", ""radius"": 8, ""width"": 128}",64000,True,19329,27881.632311380614,1076392.8781636478,0.1609435920581176
screen,10002,2048,window,centre,"{""lr"": 0.003, ""parameterization"": ""x0"", ""radius"": 8, ""width"": 128}",64000,True,19329,1198.394080764495,44848.53563990822,0.16346534445068245
screen,10002,2048,window,all,"{""lr"": 0.003, ""parameterization"": ""x0"", ""radius"": 16, ""width"": 64}",8000,False,6593,61170.52678019386,1415723.1085441576,0.20786527766183585
screen,10002,2048,window,bulk,"{""lr"": 0.003, ""parameterization"": ""x0"", ""radius"": 16, ""width"": 64}",8000,False,6593,42299.894466472026,1076392.8781636478,0.19823677970515857
screen,10002,2048,window,centre,"{""lr"": 0.003, ""parameterization"": ""x0"", ""radius"": 16, ""width"": 64}",8000,False,6593,1929.646511926177,44848.53563990822,0.20742674183392687
screen,10002,2048,window,all,"{""lr"": 0.003, ""parameterization"": ""x0"", ""radius"": 16, ""width"": 128}",8000,False,21377,58104.23035463334,1415723.1085441576,0.20258846598972235
screen,10002,2048,window,bulk,"{""lr"": 0.003, ""parameterization"": ""x0"", ""radius"": 16, ""width"": 128}",8000,False,21377,35227.264238222415,1076392.8781636478,0.18090644971498177
screen,10002,2048,window,centre,"{""lr"": 0.003, ""parameterization"": ""x0"", ""radius"": 16, ""width"": 128}",8000,False,21377,1723.5971425674722,44848.53563990822,0.19603957351633958
screen,10002,2048,conv,all,"{""channels"": 64, ""lr"": 0.001, ""parameterization"": ""eps""}",8000,False,66433,8670.336134514635,1415723.1085441576,0.07825801120240522
screen,10002,2048,conv,bulk,"{""channels"": 64, ""lr"": 0.001, ""parameterization"": ""eps""}",8000,False,66433,5706.609737876597,1076392.8781636478,0.07281212043369102
screen,10002,2048,conv,centre,"{""channels"": 64, ""lr"": 0.001, ""parameterization"": ""eps""}",8000,False,66433,223.58757304053168,44848.53563990822,0.07060731507465239
screen,10002,2048,conv,all,"{""channels"": 64, ""lr"": 0.003, ""parameterization"": ""eps""}",8000,False,66433,18938.085049515612,1415723.1085441576,0.11565885026906422
screen,10002,2048,conv,bulk,"{""channels"": 64, ""lr"": 0.003, ""parameterization"": ""eps""}",8000,False,66433,13379.953130552813,1076392.8781636478,0.11149153331398337
screen,10002,2048,conv,centre,"{""channels"": 64, ""lr"": 0.003, ""parameterization"": ""eps""}",8000,False,66433,581.3555843669319,44848.53563990822,0.11385360609014955
screen,10002,2048,conv,all,"{""channels"": 128, ""lr"": 0.001, ""parameterization"": ""eps""}",8000,False,263937,10133.417911388453,1415723.1085441576,0.0846035947578197
screen,10002,2048,conv,bulk,"{""channels"": 128, ""lr"": 0.001, ""parameterization"": ""eps""}",8000,False,263937,7166.858525728234,1076392.8781636478,0.08159790489302912
screen,10002,2048,conv,centre,"{""channels"": 128, ""lr"": 0.001, ""parameterization"": ""eps""}",8000,False,263937,296.73304999325677,44848.53563990822,0.0813408725091838
screen,10002,2048,conv,all,"{""channels"": 128, ""lr"": 0.003, ""parameterization"": ""eps""}",4000,False,263937,35197.12942751019,1415723.1085441576,0.15767558903310244
screen,10002,2048,conv,bulk,"{""channels"": 128, ""lr"": 0.003, ""parameterization"": ""eps""}",4000,False,263937,26424.542089667237,1076392.8781636478,0.1566817188527257
screen,10002,2048,conv,centre,"{""channels"": 128, ""lr"": 0.003, ""parameterization"": ""eps""}",4000,False,263937,1136.4744498576615,44848.53563990822,0.15918630588433483
screen,10002,2048,conv,all,"{""channels"": 64, ""lr"": 0.001, ""parameterization"": ""x0""}",32000,False,66433,23951.290738694563,1415723.1085441576,0.1300694490867567
screen,10002,2048,conv,bulk,"{""channels"": 64, ""lr"": 0.001, ""parameterization"": ""x0""}",32000,False,66433,17315.316732046755,1076392.8781636478,0.12683228368092878
screen,10002,2048,conv,centre,"{""channels"": 64, ""lr"": 0.001, ""parameterization"": ""x0""}",32000,False,66433,815.319577186446,44848.53563990822,0.13483101429734637
screen,10002,2048,conv,all,"{""channels"": 64, ""lr"": 0.003, ""parameterization"": ""x0""}",16000,False,66433,53402.229332927855,1415723.1085441576,0.19421847209818668
screen,10002,2048,conv,bulk,"{""channels"": 64, ""lr"": 0.003, ""parameterization"": ""x0""}",16000,False,66433,38421.448447978095,1076392.8781636478,0.18893023241275667
screen,10002,2048,conv,centre,"{""channels"": 64, ""lr"": 0.003, ""parameterization"": ""x0""}",16000,False,66433,1500.480931125395,44848.53563990822,0.18291154015044966
screen,10002,2048,conv,all,"{""channels"": 128, ""lr"": 0.001, ""parameterization"": ""x0""}",64000,True,263937,47311.735996215975,1415723.1085441576,0.1828080353919162
screen,10002,2048,conv,bulk,"{""channels"": 128, ""lr"": 0.001, ""parameterization"": ""x0""}",64000,True,263937,32731.591703559923,1076392.8781636478,0.17438059482392856
screen,10002,2048,conv,centre,"{""channels"": 128, ""lr"": 0.001, ""parameterization"": ""x0""}",64000,True,263937,1304.1042532829897,44848.53563990822,0.17052262990872882
screen,10002,2048,conv,all,"{""channels"": 128, ""lr"": 0.003, ""parameterization"": ""x0""}",8000,False,263937,96898.81933261437,1415723.1085441576,0.2616194824583104
screen,10002,2048,conv,bulk,"{""channels"": 128, ""lr"": 0.003, ""parameterization"": ""x0""}",8000,False,263937,70605.82352977702,1076392.8781636478,0.25611490499590317
screen,10002,2048,conv,centre,"{""channels"": 128, ""lr"": 0.003, ""parameterization"": ""x0""}",8000,False,263937,2844.38836864693,44848.53563990822,0.25183745007134684
screen,10002,2048,bimp,all,"{""hidden"": 64, ""lr"": 0.001, ""parameterization"": ""eps""}",8000,False,8965,19955.12658774447,1415723.1085441576,0.11872388048291037
screen,10002,2048,bimp,bulk,"{""hidden"": 64, ""lr"": 0.001, ""parameterization"": ""eps""}",8000,False,8965,14316.333975385747,1076392.8781636478,0.11532686932064802
screen,10002,2048,bimp,centre,"{""hidden"": 64, ""lr"": 0.001, ""parameterization"": ""eps""}",8000,False,8965,569.289101001656,44848.53563990822,0.11266585089326897
screen,10002,2048,bimp,all,"{""hidden"": 64, ""lr"": 0.003, ""parameterization"": ""eps""}",64000,True,8965,19092.42723661397,1415723.1085441576,0.11612919393316669
screen,10002,2048,bimp,bulk,"{""hidden"": 64, ""lr"": 0.003, ""parameterization"": ""eps""}",64000,True,8965,14199.022004520451,1076392.8781636478,0.11485338735114292
screen,10002,2048,bimp,centre,"{""hidden"": 64, ""lr"": 0.003, ""parameterization"": ""eps""}",64000,True,8965,573.726770246181,44848.53563990822,0.11310411962389748
screen,10002,2048,bimp,all,"{""hidden"": 128, ""lr"": 0.001, ""parameterization"": ""eps""}",8000,False,34309,16481.319130210108,1415723.1085441576,0.10789636753772981
screen,10002,2048,bimp,bulk,"{""hidden"": 128, ""lr"": 0.001, ""parameterization"": ""eps""}",8000,False,34309,11649.687841812705,1076392.8781636478,0.10403314707337018
screen,10002,2048,bimp,centre,"{""hidden"": 128, ""lr"": 0.001, ""parameterization"": ""eps""}",8000,False,34309,484.7965343756116,44848.53563990822,0.1039694196080315
screen,10002,2048,bimp,all,"{""hidden"": 128, ""lr"": 0.003, ""parameterization"": ""eps""}",4000,False,34309,32739.2718664586,1415723.1085441576,0.15207063087589545
screen,10002,2048,bimp,bulk,"{""hidden"": 128, ""lr"": 0.003, ""parameterization"": ""eps""}",4000,False,34309,24236.628650909428,1076392.8781636478,0.1500550778663118
screen,10002,2048,bimp,centre,"{""hidden"": 128, ""lr"": 0.003, ""parameterization"": ""eps""}",4000,False,34309,1026.4113197585132,44848.53563990822,0.1512817650185049
screen,10002,2048,bimp,all,"{""hidden"": 64, ""lr"": 0.001, ""parameterization"": ""x0""}",64000,True,8965,18942.01337290367,1415723.1085441576,0.11567084519375197
screen,10002,2048,bimp,bulk,"{""hidden"": 64, ""lr"": 0.001, ""parameterization"": ""x0""}",64000,True,8965,14155.30329710756,1076392.8781636478,0.1146764345761307
screen,10002,2048,bimp,centre,"{""hidden"": 64, ""lr"": 0.001, ""parameterization"": ""x0""}",64000,True,8965,589.307264633036,44848.53563990822,0.11462959651783718
screen,10002,2048,bimp,all,"{""hidden"": 64, ""lr"": 0.003, ""parameterization"": ""x0""}",64000,True,8965,23022.143372263617,1415723.1085441576,0.12752158926966178
screen,10002,2048,bimp,bulk,"{""hidden"": 64, ""lr"": 0.003, ""parameterization"": ""x0""}",64000,True,8965,16817.811908189688,1076392.8781636478,0.12499692742939507
screen,10002,2048,bimp,centre,"{""hidden"": 64, ""lr"": 0.003, ""parameterization"": ""x0""}",64000,True,8965,682.2472517903236,44848.53563990822,0.1233379608043785
screen,10002,2048,bimp,all,"{""hidden"": 128, ""lr"": 0.001, ""parameterization"": ""x0""}",32000,False,34309,22228.71874435538,1415723.1085441576,0.12530490019196183
screen,10002,2048,bimp,bulk,"{""hidden"": 128, ""lr"": 0.001, ""parameterization"": ""x0""}",32000,False,34309,15663.150102527556,1076392.8781636478,0.12062967204560268
screen,10002,2048,bimp,centre,"{""hidden"": 128, ""lr"": 0.001, ""parameterization"": ""x0""}",32000,False,34309,678.2810274830508,44848.53563990822,0.12297892743478513
screen,10002,2048,bimp,all,"{""hidden"": 128, ""lr"": 0.003, ""parameterization"": ""x0""}",16000,False,34309,71511.44024181958,1415723.1085441576,0.22474943152086213
screen,10002,2048,bimp,bulk,"{""hidden"": 128, ""lr"": 0.003, ""parameterization"": ""x0""}",16000,False,34309,51931.190756631964,1076392.8781636478,0.2196487482472034
screen,10002,2048,bimp,centre,"{""hidden"": 128, ""lr"": 0.003, ""parameterization"": ""x0""}",16000,False,34309,2492.366764671605,44848.53563990822,0.23573921987812912
screen,10003,32,window,all,"{""lr"": 0.003, ""parameterization"": ""eps"", ""radius"": 2, ""width"": 64}",4000,False,4801,55952.47136650243,1422892.7331583132,0.1983003844251377
screen,10003,32,window,bulk,"{""lr"": 0.003, ""parameterization"": ""eps"", ""radius"": 2, ""width"": 64}",4000,False,4801,33316.37040804611,1080510.6183415176,0.17559587980941116
screen,10003,32,window,centre,"{""lr"": 0.003, ""parameterization"": ""eps"", ""radius"": 2, ""width"": 64}",4000,False,4801,1365.7392648085543,44750.2611105501,0.17469726702159188
screen,10003,32,window,all,"{""lr"": 0.003, ""parameterization"": ""eps"", ""radius"": 2, ""width"": 128}",8000,False,17793,71010.64622267283,1422892.7331583132,0.22339613329427022
screen,10003,32,window,bulk,"{""lr"": 0.003, ""parameterization"": ""eps"", ""radius"": 2, ""width"": 128}",8000,False,17793,42661.98365678433,1080510.6183415176,0.19870372236994707
screen,10003,32,window,centre,"{""lr"": 0.003, ""parameterization"": ""eps"", ""radius"": 2, ""width"": 128}",8000,False,17793,1771.842850320682,44750.2611105501,0.19898246810302717
screen,10003,32,window,all,"{""lr"": 0.003, ""parameterization"": ""eps"", ""radius"": 4, ""width"": 64}",1000,False,5057,69532.50224781128,1422892.7331583132,0.2210588205617089
screen,10003,32,window,bulk,"{""lr"": 0.003, ""parameterization"": ""eps"", ""radius"": 4, ""width"": 64}",1000,False,5057,44073.89709201039,1080510.6183415176,0.20196504334446228
screen,10003,32,window,centre,"{""lr"": 0.003, ""parameterization"": ""eps"", ""radius"": 4, ""width"": 64}",1000,False,5057,1876.5185131989158,44750.2611105501,0.20477580404469625
screen,10003,32,window,all,"{""lr"": 0.003, ""parameterization"": ""eps"", ""radius"": 4, ""width"": 128}",1000,False,18305,72791.89747996969,1422892.7331583132,0.22618064566113358
screen,10003,32,window,bulk,"{""lr"": 0.003, ""parameterization"": ""eps"", ""radius"": 4, ""width"": 128}",1000,False,18305,46922.182838168184,1080510.6183415176,0.20838890094438067
screen,10003,32,window,centre,"{""lr"": 0.003, ""parameterization"": ""eps"", ""radius"": 4, ""width"": 128}",1000,False,18305,1946.564209352936,44750.2611105501,0.20856267101817208
screen,10003,32,window,all,"{""lr"": 0.003, ""parameterization"": ""eps"", ""radius"": 8, ""width"": 64}",1000,False,5569,106613.13445849983,1422892.7331583132,0.2737280321601667
screen,10003,32,window,bulk,"{""lr"": 0.003, ""parameterization"": ""eps"", ""radius"": 8, ""width"": 64}",1000,False,5569,72883.88951277235,1080510.6183415176,0.25971752225587
screen,10003,32,window,centre,"{""lr"": 0.003, ""parameterization"": ""eps"", ""radius"": 8, ""width"": 64}",1000,False,5569,3130.263943870062,44750.2611105501,0.2644799125039663
screen,10003,32,window,all,"{""lr"": 0.003, ""parameterization"": ""eps"", ""radius"": 8, ""width"": 128}",500,False,19329,113348.57798610673,1422892.7331583132,0.2822422056283294
screen,10003,32,window,bulk,"{""lr"": 0.003, ""parameterization"": ""eps"", ""radius"": 8, ""width"": 128}",500,False,19329,76100.03761518342,1080510.6183415176,0.265385943484493
screen,10003,32,window,centre,"{""lr"": 0.003, ""parameterization"": ""eps"", ""radius"": 8, ""width"": 128}",500,False,19329,3174.2657257328838,44750.2611105501,0.26633230825878534
screen,10003,32,window,all,"{""lr"": 0.003, ""parameterization"": ""eps"", ""radius"": 16, ""width"": 64}",500,False,6593,126927.53087216236,1422892.7331583132,0.29867016040221506
screen,10003,32,window,bulk,"{""lr"": 0.003, ""parameterization"": ""eps"", ""radius"": 16, ""width"": 64}",500,False,6593,87870.9405397485,1080510.6183415176,0.2851728118897332
screen,10003,32,window,centre,"{""lr"": 0.003, ""parameterization"": ""eps"", ""radius"": 16, ""width"": 64}",500,False,6593,4220.968511088126,44750.2611105501,0.3071201203473886
screen,10003,32,window,all,"{""lr"": 0.003, ""parameterization"": ""eps"", ""radius"": 16, ""width"": 128}",500,False,21377,173171.58238622185,1422892.7331583132,0.3488608479042298
screen,10003,32,window,bulk,"{""lr"": 0.003, ""parameterization"": ""eps"", ""radius"": 16, ""width"": 128}",500,False,21377,119028.69705136756,1080510.6183415176,0.33190310877200824
screen,10003,32,window,centre,"{""lr"": 0.003, ""parameterization"": ""eps"", ""radius"": 16, ""width"": 128}",500,False,21377,5682.160308831942,44750.2611105501,0.35633538762934436
screen,10003,32,window,all,"{""lr"": 0.003, ""parameterization"": ""x0"", ""radius"": 2, ""width"": 64}",8000,False,4801,97730.18201478051,1422892.7331583132,0.2620766164293985
screen,10003,32,window,bulk,"{""lr"": 0.003, ""parameterization"": ""x0"", ""radius"": 2, ""width"": 64}",8000,False,4801,64762.90042219894,1080510.6183415176,0.24482097641481587
screen,10003,32,window,centre,"{""lr"": 0.003, ""parameterization"": ""x0"", ""radius"": 2, ""width"": 64}",8000,False,4801,2552.8809307955357,44750.2611105501,0.23884573620146024
screen,10003,32,window,all,"{""lr"": 0.003, ""parameterization"": ""x0"", ""radius"": 2, ""width"": 128}",8000,False,17793,100376.98724518536,1422892.7331583132,0.26560178995944395
screen,10003,32,window,bulk,"{""lr"": 0.003, ""parameterization"": ""x0"", ""radius"": 2, ""width"": 128}",8000,False,17793,70734.44369035892,1080510.6183415176,0.2558591492948721
screen,10003,32,window,centre,"{""lr"": 0.003, ""parameterization"": ""x0"", ""radius"": 2, ""width"": 128}",8000,False,17793,2855.427821745694,44750.2611105501,0.2526025942702748
screen,10003,32,window,all,"{""lr"": 0.003, ""parameterization"": ""x0"", ""radius"": 4, ""width"": 64}",8000,False,5057,146512.06950177922,1422892.7331583132,0.32088589001624596
screen,10003,32,window,bulk,"{""lr"": 0.003, ""parameterization"": ""x0"", ""radius"": 4, ""width"": 64}",8000,False,5057,100624.1177660094,1080510.6183415176,0.3051662656904706
screen,10003,32,window,centre,"{""lr"": 0.003, ""parameterization"": ""x0"", ""radius"": 4, ""width"": 64}",8000,False,5057,3901.245360705376,44750.2611105501,0.29525947674017344
screen,10003,32,window,all,"{""lr"": 0.003, ""parameterization"": ""x0"", ""radius"": 4, ""width"": 128}",2000,False,18305,155008.22884409284,1422892.7331583132,0.3300587847354832
screen,10003,32,window,bulk,"{""lr"": 0.003, ""parameterization"": ""x0"", ""radius"": 4, ""width"": 128}",2000,False,18305,99799.33098202366,1080510.6183415176,0.303913012468217
screen,10003,32,window,centre,"{""lr"": 0.003, ""parameterization"": ""x0"", ""radius"": 4, ""width"": 128}",2000,False,18305,3859.5285733742885,44750.2611105501,0.29367659990696826
screen,10003,32,window,all,"{""lr"": 0.003, ""parameterization"": ""x0"", ""radius"": 8, ""width"": 64}",2000,False,5569,305836.28982703097,1422892.7331583132,0.46361601273819136
screen,10003,32,window,bulk,"{""lr"": 0.003, ""parameterization"": ""x0"", ""radius"": 8, ""width"": 64}",2000,False,5569,236883.03265521288,1080510.6183415176,0.46822269207619077
screen,10003,32,window,centre,"{""lr"": 0.003, ""parameterization"": ""x0"", ""radius"": 8, ""width"": 64}",2000,False,5569,9716.86642707746,44750.2611105501,0.4659779103962055
screen,10003,32,window,all,"{""lr"": 0.003, ""parameterization"": ""x0"", ""radius"": 8, ""width"": 128}",1000,False,19329,370151.035270754,1422892.7331583132,0.5100390210402616
screen,10003,32,window,bulk,"{""lr"": 0.003, ""parameterization"": ""x0"", ""radius"": 8, ""width"": 128}",1000,False,19329,268996.33429227956,1080510.6183415176,0.4989518776770381
screen,10003,32,window,centre,"{""lr"": 0.003, ""parameterization"": ""x0"", ""radius"": 8, ""width"": 128}",1000,False,19329,11629.460245744654,44750.2611105501,0.5097790602536575
screen,10003,32,window,all,"{""lr"": 0.003, ""parameterization"": ""x0"", ""radius"": 16, ""width"": 64}",1000,False,6593,625113.2499975858,1422892.7331583132,0.6628164395338079
screen,10003,32,window,bulk,"{""lr"": 0.003, ""parameterization"": ""x0"", ""radius"": 16, ""width"": 64}",1000,False,6593,455289.08417346433,1080510.6183415176,0.6491261416567674
screen,10003,32,window,centre,"{""lr"": 0.003, ""parameterization"": ""x0"", ""radius"": 16, ""width"": 64}",1000,False,6593,22562.416713806277,44750.2611105501,0.7100599560135785
screen,10003,32,window,all,"{""lr"": 0.003, ""parameterization"": ""x0"", ""radius"": 16, ""width"": 128}",1000,False,21377,685446.292618297,1422892.7331583132,0.6940657841368837
screen,10003,32,window,bulk,"{""lr"": 0.003, ""parameterization"": ""x0"", ""radius"": 16, ""width"": 128}",1000,False,21377,514381.6010213989,1080510.6183415176,0.6899667994047819
screen,10003,32,window,centre,"{""lr"": 0.003, ""parameterization"": ""x0"", ""radius"": 16, ""width"": 128}",1000,False,21377,27086.70140707804,44750.2611105501,0.7780012115362686
screen,10003,32,conv,all,"{""channels"": 64, ""lr"": 0.001, ""parameterization"": ""eps""}",1000,False,66433,229040.91979851763,1422892.7331583132,0.40120880803789044
screen,10003,32,conv,bulk,"{""channels"": 64, ""lr"": 0.001, ""parameterization"": ""eps""}",1000,False,66433,148386.14315474406,1080510.6183415176,0.3705801509214351
screen,10003,32,conv,centre,"{""channels"": 64, ""lr"": 0.001, ""parameterization"": ""eps""}",1000,False,66433,5428.483917237104,44750.2611105501,0.348290389434282
screen,10003,32,conv,all,"{""channels"": 64, ""lr"": 0.003, ""parameterization"": ""eps""}",1000,False,66433,197409.12300537227,1422892.7331583132,0.37247534310685226
screen,10003,32,conv,bulk,"{""channels"": 64, ""lr"": 0.003, ""parameterization"": ""eps""}",1000,False,66433,126261.11042042193,1080510.6183415176,0.3418379557618078
screen,10003,32,conv,centre,"{""channels"": 64, ""lr"": 0.003, ""parameterization"": ""eps""}",1000,False,66433,4312.938277221076,44750.2611105501,0.3104479773410317
screen,10003,32,conv,all,"{""channels"": 128, ""lr"": 0.001, ""parameterization"": ""eps""}",1000,False,263937,421153.64171044354,1422892.7331583132,0.544044218542624
screen,10003,32,conv,bulk,"{""channels"": 128, ""lr"": 0.001, ""parameterization"": ""eps""}",1000,False,263937,287630.10098405014,1080510.6183415176,0.5159440962074903
screen,10003,32,conv,centre,"{""channels"": 128, ""lr"": 0.001, ""parameterization"": ""eps""}",1000,False,263937,10719.048757401039,44750.2611105501,0.48941844895586417
screen,10003,32,conv,all,"{""channels"": 128, ""lr"": 0.003, ""parameterization"": ""eps""}",1000,False,263937,137413.86760686137,1422892.7331583132,0.31076292531357447
screen,10003,32,conv,bulk,"{""channels"": 128, ""lr"": 0.003, ""parameterization"": ""eps""}",1000,False,263937,84295.93510596472,1080510.6183415176,0.27931148692029933
screen,10003,32,conv,centre,"{""channels"": 128, ""lr"": 0.003, ""parameterization"": ""eps""}",1000,False,263937,3866.3880037126746,44750.2611105501,0.2939374555888563
screen,10003,32,conv,all,"{""channels"": 64, ""lr"": 0.001, ""parameterization"": ""x0""}",1000,False,66433,649566.5785210949,1422892.7331583132,0.6756561824705863
screen,10003,32,conv,bulk,"{""channels"": 64, ""lr"": 0.001, ""parameterization"": ""x0""}",1000,False,66433,349486.68018247874,1080510.6183415176,0.5687230032638042
screen,10003,32,conv,centre,"{""channels"": 64, ""lr"": 0.001, ""parameterization"": ""x0""}",1000,False,66433,15302.691048207147,44750.2611105501,0.5847713922699354
screen,10003,32,conv,all,"{""channels"": 64, ""lr"": 0.003, ""parameterization"": ""x0""}",500,False,66433,348200.7328194767,1422892.7331583132,0.4946850204505835
screen,10003,32,conv,bulk,"{""channels"": 64, ""lr"": 0.003, ""parameterization"": ""x0""}",500,False,66433,242886.90214251264,1080510.6183415176,0.4741191840664116
screen,10003,32,conv,centre,"{""channels"": 64, ""lr"": 0.003, ""parameterization"": ""x0""}",500,False,66433,10384.721498964645,44750.2611105501,0.4817255043922018
screen,10003,32,conv,all,"{""channels"": 128, ""lr"": 0.001, ""parameterization"": ""x0""}",500,False,263937,642792.9634199645,1422892.7331583132,0.6721241128861342
screen,10003,32,conv,bulk,"{""channels"": 128, ""lr"": 0.001, ""parameterization"": ""x0""}",500,False,263937,453114.574247215,1080510.6183415176,0.6475741379618384
screen,10003,32,conv,centre,"{""channels"": 128, ""lr"": 0.001, ""parameterization"": ""x0""}",500,False,263937,19369.130096644596,44750.2611105501,0.6578960383970103
screen,10003,32,conv,all,"{""channels"": 128, ""lr"": 0.003, ""parameterization"": ""x0""}",64000,True,263937,490705.8329426643,1422892.7331583132,0.5872520337736751
screen,10003,32,conv,bulk,"{""channels"": 128, ""lr"": 0.003, ""parameterization"": ""x0""}",64000,True,263937,336361.96785549365,1080510.6183415176,0.5579418302619233
screen,10003,32,conv,centre,"{""channels"": 128, ""lr"": 0.003, ""parameterization"": ""x0""}",64000,True,263937,13666.906322169445,44750.2611105501,0.552633645262921
screen,10003,32,bimp,all,"{""hidden"": 64, ""lr"": 0.001, ""parameterization"": ""eps""}",500,False,8965,85740.1942205074,1422892.7331583132,0.24547436812027787
screen,10003,32,bimp,bulk,"{""hidden"": 64, ""lr"": 0.001, ""parameterization"": ""eps""}",500,False,8965,53045.75985460263,1080510.6183415176,0.22156992865985986
screen,10003,32,bimp,centre,"{""hidden"": 64, ""lr"": 0.001, ""parameterization"": ""eps""}",500,False,8965,2056.7900929940906,44750.2611105501,0.21438638391454126
screen,10003,32,bimp,all,"{""hidden"": 64, ""lr"": 0.003, ""parameterization"": ""eps""}",500,False,8965,130778.1247208426,1422892.7331583132,0.30316668299991234
screen,10003,32,bimp,bulk,"{""hidden"": 64, ""lr"": 0.003, ""parameterization"": ""eps""}",500,False,8965,92847.21195283293,1080510.6183415176,0.29313651070704594
screen,10003,32,bimp,centre,"{""hidden"": 64, ""lr"": 0.003, ""parameterization"": ""eps""}",500,False,8965,3068.420853091968,44750.2611105501,0.2618542794621871
screen,10003,32,bimp,all,"{""hidden"": 128, ""lr"": 0.001, ""parameterization"": ""eps""}",500,False,34309,122935.93226363527,1422892.7331583132,0.2939363783136243
screen,10003,32,bimp,bulk,"{""hidden"": 128, ""lr"": 0.001, ""parameterization"": ""eps""}",500,False,34309,81814.11146882825,1080510.6183415176,0.2751690531985526
screen,10003,32,bimp,centre,"{""hidden"": 128, ""lr"": 0.001, ""parameterization"": ""eps""}",500,False,34309,3060.3360493034465,44750.2611105501,0.2615090796136355
screen,10003,32,bimp,all,"{""hidden"": 128, ""lr"": 0.003, ""parameterization"": ""eps""}",16000,False,34309,190147.9394845788,1422892.7331583132,0.36556089429508526
screen,10003,32,bimp,bulk,"{""hidden"": 128, ""lr"": 0.003, ""parameterization"": ""eps""}",16000,False,34309,131952.84927572697,1080510.6183415176,0.34945790312634745
screen,10003,32,bimp,centre,"{""hidden"": 128, ""lr"": 0.003, ""parameterization"": ""eps""}",16000,False,34309,3898.3578680484175,44750.2611105501,0.2951501888967706
screen,10003,32,bimp,all,"{""hidden"": 64, ""lr"": 0.001, ""parameterization"": ""x0""}",2000,False,8965,166672.23218718008,1422892.7331583132,0.3422516457939221
screen,10003,32,bimp,bulk,"{""hidden"": 64, ""lr"": 0.001, ""parameterization"": ""x0""}",2000,False,8965,121839.50729830754,1080510.6183415176,0.33579911521308864
screen,10003,32,bimp,centre,"{""hidden"": 64, ""lr"": 0.001, ""parameterization"": ""x0""}",2000,False,8965,4673.734367114039,44750.2611105501,0.3231723720362907
screen,10003,32,bimp,all,"{""hidden"": 64, ""lr"": 0.003, ""parameterization"": ""x0""}",500,False,8965,288428.3122743575,1422892.7331583132,0.45022837639198615
screen,10003,32,bimp,bulk,"{""hidden"": 64, ""lr"": 0.003, ""parameterization"": ""x0""}",500,False,8965,190314.1442427404,1080510.6183415176,0.41968264821988976
screen,10003,32,bimp,centre,"{""hidden"": 64, ""lr"": 0.003, ""parameterization"": ""x0""}",500,False,8965,7603.933234172146,44750.2611105501,0.412212693009559
screen,10003,32,bimp,all,"{""hidden"": 128, ""lr"": 0.001, ""parameterization"": ""x0""}",1000,False,34309,263327.7053054602,1422892.7331583132,0.43019186803410553
screen,10003,32,bimp,bulk,"{""hidden"": 128, ""lr"": 0.001, ""parameterization"": ""x0""}",1000,False,34309,185741.26986541107,1080510.6183415176,0.4146099169212618
screen,10003,32,bimp,centre,"{""hidden"": 128, ""lr"": 0.001, ""parameterization"": ""x0""}",1000,False,34309,6262.800856473384,44750.2611105501,0.3740989715800299
screen,10003,32,bimp,all,"{""hidden"": 128, ""lr"": 0.003, ""parameterization"": ""x0""}",1000,False,34309,456034.31506598595,1422892.7331583132,0.5661254525485886
screen,10003,32,bimp,bulk,"{""hidden"": 128, ""lr"": 0.003, ""parameterization"": ""x0""}",1000,False,34309,325761.90329451364,1080510.6183415176,0.5490800029056596
screen,10003,32,bimp,centre,"{""hidden"": 128, ""lr"": 0.003, ""parameterization"": ""x0""}",1000,False,34309,10776.74698815649,44750.2611105501,0.4907338959088803
screen,10003,2048,window,all,"{""lr"": 0.003, ""parameterization"": ""eps"", ""radius"": 2, ""width"": 64}",64000,True,4801,21549.72691970843,1422892.7331583132,0.12306507050843694
screen,10003,2048,window,bulk,"{""lr"": 0.003, ""parameterization"": ""eps"", ""radius"": 2, ""width"": 64}",64000,True,4801,13705.886227975332,1080510.6183415176,0.11262609895493911
screen,10003,2048,window,centre,"{""lr"": 0.003, ""parameterization"": ""eps"", ""radius"": 2, ""width"": 64}",64000,True,4801,566.130488603428,44750.2611105501,0.11247616113145713
screen,10003,2048,window,all,"{""lr"": 0.003, ""parameterization"": ""eps"", ""radius"": 2, ""width"": 128}",64000,True,17793,18672.65221651907,1422892.7331583132,0.11455575804718052
screen,10003,2048,window,bulk,"{""lr"": 0.003, ""parameterization"": ""eps"", ""radius"": 2, ""width"": 128}",64000,True,17793,13891.763174189364,1080510.6183415176,0.1133872352423259
screen,10003,2048,window,centre,"{""lr"": 0.003, ""parameterization"": ""eps"", ""radius"": 2, ""width"": 128}",64000,True,17793,571.9154077279819,44750.2611105501,0.11304936091961268
screen,10003,2048,window,all,"{""lr"": 0.003, ""parameterization"": ""eps"", ""radius"": 4, ""width"": 64}",64000,True,5057,11193.253711943458,1422892.7331583132,0.08869356125802463
screen,10003,2048,window,bulk,"{""lr"": 0.003, ""parameterization"": ""eps"", ""radius"": 4, ""width"": 64}",64000,True,5057,6521.237457299678,1080510.6183415176,0.07768738223632807
screen,10003,2048,window,centre,"{""lr"": 0.003, ""parameterization"": ""eps"", ""radius"": 4, ""width"": 64}",64000,True,5057,277.3674557655528,44750.2611105501,0.07872813519235204
screen,10003,2048,window,all,"{""lr"": 0.003, ""parameterization"": ""eps"", ""radius"": 4, ""width"": 128}",32000,False,18305,13155.455089762178,1422892.7331583132,0.09615388971860882
screen,10003,2048,window,bulk,"{""lr"": 0.003, ""parameterization"": ""eps"", ""radius"": 4, ""width"": 128}",32000,False,18305,7342.456192215733,1080510.6183415176,0.08243395986371242
screen,10003,2048,window,centre,"{""lr"": 0.003, ""parameterization"": ""eps"", ""radius"": 4, ""width"": 128}",32000,False,18305,318.0634128643111,44750.2611105501,0.0843061138184242
screen,10003,2048,window,all,"{""lr"": 0.003, ""parameterization"": ""eps"", ""radius"": 8, ""width"": 64}",64000,True,5569,13443.022408239545,1422892.7331583132,0.09719913064395236
screen,10003,2048,window,bulk,"{""lr"": 0.003, ""parameterization"": ""eps"", ""radius"": 8, ""width"": 64}",64000,True,5569,7116.754903548289,1080510.6183415176,0.08115709348751281
screen,10003,2048,window,centre,"{""lr"": 0.003, ""parameterization"": ""eps"", ""radius"": 8, ""width"": 64}",64000,True,5569,291.80748149512254,44750.2611105501,0.08075146764781013
screen,10003,2048,window,all,"{""lr"": 0.003, ""parameterization"": ""eps"", ""radius"": 8, ""width"": 128}",64000,True,19329,12960.274649454372,1422892.7331583132,0.09543793234809095
screen,10003,2048,window,bulk,"{""lr"": 0.003, ""parameterization"": ""eps"", ""radius"": 8, ""width"": 128}",64000,True,19329,8109.326990112863,1080510.6183415176,0.08663190945486855
screen,10003,2048,window,centre,"{""lr"": 0.003, ""parameterization"": ""eps"", ""radius"": 8, ""width"": 128}",64000,True,19329,338.03138464458624,44750.2611105501,0.08691219640238362
screen,10003,2048,window,all,"{""lr"": 0.003, ""parameterization"": ""eps"", ""radius"": 16, ""width"": 64}",32000,False,6593,18035.785467819467,1422892.7331583132,0.1125852378636246
screen,10003,2048,window,bulk,"{""lr"": 0.003, ""parameterization"": ""eps"", ""radius"": 16, ""width"": 64}",32000,False,6593,8638.791242688885,1080510.6183415176,0.08941532720136591
screen,10003,2048,window,centre,"{""lr"": 0.003, ""parameterization"": ""eps"", ""radius"": 16, ""width"": 64}",32000,False,6593,391.39745671540317,44750.2611105501,0.09352144592867685
screen,10003,2048,window,all,"{""lr"": 0.003, ""parameterization"": ""eps"", ""radius"": 16, ""width"": 128}",64000,True,21377,17710.327088134018,1422892.7331583132,0.11156480492108205
screen,10003,2048,window,bulk,"{""lr"": 0.003, ""parameterization"": ""eps"", ""radius"": 16, ""width"": 128}",64000,True,21377,11134.004193581888,1080510.6183415176,0.10151054762928054
screen,10003,2048,window,centre,"{""lr"": 0.003, ""parameterization"": ""eps"", ""radius"": 16, ""width"": 128}",64000,True,21377,516.5892342604377,44750.2611105501,0.10744219909454264
screen,10003,2048,window,all,"{""lr"": 0.003, ""parameterization"": ""x0"", ""radius"": 2, ""width"": 64}",64000,True,4801,47314.33899284572,1422892.7331583132,0.18235190634174062
screen,10003,2048,window,bulk,"{""lr"": 0.003, ""parameterization"": ""x0"", ""radius"": 2, ""width"": 64}",64000,True,4801,27605.74367220754,1080510.6183415176,0.15983990251001987
screen,10003,2048,window,centre,"{""lr"": 0.003, ""parameterization"": ""x0"", ""radius"": 2, ""width"": 64}",64000,True,4801,1113.022459710977,44750.2611105501,0.15770816449602676
screen,10003,2048,window,all,"{""lr"": 0.003, ""parameterization"": ""x0"", ""radius"": 2, ""width"": 128}",16000,False,17793,41531.93307398072,1422892.7331583132,0.17084606958753468
screen,10003,2048,window,bulk,"{""lr"": 0.003, ""parameterization"": ""x0"", ""radius"": 2, ""width"": 128}",16000,False,17793,25758.42632864586,1080510.6183415176,0.1543992348942992
screen,10003,2048,window,centre,"{""lr"": 0.003, ""parameterization"": ""x0"", ""radius"": 2, ""width"": 128}",16000,False,17793,1092.0469469599773,44750.2611105501,0.15621504838435946
screen,10003,2048,window,all,"{""lr"": 0.003, ""parameterization"": ""x0"", ""radius"": 4, ""width"": 64}",64000,True,5057,29518.993433708798,1422892.7331583132,0.1440338904789064
screen,10003,2048,window,bulk,"{""lr"": 0.003, ""parameterization"": ""x0"", ""radius"": 4, ""width"": 64}",64000,True,5057,18164.049915874068,1080510.6183415176,0.1296557625614466
screen,10003,2048,window,centre,"{""lr"": 0.003, ""parameterization"": ""x0"", ""radius"": 4, ""width"": 64}",64000,True,5057,746.7274001997229,44750.2611105501,0.12917642374146351
screen,10003,2048,window,all,"{""lr"": 0.003, ""parameterization"": ""x0"", ""radius"": 4, ""width"": 128}",64000,True,18305,36262.13497524819,1422892.7331583132,0.15963959023245972
screen,10003,2048,window,bulk,"{""lr"": 0.003, ""parameterization"": ""x0"", ""radius"": 4, ""width"": 128}",64000,True,18305,24405.520066149085,1080510.6183415176,0.1502898025083463
screen,10003,2048,window,centre,"{""lr"": 0.003, ""parameterization"": ""x0"", ""radius"": 4, ""width"": 128}",64000,True,18305,983.192082084764,44750.2611105501,0.1482249796360396
screen,10003,2048,window,all,"{""lr"": 0.003, ""parameterization"": ""x0"", ""radius"": 8, ""width"": 64}",8000,False,5569,43440.01103381266,1422892.7331583132,0.17472654233848595
screen,10003,2048,window,bulk,"{""lr"": 0.003, ""parameterization"": ""x0"", ""radius"": 8, ""width"": 64}",8000,False,5569,20453.06741668183,1080510.6183415176,0.13758297793675484
screen,10003,2048,window,centre,"{""lr"": 0.003, ""parameterization"": ""x0"", ""radius"": 8, ""width"": 64}",8000,False,5569,834.2620182118256,44750.2611105501,0.136537972325103
screen,10003,2048,window,all,"{""lr"": 0.003, ""parameterization"": ""x0"", ""radius"": 8, ""width"": 128}",16000,False,19329,45491.41093943178,1422892.7331583132,0.17880457336793265
screen,10003,2048,window,bulk,"{""lr"": 0.003, ""parameterization"": ""x0"", ""radius"": 8, ""width"": 128}",16000,False,19329,28245.9247273357,1080510.6183415176,0.1616826352740095
screen,10003,2048,window,centre,"{""lr"": 0.003, ""parameterization"": ""x0"", ""radius"": 8, ""width"": 128}",16000,False,19329,1136.4599498754521,44750.2611105501,0.1593599852212677
screen,10003,2048,window,all,"{""lr"": 0.003, ""parameterization"": ""x0"", ""radius"": 16, ""width"": 64}",16000,False,6593,53700.321710220676,1422892.7331583132,0.19426848933950083
screen,10003,2048,window,bulk,"{""lr"": 0.003, ""parameterization"": ""x0"", ""radius"": 16, ""width"": 64}",16000,False,6593,32940.61310266704,1080510.6183415176,0.174602846465267
screen,10003,2048,window,centre,"{""lr"": 0.003, ""parameterization"": ""x0"", ""radius"": 16, ""width"": 64}",16000,False,6593,1474.8782676779242,44750.2611105501,0.18154333166980313
screen,10003,2048,window,all,"{""lr"": 0.003, ""parameterization"": ""x0"", ""radius"": 16, ""width"": 128}",8000,False,21377,83190.39892832094,1422892.7331583132,0.24179678538717653
screen,10003,2048,window,bulk,"{""lr"": 0.003, ""parameterization"": ""x0"", ""radius"": 16, ""width"": 128}",8000,False,21377,51221.024003985774,1080510.6183415176,0.21772565649628164
screen,10003,2048,window,centre,"{""lr"": 0.003, ""parameterization"": ""x0"", ""radius"": 16, ""width"": 128}",8000,False,21377,2357.7047998723037,44750.2611105501,0.22953394817355968
screen,10003,2048,conv,all,"{""channels"": 64, ""lr"": 0.001, ""parameterization"": ""eps""}",64000,True,66433,8354.025736211615,1422892.7331583132,0.07662347141364456
screen,10003,2048,conv,bulk,"{""channels"": 64, ""lr"": 0.001, ""parameterization"": ""eps""}",64000,True,66433,5365.955452802921,1080510.6183415176,0.07047076919684289
screen,10003,2048,conv,centre,"{""channels"": 64, ""lr"": 0.001, ""parameterization"": ""eps""}",64000,True,66433,206.55826102904615,44750.2611105501,0.06793968008090528
screen,10003,2048,conv,all,"{""channels"": 64, ""lr"": 0.003, ""parameterization"": ""eps""}",16000,False,66433,19706.702123768784,1422892.7331583132,0.11768494137619057
screen,10003,2048,conv,bulk,"{""channels"": 64, ""lr"": 0.003, ""parameterization"": ""eps""}",16000,False,66433,13924.005210974985,1080510.6183415176,0.11351874182549071
screen,10003,2048,conv,centre,"{""channels"": 64, ""lr"": 0.003, ""parameterization"": ""eps""}",16000,False,66433,581.8585084857408,44750.2611105501,0.11402784266827713
screen,10003,2048,conv,all,"{""channels"": 128, ""lr"": 0.001, ""parameterization"": ""eps""}",16000,False,263937,10677.912483776603,1422892.7331583132,0.08662776262689233
screen,10003,2048,conv,bulk,"{""channels"": 128, ""lr"": 0.001, ""parameterization"": ""eps""}",16000,False,263937,7335.195913668581,1080510.6183415176,0.08239319410926661
screen,10003,2048,conv,centre,"{""channels"": 128, ""lr"": 0.001, ""parameterization"": ""eps""}",16000,False,263937,295.4019192004446,44750.2611105501,0.0812472872709746
screen,10003,2048,conv,all,"{""channels"": 128, ""lr"": 0.003, ""parameterization"": ""eps""}",4000,False,263937,25429.97938797004,1422892.7331583132,0.13368630608895468
screen,10003,2048,conv,bulk,"{""channels"": 128, ""lr"": 0.003, ""parameterization"": ""eps""}",4000,False,263937,17910.242907279455,1080510.6183415176,0.12874673329168537
screen,10003,2048,conv,centre,"{""channels"": 128, ""lr"": 0.003, ""parameterization"": ""eps""}",4000,False,263937,751.1545481524448,44750.2611105501,0.12955878416339567
screen,10003,2048,conv,all,"{""channels"": 64, ""lr"": 0.001, ""parameterization"": ""x0""}",32000,False,66433,27383.011525312846,1422892.7331583132,0.13872493305448116
screen,10003,2048,conv,bulk,"{""channels"": 64, ""lr"": 0.001, ""parameterization"": ""x0""}",32000,False,66433,18858.064861369454,1080510.6183415176,0.1321094982165468
screen,10003,2048,conv,centre,"{""channels"": 64, ""lr"": 0.001, ""parameterization"": ""x0""}",32000,False,66433,744.4789042897557,44750.2611105501,0.12898179338631988
screen,10003,2048,conv,all,"{""channels"": 64, ""lr"": 0.003, ""parameterization"": ""x0""}",8000,False,66433,77865.69785744362,1422892.7331583132,0.23393058636825015
screen,10003,2048,conv,bulk,"{""channels"": 64, ""lr"": 0.003, ""parameterization"": ""x0""}",8000,False,66433,56381.38266794634,1080510.6183415176,0.22843010610037714
screen,10003,2048,conv,centre,"{""channels"": 64, ""lr"": 0.003, ""parameterization"": ""x0""}",8000,False,66433,2119.8759947162753,44750.2611105501,0.21764938364936948
screen,10003,2048,conv,all,"{""channels"": 128, ""lr"": 0.001, ""parameterization"": ""x0""}",32000,False,263937,49987.24320429752,1422892.7331583132,0.1874319020220665
screen,10003,2048,conv,bulk,"{""channels"": 128, ""lr"": 0.001, ""parameterization"": ""x0""}",32000,False,263937,35771.66521137614,1080510.6183415176,0.18195125656777653
screen,10003,2048,conv,centre,"{""channels"": 128, ""lr"": 0.001, ""parameterization"": ""x0""}",32000,False,263937,1397.2526331591826,44750.2611105501,0.1767012743148246
screen,10003,2048,conv,all,"{""channels"": 128, ""lr"": 0.003, ""parameterization"": ""x0""}",8000,False,263937,148804.2429520156,1422892.7331583132,0.32338626964250844
screen,10003,2048,conv,bulk,"{""channels"": 128, ""lr"": 0.003, ""parameterization"": ""x0""}",8000,False,263937,112988.46546476743,1080510.6183415176,0.3233720915418579
screen,10003,2048,conv,centre,"{""channels"": 128, ""lr"": 0.003, ""parameterization"": ""x0""}",8000,False,263937,4850.53108168251,44750.2611105501,0.3292280722642764
screen,10003,2048,bimp,all,"{""hidden"": 64, ""lr"": 0.001, ""parameterization"": ""eps""}",32000,False,8965,16286.820243112708,1422892.7331583132,0.10698726140598083
screen,10003,2048,bimp,bulk,"{""hidden"": 64, ""lr"": 0.001, ""parameterization"": ""eps""}",32000,False,8965,11779.394315905094,1080510.6183415176,0.10441116954515453
screen,10003,2048,bimp,centre,"{""hidden"": 64, ""lr"": 0.001, ""parameterization"": ""eps""}",32000,False,8965,497.8356059757734,44750.2611105501,0.10547394511970459
screen,10003,2048,bimp,all,"{""hidden"": 64, ""lr"": 0.003, ""parameterization"": ""eps""}",32000,False,8965,16351.701975141363,1422892.7331583132,0.10720015192829074
screen,10003,2048,bimp,bulk,"{""hidden"": 64, ""lr"": 0.003, ""parameterization"": ""eps""}",32000,False,8965,11812.023716871407,1080510.6183415176,0.10455568113006165
screen,10003,2048,bimp,centre,"{""hidden"": 64, ""lr"": 0.003, ""parameterization"": ""eps""}",32000,False,8965,480.7179574357098,44750.2611105501,0.10364476853768162
screen,10003,2048,bimp,all,"{""hidden"": 128, ""lr"": 0.001, ""parameterization"": ""eps""}",8000,False,34309,24197.503012157897,1422892.7331583132,0.13040648697637866
screen,10003,2048,bimp,bulk,"{""hidden"": 128, ""lr"": 0.001, ""parameterization"": ""eps""}",8000,False,34309,17015.338001241646,1080510.6183415176,0.12548903242731763
screen,10003,2048,bimp,centre,"{""hidden"": 128, ""lr"": 0.001, ""parameterization"": ""eps""}",8000,False,34309,787.5985361472646,44750.2611105501,0.1326644812873395
screen,10003,2048,bimp,all,"{""hidden"": 128, ""lr"": 0.003, ""parameterization"": ""eps""}",8000,False,34309,32145.3745478825,1422892.7331583132,0.15030490882719363
screen,10003,2048,bimp,bulk,"{""hidden"": 128, ""lr"": 0.003, ""parameterization"": ""eps""}",8000,False,34309,23633.02500782289,1080510.6183415176,0.14789215514506954
screen,10003,2048,bimp,centre,"{""hidden"": 128, ""lr"": 0.003, ""parameterization"": ""eps""}",8000,False,34309,954.8264730683803,44750.2611105501,0.1460711468042744
screen,10003,2048,bimp,all,"{""hidden"": 64, ""lr"": 0.001, ""parameterization"": ""x0""}",4000,False,8965,31641.024245667075,1422892.7331583132,0.1491211300245587
screen,10003,2048,bimp,bulk,"{""hidden"": 64, ""lr"": 0.001, ""parameterization"": ""x0""}",4000,False,8965,21395.567878465044,1080510.6183415176,0.140717266262907
screen,10003,2048,bimp,centre,"{""hidden"": 64, ""lr"": 0.001, ""parameterization"": ""x0""}",4000,False,8965,841.2293996219944,44750.2611105501,0.13710693874549792
screen,10003,2048,bimp,all,"{""hidden"": 64, ""lr"": 0.003, ""parameterization"": ""x0""}",8000,False,8965,42379.66727435404,1422892.7331583132,0.17258088457250165
screen,10003,2048,bimp,bulk,"{""hidden"": 64, ""lr"": 0.003, ""parameterization"": ""x0""}",8000,False,8965,28837.666779047137,1080510.6183415176,0.16336745370500771
screen,10003,2048,bimp,centre,"{""hidden"": 64, ""lr"": 0.003, ""parameterization"": ""x0""}",8000,False,8965,1160.837422941308,44750.2611105501,0.16106008106504122
screen,10003,2048,bimp,all,"{""hidden"": 128, ""lr"": 0.001, ""parameterization"": ""x0""}",16000,False,34309,27464.129667367364,1422892.7331583132,0.1389302572062292
screen,10003,2048,bimp,bulk,"{""hidden"": 128, ""lr"": 0.001, ""parameterization"": ""x0""}",16000,False,34309,18237.29680791822,1080510.6183415176,0.1299169192652533
screen,10003,2048,bimp,centre,"{""hidden"": 128, ""lr"": 0.001, ""parameterization"": ""x0""}",16000,False,34309,686.4046731250859,44750.2611105501,0.12384894999495052
screen,10003,2048,bimp,all,"{""hidden"": 128, ""lr"": 0.003, ""parameterization"": ""x0""}",8000,False,34309,86798.64247548285,1422892.7331583132,0.24698489049583777
screen,10003,2048,bimp,bulk,"{""hidden"": 128, ""lr"": 0.003, ""parameterization"": ""x0""}",8000,False,34309,66531.42903134659,1080510.6183415176,0.24814121611409454
screen,10003,2048,bimp,centre,"{""hidden"": 128, ""lr"": 0.003, ""parameterization"": ""x0""}",8000,False,34309,3531.8003447305327,44750.2611105501,0.28093140128677735
