e,budget,n_components,arm,density
-3.0,0,0,true,0.00042667878833998644
-2.99,0,0,true,0.0004382886537860633
-2.98,0,0,true,0.00045021442191903204
-2.97,0,0,true,0.0004624646884033329
-2.96,0,0,true,0.0004750482827901406
-2.95,0,0,true,0.0004879742748813831
-2.94,0,0,true,0.0005012519812669322
-2.93,0,0,true,0.0005148909720396618
-2.92,0,0,true,0.0005289010776932323
-2.91,0,0,true,0.0005432923962075495
-2.9,0,0,true,0.0005580753003270315
-2.89,0,0,true,0.0005732604450369046
-2.88,0,0,true,0.0005888587752429374
-2.87,0,0,true,0.0006048815336601302
-2.86,0,0,true,0.0006213402689160658
-2.85,0,0,true,0.000638246843874737
-2.84,0,0,true,0.0006556134441868788
-2.83,0,0,true,0.0006734525870729411
-2.82,0,0,true,0.0006917771303450562
-2.81,0,0,true,0.000710600281674482
-2.8,0,0,true,0.0007299356081112204
-2.79,0,0,true,0.0007497970458626536
-2.78,0,0,true,0.0007701989103382685
-2.77,0,0,true,0.0007911559064676789
-2.76,0,0,true,0.0008126831392994184
-2.75,0,0,true,0.0008347961248881086
-2.74,0,0,true,0.0008575108014778778
-2.73,0,0,true,0.0008808435409900739
-2.7199999999999998,0,0,true,0.0009048111608235508
-2.71,0,0,true,0.000929430935976048
-2.7,0,0,true,0.0009547206114953886
-2.69,0,0,true,0.0009806984152694687
-2.68,0,0,true,0.0010073830711642608
-2.67,0,0,true,0.0010347938125193112
-2.66,0,0,true,0.0010629503960104258
-2.65,0,0,true,0.001091873115889584
-2.64,0,0,true,0.0011215828186122944
-2.63,0,0,true,0.0011521009178629782
-2.62,0,0,true,0.0011834494099891742
-2.61,0,0,true,0.0012156508898557249
-2.6,0,0,true,0.0012487285671303288
-2.59,0,0,true,0.0012827062830122454
-2.58,0,0,true,0.0013176085274161642
-2.57,0,0,true,0.0013534604566236622
-2.56,0,0,true,0.0013902879114149362
-2.55,0,0,true,0.0014281174356939224
-2.54,0,0,true,0.0014669762956201668
-2.53,0,0,true,0.0015068924992613115
-2.52,0,0,true,0.0015478948167802846
-2.51,0,0,true,0.0015900128011718138
-2.5,0,0,true,0.001633276809563146
-2.49,0,0,true,0.001677718025094388
-2.48,0,0,true,0.0017233684793941798
-2.4699999999999998,0,0,true,0.0017702610756669412
-2.46,0,0,true,0.0018184296124083188
-2.45,0,0,true,0.0018679088077659285
-2.44,0,0,true,0.0019187343245629478
-2.4299999999999997,0,0,true,0.0019709427960025836
-2.42,0,0,true,0.0020245718520719757
-2.41,0,0,true,0.0020796601466645387
-2.4,0,0,true,0.002136247385440296
-2.39,0,0,true,0.0021943743544442806
-2.38,0,0,true,0.0022540829495036664
-2.37,0,0,true,0.0023154162064247517
-2.36,0,0,true,0.0023784183320116445
-2.35,0,0,true,0.0024431347359289072
-2.34,0,0,true,0.002509612063431234
-2.33,0,0,true,0.002577898228983651
-2.32,0,0,true,0.002648042450796557
-2.31,0,0,true,0.002720095286300418
-2.3,0,0,true,0.0027941086685857697
-2.29,0,0,true,0.0028701359438346877
-2.2800000000000002,0,0,true,0.002948231909770822
-2.27,0,0,true,0.003028452855155616
-2.26,0,0,true,0.0031108566003592098
-2.25,0,0,true,0.00319550253903529
-2.24,0,0,true,0.0032824516809299097
-2.23,0,0,true,0.0033717666958550997
-2.2199999999999998,0,0,true,0.003463511958859014
-2.21,0,0,true,0.0035577535966251545
-2.2,0,0,true,0.003654559535134105
-2.19,0,0,true,0.0037539995486221413
-2.1799999999999997,0,0,true,0.003856145309871963
-2.17,0,0,true,0.003961070441871875
-2.16,0,0,true,0.004068850570880591
-2.15,0,0,true,0.004179563380935914
-2.14,0,0,true,0.004293288669846576
-2.13,0,0,true,0.004410108406707671
-2.12,0,0,true,0.0045301067909809785
-2.11,0,0,true,0.004653370313182939
-2.1,0,0,true,0.004779987817223886
-2.09,0,0,true,0.004910050564443559
-2.08,0,0,true,0.00504365229938896
-2.07,0,0,true,0.0051808893173821
-2.06,0,0,true,0.0053218605339261415
-2.05,0,0,true,0.005466667556000183
-2.04,0,0,true,0.0056154147552938734
-2.0300000000000002,0,0,true,0.005768209343434798
-2.02,0,0,true,0.005925161449262764
-2.01,0,0,true,0.006086384198206668
-2.0,0,0,true,0.006251993793821263
-1.99,0,0,true,0.0064221096015425
-1.98,0,0,true,0.00659685423472183
-1.97,0,0,true,0.006776353643001481
-1.96,0,0,true,0.0069607372030944595
-1.95,0,0,true,0.0071501378120345915
-1.94,0,0,true,0.007344691982963955
-1.93,0,0,true,0.007544539943526623
-1.92,0,0,true,0.007749825736939689
-1.91,0,0,true,0.007960697325814463
-1.9,0,0,true,0.008177306698802586
-1.89,0,0,true,0.008399809980143952
-1.88,0,0,true,0.008628367542195483
-1.8699999999999999,0,0,true,0.008863144121021736
-1.8599999999999999,0,0,true,0.009104308935130706
-1.8499999999999999,0,0,true,0.009352035807440475
-1.84,0,0,true,0.00960650329056449
-1.83,0,0,true,0.009867894795505868
-1.82,0,0,true,0.01013639872385345
-1.81,0,0,true,0.01041220860357486
-1.8,0,0,true,0.010695523228504538
-1.79,0,0,true,0.010986546801627166
-1.78,0,0,true,0.011285489082259794
-1.77,0,0,true,0.011592565537238869
-1.76,0,0,true,0.011907997496220946
-1.75,0,0,true,0.012232012311209099
-1.74,0,0,true,0.012564843520420138
-1.73,0,0,true,0.012906731016610508
-1.72,0,0,true,0.013257921219982326
-1.71,0,0,true,0.013618667255794257
-1.7,0,0,true,0.013989229136805057
-1.69,0,0,true,0.014369873950681384
-1.68,0,0,true,0.014760876052505032
-1.67,0,0,true,0.015162517262518174
-1.66,0,0,true,0.01557508706924921
-1.65,0,0,true,0.015998882838165748
-1.64,0,0,true,0.016434210026004908
-1.63,0,0,true,0.016881382400935483
-1.6199999999999999,0,0,true,0.017340722268710838
-1.6099999999999999,0,0,true,0.017812560704975253
-1.5999999999999999,0,0,true,0.01829723779389129
-1.59,0,0,true,0.018795102873260295
-1.58,0,0,true,0.01930651478631246
-1.57,0,0,true,0.019831842140348128
-1.56,0,0,true,0.020371463572416672
-1.55,0,0,true,0.020925768022224397
-1.54,0,0,true,0.021495155012468375
-1.53,0,0,true,0.022080034936797985
-1.52,0,0,true,0.02268082935561181
-1.51,0,0,true,0.02329797129990336
-1.5,0,0,true,0.023931905583374047
-1.49,0,0,true,0.024583089123039026
-1.48,0,0,true,0.025251991268556505
-1.47,0,0,true,0.02593909414051802
-1.46,0,0,true,0.02664489297794367
-1.45,0,0,true,0.02736989649523258
-1.44,0,0,true,0.028114627248825887
-1.43,0,0,true,0.028879622013846636
-1.42,0,0,true,0.029665432170988014
-1.41,0,0,true,0.03047262410392862
-1.4,0,0,true,0.0313017796075615
-1.39,0,0,true,0.03215349630733094
-1.38,0,0,true,0.03302838808997941
-1.3699999999999999,0,0,true,0.03392708554601499
-1.3599999999999999,0,0,true,0.03485023642421831
-1.3499999999999999,0,0,true,0.03579850609851664
-1.3399999999999999,0,0,true,0.03677257804756134
-1.33,0,0,true,0.03777315434735474
-1.32,0,0,true,0.038800956177281354
-1.31,0,0,true,0.03985672433990778
-1.3,0,0,true,0.040941219794926785
-1.29,0,0,true,0.04205522420762948
-1.28,0,0,true,0.0431995405123016
-1.27,0,0,true,0.04437499349094969
-1.26,0,0,true,0.04558243036777418
-1.25,0,0,true,0.046822721419818136
-1.24,0,0,true,0.048096760604231736
-1.23,0,0,true,0.04940546620260423
-1.22,0,0,true,0.05074978148282835
-1.21,0,0,true,0.05213067537897391
-1.2,0,0,true,0.0535491431896605
-1.19,0,0,true,0.055006207295433
-1.18,0,0,true,0.05650291789565658
-1.17,0,0,true,0.058040353765462765
-1.16,0,0,true,0.05961962303329155
-1.15,0,0,true,0.061241863979590534
-1.14,0,0,true,0.06290824585724666
-1.13,0,0,true,0.06461996973434138
-1.1199999999999999,0,0,true,0.06637826935983739
-1.1099999999999999,0,0,true,0.06818441205282061
-1.0999999999999999,0,0,true,0.07003969961593794
-1.0899999999999999,0,0,true,0.07194546927368987
-1.08,0,0,true,0.07390309463625386
-1.07,0,0,true,0.07591398668953295
-1.06,0,0,true,0.07797959481214371
-1.05,0,0,true,0.08010140782007615
-1.04,0,0,true,0.08228095503977864
-1.03,0,0,true,0.0845198074104416
-1.02,0,0,true,0.08681957861627367
-1.01,0,0,true,0.08918192624958722
-1.0,0,0,true,0.09160855300553154
-0.9899999999999998,0,0,true,0.09410120790933385
-0.98,0,0,true,0.09666168757693377
-0.9699999999999998,0,0,true,0.09929183750991988
-0.96,0,0,true,0.1019935534257
-0.9500000000000002,0,0,true,0.104768782623867
-0.94,0,0,true,0.10761952538974186
-0.9300000000000002,0,0,true,0.11054783643610681
-0.9199999999999999,0,0,true,0.1135558263841694
-0.9100000000000001,0,0,true,0.11664566328482123
-0.8999999999999999,0,0,true,0.11981957418129208
-0.8900000000000001,0,0,true,0.1230798467143213
-0.8799999999999999,0,0,true,0.12642883077100828
-0.8700000000000001,0,0,true,0.12986894017852516
-0.8599999999999999,0,0,true,0.13340265444391763
-0.8500000000000001,0,0,true,0.1370325205412435
-0.8399999999999999,0,0,true,0.14076115474734102
-0.8300000000000001,0,0,true,0.14459124452754563
-0.8199999999999998,0,0,true,0.14852555047271981
-0.81,0,0,true,0.1525669082889861
-0.7999999999999998,0,0,true,0.15671823084160338
-0.79,0,0,true,0.16098251025445404
-0.7799999999999998,0,0,true,0.16536282006666056
-0.77,0,0,true,0.16986231744788033
-0.7599999999999998,0,0,true,0.1744842454738816
-0.75,0,0,true,0.17923193546403388
-0.7399999999999998,0,0,true,0.1841088093824051
-0.73,0,0,true,0.1891183823041881
-0.7199999999999998,0,0,true,0.19426426494924237
-0.71,0,0,true,0.1995501662845688
-0.6999999999999997,0,0,true,0.2049798961976017
-0.69,0,0,true,0.21055736824223673
-0.6800000000000002,0,0,true,0.21628660245958115
-0.6699999999999999,0,0,true,0.22217172827545406
-0.6600000000000001,0,0,true,0.22821698747672728
-0.6499999999999999,0,0,true,0.23442673726865454
-0.6400000000000001,0,0,true,0.24080545341538573
-0.6299999999999999,0,0,true,0.24735773346593903
-0.6200000000000001,0,0,true,0.25408830006794664
-0.6099999999999999,0,0,true,0.2610020043715712
-0.6000000000000001,0,0,true,0.2681038295260381
-0.5899999999999999,0,0,true,0.2753988942713126
-0.5800000000000001,0,0,true,0.2828924566275004
-0.5699999999999998,0,0,true,0.29058991768464254
-0.56,0,0,true,0.29849682549562356
-0.5499999999999998,0,0,true,0.30661887907501106
-0.54,0,0,true,0.3149619325066979
-0.5299999999999998,0,0,true,0.3235319991633175
-0.52,0,0,true,0.33233525604046377
-0.5099999999999998,0,0,true,0.3413780482088505
-0.5,0,0,true,0.3506668933876062
-0.48999999999999977,0,0,true,0.36020848664201516
-0.48,0,0,true,0.3700097052090759
-0.46999999999999975,0,0,true,0.38007761345437
-0.45999999999999996,0,0,true,0.39041946796379856
-0.44999999999999973,0,0,true,0.4010427227738716
-0.43999999999999995,0,0,true,0.41195503474430645
-0.43000000000000016,0,0,true,0.42316426907681903
-0.41999999999999993,0,0,true,0.43467850498407723
-0.41000000000000014,0,0,true,0.4465060415129049
-0.3999999999999999,0,0,true,0.45865540352593986
-0.3900000000000001,0,0,true,0.47113534784604355
-0.3799999999999999,0,0,true,0.48395486956790884
-0.3700000000000001,0,0,true,0.49712320854139486
-0.3599999999999999,0,0,true,0.510649856031284
-0.3500000000000001,0,0,true,0.5245445615582386
-0.33999999999999986,0,0,true,0.5388173399259094
-0.33000000000000007,0,0,true,0.553478478439241
-0.31999999999999984,0,0,true,0.5685385443191956
-0.31000000000000005,0,0,true,0.5840083923192206
-0.2999999999999998,0,0,true,0.5998991725489695
-0.29000000000000004,0,0,true,0.6162223385108943
-0.2799999999999998,0,0,true,0.632989655355523
-0.27,0,0,true,0.6502132083613514
-0.2599999999999998,0,0,true,0.6679054116454824
-0.25,0,0,true,0.6860790171112691
-0.23999999999999977,0,0,true,0.7047471236394337
-0.22999999999999998,0,0,true,0.7239231865292631
-0.21999999999999975,0,0,true,0.7436210271967104
-0.20999999999999996,0,0,true,0.7638548431363682
-0.19999999999999973,0,0,true,0.7846392181545179
-0.18999999999999995,0,0,true,0.8059891328806056
-0.18000000000000016,0,0,true,0.827919975564747
-0.16999999999999993,0,0,true,0.8504475531690209
-0.16000000000000014,0,0,true,0.8735881027605567
-0.1499999999999999,0,0,true,0.8973583032146342
-0.14000000000000012,0,0,true,0.9217752872362083
-0.1299999999999999,0,0,true,0.9468566537085547
-0.1200000000000001,0,0,true,0.9726204803779036
-0.10999999999999988,0,0,true,0.9990853368832361
-0.10000000000000009,0,0,true,1.0262702981406038
-0.08999999999999986,0,0,true,1.0541949580916496
-0.08000000000000007,0,0,true,1.0828794438262082
-0.06999999999999984,0,0,true,1.1123444300891954
-0.06000000000000005,0,0,true,1.1426111541822117
-0.04999999999999982,0,0,true,1.1737014312706353
-0.040000000000000036,0,0,true,1.2056376701071962
-0.029999999999999805,0,0,true,1.2384428891834112
-0.020000000000000018,0,0,true,1.272140733320471
-0.009999999999999787,0,0,true,1.3067554907115901
0.0,0,0,true,1.3423121104280484
0.010000000000000231,0,0,true,1.3067554907115884
0.020000000000000018,0,0,true,1.272140733320471
0.03000000000000025,0,0,true,1.2384428891834096
0.040000000000000036,0,0,true,1.2056376701071962
0.050000000000000266,0,0,true,1.1737014312706338
0.06000000000000005,0,0,true,1.1426111541822117
0.07000000000000028,0,0,true,1.112344430089194
0.08000000000000007,0,0,true,1.0828794438262082
0.08999999999999986,0,0,true,1.0541949580916496
0.10000000000000009,0,0,true,1.0262702981406038
0.10999999999999988,0,0,true,0.9990853368832361
0.1200000000000001,0,0,true,0.9726204803779036
0.1299999999999999,0,0,true,0.9468566537085547
0.14000000000000012,0,0,true,0.9217752872362083
0.1499999999999999,0,0,true,0.8973583032146342
0.16000000000000014,0,0,true,0.8735881027605567
0.16999999999999993,0,0,true,0.8504475531690209
0.18000000000000016,0,0,true,0.827919975564747
0.18999999999999995,0,0,true,0.8059891328806056
0.20000000000000018,0,0,true,0.784639218154517
0.20999999999999996,0,0,true,0.7638548431363682
0.2200000000000002,0,0,true,0.7436210271967095
0.22999999999999998,0,0,true,0.7239231865292631
0.2400000000000002,0,0,true,0.7047471236394329
0.25,0,0,true,0.6860790171112691
0.26000000000000023,0,0,true,0.6679054116454817
0.27,0,0,true,0.6502132083613514
0.28000000000000025,0,0,true,0.6329896553555223
0.29000000000000004,0,0,true,0.6162223385108943
0.30000000000000027,0,0,true,0.5998991725489689
0.31000000000000005,0,0,true,0.5840083923192206
0.3200000000000003,0,0,true,0.5685385443191949
0.33000000000000007,0,0,true,0.553478478439241
0.33999999999999986,0,0,true,0.5388173399259094
0.3500000000000001,0,0,true,0.5245445615582386
0.3599999999999999,0,0,true,0.510649856031284
0.3700000000000001,0,0,true,0.49712320854139486
0.3799999999999999,0,0,true,0.48395486956790884
0.3900000000000001,0,0,true,0.47113534784604355
0.3999999999999999,0,0,true,0.45865540352593986
0.41000000000000014,0,0,true,0.4465060415129049
0.41999999999999993,0,0,true,0.43467850498407723
0.43000000000000016,0,0,true,0.42316426907681903
0.43999999999999995,0,0,true,0.41195503474430645
0.4500000000000002,0,0,true,0.4010427227738711
0.45999999999999996,0,0,true,0.39041946796379856
0.4700000000000002,0,0,true,0.3800776134543696
0.48,0,0,true,0.3700097052090759
0.4900000000000002,0,0,true,0.3602084866420147
0.5,0,0,true,0.3506668933876062
0.5100000000000002,0,0,true,0.3413780482088501
0.52,0,0,true,0.33233525604046377
0.5300000000000002,0,0,true,0.32353199916331704
0.54,0,0,true,0.3149619325066979
0.5500000000000003,0,0,true,0.30661887907501073
0.56,0,0,true,0.29849682549562356
0.5700000000000003,0,0,true,0.2905899176846422
0.5800000000000001,0,0,true,0.2828924566275004
0.5899999999999999,0,0,true,0.2753988942713126
0.6000000000000001,0,0,true,0.2681038295260381
0.6099999999999999,0,0,true,0.2610020043715712
0.6200000000000001,0,0,true,0.25408830006794664
0.6299999999999999,0,0,true,0.24735773346593903
0.6400000000000001,0,0,true,0.24080545341538573
0.6499999999999999,0,0,true,0.23442673726865454
0.6600000000000001,0,0,true,0.22821698747672728
0.6699999999999999,0,0,true,0.22217172827545406
0.6800000000000002,0,0,true,0.21628660245958115
0.69,0,0,true,0.21055736824223673
0.7000000000000002,0,0,true,0.20497989619760149
0.71,0,0,true,0.1995501662845688
0.7200000000000002,0,0,true,0.1942642649492421
0.73,0,0,true,0.1891183823041881
0.7400000000000002,0,0,true,0.18410880938240487
0.75,0,0,true,0.17923193546403388
0.7600000000000002,0,0,true,0.1744842454738814
0.77,0,0,true,0.16986231744788033
0.7800000000000002,0,0,true,0.16536282006666037
0.79,0,0,true,0.16098251025445404
0.8000000000000003,0,0,true,0.1567182308416032
0.81,0,0,true,0.1525669082889861
0.8200000000000003,0,0,true,0.14852555047271968
0.8300000000000001,0,0,true,0.14459124452754563
0.8399999999999999,0,0,true,0.14076115474734102
0.8500000000000001,0,0,true,0.1370325205412435
0.8599999999999999,0,0,true,0.13340265444391763
0.8700000000000001,0,0,true,0.12986894017852516
0.8799999999999999,0,0,true,0.12642883077100828
0.8900000000000001,0,0,true,0.1230798467143213
0.8999999999999999,0,0,true,0.11981957418129208
0.9100000000000001,0,0,true,0.11664566328482123
0.9199999999999999,0,0,true,0.1135558263841694
0.9300000000000002,0,0,true,0.11054783643610681
0.94,0,0,true,0.10761952538974186
0.9500000000000002,0,0,true,0.104768782623867
0.96,0,0,true,0.1019935534257
0.9700000000000002,0,0,true,0.09929183750991975
0.98,0,0,true,0.09666168757693377
0.9900000000000002,0,0,true,0.09410120790933373
1.0,0,0,true,0.09160855300553154
1.0099999999999998,0,0,true,0.0891819262495873
1.0200000000000005,0,0,true,0.08681957861627354
1.0300000000000002,0,0,true,0.08451980741044157
1.04,0,0,true,0.08228095503977864
1.0499999999999998,0,0,true,0.08010140782007617
1.0600000000000005,0,0,true,0.0779795948121436
1.0700000000000003,0,0,true,0.0759139866895329
1.08,0,0,true,0.07390309463625386
1.0899999999999999,0,0,true,0.07194546927368987
1.0999999999999996,0,0,true,0.07003969961593798
1.1100000000000003,0,0,true,0.06818441205282051
1.12,0,0,true,0.06637826935983734
1.13,0,0,true,0.06461996973434138
1.1399999999999997,0,0,true,0.06290824585724669
1.1500000000000004,0,0,true,0.06124186397959048
1.1600000000000001,0,0,true,0.05961962303329149
1.17,0,0,true,0.058040353765462765
1.1799999999999997,0,0,true,0.05650291789565663
1.1900000000000004,0,0,true,0.05500620729543293
1.2000000000000002,0,0,true,0.05354914318966048
1.21,0,0,true,0.05213067537897391
1.2199999999999998,0,0,true,0.05074978148282838
1.2300000000000004,0,0,true,0.049405466202604165
1.2400000000000002,0,0,true,0.04809676060423172
1.25,0,0,true,0.046822721419818136
1.2599999999999998,0,0,true,0.04558243036777419
1.2700000000000005,0,0,true,0.04437499349094962
1.2800000000000002,0,0,true,0.043199540512301585
1.29,0,0,true,0.04205522420762948
1.2999999999999998,0,0,true,0.0409412197949268
1.3100000000000005,0,0,true,0.039856724339907744
1.3200000000000003,0,0,true,0.03880095617728131
1.33,0,0,true,0.03777315434735474
1.3399999999999999,0,0,true,0.03677257804756134
1.3500000000000005,0,0,true,0.03579850609851658
1.3600000000000003,0,0,true,0.034850236424218285
1.37,0,0,true,0.03392708554601496
1.38,0,0,true,0.03302838808997941
1.3899999999999997,0,0,true,0.03215349630733097
1.4000000000000004,0,0,true,0.03130177960756146
1.4100000000000001,0,0,true,0.030472624103928606
1.42,0,0,true,0.029665432170988014
1.4299999999999997,0,0,true,0.028879622013846664
1.4400000000000004,0,0,true,0.02811462724882585
1.4500000000000002,0,0,true,0.027369896495232564
1.46,0,0,true,0.02664489297794367
1.4699999999999998,0,0,true,0.02593909414051803
1.4800000000000004,0,0,true,0.025251991268556474
1.4900000000000002,0,0,true,0.024583089123039026
1.5,0,0,true,0.023931905583374047
1.5099999999999998,0,0,true,0.02329797129990336
1.5200000000000005,0,0,true,0.022680829355611793
1.5300000000000002,0,0,true,0.02208003493679796
1.54,0,0,true,0.021495155012468375
1.5499999999999998,0,0,true,0.020925768022224418
1.5600000000000005,0,0,true,0.020371463572416634
1.5700000000000003,0,0,true,0.019831842140348128
1.58,0,0,true,0.01930651478631246
1.5899999999999999,0,0,true,0.018795102873260295
1.6000000000000005,0,0,true,0.01829723779389126
1.6100000000000003,0,0,true,0.017812560704975222
1.62,0,0,true,0.017340722268710838
1.63,0,0,true,0.016881382400935483
1.6399999999999997,0,0,true,0.016434210026004908
1.6500000000000004,0,0,true,0.015998882838165734
1.6600000000000001,0,0,true,0.015575087069249196
1.67,0,0,true,0.015162517262518174
1.6799999999999997,0,0,true,0.014760876052505046
1.6900000000000004,0,0,true,0.014369873950681372
1.7000000000000002,0,0,true,0.013989229136805045
1.71,0,0,true,0.013618667255794257
1.7199999999999998,0,0,true,0.013257921219982337
1.7300000000000004,0,0,true,0.012906731016610487
1.7400000000000002,0,0,true,0.012564843520420138
1.75,0,0,true,0.012232012311209099
1.7599999999999998,0,0,true,0.011907997496220946
1.7700000000000005,0,0,true,0.01159256553723886
1.7800000000000002,0,0,true,0.011285489082259782
1.79,0,0,true,0.010986546801627166
1.7999999999999998,0,0,true,0.010695523228504547
1.8100000000000005,0,0,true,0.01041220860357485
1.8200000000000003,0,0,true,0.010136398723853442
1.83,0,0,true,0.009867894795505868
1.8399999999999999,0,0,true,0.009606503290564498
1.8500000000000005,0,0,true,0.009352035807440458
1.8600000000000003,0,0,true,0.009104308935130699
1.87,0,0,true,0.008863144121021729
1.88,0,0,true,0.008628367542195483
1.8899999999999997,0,0,true,0.008399809980143958
1.9000000000000004,0,0,true,0.008177306698802572
1.9100000000000001,0,0,true,0.007960697325814463
1.92,0,0,true,0.007749825736939689
1.9299999999999997,0,0,true,0.007544539943526623
1.9400000000000004,0,0,true,0.007344691982963948
1.9500000000000002,0,0,true,0.007150137812034585
1.96,0,0,true,0.0069607372030944595
1.9699999999999998,0,0,true,0.006776353643001487
1.9800000000000004,0,0,true,0.0065968542347218185
1.9900000000000002,0,0,true,0.0064221096015425
2.0,0,0,true,0.006251993793821263
2.01,0,0,true,0.006086384198206668
2.0200000000000005,0,0,true,0.005925161449262759
2.0300000000000002,0,0,true,0.005768209343434798
2.04,0,0,true,0.0056154147552938734
2.05,0,0,true,0.005466667556000183
2.0600000000000005,0,0,true,0.005321860533926137
2.0700000000000003,0,0,true,0.005180889317382096
2.08,0,0,true,0.00504365229938896
2.09,0,0,true,0.004910050564443559
2.1000000000000005,0,0,true,0.004779987817223877
2.1100000000000003,0,0,true,0.004653370313182935
2.12,0,0,true,0.0045301067909809785
2.13,0,0,true,0.004410108406707671
2.1399999999999997,0,0,true,0.004293288669846583
2.1500000000000004,0,0,true,0.004179563380935906
2.16,0,0,true,0.004068850570880591
2.17,0,0,true,0.003961070441871875
2.1799999999999997,0,0,true,0.003856145309871963
2.1900000000000004,0,0,true,0.003753999548622138
2.2,0,0,true,0.003654559535134105
2.21,0,0,true,0.0035577535966251545
2.2199999999999998,0,0,true,0.003463511958859014
2.2300000000000004,0,0,true,0.0033717666958550966
2.24,0,0,true,0.0032824516809299097
2.25,0,0,true,0.00319550253903529
2.26,0,0,true,0.0031108566003592098
2.2700000000000005,0,0,true,0.00302845285515561
2.2800000000000002,0,0,true,0.002948231909770822
2.29,0,0,true,0.0028701359438346877
2.3,0,0,true,0.0027941086685857697
2.3100000000000005,0,0,true,0.0027200952863004153
2.3200000000000003,0,0,true,0.0026480424507965526
2.33,0,0,true,0.002577898228983651
2.34,0,0,true,0.002509612063431234
2.3500000000000005,0,0,true,0.002443134735928905
2.3600000000000003,0,0,true,0.0023784183320116423
2.37,0,0,true,0.0023154162064247517
2.38,0,0,true,0.0022540829495036664
2.3899999999999997,0,0,true,0.0021943743544442828
2.4000000000000004,0,0,true,0.002136247385440294
2.41,0,0,true,0.0020796601466645387
2.42,0,0,true,0.0020245718520719757
2.4299999999999997,0,0,true,0.0019709427960025836
2.4400000000000004,0,0,true,0.001918734324562946
2.45,0,0,true,0.0018679088077659285
2.46,0,0,true,0.0018184296124083188
2.4699999999999998,0,0,true,0.0017702610756669412
2.4800000000000004,0,0,true,0.0017233684793941783
2.49,0,0,true,0.001677718025094388
2.5,0,0,true,0.001633276809563146
2.51,0,0,true,0.0015900128011718138
2.5200000000000005,0,0,true,0.001547894816780282
2.5300000000000002,0,0,true,0.00150689249926131
2.54,0,0,true,0.0014669762956201668
2.55,0,0,true,0.0014281174356939224
2.5600000000000005,0,0,true,0.001390287911414935
2.5700000000000003,0,0,true,0.0013534604566236598
2.58,0,0,true,0.0013176085274161642
2.59,0,0,true,0.0012827062830122454
2.6000000000000005,0,0,true,0.0012487285671303277
2.6100000000000003,0,0,true,0.0012156508898557238
2.62,0,0,true,0.0011834494099891742
2.63,0,0,true,0.0011521009178629782
2.6399999999999997,0,0,true,0.0011215828186122952
2.6500000000000004,0,0,true,0.001091873115889583
2.66,0,0,true,0.0010629503960104258
2.67,0,0,true,0.0010347938125193112
2.6799999999999997,0,0,true,0.0010073830711642628
2.6900000000000004,0,0,true,0.000980698415269467
2.7,0,0,true,0.0009547206114953886
2.71,0,0,true,0.000929430935976048
2.7199999999999998,0,0,true,0.0009048111608235508
2.7300000000000004,0,0,true,0.0008808435409900731
2.74,0,0,true,0.0008575108014778778
2.75,0,0,true,0.0008347961248881086
2.76,0,0,true,0.0008126831392994184
2.7700000000000005,0,0,true,0.0007911559064676781
2.7800000000000002,0,0,true,0.0007701989103382677
2.79,0,0,true,0.0007497970458626536
2.8,0,0,true,0.0007299356081112204
2.8100000000000005,0,0,true,0.0007106002816744806
2.8200000000000003,0,0,true,0.0006917771303450556
2.83,0,0,true,0.0006734525870729411
2.84,0,0,true,0.0006556134441868788
2.8500000000000005,0,0,true,0.0006382468438747364
2.8600000000000003,0,0,true,0.0006213402689160652
2.87,0,0,true,0.0006048815336601302
2.88,0,0,true,0.0005888587752429374
2.8899999999999997,0,0,true,0.0005732604450369051
2.9000000000000004,0,0,true,0.0005580753003270309
2.91,0,0,true,0.0005432923962075495
2.92,0,0,true,0.0005289010776932323
2.9299999999999997,0,0,true,0.0005148909720396627
2.9400000000000004,0,0,true,0.0005012519812669313
2.95,0,0,true,0.0004879742748813831
2.96,0,0,true,0.0004750482827901406
2.9699999999999998,0,0,true,0.00046246468840333336
2.9800000000000004,0,0,true,0.00045021442191903204
2.99,0,0,true,0.0004382886537860633
3.0,0,0,true,0.00042667878833998644
-3.0,128,4,fitted,3.375102937240777e-05
-2.99,128,4,fitted,3.581838057871201e-05
-2.98,128,4,fitted,3.800433677599868e-05
-2.97,128,4,fitted,4.0315186293959706e-05
-2.96,128,4,fitted,4.275751925823897e-05
-2.95,128,4,fitted,4.533824023652823e-05
-2.94,128,4,fitted,4.806458131301031e-05
-2.93,128,4,fitted,5.094411560025054e-05
-2.92,128,4,fitted,5.398477119754192e-05
-2.91,128,4,fitted,5.7194845604580784e-05
-2.9,128,4,fitted,6.058302059921161e-05
-2.89,128,4,fitted,6.415837758780448e-05
-2.88,128,4,fitted,6.793041343664546e-05
-2.87,128,4,fitted,7.190905679249321e-05
-2.86,128,4,fitted,7.610468490022249e-05
-2.85,128,4,fitted,8.052814092519522e-05
-2.84,128,4,fitted,8.519075178770853e-05
-2.83,128,4,fitted,9.010434651653518e-05
-2.82,128,4,fitted,9.528127512822062e-05
-2.81,128,4,fitted,0.00010073442803840069
-2.8,128,4,fitted,0.00010647725601099534
-2.79,128,4,fitted,0.00011252379065066249
-2.78,128,4,fitted,0.00011888866544342328
-2.77,128,4,fitted,0.00012558713734982601
-2.76,128,4,fitted,0.00013263510895447194
-2.75,128,4,fitted,0.00014004915117511128
-2.74,128,4,fitted,0.00014784652653389272
-2.73,128,4,fitted,0.00015604521299266344
-2.7199999999999998,128,4,fitted,0.00016466392835350361
-2.71,128,4,fitted,0.00017372215522492508
-2.7,128,4,fitted,0.00018324016655335942
-2.69,128,4,fitted,0.00019323905171871722
-2.68,128,4,fitted,0.00020374074319192258
-2.67,128,4,fitted,0.00021476804375139845
-2.66,128,4,fitted,0.00022634465425449033
-2.65,128,4,fitted,0.00023849520195882713
-2.64,128,4,fitted,0.0002512452693875199
-2.63,128,4,fitted,0.0002646214237310312
-2.62,128,4,fitted,0.0002786512467773489
-2.61,128,4,fitted,0.00029336336536094776
-2.6,128,4,fitted,0.0003087874823197273
-2.59,128,4,fitted,0.0003249544079478656
-2.58,128,4,fitted,0.0003418960919311574
-2.57,128,4,fitted,0.0003596456557500458
-2.56,128,4,fitted,0.0003782374255341029
-2.55,128,4,fitted,0.00039770696535027726
-2.54,128,4,fitted,0.00041809111090565396
-2.53,128,4,fitted,0.00043942800364397364
-2.52,128,4,fitted,0.0004617571252134879
-2.51,128,4,fitted,0.00048511933228213714
-2.5,128,4,fitted,0.0005095568916743032
-2.49,128,4,fitted,0.0005351135158016945
-2.48,128,4,fitted,0.0005618343983591299
-2.4699999999999998,128,4,fitted,0.0005897662502542019
-2.46,128,4,fitted,0.0006189573357379466
-2.45,128,4,fitted,0.000649457508701807
-2.44,128,4,fitted,0.0006813182491042186
-2.4299999999999997,128,4,fitted,0.0007145926994882779
-2.42,128,4,fitted,0.0007493357015499634
-2.41,128,4,fitted,0.0007856038327144143
-2.4,128,4,fitted,0.0008234554426757517
-2.39,128,4,fitted,0.0008629506898539397
-2.38,128,4,fitted,0.0009041515777201637
-2.37,128,4,fitted,0.0009471219909401058
-2.36,128,4,fitted,0.0009919277312825446
-2.35,128,4,fitted,0.0010386365532385822
-2.34,128,4,fitted,0.0010873181992948314
-2.33,128,4,fitted,0.0011380444348018065
-2.32,128,4,fitted,0.0011908890823768322
-2.31,128,4,fitted,0.0012459280557786628
-2.3,128,4,fitted,0.0013032393931892354
-2.29,128,4,fitted,0.0013629032898358128
-2.2800000000000002,128,4,fitted,0.0014250021298851427
-2.27,128,4,fitted,0.001489620517539196
-2.26,128,4,fitted,0.001556845307260421
-2.25,128,4,fitted,0.001626765633052713
-2.24,128,4,fitted,0.001699472936722603
-2.23,128,4,fitted,0.0017750609950437338
-2.2199999999999998,128,4,fitted,0.0018536259457461416
-2.21,128,4,fitted,0.0019352663122506658
-2.2,128,4,fitted,0.002020083027067497
-2.19,128,4,fitted,0.0021081794537768685
-2.1799999999999997,128,4,fitted,0.002199661407508998
-2.17,128,4,fitted,0.0022946371738396883
-2.16,128,4,fitted,0.002393217526017422
-2.15,128,4,fitted,0.002495515740437474
-2.14,128,4,fitted,0.002601647610278531
-2.13,128,4,fitted,0.0027117314572175032
-2.12,128,4,fitted,0.0028258881411385413
-2.11,128,4,fitted,0.0029442410677533054
-2.1,128,4,fitted,0.0030669161940503667
-2.09,128,4,fitted,0.003194042031493436
-2.08,128,4,fitted,0.0033257496468897026
-2.07,128,4,fitted,0.0034621726608523268
-2.06,128,4,fitted,0.0036034472437835637
-2.05,128,4,fitted,0.003749712109308852
-2.04,128,4,fitted,0.0039011085050957815
-2.0300000000000002,128,4,fitted,0.0040577802009969105
-2.02,128,4,fitted,0.004219873474460384
-2.01,128,4,fitted,0.00438753709315866
-2.0,128,4,fitted,0.004560922294792616
-1.99,128,4,fitted,0.004740182764035991
-1.98,128,4,fitted,0.004925474606594147
-1.97,128,4,fitted,0.005116956320361011
-1.96,128,4,fitted,0.005314788763669154
-1.95,128,4,fitted,0.005519135120640343
-1.94,128,4,fitted,0.005730160863657617
-1.93,128,4,fitted,0.005948033712995241
-1.92,128,4,fitted,0.006172923593659625
-1.91,128,4,fitted,0.006405002589512929
-1.9,128,4,fitted,0.006644444894771579
-1.89,128,4,fitted,0.006891426762994198
-1.88,128,4,fitted,0.0071461264536983714
-1.8699999999999999,128,4,fitted,0.007408724176772351
-1.8599999999999999,128,4,fitted,0.007679402034877537
-1.8499999999999999,128,4,fitted,0.007958343964069534
-1.84,128,4,fitted,0.008245735672900807
-1.83,128,4,fitted,0.008541764580305904
-1.82,128,4,fitted,0.0088466197526116
-1.81,128,4,fitted,0.009160491840059386
-1.8,128,4,fitted,0.009483573013275822
-1.79,128,4,fitted,0.009816056900179167
-1.78,128,4,fitted,0.010158138523866881
-1.77,128,4,fitted,0.010510014242089735
-1.76,128,4,fitted,0.010871881688983611
-1.75,128,4,fitted,0.011243939719800302
-1.74,128,4,fitted,0.011626388359453973
-1.73,128,4,fitted,0.012019428755780312
-1.72,128,4,fitted,0.012423263138491174
-1.71,128,4,fitted,0.012838094784899255
-1.7,128,4,fitted,0.013264127993584018
-1.69,128,4,fitted,0.01370156806727374
-1.68,128,4,fitted,0.01415062130632713
-1.67,128,4,fitted,0.014611495014313405
-1.66,128,4,fitted,0.015084397517310966
-1.65,128,4,fitted,0.015569538198672185
-1.64,128,4,fitted,0.016067127551135405
-1.63,128,4,fitted,0.016577377248304746
-1.6199999999999999,128,4,fitted,0.017100500237663664
-1.6099999999999999,128,4,fitted,0.0176367108574391
-1.5999999999999999,128,4,fitted,0.018186224979789268
-1.59,128,4,fitted,0.018749260182949097
-1.58,128,4,fitted,0.01932603595513291
-1.57,128,4,fitted,0.019916773933162685
-1.56,128,4,fitted,0.02052169817896278
-1.55,128,4,fitted,0.021141035497236078
-1.54,128,4,fitted,0.021775015797811787
-1.53,128,4,fitted,0.02242387250633112
-1.52,128,4,fitted,0.023087843027110685
-1.51,128,4,fitted,0.023767169262195496
-1.5,128,4,fitted,0.024462098190780407
-1.49,128,4,fitted,0.02517288251333996
-1.48,128,4,fitted,0.02589978136495966
-1.47,128,4,fitted,0.026643061102504383
-1.46,128,4,fitted,0.027402996170389556
-1.45,128,4,fitted,0.028179870049835725
-1.44,128,4,fitted,0.02897397629658372
-1.43,128,4,fitted,0.029785619672123412
-1.42,128,4,fitted,0.030615117373540533
-1.41,128,4,fitted,0.0314628003671101
-1.4,128,4,fitted,0.03232901483075723
-1.39,128,4,fitted,0.033214123710464456
-1.38,128,4,fitted,0.034118508395622665
-1.3699999999999999,128,4,fitted,0.035042570518199125
-1.3599999999999999,128,4,fitted,0.03598673388042417
-1.3499999999999999,128,4,fitted,0.03695144651547459
-1.3399999999999999,128,4,fitted,0.03793718288535304
-1.33,128,4,fitted,0.03894444621982193
-1.32,128,4,fitted,0.039973770999845816
-1.31,128,4,fitted,0.041025725588520405
-1.3,128,4,fitted,0.04210091501191814
-1.29,128,4,fitted,0.043199983891651625
-1.28,128,4,fitted,0.044323619530246335
-1.27,128,4,fitted,0.045472555149616
-1.26,128,4,fitted,0.04664757328204692
-1.25,128,4,fitted,0.04784950931211503
-1.24,128,4,fitted,0.04907925516688146
-1.23,128,4,fitted,0.05033776315053396
-1.22,128,4,fitted,0.0516260499183627
-1.21,128,4,fitted,0.05294520058357706
-1.2,128,4,fitted,0.05429637294898554
-1.19,128,4,fitted,0.05568080185397296
-1.18,128,4,fitted,0.05709980362552066
-1.17,128,4,fitted,0.05855478062022654
-1.16,128,4,fitted,0.060047225842397134
-1.15,128,4,fitted,0.061578727621307464
-1.14,128,4,fitted,0.06315097432866171
-1.13,128,4,fitted,0.06476575911514577
-1.1199999999999999,128,4,fitted,0.06642498464274947
-1.1099999999999999,128,4,fitted,0.06813066778726236
-1.0999999999999999,128,4,fitted,0.06988494428302217
-1.0899999999999999,128,4,fitted,0.07169007327963339
-1.08,128,4,fitted,0.07354844177798919
-1.07,128,4,fitted,0.07546256891053751
-1.06,128,4,fitted,0.07743511002835082
-1.05,128,4,fitted,0.07946886055520823
-1.04,128,4,fitted,0.08156675956659587
-1.03,128,4,fitted,0.08373189304930306
-1.02,128,4,fitted,0.08596749679515896
-1.01,128,4,fitted,0.08827695888044175
-1.0,128,4,fitted,0.09066382168062934
-0.9899999999999998,128,4,fitted,0.09313178336846958
-0.98,128,4,fitted,0.09568469884186304
-0.9699999999999998,128,4,fitted,0.09832658002679825
-0.96,128,4,fitted,0.10106159549958578
-0.9500000000000002,128,4,fitted,0.1038940693719437
-0.94,128,4,fitted,0.10682847938210763
-0.9300000000000002,128,4,fitted,0.10986945413511896
-0.9199999999999999,128,4,fitted,0.11302176943580902
-0.9100000000000001,128,4,fitted,0.11629034365876496
-0.8999999999999999,128,4,fitted,0.11968023210078686
-0.8900000000000001,128,4,fitted,0.12319662026301818
-0.8799999999999999,128,4,fitted,0.12684481601211614
-0.8700000000000001,128,4,fitted,0.1306302405725077
-0.8599999999999999,128,4,fitted,0.13455841830501167
-0.8500000000000001,128,4,fitted,0.13863496523087476
-0.8399999999999999,128,4,fitted,0.142865576264622
-0.8300000000000001,128,4,fitted,0.14725601112403297
-0.8199999999999998,128,4,fitted,0.1518120788910685
-0.81,128,4,fitted,0.15653962120364961
-0.7999999999999998,128,4,fitted,0.16144449406487152
-0.79,128,4,fitted,0.16653254826346625
-0.7799999999999998,128,4,fitted,0.1718096084071442
-0.77,128,4,fitted,0.17728145057877384
-0.7599999999999998,128,4,fitted,0.18295377863423307
-0.75,128,4,fitted,0.18883219917009406
-0.7399999999999998,128,4,fitted,0.19492219519910767
-0.73,128,4,fitted,0.20122909858163127
-0.7199999999999998,128,4,fitted,0.20775806127170407
-0.71,128,4,fitted,0.21451402544729728
-0.6999999999999997,128,4,fitted,0.22150169260535835
-0.69,128,4,fitted,0.2287254917134868
-0.6800000000000002,128,4,fitted,0.2361895465214248
-0.6699999999999999,128,4,fitted,0.24389764214686493
-0.6600000000000001,128,4,fitted,0.25185319106134785
-0.6499999999999999,128,4,fitted,0.2600591986131172
-0.6400000000000001,128,4,fitted,0.26851822823462246
-0.6299999999999999,128,4,fitted,0.27723236649285465
-0.6200000000000001,128,4,fitted,0.2862031881506999
-0.6099999999999999,128,4,fitted,0.29543172141697877
-0.6000000000000001,128,4,fitted,0.30491841357161203
-0.5899999999999999,128,4,fitted,0.31466309716041174
-0.5800000000000001,128,4,fitted,0.32466495696113207
-0.5699999999999998,128,4,fitted,0.3349224979286337
-0.56,128,4,fitted,0.34543351433211233
-0.5499999999999998,128,4,fitted,0.35619506030132847
-0.54,128,4,fitted,0.36720342200145384
-0.5299999999999998,128,4,fitted,0.3784540916575495
-0.52,128,4,fitted,0.38994174364961104
-0.5099999999999998,128,4,fitted,0.40166021289762055
-0.5,128,4,fitted,0.41360247575293885
-0.48999999999999977,128,4,fitted,0.4257606336077333
-0.48,128,4,fitted,0.4381258994278086
-0.46999999999999975,128,4,fitted,0.45068858740627515
-0.45999999999999996,128,4,fitted,0.46343810592582607
-0.44999999999999973,128,4,fitted,0.4763629540061144
-0.43999999999999995,128,4,fitted,0.48945072139971796
-0.43000000000000016,128,4,fitted,0.5026880924856046
-0.41999999999999993,128,4,fitted,0.5160608540927795
-0.41000000000000014,128,4,fitted,0.52955390736908
-0.3999999999999999,128,4,fitted,0.5431512837908884
-0.3900000000000001,128,4,fitted,0.5568361653889294
-0.3799999999999999,128,4,fitted,0.5705909092435155
-0.3700000000000001,128,4,fitted,0.5843970762795545
-0.3599999999999999,128,4,fitted,0.5982354643676443
-0.3500000000000001,128,4,fitted,0.6120861457126333
-0.33999999999999986,128,4,fitted,0.6259285084854259
-0.33000000000000007,128,4,fitted,0.6397413026275817
-0.31999999999999984,128,4,fitted,0.6535026897317286
-0.31000000000000005,128,4,fitted,0.6671902968740049
-0.2999999999999998,128,4,fitted,0.6807812742480303
-0.29000000000000004,128,4,fitted,0.6942523564233112
-0.2799999999999998,128,4,fitted,0.7075799270248819
-0.27,128,4,fitted,0.720740086605414
-0.2599999999999998,128,4,fitted,0.7337087234563683
-0.25,128,4,fitted,0.7464615870810534
-0.23999999999999977,128,4,fitted,0.7589743640300615
-0.22999999999999998,128,4,fitted,0.7712227557785218
-0.21999999999999975,128,4,fitted,0.7831825583052812
-0.20999999999999996,128,4,fitted,0.7948297430165283
-0.19999999999999973,128,4,fitted,0.80614053864085
-0.18999999999999995,128,4,fitted,0.8170915137092404
-0.18000000000000016,128,4,fitted,0.8276596592224865
-0.16999999999999993,128,4,fitted,0.8378224710996071
-0.16000000000000014,128,4,fitted,0.8475580319948559
-0.1499999999999999,128,4,fitted,0.8568450920672361
-0.14000000000000012,128,4,fitted,0.8656631482856051
-0.1299999999999999,128,4,fitted,0.8739925218543426
-0.1200000000000001,128,4,fitted,0.8818144333492166
-0.10999999999999988,128,4,fitted,0.8891110751605453
-0.10000000000000009,128,4,fitted,0.8958656808509572
-0.08999999999999986,128,4,fitted,0.9020625910480391
-0.08000000000000007,128,4,fitted,0.9076873155077554
-0.06999999999999984,128,4,fitted,0.912726591002763
-0.06000000000000005,128,4,fitted,0.9171684347104185
-0.04999999999999982,128,4,fitted,0.9210021927983241
-0.040000000000000036,128,4,fitted,0.924218583930489
-0.029999999999999805,128,4,fitted,0.9268097374444635
-0.020000000000000018,128,4,fitted,0.9287692259788995
-0.009999999999999787,128,4,fitted,0.9300920923617558
0.0,128,4,fitted,0.9307748706015233
0.010000000000000231,128,4,fitted,0.9308156008572134
0.020000000000000018,128,4,fitted,0.9302138382971417
0.03000000000000025,128,4,fitted,0.9289706557915487
0.040000000000000036,128,4,fitted,0.9270886404195147
0.050000000000000266,128,4,fitted,0.9245718838062371
0.06000000000000005,128,4,fitted,0.9214259663422477
0.07000000000000028,128,4,fitted,0.917657935371299
0.08000000000000007,128,4,fitted,0.9132762774681931
0.08999999999999986,128,4,fitted,0.9082908849614937
0.10000000000000009,128,4,fitted,0.9027130168886124
0.10999999999999988,128,4,fitted,0.8965552546019561
0.1200000000000001,128,4,fitted,0.8898314522744274
0.1299999999999999,128,4,fitted,0.8825566825804073
0.14000000000000012,128,4,fitted,0.8747471778541516
0.1499999999999999,128,4,fitted,0.8664202670512237
0.16000000000000014,128,4,fitted,0.8575943088598977
0.16999999999999993,128,4,fitted,0.8482886213283558
0.18000000000000016,128,4,fitted,0.8385234083897701
0.18999999999999995,128,4,fitted,0.8283196836809945
0.20000000000000018,128,4,fitted,0.8176991920614229
0.20999999999999996,128,4,fitted,0.806684329246659
0.2200000000000002,128,4,fitted,0.7952980599768562
0.22999999999999998,128,4,fitted,0.7835638351420222
0.2400000000000002,128,4,fitted,0.7715055082861684
0.25,128,4,fitted,0.7591472519090585
0.26000000000000023,128,4,fitted,0.7465134739784466
0.27,128,4,fitted,0.7336287350572682
0.28000000000000025,128,4,fitted,0.7205176664392813
0.29000000000000004,128,4,fitted,0.7072048896733616
0.30000000000000027,128,4,fitted,0.6937149378410806
0.31000000000000005,128,4,fitted,0.6800721789346135
0.3200000000000003,128,4,fitted,0.6663007416624672
0.33000000000000007,128,4,fitted,0.6524244439893371
0.33999999999999986,128,4,fitted,0.6384667246936044
0.3500000000000001,128,4,fitted,0.6244505782019631
0.3599999999999999,128,4,fitted,0.610398492935462
0.3700000000000001,128,4,fitted,0.5963323933751835
0.3799999999999999,128,4,fitted,0.5822735860290462
0.3900000000000001,128,4,fitted,0.5682427094539602
0.3999999999999999,128,4,fitted,0.5542596884601381
0.41000000000000014,128,4,fitted,0.5403436925967949
0.41999999999999993,128,4,fitted,0.5265130989911528
0.43000000000000016,128,4,fitted,0.5127854595856157
0.43999999999999995,128,4,fitted,0.49917747279155494
0.4500000000000002,128,4,fitted,0.48570495955235227
0.45999999999999996,128,4,fitted,0.4723828437835287
0.4700000000000002,128,4,fitted,0.4592251371339193
0.48,128,4,fitted,0.44624492798924303
0.4900000000000002,128,4,fitted,0.43345437461803615
0.5,128,4,fitted,0.42086470234002116
0.5100000000000002,128,4,fitted,0.40848620457852347
0.52,128,4,fitted,0.3963282476417514
0.5300000000000002,128,4,fitted,0.3843992790625308
0.54,128,4,fitted,0.37270683931264137
0.5500000000000003,128,4,fitted,0.3612575766961093
0.56,128,4,fitted,0.35005726521584163
0.5700000000000003,128,4,fitted,0.3391108251996953
0.5800000000000001,128,4,fitted,0.32842234646558754
0.5899999999999999,128,4,fitted,0.3179951138004149
0.6000000000000001,128,4,fitted,0.30783163452443685
0.6099999999999999,128,4,fitted,0.2979336679112465
0.6200000000000001,128,4,fitted,0.2883022562334968
0.6299999999999999,128,4,fitted,0.27893775720609515
0.6400000000000001,128,4,fitted,0.2698398776014962
0.6499999999999999,128,4,fitted,0.26100770781600563
0.6600000000000001,128,4,fitted,0.25243975717146827
0.6699999999999999,128,4,fitted,0.24413398974334655
0.6800000000000002,128,4,fitted,0.23608786051380343
0.69,128,4,fitted,0.22829835165697265
0.7000000000000002,128,4,fitted,0.22076200877292612
0.71,128,4,fitted,0.21347497689691936
0.7200000000000002,128,4,fitted,0.2064330361211023
0.73,128,4,fitted,0.19963163667701722
0.7400000000000002,128,4,fitted,0.1930659333386594
0.75,128,4,fitted,0.18673081901764546
0.7600000000000002,128,4,fitted,0.18062095743392326
0.77,128,4,fitted,0.17473081475746027
0.7800000000000002,128,4,fitted,0.16905469012828797
0.79,128,4,fitted,0.16358674497415288
0.8000000000000003,128,4,fitted,0.1583210310566759
0.81,128,4,fitted,0.15325151718834712
0.8200000000000003,128,4,fitted,0.1483721145737483
0.8300000000000001,128,4,fitted,0.14367670073910738
0.8399999999999999,128,4,fitted,0.139159142024529
0.8500000000000001,128,4,fitted,0.1348133146230266
0.8599999999999999,128,4,fitted,0.13063312415971537
0.8700000000000001,128,4,fitted,0.12661252381320892
0.8799999999999999,128,4,fitted,0.12274553098936711
0.8900000000000001,128,4,fitted,0.11902624256502281
0.8999999999999999,128,4,fitted,0.11544884872620122
0.9100000000000001,128,4,fitted,0.11200764543158023
0.9199999999999999,128,4,fitted,0.10869704553756837
0.9300000000000002,128,4,fitted,0.1055115886263592
0.94,128,4,fitted,0.10244594958270425
0.9500000000000002,128,4,fitted,0.09949494596890476
0.96,128,4,fitted,0.09665354425071074
0.9700000000000002,128,4,fitted,0.09391686492941517
0.98,128,4,fitted,0.09128018663750129
0.9900000000000002,128,4,fitted,0.08873894925673284
1.0,128,4,fitted,0.08628875611863238
1.0099999999999998,128,4,fitted,0.08392537534786722
1.0200000000000005,128,4,fitted,0.08164474040922007
1.0300000000000002,128,4,fitted,0.07944294991856772
1.04,128,4,fitted,0.0773162667776718
1.0499999999999998,128,4,fitted,0.07526111669163996
1.0600000000000005,128,4,fitted,0.07327408612665696
1.0700000000000003,128,4,fitted,0.07135191976406961
1.08,128,4,fitted,0.0694915175051493
1.0899999999999999,128,4,fitted,0.06768993107890398
1.0999999999999996,128,4,fitted,0.06594436030317298
1.1100000000000003,128,4,fitted,0.06425214904696804
1.12,128,4,fitted,0.06261078093963511
1.13,128,4,fitted,0.06101787486993053
1.1399999999999997,128,4,fitted,0.05947118031557279
1.1500000000000004,128,4,fitted,0.05796857254124581
1.1600000000000001,128,4,fitted,0.056508047700439226
1.17,128,4,fitted,0.0550877178739145
1.1799999999999997,128,4,fitted,0.05370580607501851
1.1900000000000004,128,4,fitted,0.05236064124952841
1.2000000000000002,128,4,fitted,0.05105065329523342
1.21,128,4,fitted,0.04977436812403939
1.2199999999999998,128,4,fitted,0.0485304027870474
1.2300000000000004,128,4,fitted,0.047317460680799645
1.2400000000000002,128,4,fitted,0.04613432685073034
1.25,128,4,fitted,0.04497986340579781
1.2599999999999998,128,4,fitted,0.043853005056326444
1.2700000000000005,128,4,fitted,0.042752754785239676
1.2800000000000002,128,4,fitted,0.0416781796611393
1.29,128,4,fitted,0.04062840680006661
1.2999999999999998,128,4,fitted,0.03960261948128267
1.3100000000000005,128,4,fitted,0.03860005342101301
1.3200000000000003,128,4,fitted,0.03761999320682913
1.33,128,4,fitted,0.036661768894169895
1.3399999999999999,128,4,fitted,0.03572475276545182
1.3500000000000005,128,4,fitted,0.03480835625125844
1.3600000000000003,128,4,fitted,0.03391202701224815
1.37,128,4,fitted,0.03303524617965864
1.38,128,4,fitted,0.03217752575162279
1.3899999999999997,128,4,fitted,0.03133840614192729
1.4000000000000004,128,4,fitted,0.030517453877349304
1.4100000000000001,128,4,fitted,0.029714259439283748
1.42,128,4,fitted,0.028928435245022574
1.4299999999999997,128,4,fitted,0.028159613763765787
1.4400000000000004,128,4,fitted,0.027407445762218277
1.4500000000000002,128,4,fitted,0.026671598674462036
1.46,128,4,fitted,0.025951755090675644
1.4699999999999998,128,4,fitted,0.025247611359206442
1.4800000000000004,128,4,fitted,0.024558876296470758
1.4900000000000002,128,4,fitted,0.02388526999916945
1.5,128,4,fitted,0.023226522753347426
1.5099999999999998,128,4,fitted,0.022582374034899932
1.5200000000000005,128,4,fitted,0.021952571596223734
1.5300000000000002,128,4,fitted,0.02133687063383227
1.54,128,4,fitted,0.02073503303188953
1.5499999999999998,128,4,fitted,0.02014682667677276
1.5600000000000005,128,4,fitted,0.019572024837937185
1.5700000000000003,128,4,fitted,0.019010405610533247
1.58,128,4,fitted,0.01846175141540786
1.5899999999999999,128,4,fitted,0.01792584855231183
1.6000000000000005,128,4,fitted,0.017402486802325194
1.6100000000000003,128,4,fitted,0.016891459075707275
1.62,128,4,fitted,0.016392561101570648
1.63,128,4,fitted,0.01590559115597243
1.6399999999999997,128,4,fitted,0.015430349825204831
1.6500000000000004,128,4,fitted,0.014966639801254766
1.6600000000000001,128,4,fitted,0.014514265706585105
1.67,128,4,fitted,0.014073033945566549
1.6799999999999997,128,4,fitted,0.013642752580063465
1.6900000000000004,128,4,fitted,0.013223231226841053
1.7000000000000002,128,4,fitted,0.012814280974622458
1.71,128,4,fitted,0.012415714318776536
1.7199999999999998,128,4,fitted,0.012027345111764332
1.7300000000000004,128,4,fitted,0.011648988527610536
1.7400000000000002,128,4,fitted,0.011280461038799384
1.75,128,4,fitted,0.010921580404118758
1.7599999999999998,128,4,fitted,0.010572165666095822
1.7700000000000005,128,4,fitted,0.010232037156777911
1.7800000000000002,128,4,fitted,0.009901016510717911
1.79,128,4,fitted,0.009578926684121103
1.7999999999999998,128,4,fitted,0.009265591979203333
1.8100000000000005,128,4,fitted,0.008960838072895204
1.8200000000000003,128,4,fitted,0.008664492049108137
1.83,128,4,fitted,0.008376382433851465
1.8399999999999999,128,4,fitted,0.008096339232560174
1.8500000000000005,128,4,fitted,0.007824193969055846
1.8600000000000003,128,4,fitted,0.00755977972562334
1.87,128,4,fitted,0.0073029311837398015
1.88,128,4,fitted,0.007053484665043856
1.8899999999999997,128,4,fitted,0.006811278172178405
1.9000000000000004,128,4,fitted,0.006576151429183406
1.9100000000000001,128,4,fitted,0.0063479459211542456
1.92,128,4,fitted,0.006126504932916444
1.9299999999999997,128,4,fitted,0.005911673586500991
1.9400000000000004,128,4,fitted,0.005703298877233515
1.9500000000000002,128,4,fitted,0.005501229708278319
1.96,128,4,fitted,0.005305316923502379
1.9699999999999998,128,4,fitted,0.005115413338547473
1.9800000000000004,128,4,fitted,0.004931373770018237
1.9900000000000002,128,4,fitted,0.004753055062712797
2.0,128,4,fitted,0.0045803161148387055
2.01,128,4,fitted,0.004413017901172358
2.0200000000000005,128,4,fitted,0.004251023494133001
2.0300000000000002,128,4,fitted,0.0040941980827547825
2.04,128,4,fitted,0.003942408989550697
2.05,128,4,fitted,0.0037955256852723615
2.0600000000000005,128,4,fitted,0.00365341980157763
2.0700000000000003,128,4,fitted,0.0035159651416259052
2.08,128,4,fitted,0.0033830376886274534
2.09,128,4,fitted,0.0032545156123792705
2.1000000000000005,128,4,fitted,0.0031302792738247876
2.1100000000000003,128,4,fitted,0.0030102112276795385
2.12,128,4,fitted,0.0028941962231684576
2.13,128,4,fitted,0.002782121202924215
2.1399999999999997,128,4,fitted,0.0026738753000984687
2.1500000000000004,128,4,fitted,0.0025693498337404632
2.16,128,4,fitted,0.0024684383024994837
2.17,128,4,fitted,0.0023710363767089396
2.1799999999999997,128,4,fitted,0.0022770418889116063
2.1900000000000004,128,4,fitted,0.00218635482288608
2.2,128,4,fitted,0.002098877301235493
2.21,128,4,fitted,0.0020145135715997683
2.2199999999999998,128,4,fitted,0.001933169991553154
2.2300000000000004,128,4,fitted,0.001854755012248553
2.24,128,4,fitted,0.0017791791608702465
2.25,128,4,fitted,0.0017063550219560087
2.26,128,4,fitted,0.0016361972176494894
2.2700000000000005,128,4,fitted,0.0015686223869428124
2.2800000000000002,128,4,fitted,0.0015035491639688763
2.29,128,4,fitted,0.0014408981554018
2.3,128,4,fitted,0.001380591917023292
2.3100000000000005,128,4,fitted,0.0013225549295114941
2.3200000000000003,128,4,fitted,0.0012667135735079326
2.33,128,4,fitted,0.0012129961040169607
2.34,128,4,fitted,0.0011613326241910298
2.3500000000000005,128,4,fitted,0.001111655058553719
2.3600000000000003,128,4,fitted,0.0010638971257113156
2.37,128,4,fitted,0.0010179943106022739
2.38,128,4,fitted,0.0009738838363326922
2.3899999999999997,128,4,fitted,0.0009315046356444276
2.4000000000000004,128,4,fitted,0.0008907973220611346
2.41,128,4,fitted,0.0008517041607561388
2.42,128,4,fitted,0.0008141690391844929
2.4299999999999997,128,4,fitted,0.0007781374375203311
2.4400000000000004,128,4,fitted,0.000743556398938999
2.45,128,4,fitted,0.0007103744997821513
2.46,128,4,fitted,0.0006785418196424461
2.4699999999999998,128,4,fitted,0.0006480099114031483
2.4800000000000004,128,4,fitted,0.0006187317712664308
2.49,128,4,fitted,0.000590661808802816
2.5,128,4,fitted,0.0005637558170527217
2.51,128,4,fitted,0.0005379709427097858
2.5200000000000005,128,4,fitted,0.0005132656564141572
2.5300000000000002,128,4,fitted,0.000489599723182678
2.54,128,4,fitted,0.0004669341730014604
2.55,128,4,fitted,0.0004452312716051293
2.5600000000000005,128,4,fitted,0.00042445449146562796
2.5700000000000003,128,4,fitted,0.0004045684830122742
2.58,128,4,fitted,0.00038553904610344415
2.59,128,4,fitted,0.0003673331017691149
2.6000000000000005,128,4,fitted,0.00034991866424222633
2.6100000000000003,128,4,fitted,0.00033326481329571436
2.62,128,4,fitted,0.0003173416669008684
2.63,128,4,fitted,0.00030212035422162356
2.6399999999999997,128,4,fitted,0.00028757298895824916
2.6500000000000004,128,4,fitted,0.00027367264305288463
2.66,128,4,fitted,0.0002603933207683361
2.67,128,4,fitted,0.00024770993315054147
2.6799999999999997,128,4,fitted,0.00023559827288418682
2.6900000000000004,128,4,fitted,0.00022403498954997618
2.7,128,4,fitted,0.0002129975652912036
2.71,128,4,fitted,0.000202464290896361
2.7199999999999998,128,4,fitted,0.00019241424230372056
2.7300000000000004,128,4,fitted,0.00018282725753298806
2.74,128,4,fitted,0.00017368391404836518
2.75,128,4,fitted,0.0001649655065565975
2.76,128,4,fitted,0.0001566540252428859
2.7700000000000005,128,4,fitted,0.00014873213444683544
2.7800000000000002,128,4,fitted,0.00014118315177997056
2.79,128,4,fitted,0.00013399102768570242
2.8,128,4,fitted,0.00012714032544206049
2.8100000000000005,128,4,fitted,0.00012061620160690138
2.8200000000000003,128,4,fitted,0.00011440438690479063
2.83,128,4,fitted,0.0001084911675542145
2.84,128,4,fitted,0.00010286336703331801
2.8500000000000005,128,4,fitted,9.750832828188027e-05
2.8600000000000003,128,4,fitted,9.241389633682052e-05
2.87,128,4,fitted,8.756840139810308e-05
2.88,128,4,fitted,8.296064232154425e-05
2.8899999999999997,128,4,fitted,7.857987053464399e-05
2.9000000000000004,128,4,fitted,7.441577437124233e-05
2.91,128,4,fitted,7.045846382048108e-05
2.92,128,4,fitted,6.669845568525632e-05
2.9299999999999997,128,4,fitted,6.312665914508882e-05
2.9400000000000004,128,4,fitted,5.973436171807809e-05
2.95,128,4,fitted,5.651321561638633e-05
2.96,128,4,fitted,5.345522448948246e-05
2.9699999999999998,128,4,fitted,5.05527305491968e-05
2.9800000000000004,128,4,fitted,4.779840207045478e-05
2.99,128,4,fitted,4.5185221261414296e-05
3.0,128,4,fitted,4.270647249658462e-05
-3.0,128,8,fitted,0.0009295178656271042
-2.99,128,8,fitted,0.0009515949484518487
-2.98,128,8,fitted,0.0009741189178991118
-2.97,128,8,fitted,0.0009970968363785197
-2.96,128,8,fitted,0.0010205358331387931
-2.95,128,8,fitted,0.0010444431040457208
-2.94,128,8,fitted,0.0010688259113464204
-2.93,128,8,fitted,0.0010936915834201014
-2.92,128,8,fitted,0.001119047514515659
-2.91,128,8,fitted,0.0011449011644763685
-2.9,128,8,fitted,0.0011712600584520376
-2.89,128,8,fitted,0.001198131786598954
-2.88,128,8,fitted,0.001225524003768028
-2.87,128,8,fitted,0.0012534444291815105
-2.86,128,8,fitted,0.0012819008460987664
-2.85,128,8,fitted,0.0013109011014715197
-2.84,128,8,fitted,0.001340453105589118
-2.83,128,8,fitted,0.0013705648317143102
-2.82,128,8,fitted,0.0014012443157101393
-2.81,128,8,fitted,0.001432499655658525
-2.8,128,8,fitted,0.0014643390114712218
-2.79,128,8,fitted,0.001496770604493805
-2.78,128,8,fitted,0.0015298027171034673
-2.77,128,8,fitted,0.0015634436923013715
-2.76,128,8,fitted,0.0015977019333004623
-2.75,128,8,fitted,0.0016325859031095825
-2.74,128,8,fitted,0.001668104124114936
-2.73,128,8,fitted,0.0017042651776598798
-2.7199999999999998,128,8,fitted,0.0017410777036242135
-2.71,128,8,fitted,0.001778550400004164
-2.7,128,8,fitted,0.0018166920224943726
-2.69,128,8,fitted,0.0018555113840732888
-2.68,128,8,fitted,0.001895017354593498
-2.67,128,8,fitted,0.0019352188603786414
-2.66,128,8,fitted,0.001976124883828706
-2.65,128,8,fitted,0.0020177444630356325
-2.64,128,8,fitted,0.002060086691411333
-2.63,128,8,fitted,0.0021031607173304647
-2.62,128,8,fitted,0.002146975743790373
-2.61,128,8,fitted,0.002191541028091035
-2.6,128,8,fitted,0.0022368658815378924
-2.59,128,8,fitted,0.002282959669170897
-2.58,128,8,fitted,0.0023298318095232667
-2.57,128,8,fitted,0.002377491774413915
-2.56,128,8,fitted,0.002425949088777768
-2.55,128,8,fitted,0.0024752133305386893
-2.54,128,8,fitted,0.002525294130530126
-2.53,128,8,fitted,0.0025762011724691346
-2.52,128,8,fitted,0.002627944192989936
-2.51,128,8,fitted,0.00268053298174387
-2.5,128,8,fitted,0.0027339773815731353
-2.49,128,8,fitted,0.0027882872887665883
-2.48,128,8,fitted,0.0028434726534066
-2.4699999999999998,128,8,fitted,0.0028995434798168825
-2.46,128,8,fitted,0.002956509827122209
-2.45,128,8,fitted,0.003014381809932015
-2.44,128,8,fitted,0.0030731695991610382
-2.4299999999999997,128,8,fitted,0.0031328834230014736
-2.42,128,8,fitted,0.0031935335680626236
-2.41,128,8,fitted,0.003255130380695437
-2.4,128,8,fitted,0.003317684268521217
-2.39,128,8,fitted,0.003381205702185531
-2.38,128,8,fitted,0.003445705217360529
-2.37,128,8,fitted,0.00351119341702102
-2.36,128,8,fitted,0.0035776809740222315
-2.35,128,8,fitted,0.003645178634009732
-2.34,128,8,fitted,0.0037136972186950813
-2.33,128,8,fitted,0.003783247629533817
-2.32,128,8,fitted,0.0038538408518460077
-2.31,128,8,fitted,0.003925487959423244
-2.3,128,8,fitted,0.003998200119670226
-2.29,128,8,fitted,0.0040719885993333906
-2.2800000000000002,128,8,fitted,0.004146864770874073
-2.27,128,8,fitted,0.004222840119548808
-2.26,128,8,fitted,0.004299926251265154
-2.25,128,8,fitted,0.004378134901287645
-2.24,128,8,fitted,0.00445747794387508
-2.23,128,8,fitted,0.004537967402937613
-2.2199999999999998,128,8,fitted,0.004619615463809934
-2.21,128,8,fitted,0.004702434486245238
-2.2,128,8,fitted,0.004786437018743733
-2.19,128,8,fitted,0.004871635814339172
-2.1799999999999997,128,8,fitted,0.004958043847977431
-2.17,128,8,fitted,0.005045674335632471
-2.16,128,8,fitted,0.005134540755316972
-2.15,128,8,fitted,0.005224656870158058
-2.14,128,8,fitted,0.005316036753722287
-2.13,128,8,fitted,0.005408694817789068
-2.12,128,8,fitted,0.005502645842787299
-2.11,128,8,fitted,0.005597905011127273
-2.1,128,8,fitted,0.005694487943677502
-2.09,128,8,fitted,0.0057924107396557685
-2.08,128,8,fitted,0.005891690020223644
-2.07,128,8,fitted,0.005992342976095745
-2.06,128,8,fitted,0.006094387419497638
-2.05,128,8,fitted,0.006197841840830799
-2.04,128,8,fitted,0.006302725470428526
-2.0300000000000002,128,8,fitted,0.0064090583458139205
-2.02,128,8,fitted,0.006516861384899448
-2.01,128,8,fitted,0.006626156465597671
-2.0,128,8,fitted,0.006736966512344258
-1.99,128,8,fitted,0.006849315590067363
-1.98,128,8,fitted,0.006963229006172007
-1.97,128,8,fitted,0.00707873342114425
-1.96,128,8,fitted,0.0071958569684175125
-1.95,128,8,fitted,0.007314629384182487
-1.94,128,8,fitted,0.007435082147862758
-1.93,128,8,fitted,0.007557248634020221
-1.92,128,8,fitted,0.007681164276497806
-1.91,128,8,fitted,0.007806866745651761
-1.9,128,8,fitted,0.007934396139571658
-1.89,128,8,fitted,0.0080637951902334
-1.88,128,8,fitted,0.00819510948557845
-1.8699999999999999,128,8,fitted,0.008328387708561535
-1.8599999999999999,128,8,fitted,0.008463681894258515
-1.8499999999999999,128,8,fitted,0.008601047706176233
-1.84,128,8,fitted,0.008740544732956393
-1.83,128,8,fitted,0.008882236806715972
-1.82,128,8,fitted,0.009026192344316489
-1.81,128,8,fitted,0.00917248471290421
-1.8,128,8,fitted,0.009321192621111703
-1.79,128,8,fitted,0.009472400537358611
-1.78,128,8,fitted,0.009626199136734986
-1.77,128,8,fitted,0.00978268577799412
-1.76,128,8,fitted,0.009941965012222527
-1.75,128,8,fitted,0.010104149124792537
-1.74,128,8,fitted,0.01026935871223697
-1.73,128,8,fitted,0.010437723295715058
-1.72,128,8,fitted,0.010609381972763657
-1.71,128,8,fitted,0.010784484109046918
-1.7,128,8,fitted,0.010963190071830546
-1.69,128,8,fitted,0.011145672006912596
-1.68,128,8,fitted,0.011332114660740618
-1.67,128,8,fitted,0.01152271624943428
-1.66,128,8,fitted,0.011717689376412248
-1.65,128,8,fitted,0.011917262000291334
-1.64,128,8,fitted,0.012121678454683737
-1.63,128,8,fitted,0.012331200521463548
-1.6199999999999999,128,8,fitted,0.012546108559006022
-1.6099999999999999,128,8,fitted,0.012766702686820721
-1.5999999999999999,128,8,fitted,0.012993304027902105
-1.59,128,8,fitted,0.01322625601000719
-1.58,128,8,fitted,0.013465925726938598
-1.57,128,8,fitted,0.01371270536076124
-1.56,128,8,fitted,0.013967013665712054
-1.55,128,8,fitted,0.014229297514371929
-1.54,128,8,fitted,0.014500033506458312
-1.53,128,8,fitted,0.014779729640363028
-1.52,128,8,fitted,0.01506892704730338
-1.51,128,8,fitted,0.015368201787673563
-1.5,128,8,fitted,0.01567816670887763
-1.49,128,8,fitted,0.015999473363594318
-1.48,128,8,fitted,0.016332813987066104
-1.47,128,8,fitted,0.016678923531621436
-1.46,128,8,fitted,0.017038581756227623
-1.45,128,8,fitted,0.017412615368433866
-1.44,128,8,fitted,0.017801900215598333
-1.43,128,8,fitted,0.018207363521800274
-1.42,128,8,fitted,0.01862998616631854
-1.41,128,8,fitted,0.0190708049990113
-1.4,128,8,fitted,0.019530915187359593
-1.39,128,8,fitted,0.020011472589339798
-1.38,128,8,fitted,0.020513696145668812
-1.3699999999999999,128,8,fitted,0.021038870284321602
-1.3599999999999999,128,8,fitted,0.021588347329555557
-1.3499999999999999,128,8,fitted,0.022163549906991833
-1.3399999999999999,128,8,fitted,0.022765973335602183
-1.33,128,8,fitted,0.023397187996733727
-1.32,128,8,fitted,0.02405884166957612
-1.31,128,8,fitted,0.024752661821738034
-1.3,128,8,fitted,0.025480457842858052
-1.29,128,8,fitted,0.02624412320842983
-1.28,128,8,fitted,0.02704563756027913
-1.27,128,8,fitted,0.02788706868939434
-1.26,128,8,fitted,0.02877057440608654
-1.25,128,8,fitted,0.029698404281745954
-1.24,128,8,fitted,0.030672901245772925
-1.23,128,8,fitted,0.0316965030206002
-1.22,128,8,fitted,0.032771743377092856
-1.21,128,8,fitted,0.0339012531920215
-1.2,128,8,fitted,0.035087761288757034
-1.19,128,8,fitted,0.036334095041839404
-1.18,128,8,fitted,0.03764318072563467
-1.17,128,8,fitted,0.03901804358692005
-1.16,128,8,fitted,0.04046180762093451
-1.15,128,8,fitted,0.0419776950302074
-1.14,128,8,fitted,0.043569025345338505
-1.13,128,8,fitted,0.04523921418685556
-1.1199999999999999,128,8,fitted,0.04699177164732742
-1.1099999999999999,128,8,fitted,0.04883030027306881
-1.0999999999999999,128,8,fitted,0.05075849262504333
-1.0899999999999999,128,8,fitted,0.052780128398960804
-1.08,128,8,fitted,0.05489907108507984
-1.07,128,8,fitted,0.05711926414887279
-1.06,128,8,fitted,0.059444726714491344
-1.05,128,8,fitted,0.06187954873389634
-1.04,128,8,fitted,0.06442788562558296
-1.03,128,8,fitted,0.06709395236805282
-1.02,128,8,fitted,0.06988201703455497
-1.01,128,8,fitted,0.07279639375714547
-1.0,128,8,fitted,0.07584143510979756
-0.9899999999999998,128,8,fitted,0.0790215239021363
-0.98,128,8,fitted,0.08234106437736821
-0.9699999999999998,128,8,fitted,0.08580447281013265
-0.96,128,8,fitted,0.08941616750230555
-0.9500000000000002,128,8,fitted,0.0931805581772504
-0.94,128,8,fitted,0.09710203477560989
-0.9300000000000002,128,8,fitted,0.10118495565847993
-0.9199999999999999,128,8,fitted,0.1054336352266888
-0.9100000000000001,128,8,fitted,0.10985233096790151
-0.8999999999999999,128,8,fitted,0.11444522994640069
-0.8900000000000001,128,8,fitted,0.11921643475361153
-0.8799999999999999,128,8,fitted,0.1241699489407712
-0.8700000000000001,128,8,fitted,0.12930966195853272
-0.8599999999999999,128,8,fitted,0.1346393336317774
-0.8500000000000001,128,8,fitted,0.1401625782014149
-0.8399999999999999,128,8,fitted,0.14588284796852224
-0.8300000000000001,128,8,fitted,0.1518034165797294
-0.8199999999999998,128,8,fitted,0.15792736199634616
-0.81,128,8,fitted,0.16425754919325916
-0.7999999999999998,128,8,fitted,0.1707966126371505
-0.79,128,8,fitted,0.17754693859701665
-0.7799999999999998,128,8,fitted,0.18451064734334122
-0.77,128,8,fitted,0.19168957529550576
-0.7599999999999998,128,8,fitted,0.19908525718015663
-0.75,128,8,fitted,0.20669890826618936
-0.7399999999999998,128,8,fitted,0.21453140674481
-0.73,128,8,fitted,0.22258327632569166
-0.7199999999999998,128,8,fitted,0.23085466912261438
-0.71,128,8,fitted,0.23934534890405249
-0.6999999999999997,128,8,fitted,0.24805467478602328
-0.69,128,8,fitted,0.25698158544601307
-0.6800000000000002,128,8,fitted,0.26612458393803257
-0.6699999999999999,128,8,fitted,0.2754817231897031
-0.6600000000000001,128,8,fitted,0.28505059226280083
-0.6499999999999999,128,8,fitted,0.2948283034588258
-0.6400000000000001,128,8,fitted,0.30481148035089145
-0.6299999999999999,128,8,fitted,0.3149962468225887
-0.6200000000000001,128,8,fitted,0.32537821719337057
-0.6099999999999999,128,8,fitted,0.3359524875085148
-0.6000000000000001,128,8,fitted,0.3467136280697353
-0.5899999999999999,128,8,fitted,0.3576556772801448
-0.5800000000000001,128,8,fitted,0.3687721368743823
-0.5699999999999998,128,8,fitted,0.38005596860145097
-0.56,128,8,fitted,0.39149959242402177
-0.5499999999999998,128,8,fitted,0.4030948862937901
-0.54,128,8,fitted,0.41483318755780296
-0.5299999999999998,128,8,fitted,0.42670529604563506
-0.52,128,8,fitted,0.43870147888177785
-0.5099999999999998,128,8,fitted,0.45081147706175545
-0.5,128,8,fitted,0.4630245138241809
-0.48999999999999977,128,8,fitted,0.47532930484438224
-0.48,128,8,fitted,0.48771407026823294
-0.46999999999999975,128,8,fitted,0.5001665485975981
-0.45999999999999996,128,8,fitted,0.5126740124312336
-0.44999999999999973,128,8,fitted,0.5252232860572311
-0.43999999999999995,128,8,fitted,0.5378007648850825
-0.43000000000000016,128,8,fitted,0.5503924366973165
-0.41999999999999993,128,8,fitted,0.5629839046923449
-0.41000000000000014,128,8,fitted,0.5755604122818079
-0.3999999999999999,128,8,fitted,0.5881068695972913
-0.3900000000000001,128,8,fitted,0.6006078816528616
-0.3799999999999999,128,8,fitted,0.613047778101527
-0.3700000000000001,128,8,fitted,0.6254106445154343
-0.3599999999999999,128,8,fitted,0.6376803551115193
-0.3500000000000001,128,8,fitted,0.6498406068363564
-0.33999999999999986,128,8,fitted,0.6618749547162937
-0.33000000000000007,128,8,fitted,0.6737668483715152
-0.31999999999999984,128,8,fitted,0.6854996695856275
-0.31000000000000005,128,8,fitted,0.697056770815637
-0.2999999999999998,128,8,fitted,0.7084215145209428
-0.29000000000000004,128,8,fitted,0.7195773131841303
-0.2799999999999998,128,8,fitted,0.7305076698910784
-0.27,128,8,fitted,0.7411962193331132
-0.2599999999999998,128,8,fitted,0.7516267690897923
-0.25,128,8,fitted,0.761783341047321
-0.23999999999999977,128,8,fitted,0.7716502128047156
-0.22999999999999998,128,8,fitted,0.7812119589175601
-0.21999999999999975,128,8,fitted,0.7904534918276823
-0.20999999999999996,128,8,fitted,0.7993601023262196
-0.19999999999999973,128,8,fitted,0.8079174993974549
-0.18999999999999995,128,8,fitted,0.8161118492914262
-0.18000000000000016,128,8,fitted,0.8239298136746999
-0.16999999999999993,128,8,fitted,0.8313585867108202
-0.16000000000000014,128,8,fitted,0.8383859309248161
-0.1499999999999999,128,8,fitted,0.8450002117097635
-0.14000000000000012,128,8,fitted,0.8511904303377195
-0.1299999999999999,128,8,fitted,0.8569462553424101
-0.1200000000000001,128,8,fitted,0.8622580521467584
-0.10999999999999988,128,8,fitted,0.8671169108147642
-0.10000000000000009,128,8,fitted,0.8715146718142476
-0.08999999999999986,128,8,fitted,0.875443949684627
-0.08000000000000007,128,8,fitted,0.8788981545120687
-0.06999999999999984,128,8,fitted,0.8818715111230851
-0.06000000000000005,128,8,fitted,0.8843590759168332
-0.04999999999999982,128,8,fitted,0.8863567512660031
-0.040000000000000036,128,8,fitted,0.8878612974261796
-0.029999999999999805,128,8,fitted,0.8888703419038958
-0.020000000000000018,128,8,fitted,0.8893823862441986
-0.009999999999999787,128,8,fitted,0.8893968102093567
0.0,128,8,fitted,0.8889138733313224
0.010000000000000231,128,8,fitted,0.8879347138316199
0.020000000000000018,128,8,fitted,0.8864613449134378
0.03000000000000025,128,8,fitted,0.8844966484417871
0.040000000000000036,128,8,fitted,0.8820443660385809
0.050000000000000266,128,8,fitted,0.8791090876303378
0.06000000000000005,128,8,fitted,0.875696237496868
0.07000000000000028,128,8,fitted,0.8718120578796806
0.08000000000000007,128,8,fitted,0.8674635902189262
0.08999999999999986,128,8,fitted,0.862658654097384
0.10000000000000009,128,8,fitted,0.8574058239792899
0.10999999999999988,128,8,fitted,0.8517144038406056
0.1200000000000001,128,8,fitted,0.8455943997956137
0.1299999999999999,128,8,fitted,0.8390564908324845
0.14000000000000012,128,8,fitted,0.8321119977775653
0.1499999999999999,128,8,fitted,0.8247728506146882
0.16000000000000014,128,8,fitted,0.8170515542916057
0.16999999999999993,128,8,fitted,0.8089611531508555
0.18000000000000016,128,8,fitted,0.8005151941267776
0.18999999999999995,128,8,fitted,0.7917276888541597
0.20000000000000018,128,8,fitted,0.7826130748369385
0.20999999999999996,128,8,fitted,0.7731861758276602
0.2200000000000002,128,8,fitted,0.7634621615698433
0.22999999999999998,128,8,fitted,0.7534565070561638
0.2400000000000002,128,8,fitted,0.7431849514553379
0.25,128,8,fitted,0.7326634568598528
0.26000000000000023,128,8,fitted,0.7219081670052101
0.27,128,8,fitted,0.7109353661091948
0.28000000000000025,128,8,fitted,0.6997614379768089
0.29000000000000004,128,8,fitted,0.6884028255130236
0.30000000000000027,128,8,fitted,0.6768759907813531
0.31000000000000005,128,8,fitted,0.6651973757415486
0.3200000000000003,128,8,fitted,0.6533833637944105
0.33000000000000007,128,8,fitted,0.641450242255943
0.33999999999999986,128,8,fitted,0.6294141658767736
0.3500000000000001,128,8,fitted,0.6172911215160843
0.3599999999999999,128,8,fitted,0.6050968940721783
0.3700000000000001,128,8,fitted,0.5928470337643765
0.3799999999999999,128,8,fitted,0.5805568248532221
0.3900000000000001,128,8,fitted,0.5682412558779567
0.3999999999999999,128,8,fitted,0.5559149914820974
0.41000000000000014,128,8,fitted,0.543592345889575
0.41999999999999993,128,8,fitted,0.5312872580855066
0.43000000000000016,128,8,fitted,0.5190132687471608
0.43999999999999995,128,8,fitted,0.506783498962219
0.4500000000000002,128,8,fitted,0.49461063076296546
0.45999999999999996,128,8,fitted,0.482506889496707
0.4700000000000002,128,8,fitted,0.47048402804445755
0.48,128,8,fitted,0.4585533128919009
0.4900000000000002,128,8,fitted,0.44672551204874755
0.5,128,8,fitted,0.43501088480503136
0.5100000000000002,128,8,fitted,0.42341917330552253
0.52,128,8,fitted,0.41195959591644593
0.5300000000000002,128,8,fitted,0.40064084235197434
0.54,128,8,fitted,0.38947107052168145
0.5500000000000003,128,8,fitted,0.3784579050541697
0.56,128,8,fitted,0.367608437446594
0.5700000000000003,128,8,fitted,0.3569292277846666
0.5800000000000001,128,8,fitted,0.34642630797308765
0.5899999999999999,128,8,fitted,0.3361051864120967
0.6000000000000001,128,8,fitted,0.3259708540520968
0.6099999999999999,128,8,fitted,0.3160277917549787
0.6200000000000001,128,8,fitted,0.30627997888791914
0.6299999999999999,128,8,fitted,0.2967309030730586
0.6400000000000001,128,8,fitted,0.28738357101449596
0.6499999999999999,128,8,fitted,0.2782405203225819
0.6600000000000001,128,8,fitted,0.26930383225441307
0.6699999999999999,128,8,fitted,0.26057514528883857
0.6800000000000002,128,8,fitted,0.25205566945405317
0.69,128,8,fitted,0.24374620132607244
0.7000000000000002,128,8,fitted,0.23564713961693387
0.71,128,8,fitted,0.2277585012724282
0.7200000000000002,128,8,fitted,0.22007993800042433
0.73,128,8,fitted,0.2126107531524737
0.7400000000000002,128,8,fitted,0.20534991888326035
0.75,128,8,fitted,0.19829609351466262
0.7600000000000002,128,8,fitted,0.1914476390335984
0.77,128,8,fitted,0.1848026386555074
0.7800000000000002,128,8,fitted,0.17835891438816145
0.79,128,8,fitted,0.17211404453355542
0.8000000000000003,128,8,fitted,0.16606538106880483
0.81,128,8,fitted,0.16021006685031813
0.8200000000000003,128,8,fitted,0.15454505258892337
0.8300000000000001,128,8,fitted,0.1490671135471573
0.8399999999999999,128,8,fitted,0.14377286591347896
0.8500000000000001,128,8,fitted,0.1386587828117922
0.8599999999999999,128,8,fitted,0.13372120990827646
0.8700000000000001,128,8,fitted,0.12895638058114653
0.8799999999999999,128,8,fitted,0.12436043062256405
0.8900000000000001,128,8,fitted,0.11992941244546798
0.8999999999999999,128,8,fitted,0.11565930877160144
0.9100000000000001,128,8,fitted,0.11154604578042024
0.9199999999999999,128,8,fitted,0.10758550570191773
0.9300000000000002,128,8,fitted,0.10377353883961919
0.94,128,8,fitted,0.10010597501313256
0.9500000000000002,128,8,fitted,0.09657863441262546
0.96,128,8,fitted,0.09318733786047423
0.9700000000000002,128,8,fitted,0.08992791647804206
0.98,128,8,fitted,0.0867962207581299
0.9900000000000002,128,8,fitted,0.08378812904605724
1.0,128,8,fitted,0.08089955543460649
1.0099999999999998,128,8,fitted,0.07812645708016297
1.0200000000000005,128,8,fitted,0.07546484094933725
1.0300000000000002,128,8,fitted,0.07291077000713668
1.04,128,8,fitted,0.07046036885937434
1.0499999999999998,128,8,fitted,0.06810982886347391
1.0600000000000005,128,8,fitted,0.06585541272312463
1.0700000000000003,128,8,fitted,0.0636934585833969
1.08,128,8,fitted,0.06162038364392029
1.0899999999999999,128,8,fitted,0.059632687308583926
1.0999999999999996,128,8,fitted,0.05772695389091951
1.1100000000000003,128,8,fitted,0.055899854894903435
1.12,128,8,fitted,0.05414815089135336
1.13,128,8,fitted,0.05246869301040778
1.1399999999999997,128,8,fitted,0.050858424070779805
1.1500000000000004,128,8,fitted,0.049314379366557345
1.1600000000000001,128,8,fitted,0.047833687132308206
1.17,128,8,fitted,0.04641356870713076
1.1799999999999997,128,8,fitted,0.045051338418091336
1.1900000000000004,128,8,fitted,0.04374440320319871
1.2000000000000002,128,8,fitted,0.04249026199370891
1.21,128,8,fitted,0.04128650487512133
1.2199999999999998,128,8,fitted,0.04013081204574237
1.2300000000000004,128,8,fitted,0.039020952591146144
1.2400000000000002,128,8,fitted,0.03795478309227526
1.25,128,8,fitted,0.03693024608429258
1.2599999999999998,128,8,fitted,0.03594536838263483
1.2700000000000005,128,8,fitted,0.034998259292024256
1.2800000000000002,128,8,fitted,0.03408710871348408
1.29,128,8,fitted,0.033210185163671246
1.2999999999999998,128,8,fitted,0.03236583372010174
1.3100000000000005,128,8,fitted,0.031552473905093206
1.3200000000000003,128,8,fitted,0.03076859752050213
1.33,128,8,fitted,0.030012766444582624
1.3399999999999999,128,8,fitted,0.02928361040155512
1.3500000000000005,128,8,fitted,0.028579824713738034
1.3600000000000003,128,8,fitted,0.027900168045377247
1.37,128,8,fitted,0.027243460146602345
1.38,128,8,fitted,0.026608579605253667
1.3899999999999997,128,8,fitted,0.02599446161365543
1.4000000000000004,128,8,fitted,0.02540009575676687
1.4100000000000001,128,8,fitted,0.024824523827521768
1.42,128,8,fitted,0.02426683767456965
1.4299999999999997,128,8,fitted,0.02372617708706313
1.4400000000000004,128,8,fitted,0.023201727720590648
1.4500000000000002,128,8,fitted,0.022692719067838894
1.46,128,8,fitted,0.022198422477079455
1.4699999999999998,128,8,fitted,0.021718149221115535
1.4800000000000004,128,8,fitted,0.021251248618890304
1.4900000000000002,128,8,fitted,0.02079710621155506
1.5,128,8,fitted,0.020355141994416962
1.5099999999999998,128,8,fitted,0.01992480870583744
1.5200000000000005,128,8,fitted,0.01950559017382722
1.5300000000000002,128,8,fitted,0.019096999720787124
1.54,128,8,fitted,0.01869857862656995
1.5499999999999998,128,8,fitted,0.018309894649791398
1.5600000000000005,128,8,fitted,0.017930540607091223
1.5700000000000003,128,8,fitted,0.017560133009843968
1.58,128,8,fitted,0.01719831075763561
1.5899999999999999,128,8,fitted,0.01684473388766245
1.6000000000000005,128,8,fitted,0.016499082379064927
1.6100000000000003,128,8,fitted,0.01616105501108581
1.62,128,8,fitted,0.015830368273834196
1.63,128,8,fitted,0.015506755330346778
1.6399999999999997,128,8,fitted,0.015189965028560414
1.6500000000000004,128,8,fitted,0.014879760961748164
1.6600000000000001,128,8,fitted,0.014575920575921435
1.67,128,8,fitted,0.01427823432266244
1.6799999999999997,128,8,fitted,0.013986504855825064
1.6900000000000004,128,8,fitted,0.013700546270524243
1.7000000000000002,128,8,fitted,0.013420183382826393
1.71,128,8,fitted,0.013145251048552777
1.7199999999999998,128,8,fitted,0.012875593519615765
1.7300000000000004,128,8,fitted,0.012611063836320668
1.7400000000000002,128,8,fitted,0.01235152325408603
1.75,128,8,fitted,0.012096840703059036
1.7599999999999998,128,8,fitted,0.011846892279132368
1.7700000000000005,128,8,fitted,0.01160156076490058
1.7800000000000002,128,8,fitted,0.011360735179130617
1.79,128,8,fitted,0.011124310353358792
1.7999999999999998,128,8,fitted,0.010892186534268095
1.8100000000000005,128,8,fitted,0.01066426901054121
1.8200000000000003,128,8,fitted,0.01044046776292886
1.83,128,8,fitted,0.010220697136317248
1.8399999999999999,128,8,fitted,0.010004875532624151
1.8500000000000005,128,8,fitted,0.009792925123398136
1.8600000000000003,128,8,fitted,0.009584771581041365
1.87,128,8,fitted,0.009380343827621238
1.88,128,8,fitted,0.009179573800281775
1.8899999999999997,128,8,fitted,0.008982396232309094
1.9000000000000004,128,8,fitted,0.008788748448949332
1.9100000000000001,128,8,fitted,0.00859857017711981
1.92,128,8,fitted,0.00841180336819556
1.9299999999999997,128,8,fitted,0.008228392033094173
1.9400000000000004,128,8,fitted,0.008048282088920652
1.9500000000000002,128,8,fitted,0.00787142121647226
1.96,128,8,fitted,0.007697758727939569
1.9699999999999998,128,8,fitted,0.007527245444175645
1.9800000000000004,128,8,fitted,0.007359833580938745
1.9900000000000002,128,8,fitted,0.007195476643546742
2.0,128,8,fitted,0.0070341293294122215
2.01,128,8,fitted,0.006875747437957461
2.0200000000000005,128,8,fitted,0.006720287787436363
2.0300000000000002,128,8,fitted,0.006567708138217874
2.04,128,8,fitted,0.0064179671221106654
2.05,128,8,fitted,0.006271024177333943
2.0600000000000005,128,8,fitted,0.0061268394887618455
2.0700000000000003,128,8,fitted,0.005985373933091285
2.08,128,8,fitted,0.005846589028603593
2.09,128,8,fitted,0.005710446889210423
2.1000000000000005,128,8,fitted,0.005576910182492621
2.1100000000000003,128,8,fitted,0.005445942091458598
2.12,128,8,fitted,0.005317506279765089
2.13,128,8,fitted,0.005191566860159218
2.1399999999999997,128,8,fitted,0.005068088365915158
2.1500000000000004,128,8,fitted,0.004947035725052694
2.16,128,8,fitted,0.004828374237138287
2.17,128,8,fitted,0.004712069552481045
2.1799999999999997,128,8,fitted,0.0045980876535482535
2.1900000000000004,128,8,fitted,0.004486394838435381
2.2,128,8,fitted,0.004376957706236162
2.21,128,8,fitted,0.004269743144167636
2.2199999999999998,128,8,fitted,0.004164718316314443
2.2300000000000004,128,8,fitted,0.004061850653864812
2.24,128,8,fitted,0.003961107846718969
2.25,128,8,fitted,0.003862457836357915
2.26,128,8,fitted,0.00376586880986792
2.2700000000000005,128,8,fitted,0.003671309195022417
2.2800000000000002,128,8,fitted,0.003578747656329419
2.29,128,8,fitted,0.00348815309195827
2.3,128,8,fitted,0.0033994946314653083
2.3100000000000005,128,8,fitted,0.0033127416342429604
2.3200000000000003,128,8,fitted,0.0032278636886218523
2.33,128,8,fitted,0.0031448306115599597
2.34,128,8,fitted,0.003063612448857349
2.3500000000000005,128,8,fitted,0.0029841794758389576
2.3600000000000003,128,8,fitted,0.0029065021984518128
2.37,128,8,fitted,0.0028305513547265924
2.38,128,8,fitted,0.0027562979165570304
2.3899999999999997,128,8,fitted,0.0026837130917536705
2.4000000000000004,128,8,fitted,0.002612768326331638
2.41,128,8,fitted,0.0025434353069949452
2.42,128,8,fitted,0.0024756859637824202
2.4299999999999997,128,8,fitted,0.002409492472843106
2.4400000000000004,128,8,fitted,0.0023448272593111696
2.45,128,8,fitted,0.0022816630002527472
2.46,128,8,fitted,0.0022199726276591974
2.4699999999999998,128,8,fitted,0.0021597293314633594
2.4800000000000004,128,8,fitted,0.0021009065625572053
2.49,128,8,fitted,0.0020434780357911466
2.5,128,8,fitted,0.001987417732936831
2.51,128,8,fitted,0.0019326999055970526
2.5200000000000005,128,8,fitted,0.0018792990780476845
2.5300000000000002,128,8,fitted,0.0018271900499981248
2.54,128,8,fitted,0.0017763478992579422
2.55,128,8,fitted,0.0017267479842988107
2.5600000000000005,128,8,fitted,0.0016783659467018623
2.5700000000000003,128,8,fitted,0.0016311777134818068
2.58,128,8,fitted,0.0015851594992800917
2.59,128,8,fitted,0.0015402878084205178
2.6000000000000005,128,8,fitted,0.0014965394368214803
2.6100000000000003,128,8,fitted,0.0014538914737599925
2.62,128,8,fitted,0.0014123213034833272
2.63,128,8,fitted,0.0013718066066650463
2.6399999999999997,128,8,fitted,0.0013323253617026991
2.6500000000000004,128,8,fitted,0.0012938558458552654
2.66,128,8,fitted,0.001256376636218983
2.67,128,8,fitted,0.0012198666105407352
2.6799999999999997,128,8,fitted,0.0011843049478687986
2.6900000000000004,128,8,fitted,0.0011496711290411373
2.7,128,8,fitted,0.0011159449370119617
2.71,128,8,fitted,0.0010831064570176311
2.7199999999999998,128,8,fitted,0.001051136076583422
2.7300000000000004,128,8,fitted,0.0010200144853729958
2.74,128,8,fitted,0.0009897226748827558
2.75,128,8,fitted,0.0009602419379835174
2.76,128,8,fitted,0.000931553868312303
2.7700000000000005,128,8,fitted,0.0009036403595171787
2.7800000000000002,128,8,fitted,0.0008764836043583924
2.79,128,8,fitted,0.0008500660936691463
2.8,128,8,fitted,0.0008243706151796595
2.8100000000000005,128,8,fitted,0.0007993802522081812
2.8200000000000003,128,8,fitted,0.0007750783822228732
2.83,128,8,fitted,0.0007514486752784942
2.84,128,8,fitted,0.0007284750923320206
2.8500000000000005,128,8,fitted,0.0007061418834413316
2.8600000000000003,128,8,fitted,0.0006844335858512238
2.87,128,8,fitted,0.0006633350219710083
2.88,128,8,fitted,0.0006428312972480694
2.8899999999999997,128,8,fitted,0.0006229077979417071
2.9000000000000004,128,8,fitted,0.0006035501888016555
2.91,128,8,fitted,0.0005847444106556663
2.92,128,8,fitted,0.000566476677910512
2.9299999999999997,128,8,fitted,0.0005487334759708095
2.9400000000000004,128,8,fitted,0.0005315015585799698
2.95,128,8,fitted,0.0005147679450876208
2.96,128,8,fitted,0.0004985199176477383
2.9699999999999998,128,8,fitted,0.0004827450183517511
2.9800000000000004,128,8,fitted,0.0004674310463007703
2.99,128,8,fitted,0.0004525660546210807
3.0,128,8,fitted,0.0004381383474269285
-3.0,512,4,fitted,0.0004142784845246629
-2.99,512,4,fitted,0.0004293310471849254
-2.98,512,4,fitted,0.0004448752360961936
-2.97,512,4,fitted,0.00046092494387550427
-2.96,512,4,fitted,0.0004774943771609601
-2.95,512,4,fitted,0.0004945980610953479
-2.94,512,4,fitted,0.0005122508437941683
-2.93,512,4,fitted,0.0005304679007955303
-2.92,512,4,fitted,0.0005492647394893958
-2.91,512,4,fitted,0.0005686572035236388
-2.9,512,4,fitted,0.0005886614771843983
-2.89,512,4,fitted,0.0006092940897482009
-2.88,512,4,fitted,0.00063057191980336
-2.87,512,4,fitted,0.0006525121995381563
-2.86,512,4,fitted,0.000675132518993364
-2.85,512,4,fitted,0.0006984508302766637
-2.84,512,4,fitted,0.0007224854517365997
-2.83,512,4,fitted,0.0007472550720936847
-2.82,512,4,fitted,0.0007727787545264139
-2.81,512,4,fitted,0.000799075940709899
-2.8,512,4,fitted,0.0008261664548049989
-2.79,512,4,fitted,0.000854070507395801
-2.78,512,4,fitted,0.0008828086993734703
-2.77,512,4,fitted,0.0009124020257644818
-2.76,512,4,fitted,0.0009428718795014392
-2.75,512,4,fitted,0.0009742400551346838
-2.74,512,4,fitted,0.001006528752483089
-2.73,512,4,fitted,0.0010397605802224938
-2.7199999999999998,512,4,fitted,0.0010739585594103619
-2.71,512,4,fitted,0.0011091461269454206
-2.7,512,4,fitted,0.0011453471389611127
-2.69,512,4,fitted,0.0011825858741518636
-2.68,512,4,fitted,0.0012208870370313328
-2.67,512,4,fitted,0.0012602757611219605
-2.66,512,4,fitted,0.0013007776120752782
-2.65,512,4,fitted,0.0013424185907226459
-2.64,512,4,fitted,0.0013852251360562387
-2.63,512,4,fitted,0.0014292241281403197
-2.62,512,4,fitted,0.0014744428909529827
-2.61,512,4,fitted,0.0015209091951588084
-2.6,512,4,fitted,0.0015686512608130254
-2.59,512,4,fitted,0.0016176977599980445
-2.58,512,4,fitted,0.001668077819393352
-2.57,512,4,fitted,0.0017198210227801342
-2.56,512,4,fitted,0.0017729574134820114
-2.55,512,4,fitted,0.0018275174967437536
-2.54,512,4,fitted,0.0018835322420498203
-2.53,512,4,fitted,0.001941033085385074
-2.52,512,4,fitted,0.0020000519314400055
-2.51,512,4,fitted,0.002060621155763315
-2.5,512,4,fitted,0.0021227736068647044
-2.49,512,4,fitted,0.0021865426082712147
-2.48,512,4,fitted,0.0022519619605405336
-2.4699999999999998,512,4,fitted,0.00231906594323505
-2.46,512,4,fitted,0.0023878893168606946
-2.45,512,4,fitted,0.002458467324774866
-2.44,512,4,fitted,0.002530835695067977
-2.4299999999999997,512,4,fitted,0.0026050306424234893
-2.42,512,4,fitted,0.00268108886996159
-2.41,512,4,fitted,0.0027590475710718852
-2.4,512,4,fitted,0.002838944431240805
-2.39,512,4,fitted,0.0029208176298797447
-2.38,512,4,fitted,0.0030047058421602303
-2.37,512,4,fitted,0.003090648240862666
-2.36,512,4,fitted,0.0031786844982456663
-2.35,512,4,fitted,0.0032688547879431255
-2.34,512,4,fitted,0.0033611997868966985
-2.33,512,4,fitted,0.0034557606773315745
-2.32,512,4,fitted,0.0035525791487839263
-2.31,512,4,fitted,0.0036516974001887114
-2.3,512,4,fitted,0.0037531581420370526
-2.29,512,4,fitted,0.0038570045986127187
-2.2800000000000002,512,4,fitted,0.003963280510317971
-2.27,512,4,fitted,0.004072030136099311
-2.26,512,4,fitted,0.004183298255984481
-2.25,512,4,fitted,0.004297130173742689
-2.24,512,4,fitted,0.004413571719680682
-2.23,512,4,fitted,0.004532669253588216
-2.2199999999999998,512,4,fitted,0.004654469667847333
-2.21,512,4,fitted,0.00477902039072095
-2.2,512,4,fitted,0.004906369389837399
-2.19,512,4,fitted,0.005036565175888798
-2.1799999999999997,512,4,fitted,0.005169656806562745
-2.17,512,4,fitted,0.005305693890728417
-2.16,512,4,fitted,0.005444726592900062
-2.15,512,4,fitted,0.005586805638002953
-2.14,512,4,fitted,0.005731982316469312
-2.13,512,4,fitted,0.0058803084896945105
-2.12,512,4,fitted,0.006031836595886653
-2.11,512,4,fitted,0.006186619656346423
-2.1,512,4,fitted,0.006344711282217597
-2.09,512,4,fitted,0.006506165681753268
-2.08,512,4,fitted,0.006671037668147431
-2.07,512,4,fitted,0.006839382667987368
-2.06,512,4,fitted,0.007011256730387936
-2.05,512,4,fitted,0.007186716536876197
-2.04,512,4,fitted,0.007365819412101988
-2.0300000000000002,512,4,fitted,0.00754862333545888
-2.02,512,4,fitted,0.007735186953709143
-2.01,512,4,fitted,0.007925569594716955
-2.0,512,4,fitted,0.008119831282405728
-1.99,512,4,fitted,0.008318032753068192
-1.98,512,4,fitted,0.008520235473172072
-1.97,512,4,fitted,0.008726501658820043
-1.96,512,4,fitted,0.008936894297039609
-1.95,512,4,fitted,0.009151477169097838
-1.94,512,4,fitted,0.009370314876056388
-1.93,512,4,fitted,0.009593472866805348
-1.92,512,4,fitted,0.00982101746883905
-1.91,512,4,fitted,0.010053015922064505
-1.9,512,4,fitted,0.010289536415962586
-1.89,512,4,fitted,0.010530648130454345
-1.88,512,4,fitted,0.010776421280859955
-1.8699999999999999,512,4,fitted,0.011026927167375626
-1.8599999999999999,512,4,fitted,0.01128223822953492
-1.8499999999999999,512,4,fitted,0.011542428106165112
-1.84,512,4,fitted,0.011807571701397089
-1.83,512,4,fitted,0.012077745257338525
-1.82,512,4,fitted,0.012353026434075029
-1.81,512,4,fitted,0.012633494397723112
-1.8,512,4,fitted,0.012919229917321723
-1.79,512,4,fitted,0.013210315471416118
-1.78,512,4,fitted,0.013506835365259515
-1.77,512,4,fitted,0.013808875859633548
-1.76,512,4,fitted,0.014116525312369012
-1.75,512,4,fitted,0.014429874333732775
-1.74,512,4,fitted,0.014749015956936413
-1.73,512,4,fitted,0.015074045825115399
-1.72,512,4,fitted,0.015405062396226124
-1.71,512,4,fitted,0.015742167167410354
-1.7,512,4,fitted,0.016085464920483357
-1.69,512,4,fitted,0.01643506399031259
-1.68,512,4,fitted,0.01679107655796816
-1.67,512,4,fitted,0.017153618970643693
-1.66,512,4,fitted,0.017522812090467268
-1.65,512,4,fitted,0.017898781674444735
-1.64,512,4,fitted,0.018281658787903006
-1.63,512,4,fitted,0.018671580253926918
-1.6199999999999999,512,4,fitted,0.019068689141410133
-1.6099999999999999,512,4,fitted,0.019473135294466565
-1.5999999999999999,512,4,fitted,0.019885075906074016
-1.59,512,4,fitted,0.02030467613894381
-1.58,512,4,fitted,0.020732109796729258
-1.57,512,4,fitted,0.021167560048799165
-1.56,512,4,fitted,0.021611220211910084
-1.55,512,4,fitted,0.022063294592209827
-1.54,512,4,fitted,0.022523999391094146
-1.53,512,4,fitted,0.02299356367851565
-1.52,512,4,fitted,0.02347223043740805
-1.51,512,4,fitted,0.023960257682936085
-1.5,512,4,fitted,0.024457919660311193
-1.49,512,4,fitted,0.024965508124921498
-1.48,512,4,fitted,0.025483333708510185
-1.47,512,4,fitted,0.026011727375095654
-1.46,512,4,fitted,0.02655104197025751
-1.45,512,4,fitted,0.027101653867311316
-1.44,512,4,fitted,0.027663964713759218
-1.43,512,4,fitted,0.02823840328122986
-1.42,512,4,fitted,0.02882542742190663
-1.41,512,4,fitted,0.029425526134184376
-1.4,512,4,fitted,0.0300392217399891
-1.39,512,4,fitted,0.0306670721758385
-1.38,512,4,fitted,0.031309673399311726
-1.3699999999999999,512,4,fitted,0.03196766191212981
-1.3599999999999999,512,4,fitted,0.03264171740052278
-1.3499999999999999,512,4,fitted,0.03333256549297088
-1.3399999999999999,512,4,fitted,0.034040980634754615
-1.33,512,4,fitted,0.0347677890780279
-1.32,512,4,fitted,0.03551387198533973
-1.31,512,4,fitted,0.03628016864366866
-1.3,512,4,fitted,0.03706767978510302
-1.29,512,4,fitted,0.03787747100929306
-1.28,512,4,fitted,0.03871067630172273
-1.27,512,4,fitted,0.039568501640695766
-1.26,512,4,fitted,0.04045222868470571
-1.25,512,4,fitted,0.041363218530562636
-1.24,512,4,fitted,0.04230291553128378
-1.23,512,4,fitted,0.0432728511613227
-1.22,512,4,fitted,0.04427464791521701
-1.21,512,4,fitted,0.04531002322418151
-1.2,512,4,fitted,0.04638079337356753
-1.19,512,4,fitted,0.047488877402457
-1.18,512,4,fitted,0.0486363009649686
-1.17,512,4,fitted,0.04982520013113081
-1.16,512,4,fitted,0.05105782510343355
-1.15,512,4,fitted,0.05233654382341535
-1.14,512,4,fitted,0.05366384544088933
-1.13,512,4,fitted,0.055042343616670306
-1.1199999999999999,512,4,fitted,0.05647477962795121
-1.1099999999999999,512,4,fitted,0.05796402524380359
-1.0999999999999999,512,4,fitted,0.05951308533666165
-1.0899999999999999,512,4,fitted,0.061125100194104706
-1.08,512,4,fitted,0.06280334749380223
-1.07,512,4,fitted,0.06455124390314018
-1.06,512,4,fitted,0.06637234626383215
-1.05,512,4,fitted,0.0682703523207494
-1.04,512,4,fitted,0.07024910095330121
-1.03,512,4,fitted,0.07231257186698223
-1.02,512,4,fitted,0.07446488470219545
-1.01,512,4,fitted,0.07671029751718114
-1.0,512,4,fitted,0.07905320460185042
-0.9899999999999998,512,4,fitted,0.08149813357956068
-0.98,512,4,fitted,0.08404974175439614
-0.9699999999999998,512,4,fitted,0.08671281166235137
-0.96,512,4,fitted,0.08949224578597044
-0.9500000000000002,512,4,fitted,0.09239306039350054
-0.94,512,4,fitted,0.09542037846546939
-0.9300000000000002,512,4,fitted,0.09857942167382788
-0.9199999999999999,512,4,fitted,0.10187550138141077
-0.9100000000000001,512,4,fitted,0.10531400863246482
-0.8999999999999999,512,4,fitted,0.10890040310840557
-0.8900000000000001,512,4,fitted,0.1126402010267599
-0.8799999999999999,512,4,fitted,0.11653896196547478
-0.8700000000000001,512,4,fitted,0.1206022745993803
-0.8599999999999999,512,4,fitted,0.12483574134062407
-0.8500000000000001,512,4,fitted,0.1292449618802941
-0.8399999999999999,512,4,fitted,0.13383551563425264
-0.8300000000000001,512,4,fitted,0.13861294310234995
-0.8199999999999998,512,4,fitted,0.1435827261567068
-0.81,512,4,fitted,0.14875026728157276
-0.7999999999999998,512,4,fitted,0.15412086779440914
-0.79,512,4,fitted,0.1596997050852282
-0.7799999999999998,512,4,fitted,0.16549180891886067
-0.77,512,4,fitted,0.17150203685262955
-0.7599999999999998,512,4,fitted,0.17773504882989283
-0.75,512,4,fitted,0.18419528101797564
-0.7399999999999998,512,4,fitted,0.19088691896715468
-0.73,512,4,fitted,0.19781387017546698
-0.7199999999999998,512,4,fitted,0.20497973615220155
-0.71,512,4,fitted,0.21238778408086761
-0.6999999999999997,512,4,fitted,0.22004091819022564
-0.69,512,4,fitted,0.22794165094947905
-0.6800000000000002,512,4,fitted,0.23609207421097292
-0.6699999999999999,512,4,fitted,0.24449383043057132
-0.6600000000000001,512,4,fitted,0.25314808410231093
-0.6499999999999999,512,4,fitted,0.26205549354982344
-0.6400000000000001,512,4,fitted,0.2712161832223299
-0.6299999999999999,512,4,fitted,0.2806297166477119
-0.6200000000000001,512,4,fitted,0.2902950701991129
-0.6099999999999999,512,4,fitted,0.30021060783475045
-0.6000000000000001,512,4,fitted,0.31037405697297626
-0.5899999999999999,512,4,fitted,0.32078248566613315
-0.5800000000000001,512,4,fitted,0.3314322812372958
-0.5699999999999998,512,4,fitted,0.3423191305435822
-0.56,512,4,fitted,0.3534380020282512
-0.5499999999999998,512,4,fitted,0.3647831297213256
-0.54,512,4,fitted,0.3763479993448643
-0.5299999999999998,512,4,fitted,0.38812533667433835
-0.52,512,4,fitted,0.40010709830171975
-0.5099999999999998,512,4,fitted,0.41228446493897775
-0.5,512,4,fitted,0.42464783739258016
-0.48999999999999977,512,4,fitted,0.43718683533044855
-0.48,512,4,fitted,0.4498902989525096
-0.46999999999999975,512,4,fitted,0.46274629366468745
-0.45999999999999996,512,4,fitted,0.47574211784378684
-0.44999999999999973,512,4,fitted,0.48886431376741857
-0.43999999999999995,512,4,fitted,0.5020986817688314
-0.43000000000000016,512,4,fitted,0.5154302976614453
-0.41999999999999993,512,4,fitted,0.5288435334619667
-0.41000000000000014,512,4,fitted,0.5423220814244095
-0.3999999999999999,512,4,fitted,0.5558489813801704
-0.3900000000000001,512,4,fitted,0.569406651361597
-0.3799999999999999,512,4,fitted,0.5829769214684488
-0.3700000000000001,512,4,fitted,0.5965410709182353
-0.3599999999999999,512,4,fitted,0.6100798682029274
-0.3500000000000001,512,4,fitted,0.6235736142559108
-0.33999999999999986,512,4,fitted,0.6370021885145849
-0.33000000000000007,512,4,fitted,0.6503450977456746
-0.31999999999999984,512,4,fitted,0.6635815274824024
-0.31000000000000005,512,4,fitted,0.6766903959051358
-0.2999999999999998,512,4,fitted,0.6896504099802692
-0.29000000000000004,512,4,fitted,0.7024401236558983
-0.2799999999999998,512,4,fitted,0.7150379978975734
-0.27,512,4,fitted,0.7274224623330419
-0.2599999999999998,512,4,fitted,0.7395719782616963
-0.25,512,4,fitted,0.7514651027723735
-0.23999999999999977,512,4,fitted,0.7630805537024729
-0.22999999999999998,512,4,fitted,0.7743972751620188
-0.21999999999999975,512,4,fitted,0.7853945033385215
-0.20999999999999996,512,4,fitted,0.7960518322922255
-0.19999999999999973,512,4,fitted,0.8063492794467904
-0.18999999999999995,512,4,fitted,0.8162673504775294
-0.18000000000000016,512,4,fitted,0.8257871032982368
-0.16999999999999993,512,4,fitted,0.8348902108482481
-0.16000000000000014,512,4,fitted,0.8435590223838504
-0.1499999999999999,512,4,fitted,0.8517766229823995
-0.14000000000000012,512,4,fitted,0.8595268909735452
-0.1299999999999999,512,4,fitted,0.8667945530198116
-0.1200000000000001,512,4,fitted,0.8735652365783203
-0.10999999999999988,512,4,fitted,0.8798255194867316
-0.10000000000000009,512,4,fitted,0.8855629764293534
-0.08999999999999986,512,4,fitted,0.8907662220538359
-0.08000000000000007,512,4,fitted,0.8954249505247769
-0.06999999999999984,512,4,fitted,0.8995299713178831
-0.06000000000000005,512,4,fitted,0.9030732410768774
-0.04999999999999982,512,4,fitted,0.906047891375066
-0.040000000000000036,512,4,fitted,0.9084482522442059
-0.029999999999999805,512,4,fitted,0.9102698713549253
-0.020000000000000018,512,4,fitted,0.9115095287553057
-0.009999999999999787,512,4,fitted,0.912165247097178
0.0,512,4,fitted,0.9122362973030681
0.010000000000000231,512,4,fitted,0.9117231996503916
0.020000000000000018,512,4,fitted,0.9106277202732856
0.03000000000000025,512,4,fitted,0.9089528631062157
0.040000000000000036,512,4,fitted,0.9067028573170488
0.050000000000000266,512,4,fitted,0.9038831403004873
0.06000000000000005,512,4,fitted,0.9005003363254537
0.07000000000000028,512,4,fitted,0.8965622309520531
0.08000000000000007,512,4,fitted,0.892077741354983
0.08999999999999986,512,4,fitted,0.8870568827105552
0.10000000000000009,512,4,fitted,0.88151073082374
0.10999999999999988,512,4,fitted,0.8754513811896809
0.1200000000000001,512,4,fitted,0.8688919047008795
0.1299999999999999,512,4,fitted,0.8618463002266151
0.14000000000000012,512,4,fitted,0.8543294443050069
0.1499999999999999,512,4,fitted,0.8463570382004535
0.16000000000000014,512,4,fitted,0.8379455525898312
0.16999999999999993,512,4,fitted,0.8291121701498556
0.18000000000000016,512,4,fitted,0.8198747263252542
0.18999999999999995,512,4,fitted,0.810251648562955
0.20000000000000018,512,4,fitted,0.80026189430125
0.20999999999999996,512,4,fitted,0.789924888004926
0.2200000000000002,512,4,fitted,0.7792604575376133
0.22999999999999998,512,4,fitted,0.768288770161187
0.2400000000000002,512,4,fitted,0.7570302684489116
0.25,512,4,fitted,0.7455056063943077
0.26000000000000023,512,4,fitted,0.7337355859913794
0.27,512,4,fitted,0.7217410945540718
0.28000000000000025,512,4,fitted,0.7095430430335841
0.29000000000000004,512,4,fitted,0.697162305581658
0.30000000000000027,512,4,fitted,0.6846196605961712
0.31000000000000005,512,4,fitted,0.6719357334725136
0.3200000000000003,512,4,fitted,0.6591309412703062
0.33000000000000007,512,4,fitted,0.6462254394902716
0.33999999999999986,512,4,fitted,0.6332390711404655
0.3500000000000001,512,4,fitted,0.6201913182549068
0.3599999999999999,512,4,fitted,0.6071012560108721
0.3700000000000001,512,4,fitted,0.5939875095739754
0.3799999999999999,512,4,fitted,0.5808682137827424
0.3900000000000001,512,4,fitted,0.5677609757667602
0.3999999999999999,512,4,fitted,0.5546828405748904
0.41000000000000014,512,4,fitted,0.5416502598724382
0.41999999999999993,512,4,fitted,0.5286790637488388
0.43000000000000016,512,4,fitted,0.5157844356603132
0.43999999999999995,512,4,fitted,0.5029808905153134
0.4500000000000002,512,4,fitted,0.4902822558943559
0.45999999999999996,512,4,fitted,0.47770165638029427
0.4700000000000002,512,4,fitted,0.46525150096010814
0.48,512,4,fitted,0.45294347344514585
0.4900000000000002,512,4,fitted,0.4407885258433344
0.5,512,4,fitted,0.42879687460439736
0.5100000000000002,512,4,fitted,0.41697799964748516
0.52,512,4,fitted,0.40534064607001746
0.5300000000000002,512,4,fitted,0.393892828426846
0.54,512,4,fitted,0.3826418374602486
0.5500000000000003,512,4,fitted,0.37159424915361605
0.56,512,4,fitted,0.3607559359751597
0.5700000000000003,512,4,fitted,0.3501320801724059
0.5800000000000001,512,4,fitted,0.33972718897376797
0.5899999999999999,512,4,fitted,0.3295451115499789
0.6000000000000001,512,4,fitted,0.31958905758570205
0.6099999999999999,512,4,fitted,0.309861617310104
0.6200000000000001,512,4,fitted,0.30036478283458734
0.6299999999999999,512,4,fitted,0.29109997064621385
0.6400000000000001,512,4,fitted,0.2820680451064855
0.6499999999999999,512,4,fitted,0.2732693428071585
0.6600000000000001,512,4,fitted,0.2647036976374643
0.6699999999999999,512,4,fitted,0.25637046642057376
0.6800000000000002,512,4,fitted,0.24826855498119366
0.69,512,4,fitted,0.2403964445108791
0.7000000000000002,512,4,fitted,0.23275221810281732
0.71,512,4,fitted,0.2253335873335296
0.7200000000000002,512,4,fitted,0.2181379187749901
0.73,512,4,fitted,0.21116226032710617
0.7400000000000002,512,4,fitted,0.20440336726719727
0.75,512,4,fitted,0.1978577279200725
0.7600000000000002,512,4,fitted,0.19152158885940623
0.77,512,4,fitted,0.18539097955836414
0.7800000000000002,512,4,fitted,0.17946173641471985
0.79,512,4,fitted,0.17372952608303285
0.8000000000000003,512,4,fitted,0.1681898680537332
0.81,512,4,fitted,0.162838156426179
0.8200000000000003,512,4,fitted,0.1576696808298324
0.8300000000000001,512,4,fitted,0.1526796464546487
0.8399999999999999,512,4,fitted,0.14786319315850122
0.8500000000000001,512,4,fitted,0.14321541362600151
0.8599999999999999,512,4,fitted,0.13873137055933532
0.8700000000000001,512,4,fitted,0.13440611288773083
0.8799999999999999,512,4,fitted,0.1302346909878841
0.8900000000000001,512,4,fitted,0.12621217091303968
0.8999999999999999,512,4,fitted,0.12233364763349625
0.9100000000000001,512,4,fitted,0.11859425729601317
0.9199999999999999,512,4,fitted,0.11498918851397867
0.9300000000000002,512,4,fitted,0.11151369270420855
0.94,512,4,fitted,0.1081630934899218
0.9500000000000002,512,4,fitted,0.10493279519274044
0.96,512,4,fitted,0.10181829043953344
0.9700000000000002,512,4,fitted,0.09881516691252917
0.98,512,4,fitted,0.09591911327340788
0.9900000000000002,512,4,fitted,0.09312592429402375
1.0,512,4,fitted,0.09043150522804308
1.0099999999999998,512,4,fitted,0.08783187545909958
1.0200000000000005,512,4,fitted,0.08532317146210246
1.0300000000000002,512,4,fitted,0.08290164911508054
1.04,512,4,fitted,0.08056368539943025
1.0499999999999998,512,4,fitted,0.07830577952668188
1.0600000000000005,512,4,fitted,0.0761245535299013
1.0700000000000003,512,4,fitted,0.07401675235764518
1.08,512,4,fitted,0.07197924350798365
1.0899999999999999,512,4,fitted,0.07000901623953171
1.0999999999999996,512,4,fitted,0.06810318039568371
1.1100000000000003,512,4,fitted,0.06625896487736421
1.12,512,4,fitted,0.06447371579859568
1.13,512,4,fitted,0.06274489435805455
1.1399999999999997,512,4,fitted,0.06107007445857354
1.1500000000000004,512,4,fitted,0.05944694010523957
1.1600000000000001,512,4,fitted,0.05787328261137466
1.17,512,4,fitted,0.0563469976402618
1.1799999999999997,512,4,fitted,0.054866082109023995
1.1900000000000004,512,4,fitted,0.05342863097957284
1.2000000000000002,512,4,fitted,0.05203283396004381
1.21,512,4,fitted,0.05067697213862489
1.2199999999999998,512,4,fitted,0.04935941457018601
1.2300000000000004,512,4,fitted,0.04807861483462267
1.2400000000000002,512,4,fitted,0.046833107584362675
1.25,512,4,fitted,0.04562150509704173
1.2599999999999998,512,4,fitted,0.04444249384795345
1.2700000000000005,512,4,fitted,0.04329483111551165
1.2800000000000002,512,4,fitted,0.042177341631647436
1.29,512,4,fitted,0.0410889142877922
1.2999999999999998,512,4,fitted,0.04002849890588547
1.3100000000000005,512,4,fitted,0.03899510308268353
1.3200000000000003,512,4,fitted,0.0379877891145448
1.33,512,4,fitted,0.037005671008823564
1.3399999999999999,512,4,fitted,0.03604791158702426
1.3500000000000005,512,4,fitted,0.03511371968394405
1.3600000000000003,512,4,fitted,0.03420234744617398
1.37,512,4,fitted,0.03331308773252642
1.38,512,4,fitted,0.03244527161821987
1.3899999999999997,512,4,fitted,0.03159826600396813
1.4000000000000004,512,4,fitted,0.030771471330498644
1.4100000000000001,512,4,fitted,0.02996431939845669
1.42,512,4,fitted,0.02917627129313668
1.4299999999999997,512,4,fitted,0.02840681541302193
1.4400000000000004,512,4,fitted,0.02765546560069926
1.4500000000000002,512,4,fitted,0.02692175937435147
1.46,512,4,fitted,0.026205256257708837
1.4699999999999998,512,4,fitted,0.025505536206065375
1.4800000000000004,512,4,fitted,0.024822198125725947
1.4900000000000002,512,4,fitted,0.024154858484051713
1.5,512,4,fitted,0.023503150007105168
1.5099999999999998,512,4,fitted,0.022866720461765258
1.5200000000000005,512,4,fitted,0.022245231519078847
1.5300000000000002,512,4,fitted,0.021638357695541517
1.54,512,4,fitted,0.021045785368949785
1.5499999999999998,512,4,fitted,0.020467211865442442
1.5600000000000005,512,4,fitted,0.019902344614341077
1.5700000000000003,512,4,fitted,0.019350900367414853
1.58,512,4,fitted,0.018812604479222804
1.5899999999999999,512,4,fitted,0.018287190245233925
1.6000000000000005,512,4,fitted,0.017774398294480957
1.6100000000000003,512,4,fitted,0.017273976033574875
1.62,512,4,fitted,0.016785677138984108
1.63,512,4,fitted,0.016309261094571974
1.6399999999999997,512,4,fitted,0.015844492771477744
1.6500000000000004,512,4,fitted,0.015391142047527877
1.6600000000000001,512,4,fitted,0.014948983463467567
1.67,512,4,fitted,0.014517795913409764
1.6799999999999997,512,4,fitted,0.014097362367009786
1.6900000000000004,512,4,fitted,0.013687469620983671
1.7000000000000002,512,4,fitted,0.013287908077701374
1.71,512,4,fitted,0.012898471548696827
1.7199999999999998,512,4,fitted,0.012518957081049326
1.7300000000000004,512,4,fitted,0.01214916480469955
1.7400000000000002,512,4,fitted,0.011788897798872579
1.75,512,4,fitted,0.011437961975885407
1.7599999999999998,512,4,fitted,0.011096165980721284
1.7700000000000005,512,4,fitted,0.010763321104852556
1.7800000000000002,512,4,fitted,0.010439241212892247
1.79,512,4,fitted,0.010123742680747994
1.7999999999999998,512,4,fitted,0.009816644344043893
1.8100000000000005,512,4,fitted,0.009517767455661809
1.8200000000000003,512,4,fitted,0.009226935651338218
1.83,512,4,fitted,0.008943974922331538
1.8399999999999999,512,4,fitted,0.008668713594251951
1.8500000000000005,512,4,fitted,0.008400982311217093
1.8600000000000003,512,4,fitted,0.008140614024566152
1.87,512,4,fitted,0.007887443985429166
1.88,512,4,fitted,0.007641309740510463
1.8899999999999997,512,4,fitted,0.007402051130501838
1.9000000000000004,512,4,fitted,0.007169510290596026
1.9100000000000001,512,4,fitted,0.006943531652621614
1.92,512,4,fitted,0.006723961948367994
1.9299999999999997,512,4,fitted,0.0065106502137139005
1.9400000000000004,512,4,fitted,0.006303447793213976
1.9500000000000002,512,4,fitted,0.006102208344836839
1.96,512,4,fitted,0.005906787844583415
1.9699999999999998,512,4,fitted,0.005717044590748066
1.9800000000000004,512,4,fitted,0.005532839207615067
1.9900000000000002,512,4,fitted,0.005354034648411691
2.0,512,4,fitted,0.005180496197364681
2.01,512,4,fitted,0.005012091470731303
2.0200000000000005,512,4,fitted,0.004848690416697437
2.0300000000000002,512,4,fitted,0.004690165314055495
2.04,512,4,fitted,0.004536390769592693
2.05,512,4,fitted,0.004387243714137189
2.0600000000000005,512,4,fitted,0.004242603397223959
2.0700000000000003,512,4,fitted,0.004102351380356122
2.08,512,4,fitted,0.003966371528849134
2.09,512,4,fitted,0.003834550002256477
2.1000000000000005,512,4,fitted,0.00370677524338467
2.1100000000000003,512,4,fitted,0.0035829379659143134
2.12,512,4,fitted,0.0034629311406509564
2.13,512,4,fitted,0.003346649980436707
2.1399999999999997,512,4,fitted,0.0032339919237586506
2.1500000000000004,512,4,fitted,0.0031248566170954256
2.16,512,4,fitted,0.0030191458960473487
2.17,512,4,fitted,0.002916763765298907
2.1799999999999997,512,4,fitted,0.00281761637746559
2.1900000000000004,512,4,fitted,0.002721612010879071
2.2,512,4,fitted,0.002628661046366838
2.21,512,4,fitted,0.0025386759430834635
2.2199999999999998,512,4,fitted,0.0024515712134520057
2.2300000000000004,512,4,fitted,0.002367263397274284
2.24,512,4,fitted,0.002285671035069211
2.25,512,4,fitted,0.0022067146406981202
2.26,512,4,fitted,0.0021303166733359167
2.2700000000000005,512,4,fitted,0.002056401508846064
2.2800000000000002,512,4,fitted,0.00198489541061676
2.29,512,4,fitted,0.0019157264999145685
2.3,512,4,fitted,0.0018488247258107617
2.3100000000000005,512,4,fitted,0.00178412183473416
2.3200000000000003,512,4,fitted,0.0017215513397030122
2.33,512,4,fitted,0.0016610484892867162
2.34,512,4,fitted,0.0016025502363468508
2.3500000000000005,512,4,fitted,0.0015459952066050441
2.3600000000000003,512,4,fitted,0.0014913236670836506
2.37,512,4,fitted,0.0014384774944632452
2.38,512,4,fitted,0.0013874001433993597
2.3899999999999997,512,4,fitted,0.0013380366148387929
2.4000000000000004,512,4,fitted,0.0012903334243741448
2.41,512,4,fitted,0.0012442385706733017
2.42,512,4,fitted,0.0011997015040187008
2.4299999999999997,512,4,fitted,0.0011566730949894722
2.4400000000000004,512,4,fitted,0.0011151056033175887
2.45,512,4,fitted,0.0010749526469474601
2.46,512,4,fitted,0.0010361691713265142
2.4699999999999998,512,4,fitted,0.0009987114189526957
2.4800000000000004,512,4,fitted,0.000962536899202955
2.49,512,4,fitted,0.0009276043584652349
2.5,512,4,fitted,0.0008938737505947382
2.51,512,4,fitted,0.0008613062077137505
2.5200000000000005,512,4,fitted,0.0008298640113726891
2.5300000000000002,512,4,fitted,0.000799510564088572
2.54,512,4,fitted,0.0007702103612756217
2.55,512,4,fitted,0.0007419289635814045
2.5600000000000005,512,4,fitted,0.0007146329696404355
2.5700000000000003,512,4,fitted,0.000688289989255997
2.58,512,4,fitted,0.0006628686170195654
2.59,512,4,fitted,0.0006383384063761678
2.6000000000000005,512,4,fitted,0.0006146698441427264
2.6100000000000003,512,4,fitted,0.0005918343254854643
2.62,512,4,fitted,0.0005698041293612981
2.63,512,4,fitted,0.0005485523944272812
2.6399999999999997,512,4,fitted,0.0005280530954211025
2.6500000000000004,512,4,fitted,0.0005082810200148336
2.66,512,4,fitted,0.0004892117461432448
2.67,512,4,fitted,0.0004708216198072059
2.6799999999999997,512,4,fitted,0.0004530877333519829
2.6900000000000004,512,4,fitted,0.00043598790421948085
2.7,512,4,fitted,0.00041950065417287614
2.71,512,4,fitted,0.0004036051889914145
2.7199999999999998,512,4,fitted,0.0003882813786326327
2.7300000000000004,512,4,fitted,0.0003735097378586741
2.74,512,4,fitted,0.00035927140732290716
2.75,512,4,fitted,0.0003455481351125747
2.76,512,4,fitted,0.0003323222587427999
2.7700000000000005,512,4,fitted,0.00031957668759687193
2.7800000000000002,512,4,fitted,0.00030729488580739255
2.79,512,4,fitted,0.00029546085557251306
2.8,512,4,fitted,0.0002840591209012576
2.8100000000000005,512,4,fitted,0.0002730747117816043
2.8200000000000003,512,4,fitted,0.0002624931487648038
2.83,512,4,fitted,0.0002523004279591842
2.84,512,4,fitted,0.00024248300642653155
2.8500000000000005,512,4,fitted,0.00023302778797395772
2.8600000000000003,512,4,fitted,0.00022392210933404677
2.87,512,4,fitted,0.00021515372672594745
2.88,512,4,fitted,0.00020671080279000283
2.8899999999999997,512,4,fitted,0.00019858189388841912
2.9000000000000004,512,4,fitted,0.00019075593776443238
2.91,512,4,fitted,0.00018322224155239495
2.92,512,4,fitted,0.0001759704701311668
2.9299999999999997,512,4,fitted,0.00016899063481321802
2.9400000000000004,512,4,fitted,0.00016227308236183341
2.95,512,4,fitted,0.00015580848432884107
2.96,512,4,fitted,0.00014958782670531568
2.9699999999999998,512,4,fitted,0.00014360239987776062
2.9800000000000004,512,4,fitted,0.00013784378888231596
2.99,512,4,fitted,0.00013230386394961347
3.0,512,4,fitted,0.0001269747713329601
-3.0,512,8,fitted,0.0004495219799434397
-2.99,512,8,fitted,0.000463762001229252
-2.98,512,8,fitted,0.00047840087784840614
-2.97,512,8,fitted,0.0004934479972460606
-2.96,512,8,fitted,0.0005089129118355305
-2.95,512,8,fitted,0.0005248053402930751
-2.94,512,8,fitted,0.0005411351688187762
-2.93,512,8,fitted,0.0005579124523622871
-2.92,512,8,fitted,0.0005751474158123089
-2.91,512,8,fitted,0.0005928504551485994
-2.9,512,8,fitted,0.0006110321385554174
-2.89,512,8,fitted,0.000629703207495245
-2.88,512,8,fitted,0.0006488745777417369
-2.87,512,8,fitted,0.0006685573403708094
-2.86,512,8,fitted,0.0006887627627088665
-2.85,512,8,fitted,0.0007095022892371544
-2.84,512,8,fitted,0.0007307875424513281
-2.83,512,8,fitted,0.0007526303236752952
-2.82,512,8,fitted,0.0007750426138285345
-2.81,512,8,fitted,0.0007980365741460584
-2.8,512,8,fitted,0.0008216245468503323
-2.79,512,8,fitted,0.0008458190557744694
-2.78,512,8,fitted,0.000870632806936141
-2.77,512,8,fitted,0.0008960786890616978
-2.76,512,8,fitted,0.0009221697740601209
-2.75,512,8,fitted,0.0009489193174464811
-2.74,512,8,fitted,0.0009763407587147536
-2.73,512,8,fitted,0.0010044477216598967
-2.7199999999999998,512,8,fitted,0.00103325401464929
-2.71,512,8,fitted,0.0010627736308437478
-2.7,512,8,fitted,0.0010930207483684923
-2.69,512,8,fitted,0.0011240097304346464
-2.68,512,8,fitted,0.0011557551254119938
-2.67,512,8,fitted,0.001188271666853999
-2.66,512,8,fitted,0.001221574273476252
-2.65,512,8,fitted,0.0012556780490898263
-2.64,512,8,fitted,0.001290598282491238
-2.63,512,8,fitted,0.001326350447311099
-2.62,512,8,fitted,0.001362950201823757
-2.61,512,8,fitted,0.0014004133887207267
-2.6,512,8,fitted,0.0014387560348509657
-2.59,512,8,fitted,0.0014779943509316052
-2.58,512,8,fitted,0.0015181447312331287
-2.57,512,8,fitted,0.0015592237532435676
-2.56,512,8,fitted,0.0016012481773167826
-2.55,512,8,fitted,0.0016442349463106094
-2.54,512,8,fitted,0.0016882011852211842
-2.53,512,8,fitted,0.0017331642008206344
-2.52,512,8,fitted,0.001779141481305988
-2.51,512,8,fitted,0.001826150695968149
-2.5,512,8,fitted,0.0018742096948905708
-2.49,512,8,fitted,0.0019233365086884795
-2.48,512,8,fitted,0.0019735493483004295
-2.4699999999999998,512,8,fitted,0.002024866604845301
-2.46,512,8,fitted,0.0020773068495591636
-2.45,512,8,fitted,0.002130888833827808
-2.44,512,8,fitted,0.002185631489332353
-2.4299999999999997,512,8,fitted,0.0022415539283269837
-2.42,512,8,fitted,0.002298675444069792
-2.41,512,8,fitted,0.00235701551142956
-2.4,512,8,fitted,0.002416593787693572
-2.39,512,8,fitted,0.002477430113603791
-2.38,512,8,fitted,0.0025395445146513887
-2.37,512,8,fitted,0.00260295720266213
-2.36,512,8,fitted,0.002667688577708283
-2.35,512,8,fitted,0.002733759230385718
-2.34,512,8,fitted,0.0028011899444984265
-2.33,512,8,fitted,0.002870001700196254
-2.32,512,8,fitted,0.00294021567761575
-2.31,512,8,fitted,0.0030118532610782073
-2.3,512,8,fitted,0.0030849360439036766
-2.29,512,8,fitted,0.0031594858339045575
-2.2800000000000002,512,8,fitted,0.00323552465962787
-2.27,512,8,fitted,0.0033130747774208257
-2.26,512,8,fitted,0.0033921586794005395
-2.25,512,8,fitted,0.0034727991024152884
-2.24,512,8,fitted,0.0035550190380916912
-2.23,512,8,fitted,0.0036388417440696586
-2.2199999999999998,512,8,fitted,0.0037242907565350402
-2.21,512,8,fitted,0.003811389904168419
-2.2,512,8,fitted,0.003900163323637621
-2.19,512,8,fitted,0.003990635476771178
-2.1799999999999997,512,8,fitted,0.004082831169560389
-2.17,512,8,fitted,0.004176775573148617
-2.16,512,8,fitted,0.004272494246978057
-2.15,512,8,fitted,0.004370013164276672
-2.14,512,8,fitted,0.0044693587400810725
-2.13,512,8,fitted,0.004570557862005129
-2.12,512,8,fitted,0.004673637923978592
-2.11,512,8,fitted,0.004778626863195807
-2.1,512,8,fitted,0.00488555320053072
-2.09,512,8,fitted,0.004994446084691876
-2.08,512,8,fitted,0.00510533534040911
-2.07,512,8,fitted,0.0052182515209628685
-2.06,512,8,fitted,0.005333225965387037
-2.05,512,8,fitted,0.005450290860697354
-2.04,512,8,fitted,0.0055694793095192215
-2.0300000000000002,512,8,fitted,0.005690825403512101
-2.02,512,8,fitted,0.005814364303011353
-2.01,512,8,fitted,0.005940132323333622
-2.0,512,8,fitted,0.0060681670282178605
-1.99,512,8,fitted,0.006198507330901103
-1.98,512,8,fitted,0.006331193603356087
-1.97,512,8,fitted,0.006466267794246993
-1.96,512,8,fitted,0.00660377355618935
-1.95,512,8,fitted,0.006743756382931146
-1.94,512,8,fitted,0.006886263757103849
-1.93,512,8,fitted,0.007031345309224677
-1.92,512,8,fitted,0.007179052988664753
-1.91,512,8,fitted,0.007329441247331723
-1.9,512,8,fitted,0.007482567236850132
-1.89,512,8,fitted,0.007638491020057855
-1.88,512,8,fitted,0.007797275797672432
-1.8699999999999999,512,8,fitted,0.007958988151016817
-1.8599999999999999,512,8,fitted,0.008123698301730042
-1.8499999999999999,512,8,fitted,0.008291480389423957
-1.84,512,8,fitted,0.008462412768282914
-1.83,512,8,fitted,0.008636578323638344
-1.82,512,8,fitted,0.008814064809584805
-1.81,512,8,fitted,0.008994965208737573
-1.8,512,8,fitted,0.009179378115264553
-1.79,512,8,fitted,0.00936740814235629
-1.78,512,8,fitted,0.009559166355327161
-1.77,512,8,fitted,0.009754770731568404
-1.76,512,8,fitted,0.009954346648598254
-1.75,512,8,fitted,0.010158027401476963
-1.74,512,8,fitted,0.01036595475087303
-1.73,512,8,fitted,0.010578279503082773
-1.72,512,8,fitted,0.010795162123316162
-1.71,512,8,fitted,0.011016773383568993
-1.7,512,8,fitted,0.011243295046402736
-1.69,512,8,fitted,0.011474920585949682
-1.68,512,8,fitted,0.01171185594745071
-1.67,512,8,fitted,0.011954320346616093
-1.66,512,8,fitted,0.012202547110075556
-1.65,512,8,fitted,0.012456784558151381
-1.64,512,8,fitted,0.01271729693114735
-1.63,512,8,fitted,0.012984365360296037
-1.6199999999999999,512,8,fitted,0.013258288884446509
-1.6099999999999999,512,8,fitted,0.013539385513503241
-1.5999999999999999,512,8,fitted,0.013827993339544466
-1.59,512,8,fitted,0.014124471696453094
-1.58,512,8,fitted,0.014429202368785617
-1.57,512,8,fitted,0.014742590850482419
-1.56,512,8,fitted,0.015065067653887203
-1.55,512,8,fitted,0.015397089669391436
-1.54,512,8,fitted,0.015739141575852676
-1.53,512,8,fitted,0.016091737301751535
-1.52,512,8,fitted,0.01645542153685074
-1.51,512,8,fitted,0.016830771293900357
-1.5,512,8,fitted,0.017218397519695366
-1.49,512,8,fitted,0.017618946754534518
-1.48,512,8,fitted,0.01803310283885256
-1.47,512,8,fitted,0.01846158866550093
-1.46,512,8,fitted,0.018905167975834268
-1.45,512,8,fitted,0.019364647197421814
-1.44,512,8,fitted,0.019840877320842942
-1.43,512,8,fitted,0.020334755812645752
-1.42,512,8,fitted,0.020847228561145143
-1.41,512,8,fitted,0.021379291851314444
-1.4,512,8,fitted,0.021931994364580217
-1.39,512,8,fitted,0.022506439198866055
-1.38,512,8,fitted,0.023103785903746926
-1.3699999999999999,512,8,fitted,0.02372525252507215
-1.3599999999999999,512,8,fitted,0.024372117652893915
-1.3499999999999999,512,8,fitted,0.025045722465999135
-1.3399999999999999,512,8,fitted,0.025747472765788093
-1.33,512,8,fitted,0.026478840991674094
-1.32,512,8,fitted,0.027241368209596696
-1.31,512,8,fitted,0.028036666064648334
-1.3,512,8,fitted,0.028866418688213238
-1.29,512,8,fitted,0.029732384549409928
-1.28,512,8,fitted,0.030636398240017574
-1.27,512,8,fitted,0.03158037218145498
-1.26,512,8,fitted,0.03256629824177159
-1.25,512,8,fitted,0.0335962492500066
-1.24,512,8,fitted,0.03467238039467856
-1.23,512,8,fitted,0.03579693049258749
-1.22,512,8,fitted,0.036972223113548405
-1.21,512,8,fitted,0.03820066754613534
-1.2,512,8,fitted,0.03948475958899965
-1.19,512,8,fitted,0.04082708215184486
-1.18,512,8,fitted,0.0422303056496939
-1.17,512,8,fitted,0.04369718817368041
-1.16,512,8,fitted,0.045230575421239066
-1.15,512,8,fitted,0.046833400368266095
-1.14,512,8,fitted,0.048508682665575516
-1.13,512,8,fitted,0.05025952774179604
-1.1199999999999999,512,8,fitted,0.05208912559474273
-1.1099999999999999,512,8,fitted,0.054000749253263466
-1.0999999999999999,512,8,fitted,0.05599775289160802
-1.0899999999999999,512,8,fitted,0.0580835695785034
-1.08,512,8,fitted,0.060261708643349184
-1.07,512,8,fitted,0.06253575264227611
-1.06,512,8,fitted,0.06490935390724484
-1.05,512,8,fitted,0.06738623066190831
-1.04,512,8,fitted,0.06997016268861984
-1.03,512,8,fitted,0.07266498653175026
-1.02,512,8,fitted,0.0754745902233823
-1.01,512,8,fitted,0.07840290751848292
-1.0,512,8,fitted,0.08145391162781912
-0.9899999999999998,512,8,fitted,0.08463160843818215
-0.98,512,8,fitted,0.08794002921091948
-0.9699999999999998,512,8,fitted,0.09138322275134993
-0.96,512,8,fitted,0.09496524704334572
-0.9500000000000002,512,8,fitted,0.0986901603452229
-0.94,512,8,fitted,0.10256201174506412
-0.9300000000000002,512,8,fitted,0.10658483117572785
-0.9199999999999999,512,8,fitted,0.11076261889205903
-0.9100000000000001,512,8,fitted,0.1150993344151976
-0.8999999999999999,512,8,fitted,0.11959888495140716
-0.8900000000000001,512,8,fitted,0.12426511329546808
-0.8799999999999999,512,8,fitted,0.12910178523143762
-0.8700000000000001,512,8,fitted,0.134112576446419
-0.8599999999999999,512,8,fitted,0.13930105897594072
-0.8500000000000001,512,8,fitted,0.14467068720256623
-0.8399999999999999,512,8,fitted,0.15022478343247364
-0.8300000000000001,512,8,fitted,0.15596652307789904
-0.8199999999999998,512,8,fitted,0.16189891947656543
-0.81,512,8,fitted,0.16802480838245293
-0.7999999999999998,512,8,fitted,0.17434683216554728
-0.79,512,8,fitted,0.18086742376145098
-0.7799999999999998,512,8,fitted,0.18758879041500784
-0.77,512,8,fitted,0.19451289726528445
-0.7599999999999998,512,8,fitted,0.20164145082242668
-0.75,512,8,fitted,0.20897588238996945
-0.7399999999999998,512,8,fitted,0.2165173314891798
-0.73,512,8,fitted,0.224266629344857
-0.7199999999999998,512,8,fitted,0.2322242824947584
-0.71,512,8,fitted,0.2403904565873561
-0.6999999999999997,512,8,fitted,0.24876496043503057
-0.69,512,8,fitted,0.25734723039194884
-0.6800000000000002,512,8,fitted,0.266136315127839
-0.6699999999999999,512,8,fitted,0.2751308608705351
-0.6600000000000001,512,8,fitted,0.28432909719159627
-0.6499999999999999,512,8,fitted,0.2937288234104165
-0.6400000000000001,512,8,fitted,0.3033273956930411
-0.6299999999999999,512,8,fitted,0.31312171492238744
-0.6200000000000001,512,8,fitted,0.32310821541667206
-0.6099999999999999,512,8,fitted,0.3332828545726153
-0.6000000000000001,512,8,fitted,0.343641103509338
-0.5899999999999999,512,8,fitted,0.3541779387878643
-0.5800000000000001,512,8,fitted,0.3648878352796742
-0.5699999999999998,512,8,fitted,0.3757647602559243
-0.56,512,8,fitted,0.3868021687666428
-0.5499999999999998,512,8,fitted,0.39799300037651814
-0.54,512,8,fitted,0.4093296773207282
-0.5299999999999998,512,8,fitted,0.4208041041406996
-0.52,512,8,fitted,0.432407668855646
-0.5099999999999998,512,8,fitted,0.44413124572132523
-0.5,512,8,fitted,0.45596519962256266
-0.48999999999999977,512,8,fitted,0.4678993921408587
-0.48,512,8,fitted,0.47992318933270006
-0.46999999999999975,512,8,fitted,0.4920254712481987
-0.45999999999999996,512,8,fitted,0.5041946432132475
-0.44999999999999973,512,8,fitted,0.5164186488916954
-0.43999999999999995,512,8,fitted,0.5286849851369686
-0.43000000000000016,512,8,fitted,0.5409807186352847
-0.41999999999999993,512,8,fitted,0.5532925043350104
-0.41000000000000014,512,8,fitted,0.5656066056489486
-0.3999999999999999,512,8,fitted,0.5779089164083846
-0.3900000000000001,512,8,fitted,0.5901849845395949
-0.3799999999999999,512,8,fitted,0.6024200374253561
-0.3700000000000001,512,8,fitted,0.6145990089056941
-0.3599999999999999,512,8,fitted,0.6267065678638746
-0.3500000000000001,512,8,fitted,0.6387271483353625
-0.33999999999999986,512,8,fitted,0.6506449810693445
-0.33000000000000007,512,8,fitted,0.6624441264643425
-0.31999999999999984,512,8,fitted,0.6741085087916077
-0.31000000000000005,512,8,fitted,0.6856219516123203
-0.2999999999999998,512,8,fitted,0.6969682142872703
-0.29000000000000004,512,8,fitted,0.708131029470618
-0.2799999999999998,512,8,fitted,0.7190941414726743
-0.27,512,8,fitted,0.7298413453703269
-0.2599999999999998,512,8,fitted,0.7403565267379602
-0.25,512,8,fitted,0.7506237018663494
-0.23999999999999977,512,8,fitted,0.7606270583322683
-0.22999999999999998,512,8,fitted,0.7703509957773047
-0.21999999999999975,512,8,fitted,0.7797801667508171
-0.20999999999999996,512,8,fitted,0.7888995174689885
-0.19999999999999973,512,8,fitted,0.7976943283396836
-0.18999999999999995,512,8,fitted,0.8061502541012141
-0.18000000000000016,512,8,fitted,0.8142533634222903
-0.16999999999999993,512,8,fitted,0.8219901778102907
-0.16000000000000014,512,8,fitted,0.8293477096756399
-0.1499999999999999,512,8,fitted,0.8363134994014738
-0.14000000000000012,512,8,fitted,0.8428756512699155
-0.1299999999999999,512,8,fitted,0.8490228680992367
-0.1200000000000001,512,8,fitted,0.8547444844498342
-0.10999999999999988,512,8,fitted,0.860030498261401
-0.10000000000000009,512,8,fitted,0.8648716007888215
-0.08999999999999986,512,8,fitted,0.8692592047102102
-0.08000000000000007,512,8,fitted,0.87318547028707
-0.06999999999999984,512,8,fitted,0.8766433294637827
-0.06000000000000005,512,8,fitted,0.8796265078014937
-0.04999999999999982,512,8,fitted,0.8821295441499032
-0.040000000000000036,512,8,fitted,0.8841478079694634
-0.029999999999999805,512,8,fitted,0.8856775142259842
-0.020000000000000018,512,8,fitted,0.8867157357895887
-0.009999999999999787,512,8,fitted,0.8872604132803237
0.0,512,8,fitted,0.8873103623134135
0.010000000000000231,512,8,fitted,0.8868652781081376
0.020000000000000018,512,8,fitted,0.8859257374355305
0.03000000000000025,512,8,fitted,0.8844931978914667
0.040000000000000036,512,8,fitted,0.8825699944932035
0.050000000000000266,512,8,fitted,0.880159333608953
0.06000000000000005,512,8,fitted,0.8772652842415802
0.07000000000000028,512,8,fitted,0.8738927666989184
0.08000000000000007,512,8,fitted,0.8700475386944678
0.08999999999999986,512,8,fitted,0.8657361789332811
0.10000000000000009,512,8,fitted,0.8609660682486107
0.10999999999999988,512,8,fitted,0.8557453683653271
0.1200000000000001,512,8,fitted,0.8500829983761465
0.1299999999999999,512,8,fitted,0.8439886090262992
0.14000000000000012,512,8,fitted,0.8374725549113483
0.1499999999999999,512,8,fitted,0.8305458647013969
0.16000000000000014,512,8,fitted,0.823220209512856
0.16999999999999993,512,8,fitted,0.8155078695562362
0.18000000000000016,512,8,fitted,0.8074216991950327
0.18999999999999995,512,8,fitted,0.7989750905566894
0.20000000000000018,512,8,fitted,0.7901819358417699
0.20999999999999996,512,8,fitted,0.7810565884818856
0.2200000000000002,512,8,fitted,0.7716138233005201
0.22999999999999998,512,8,fitted,0.7618687958337379
0.2400000000000002,512,8,fitted,0.751837000969753
0.25,512,8,fitted,0.7415342310675611
0.26000000000000023,512,8,fitted,0.7309765337152145
0.27,512,8,fitted,0.7201801692879461
0.28000000000000025,512,8,fitted,0.7091615684651174
0.29000000000000004,512,8,fitted,0.6979372898630414
0.30000000000000027,512,8,fitted,0.6865239779379746
0.31000000000000005,512,8,fitted,0.6749383213101572
0.3200000000000003,512,8,fitted,0.66319701165561
0.33000000000000007,512,8,fitted,0.6513167033076137
0.33999999999999986,512,8,fitted,0.6393139737043334
0.3500000000000001,512,8,fitted,0.6272052848130537
0.3599999999999999,512,8,fitted,0.6150069456549063
0.3700000000000001,512,8,fitted,0.6027350760469089
0.3799999999999999,512,8,fitted,0.590405571670636
0.3900000000000001,512,8,fitted,0.5780340705689115
0.3999999999999999,512,8,fitted,0.5656359211636732
0.41000000000000014,512,8,fitted,0.5532261518795921
0.41999999999999993,512,8,fitted,0.5408194424492597
0.43000000000000016,512,8,fitted,0.5284300969667547
0.43999999999999995,512,8,fitted,0.5160720187473291
0.4500000000000002,512,8,fitted,0.5037586870417338
0.45999999999999996,512,8,fitted,0.4915031356445369
0.4700000000000002,512,8,fitted,0.4793179334265752
0.48,512,8,fitted,0.4672151668126177
0.4900000000000002,512,8,fitted,0.4552064242163184
0.5,512,8,fitted,0.44330278243577814
0.5100000000000002,512,8,fitted,0.4315147950044283
0.52,512,8,fitted,0.4198524824836767
0.5300000000000002,512,8,fitted,0.40832532467571336
0.54,512,8,fitted,0.3969422547272422
0.5500000000000003,512,8,fitted,0.38571165508757177
0.56,512,8,fitted,0.3746413552776392
0.5700000000000003,512,8,fitted,0.36373863142004237
0.5800000000000001,512,8,fitted,0.35301020747417033
0.5899999999999999,512,8,fitted,0.3424622581149506
0.6000000000000001,512,8,fitted,0.3321004131887002
0.6099999999999999,512,8,fitted,0.3219297636749918
0.6200000000000001,512,8,fitted,0.3119548690794024
0.6299999999999999,512,8,fitted,0.3021797661784856
0.6400000000000001,512,8,fitted,0.29260797903526914
0.6499999999999999,512,8,fitted,0.2832425302011002
0.6600000000000001,512,8,fitted,0.2740859530176367
0.6699999999999999,512,8,fitted,0.26514030493131924
0.6800000000000002,512,8,fitted,0.2564071817316298
0.69,512,8,fitted,0.24788773262394867
0.7000000000000002,512,8,fitted,0.23958267604773623
0.71,512,8,fitted,0.23149231615118018
0.7200000000000002,512,8,fitted,0.22361655983423656
0.73,512,8,fitted,0.21595493427323384
0.7400000000000002,512,8,fitted,0.20850660484178402
0.75,512,8,fitted,0.20127039334471983
0.7600000000000002,512,8,fitted,0.19424479648403697
0.77,512,8,fitted,0.18742800447842745
0.7800000000000002,512,8,fitted,0.18081791976082673
0.79,512,8,fitted,0.17441217568152567
0.8000000000000003,512,8,fitted,0.16820815514769982
0.81,512,8,fitted,0.16220300913374128
0.8200000000000003,512,8,fitted,0.15639367500043436
0.8300000000000001,512,8,fitted,0.15077689456483795
0.8399999999999999,512,8,fitted,0.145349231866633
0.8500000000000001,512,8,fitted,0.1401070905806969
0.8599999999999999,512,8,fitted,0.13504673102969678
0.8700000000000001,512,8,fitted,0.13016428675456254
0.8799999999999999,512,8,fitted,0.12545578060477616
0.8900000000000001,512,8,fitted,0.12091714031445122
0.8999999999999999,512,8,fitted,0.11654421353419529
0.9100000000000001,512,8,fitted,0.11233278229267962
0.9199999999999999,512,8,fitted,0.10827857686571492
0.9300000000000002,512,8,fitted,0.1043772890343842
0.94,512,8,fitted,0.10062458471744495
0.9500000000000002,512,8,fitted,0.09701611596672226
0.96,512,8,fitted,0.09354753231760594
0.9700000000000002,512,8,fitted,0.09021449148998126
0.98,512,8,fitted,0.08701266943799948
0.9900000000000002,512,8,fitted,0.08393776974998152
1.0,512,8,fitted,0.0809855324024773
1.0099999999999998,512,8,fitted,0.07815174187503576
1.0200000000000005,512,8,fitted,0.0754322346346024
1.0300000000000002,512,8,fitted,0.0728229060006277
1.04,512,8,fitted,0.07031971640394889
1.0499999999999998,512,8,fitted,0.06791869705431065
1.0600000000000005,512,8,fitted,0.0656159550329918
1.0700000000000003,512,8,fitted,0.0634076778284382
1.08,512,8,fitted,0.06129013733404497
1.0899999999999999,512,8,fitted,0.05925969332831068
1.0999999999999996,512,8,fitted,0.05731279645848426
1.1100000000000003,512,8,fitted,0.05544599074956886
1.12,512,8,fitted,0.053655915661131044
1.13,512,8,fitted,0.05193930771479407
1.1399999999999997,512,8,fitted,0.05029300171559186
1.1500000000000004,512,8,fitted,0.04871393159051267
1.1600000000000001,512,8,fitted,0.047199130867597236
1.17,512,8,fitted,0.04574573281886829
1.1799999999999997,512,8,fitted,0.0443509702901784
1.1900000000000004,512,8,fitted,0.04301217524076553
1.2000000000000002,512,8,fitted,0.041726778014924165
1.21,512,8,fitted,0.04049230636772932
1.2199999999999998,512,8,fitted,0.03930638426621394
1.2300000000000004,512,8,fitted,0.0381667304867889
1.2400000000000002,512,8,fitted,0.037071157029034234
1.25,512,8,fitted,0.036017567365273825
1.2599999999999998,512,8,fitted,0.03500395454459379
1.2700000000000005,512,8,fitted,0.034028399169172135
1.2800000000000002,512,8,fitted,0.03308906725997256
1.29,512,8,fitted,0.03218420802801525
1.2999999999999998,512,8,fitted,0.03131215156658842
1.3100000000000005,512,8,fitted,0.03047130647890007
1.3200000000000003,512,8,fitted,0.029660157454808437
1.33,512,8,fitted,0.028877262809404298
1.3399999999999999,512,8,fitted,0.028121251995366376
1.3500000000000005,512,8,fitted,0.027390823100162588
1.3600000000000003,512,8,fitted,0.026684740338342113
1.37,512,8,fitted,0.02600183154834838
1.38,512,8,fitted,0.025340985702494365
1.3899999999999997,512,8,fitted,0.02470115043797097
1.4000000000000004,512,8,fitted,0.024081329616018624
1.4100000000000001,512,8,fitted,0.023480580915677982
1.42,512,8,fitted,0.02289801346784931
1.4299999999999997,512,8,fitted,0.0223327855347379
1.4400000000000004,512,8,fitted,0.021784102239138035
1.4500000000000002,512,8,fitted,0.0212512133474193
1.46,512,8,fitted,0.0207334111095194
1.4699999999999998,512,8,fitted,0.020230028158725162
1.4800000000000004,512,8,fitted,0.019740435473529182
1.4900000000000002,512,8,fitted,0.01926404040339172
1.5,512,8,fitted,0.018800284759809202
1.5099999999999998,512,8,fitted,0.01834864297369654
1.5200000000000005,512,8,fitted,0.01790862031972456
1.5300000000000002,512,8,fitted,0.017479751207920446
1.54,512,8,fitted,0.017061597542532777
1.5499999999999998,512,8,fitted,0.016653747147886845
1.5600000000000005,512,8,fitted,0.016255812260704335
1.5700000000000003,512,8,fitted,0.015867428088138177
1.58,512,8,fitted,0.015488251430572503
1.5899999999999999,512,8,fitted,0.015117959368062317
1.6000000000000005,512,8,fitted,0.014756248009132
1.6100000000000003,512,8,fitted,0.014402831300518993
1.62,512,8,fitted,0.014057439896333696
1.63,512,8,fitted,0.013719820085012116
1.6399999999999997,512,8,fitted,0.013389732772357324
1.6500000000000004,512,8,fitted,0.013066952518903132
1.6600000000000001,512,8,fitted,0.012751266629784479
1.67,512,8,fitted,0.012442474295262672
1.6799999999999997,512,8,fitted,0.012140385780031219
1.6900000000000004,512,8,fitted,0.011844821659414435
1.7000000000000002,512,8,fitted,0.01155561210056927
1.71,512,8,fitted,0.011272596186806575
1.7199999999999998,512,8,fitted,0.010995621283163474
1.7300000000000004,512,8,fitted,0.010724542441379126
1.7400000000000002,512,8,fitted,0.010459221842454774
1.75,512,8,fitted,0.010199528275011756
1.7599999999999998,512,8,fitted,0.009945336647699836
1.7700000000000005,512,8,fitted,0.009696527533949702
1.7800000000000002,512,8,fitted,0.009452986747409336
1.79,512,8,fitted,0.009214604946451696
1.7999999999999998,512,8,fitted,0.0089812772661924
1.8100000000000005,512,8,fitted,0.008752902976507344
1.8200000000000003,512,8,fitted,0.008529385164594413
1.83,512,8,fitted,0.008310630440676953
1.8399999999999999,512,8,fitted,0.008096548665502419
1.8500000000000005,512,8,fitted,0.007887052698343527
1.8600000000000003,512,8,fitted,0.007682058164264765
1.87,512,8,fitted,0.007481483239470855
1.88,512,8,fitted,0.007285248453608128
1.8899999999999997,512,8,fitted,0.007093276507941936
1.9000000000000004,512,8,fitted,0.006905492108385553
1.9100000000000001,512,8,fitted,0.006721821812406507
1.92,512,8,fitted,0.006542193888885441
1.9299999999999997,512,8,fitted,0.0063665381900511065
1.9400000000000004,512,8,fitted,0.006194786034660998
1.9500000000000002,512,8,fitted,0.006026870101642596
1.96,512,8,fitted,0.0058627243334530565
1.9699999999999998,512,8,fitted,0.005702283848457587
1.9800000000000004,512,8,fitted,0.005545484861666245
1.9900000000000002,512,8,fitted,0.0053922646132078195
2.0,512,8,fitted,0.005242561303955916
2.01,512,8,fitted,0.005096314037758055
2.0200000000000005,512,8,fitted,0.004953462769751674
2.0300000000000002,512,8,fitted,0.00481394826028337
2.04,512,8,fitted,0.004677712033977735
2.05,512,8,fitted,0.00454469634353164
2.0600000000000005,512,8,fitted,0.004414844137836726
2.0700000000000003,512,8,fitted,0.004288099034059367
2.08,512,8,fitted,0.004164405293331576
2.09,512,8,fitted,0.004043707799730156
2.1000000000000005,512,8,fitted,0.003925952042242953
2.1100000000000003,512,8,fitted,0.0038110840994422255
2.12,512,8,fitted,0.0036990506266044126
2.13,512,8,fitted,0.003589798845034497
2.1399999999999997,512,8,fitted,0.0034832765333700933
2.1500000000000004,512,8,fitted,0.003379432020657099
2.16,512,8,fitted,0.0032782141810039737
2.17,512,8,fitted,0.0031795724296360653
2.1799999999999997,512,8,fitted,0.0030834567201852387
2.1900000000000004,512,8,fitted,0.002989817543062454
2.2,512,8,fitted,0.0028986059247730843
2.21,512,8,fitted,0.002809773428045693
2.2199999999999998,512,8,fitted,0.002723272152655749
2.2300000000000004,512,8,fitted,0.002639054736835158
2.24,512,8,fitted,0.0025570743591679327
2.25,512,8,fitted,0.002477284740880541
2.26,512,8,fitted,0.0023996401484437818
2.2700000000000005,512,8,fitted,0.0023240953964101183
2.2800000000000002,512,8,fitted,0.0022506058504176006
2.29,512,8,fitted,0.002179127430297685
2.3,512,8,fitted,0.002109616613230589
2.3100000000000005,512,8,fitted,0.002042030436897085
2.3200000000000003,512,8,fitted,0.0019763265025810935
2.33,512,8,fitted,0.0019124629781820182
2.34,512,8,fitted,0.0018503986011005357
2.3500000000000005,512,8,fitted,0.001790092680965429
2.3600000000000003,512,8,fitted,0.001731505102173131
2.37,512,8,fitted,0.0016745963262150138
2.38,512,8,fitted,0.0016193273937709944
2.3899999999999997,512,8,fitted,0.001565659926550867
2.4000000000000004,512,8,fitted,0.001513556128867712
2.41,512,8,fitted,0.0014629787889303219
2.42,512,8,fitted,0.0014138912798439028
2.4299999999999997,512,8,fitted,0.0013662575603106454
2.4400000000000004,512,8,fitted,0.001320042175023651
2.45,512,8,fitted,0.0012752102547496538
2.46,512,8,fitted,0.0012317275160975752
2.4699999999999998,512,8,fitted,0.0011895602609716424
2.4800000000000004,512,8,fitted,0.0011486753757090598
2.49,512,8,fitted,0.0011090403299036434
2.5,512,8,fitted,0.001070623174917856
2.51,512,8,fitted,0.0010333925420869042
2.5200000000000005,512,8,fitted,0.0009973176406193407
2.5300000000000002,512,8,fitted,0.0009623682551995986
2.54,512,8,fitted,0.0009285147432985263
2.55,512,8,fitted,0.0008957280321988078
2.5600000000000005,512,8,fitted,0.0008639796157426166
2.5700000000000003,512,8,fitted,0.0008332415508094797
2.58,512,8,fitted,0.0008034864535326875
2.59,512,8,fitted,0.0007746874952630895
2.6000000000000005,512,8,fitted,0.0007468183982893623
2.6100000000000003,512,8,fitted,0.0007198534313241475
2.62,512,8,fitted,0.0006937674047656735
2.63,512,8,fitted,0.0006685356657447004
2.6399999999999997,512,8,fitted,0.0006441340929667012
2.6500000000000004,512,8,fitted,0.0006205390913593294
2.66,512,8,fitted,0.0005977275865352967
2.67,512,8,fitted,0.0005756770190807501
2.6799999999999997,512,8,fitted,0.0005543653386793233
2.6900000000000004,512,8,fitted,0.000533770998081926
2.7,512,8,fitted,0.0005138729469323169
2.71,512,8,fitted,0.0004946506254583985
2.7199999999999998,512,8,fitted,0.00047608395803910294
2.7300000000000004,512,8,fitted,0.0004581533466565695
2.74,512,8,fitted,0.0004408396642432061
2.75,512,8,fitted,0.00042412424793303224
2.76,512,8,fitted,0.00040798889222657525
2.7700000000000005,512,8,fitted,0.0003924158420783563
2.7800000000000002,512,8,fitted,0.0003773877859158367
2.79,512,8,fitted,0.0003628878485984574
2.8,512,8,fitted,0.0003488995843252305
2.8100000000000005,512,8,fitted,0.0003354069694990634
2.8200000000000003,512,8,fitted,0.0003223943955558101
2.83,512,8,fitted,0.000309846661765767
2.84,512,8,fitted,0.00029774896801512744
2.8500000000000005,512,8,fitted,0.00028608690757463265
2.8600000000000003,512,8,fitted,0.00027484645986242584
2.87,512,8,fitted,0.0002640139832078465
2.88,512,8,fitted,0.00025357620762268346
2.8899999999999997,512,8,fitted,0.00024352022758611646
2.9000000000000004,512,8,fitted,0.00023383349484934382
2.91,512,8,fitted,0.00022450381126564513
2.92,512,8,fitted,0.00021551932165135337
2.9299999999999997,512,8,fitted,0.00020686850668299862
2.9400000000000004,512,8,fitted,0.0001985401758356059
2.95,512,8,fitted,0.00019052346036690555
2.96,512,8,fitted,0.00018280780635195737
2.9699999999999998,512,8,fitted,0.00017538296777247617
2.9800000000000004,512,8,fitted,0.00016823899966488253
2.99,512,8,fitted,0.0001613662513308997
3.0,512,8,fitted,0.00015475535961426547
-3.0,2048,4,fitted,6.275599629810581e-05
-2.99,2048,4,fitted,6.627698307309899e-05
-2.98,2048,4,fitted,6.998185773580547e-05
-2.97,2048,4,fitted,7.387941461820411e-05
-2.96,2048,4,fitted,7.797882307309048e-05
-2.95,2048,4,fitted,8.228964103534698e-05
-2.94,2048,4,fitted,8.68218289501912e-05
-2.93,2048,4,fitted,9.158576407219759e-05
-2.92,2048,4,fitted,9.659225513859985e-05
-2.91,2048,4,fitted,0.00010185255742005391
-2.9,2048,4,fitted,0.00010737838815170613
-2.89,2048,4,fitted,0.00011318194234703738
-2.88,2048,4,fitted,0.00011927590899657839
-2.87,2048,4,fitted,0.00012567348765316598
-2.86,2048,4,fitted,0.00013238840540498583
-2.85,2048,4,fitted,0.0001394349342371754
-2.84,2048,4,fitted,0.0001468279087822856
-2.83,2048,4,fitted,0.00015458274445937238
-2.82,2048,4,fitted,0.0001627154560009703
-2.81,2048,4,fitted,0.00017124267636661132
-2.8,2048,4,fitted,0.00018018167604098262
-2.79,2048,4,fitted,0.00018955038271417697
-2.78,2048,4,fitted,0.00019936740134085938
-2.77,2048,4,fitted,0.0002096520345744794
-2.76,2048,4,fitted,0.00022042430357197468
-2.75,2048,4,fitted,0.00023170496916365553
-2.74,2048,4,fitted,0.00024351555338222652
-2.73,2048,4,fitted,0.00025587836134408325
-2.7199999999999998,2048,4,fitted,0.00026881650347522447
-2.71,2048,4,fitted,0.0002823539180732647
-2.7,2048,4,fitted,0.00029651539419615945
-2.69,2048,4,fitted,0.00031132659486734636
-2.68,2048,4,fitted,0.00032681408058607533
-2.67,2048,4,fitted,0.0003430053331307553
-2.66,2048,4,fitted,0.0003599287796421267
-2.65,2048,4,fitted,0.0003776138169720898
-2.64,2048,4,fitted,0.00039609083628295156
-2.63,2048,4,fitted,0.0004153912478808032
-2.62,2048,4,fitted,0.0004355475062656381
-2.61,2048,4,fitted,0.00045659313537972044
-2.6,2048,4,fitted,0.0004785627540345472
-2.59,2048,4,fitted,0.0005014921014956255
-2.58,2048,4,fitted,0.0005254180632030536
-2.57,2048,4,fitted,0.000550378696604757
-2.56,2048,4,fitted,0.0005764132570779312
-2.55,2048,4,fitted,0.0006035622239130851
-2.54,2048,4,fitted,0.0006318673263337592
-2.53,2048,4,fitted,0.0006613715695237804
-2.52,2048,4,fitted,0.0006921192606325811
-2.51,2048,4,fitted,0.0007241560347278917
-2.5,2048,4,fitted,0.00075752888066374
-2.49,2048,4,fitted,0.0007922861668304795
-2.48,2048,4,fitted,0.0008284776667521762
-2.4699999999999998,2048,4,fitted,0.0008661545844954634
-2.46,2048,4,fitted,0.000905369579852621
-2.45,2048,4,fitted,0.0009461767932603856
-2.44,2048,4,fitted,0.0009886318704146752
-2.4299999999999997,2048,4,fitted,0.001032791986540185
-2.42,2048,4,fitted,0.001078715870272552
-2.41,2048,4,fitted,0.001126463827109574
-2.4,2048,4,fitted,0.0011760977623867092
-2.39,2048,4,fitted,0.0012276812037310307
-2.38,2048,4,fitted,0.001281279322946585
-2.37,2048,4,fitted,0.0013369589572830498
-2.36,2048,4,fitted,0.0013947886300386039
-2.35,2048,4,fitted,0.001454838570446826
-2.34,2048,4,fitted,0.0015171807327966935
-2.33,2048,4,fitted,0.0015818888147337085
-2.32,2048,4,fitted,0.0016490382746896276
-2.31,2048,4,fitted,0.001718706348387378
-2.3,2048,4,fitted,0.0017909720643673663
-2.29,2048,4,fitted,0.0018659162584807444
-2.2800000000000002,2048,4,fitted,0.001943621587294977
-2.27,2048,4,fitted,0.0020241725403566937
-2.26,2048,4,fitted,0.002107655451256872
-2.25,2048,4,fitted,0.0021941585074433355
-2.24,2048,4,fitted,0.0022837717587259262
-2.23,2048,4,fitted,0.002376587124419978
-2.2199999999999998,2048,4,fitted,0.0024726983990744967
-2.21,2048,4,fitted,0.0025722012567322484
-2.2,2048,4,fitted,0.002675193253670031
-2.19,2048,4,fitted,0.0027817738295687643
-2.1799999999999997,2048,4,fitted,0.002892044307064697
-2.17,2048,4,fitted,0.00300610788963498
-2.16,2048,4,fitted,0.0031240696577731096
-2.15,2048,4,fitted,0.0032460365634123705
-2.14,2048,4,fitted,0.0033721174225584873
-2.13,2048,4,fitted,0.0035024229060962274
-2.12,2048,4,fitted,0.003637065528738364
-2.11,2048,4,fitted,0.0037761596360902316
-2.1,2048,4,fitted,0.003919821389807595
-2.09,2048,4,fitted,0.004068168750831585
-2.08,2048,4,fitted,0.004221321460690141
-2.07,2048,4,fitted,0.004379401020862702
-2.06,2048,4,fitted,0.004542530670211984
-2.05,2048,4,fitted,0.004710835360495568
-2.04,2048,4,fitted,0.004884441729978602
-2.0300000000000002,2048,4,fitted,0.005063478075179663
-2.02,2048,4,fitted,0.005248074320792341
-2.01,2048,4,fitted,0.005438361987837504
-2.0,2048,4,fitted,0.005634474160114477
-1.99,2048,4,fitted,0.005836545449033552
-1.98,2048,4,fitted,0.006044711956928067
-1.97,2048,4,fitted,0.006259111238961424
-1.96,2048,4,fitted,0.006479882263762764
-1.95,2048,4,fitted,0.006707165372945171
-1.94,2048,4,fitted,0.006941102239681881
-1.93,2048,4,fitted,0.007181835826539579
-1.92,2048,4,fitted,0.007429510342792921
-1.91,2048,4,fitted,0.007684271201471898
-1.9,2048,4,fitted,0.007946264976422786
-1.89,2048,4,fitted,0.008215639359695163
-1.88,2048,4,fitted,0.008492543119600977
-1.8699999999999999,2048,4,fitted,0.008777126059828255
-1.8599999999999999,2048,4,fitted,0.009069538980030429
-1.8499999999999999,2048,4,fitted,0.00936993363835403
-1.84,2048,4,fitted,0.009678462716411465
-1.83,2048,4,fitted,0.009995279787252793
-1.82,2048,4,fitted,0.010320539286940492
-1.81,2048,4,fitted,0.010654396490384393
-1.8,2048,4,fitted,0.010997007492150573
-1.79,2048,4,fitted,0.011348529193017313
-1.78,2048,4,fitted,0.011709119293114842
-1.77,2048,4,fitted,0.012078936292551908
-1.76,2048,4,fitted,0.01245813950050239
-1.75,2048,4,fitted,0.012846889053798877
-1.74,2048,4,fitted,0.013245345946157536
-1.73,2048,4,fitted,0.013653672069239396
-1.72,2048,4,fitted,0.014072030266837716
-1.71,2048,4,fitted,0.014500584403569166
-1.7,2048,4,fitted,0.014939499449538108
-1.69,2048,4,fitted,0.01538894158253798
-1.68,2048,4,fitted,0.015849078309452088
-1.67,2048,4,fitted,0.016320078608616933
-1.66,2048,4,fitted,0.016802113095015392
-1.65,2048,4,fitted,0.017295354210272958
-1.64,2048,4,fitted,0.017799976439539324
-1.63,2048,4,fitted,0.018316156557447172
-1.6199999999999999,2048,4,fitted,0.01884407390545213
-1.6099999999999999,2048,4,fitted,0.019383910702969565
-1.5999999999999999,2048,4,fitted,0.01993585239483658
-1.59,2048,4,fitted,0.02050008803773912
-1.58,2048,4,fitted,0.021076810728354614
-1.57,2048,4,fitted,0.021666218076068486
-1.56,2048,4,fitted,0.022268512723228318
-1.55,2048,4,fitted,0.022883902915999645
-1.54,2048,4,fitted,0.023512603128982963
-1.53,2048,4,fitted,0.024154834746840156
-1.52,2048,4,fitted,0.024810826806258925
-1.51,2048,4,fitted,0.02548081680165503
-1.5,2048,4,fitted,0.02616505155807184
-1.49,2048,4,fitted,0.026863788174783756
-1.48,2048,4,fitted,0.027577295043142096
-1.47,2048,4,fitted,0.028305852942218032
-1.46,2048,4,fitted,0.02904975621579333
-1.45,2048,4,fitted,0.02980931403422621
-1.44,2048,4,fitted,0.03058485174467161
-1.43,2048,4,fitted,0.03137671231306285
-1.42,2048,4,fitted,0.032185257861159916
-1.41,2048,4,fitted,0.03301087130183842
-1.4,2048,4,fitted,0.033853958075627764
-1.39,2048,4,fitted,0.03471494799130611
-1.38,2048,4,fitted,0.03559429717311974
-1.3699999999999999,2048,4,fitted,0.036492490116912746
-1.3599999999999999,2048,4,fitted,0.037410041857127145
-1.3499999999999999,2048,4,fitted,0.03834750024626014
-1.3399999999999999,2048,4,fitted,0.03930544834794212
-1.33,2048,4,fitted,0.04028450694432348
-1.32,2048,4,fitted,0.0412853371579266
-1.31,2048,4,fitted,0.04230864318753084
-1.3,2048,4,fitted,0.04335517515700966
-1.29,2048,4,fitted,0.04442573207532692
-1.28,2048,4,fitted,0.0455211649051251
-1.27,2048,4,fitted,0.04664237973649603
-1.26,2048,4,fitted,0.04779034106161754
-1.25,2048,4,fitted,0.04896607514496239
-1.24,2048,4,fitted,0.05017067348274185
-1.23,2048,4,fitted,0.05140529634413235
-1.22,2048,4,fitted,0.05267117638565303
-1.21,2048,4,fitted,0.053969622328812666
-1.2,2048,4,fitted,0.055302022689831525
-1.19,2048,4,fitted,0.056669849548865454
-1.18,2048,4,fitted,0.05807466234472365
-1.17,2048,4,fitted,0.059518111679577185
-1.16,2048,4,fitted,0.06100194311661065
-1.15,2048,4,fitted,0.06252800095197825
-1.14,2048,4,fitted,0.06409823194079438
-1.13,2048,4,fitted,0.06571468895522546
-1.1199999999999999,2048,4,fitted,0.06737953455106246
-1.1099999999999999,2048,4,fitted,0.0690950444174512
-1.0999999999999999,2048,4,fitted,0.07086361068275103
-1.0899999999999999,2048,4,fitted,0.07268774504779242
-1.08,2048,4,fitted,0.0745700817161249
-1.07,2048,4,fitted,0.07651338008919797
-1.06,2048,4,fitted,0.0785205271928185
-1.05,2048,4,fitted,0.08059453979969158
-1.04,2048,4,fitted,0.08273856621139274
-1.03,2048,4,fitted,0.0849558876617591
-1.02,2048,4,fitted,0.08724991930244072
-1.01,2048,4,fitted,0.08962421073024028
-1.0,2048,4,fitted,0.09208244601491053
-0.9899999999999998,2048,4,fitted,0.09462844318529305
-0.98,2048,4,fitted,0.09726615313108963
-0.9699999999999998,2048,4,fitted,0.09999965787718292
-0.96,2048,4,fitted,0.1028331681872785
-0.9500000000000002,2048,4,fitted,0.10577102045376266
-0.94,2048,4,fitted,0.10881767283105787
-0.9300000000000002,2048,4,fitted,0.11197770057045506
-0.9199999999999999,2048,4,fitted,0.11525579051541146
-0.9100000000000001,2048,4,fitted,0.1186567347176451
-0.8999999999999999,2048,4,fitted,0.12218542313606627
-0.8900000000000001,2048,4,fitted,0.12584683538265018
-0.8799999999999999,2048,4,fitted,0.1296460314818214
-0.8700000000000001,2048,4,fitted,0.13358814161276933
-0.8599999999999999,2048,4,fitted,0.13767835480738969
-0.8500000000000001,2048,4,fitted,0.14192190658022263
-0.8399999999999999,2048,4,fitted,0.14632406547087667
-0.8300000000000001,2048,4,fitted,0.1508901184839534
-0.8199999999999998,2048,4,fitted,0.15562535541646286
-0.81,2048,4,fitted,0.16053505206809282
-0.7999999999999998,2048,4,fitted,0.1656244523355106
-0.79,2048,4,fitted,0.1708987491980714
-0.7799999999999998,2048,4,fitted,0.17636306460891782
-0.77,2048,4,fitted,0.18202242831240809
-0.7599999999999998,2048,4,fitted,0.1878817556161461
-0.75,2048,4,fitted,0.19394582415350006
-0.7399999999999998,2048,4,fitted,0.2002192496804407
-0.73,2048,4,fitted,0.2067064609586824
-0.7199999999999998,2048,4,fitted,0.21341167378551062
-0.71,2048,4,fitted,0.22033886423920582
-0.6999999999999997,2048,4,fitted,0.22749174121764665
-0.69,2048,4,fitted,0.23487371835637458
-0.6800000000000002,2048,4,fitted,0.24248788542113217
-0.6699999999999999,2048,4,fitted,0.2503369792785244
-0.6600000000000001,2048,4,fitted,0.2584233545569859
-0.6499999999999999,2048,4,fitted,0.26674895411856564
-0.6400000000000001,2048,4,fitted,0.27531527947008655
-0.6299999999999999,2048,4,fitted,0.28412336124997584
-0.6200000000000001,2048,4,fitted,0.29317372993433993
-0.6099999999999999,2048,4,fitted,0.3024663869126892
-0.6000000000000001,2048,4,fitted,0.31200077608993076
-0.5899999999999999,2048,4,fitted,0.3217757561768672
-0.5800000000000001,2048,4,fitted,0.3317895738362761
-0.5699999999999998,2048,4,fitted,0.3420398378557523
-0.56,2048,4,fitted,0.35252349452166276
-0.5499999999999998,2048,4,fitted,0.36323680437086286
-0.54,2048,4,fitted,0.37417532049805585
-0.5299999999999998,2048,4,fitted,0.3853338685969019
-0.52,2048,4,fitted,0.39670652891203834
-0.5099999999999998,2048,4,fitted,0.408286620277111
-0.5,2048,4,fitted,0.42006668641058964
-0.48999999999999977,2048,4,fitted,0.43203848463662775
-0.48,2048,4,fitted,0.444192977192381
-0.46999999999999975,2048,4,fitted,0.45652032527613
-0.45999999999999996,2048,4,fitted,0.46900988598211835
-0.44999999999999973,2048,4,fitted,0.48165021225836013
-0.43999999999999995,2048,4,fitted,0.49442905601265863
-0.43000000000000016,2048,4,fitted,0.5073333744798831
-0.41999999999999993,2048,4,fitted,0.5203493399500569
-0.41000000000000014,2048,4,fitted,0.5334623529421995
-0.3999999999999999,2048,4,fitted,0.5466570588931047
-0.3900000000000001,2048,4,fitted,0.5599173684134088
-0.3799999999999999,2048,4,fitted,0.5732264811455524
-0.3700000000000001,2048,4,fitted,0.5865669132395352
-0.3599999999999999,2048,4,fitted,0.599920528442956
-0.3500000000000001,2048,4,fitted,0.6132685727816654
-0.33999999999999986,2048,4,fitted,0.6265917127867395
-0.33000000000000007,2048,4,fitted,0.6398700772023367
-0.31999999999999984,2048,4,fitted,0.6530833020876741
-0.31000000000000005,2048,4,fitted,0.6662105792047981
-0.2999999999999998,2048,4,fitted,0.6792307075623538
-0.29000000000000004,2048,4,fitted,0.6921221479641744
-0.2799999999999998,2048,4,fitted,0.7048630803905256
-0.27,2048,4,fitted,0.7174314640192595
-0.2599999999999998,2048,4,fitted,0.729805099674275
-0.25,2048,4,fitted,0.741961694469541
-0.23999999999999977,2048,4,fitted,0.7538789283988561
-0.22999999999999998,2048,4,fitted,0.7655345226044586
-0.21999999999999975,2048,4,fitted,0.7769063090418985
-0.20999999999999996,2048,4,fitted,0.7879723012442191
-0.19999999999999973,2048,4,fitted,0.79871076587575
-0.18999999999999995,2048,4,fitted,0.8091002947546799
-0.18000000000000016,2048,4,fitted,0.8191198770143097
-0.16999999999999993,2048,4,fitted,0.8287489710654483
-0.16000000000000014,2048,4,fitted,0.8379675760170293
-0.1499999999999999,2048,4,fitted,0.8467563022086858
-0.14000000000000012,2048,4,fitted,0.8550964405078038
-0.1299999999999999,2048,4,fitted,0.862970030024581
-0.1200000000000001,2048,4,fitted,0.8703599239017921
-0.10999999999999988,2048,4,fitted,0.8772498528414058
-0.10000000000000009,2048,4,fitted,0.883624486037831
-0.08999999999999986,2048,4,fitted,0.8894694891974403
-0.08000000000000007,2048,4,fitted,0.8947715793360164
-0.06999999999999984,2048,4,fitted,0.8995185760599097
-0.06000000000000005,2048,4,fitted,0.9036994490528336
-0.04999999999999982,2048,4,fitted,0.9073043615083292
-0.040000000000000036,2048,4,fitted,0.9103247092678506
-0.029999999999999805,2048,4,fitted,0.9127531554460613
-0.020000000000000018,2048,4,fitted,0.9145836603481228
-0.009999999999999787,2048,4,fitted,0.915811506508382
0.0,2048,4,fitted,0.9164333187057239
0.010000000000000231,2048,4,fitted,0.9164470788377934
0.020000000000000018,2048,4,fitted,0.9158521355641173
0.03000000000000025,2048,4,fitted,0.9146492086566738
0.040000000000000036,2048,4,fitted,0.912840388025463
0.050000000000000266,2048,4,fitted,0.9104291274159294
0.06000000000000005,2048,4,fitted,0.9074202328044563
0.07000000000000028,2048,4,fitted,0.9038198455473875
0.08000000000000007,2048,4,fitted,0.8996354203679403
0.08999999999999986,2048,4,fitted,0.8948756982937076
0.10000000000000009,2048,4,fitted,0.8895506746850581
0.10999999999999988,2048,4,fitted,0.8836715625213967
0.1200000000000001,2048,4,fitted,0.8772507511377554
0.1299999999999999,2048,4,fitted,0.8703017606284157
0.14000000000000012,2048,4,fitted,0.8628391921569637
0.1499999999999999,2048,4,fitted,0.8548786744333006
0.16000000000000014,2048,4,fitted,0.8464368066374244
0.16999999999999993,2048,4,fitted,0.8375310980872366
0.18000000000000016,2048,4,fitted,0.8281799049630064
0.18999999999999995,2048,4,fitted,0.8184023644144488
0.20000000000000018,2048,4,fitted,0.8082183263874596
0.20999999999999996,2048,4,fitted,0.7976482835164491
0.2200000000000002,2048,4,fitted,0.7867132994347897
0.22999999999999998,2048,4,fitted,0.7754349358602052
0.2400000000000002,2048,4,fitted,0.7638351788138955
0.25,2048,4,fitted,0.7519363643319225
0.26000000000000023,2048,4,fitted,0.7397611040247889
0.27,2048,4,fitted,0.7273322108364302
0.28000000000000025,2048,4,fitted,0.7146726253469001
0.29000000000000004,2048,4,fitted,0.7018053429541249
0.30000000000000027,2048,4,fitted,0.6887533422591673
0.31000000000000005,2048,4,fitted,0.6755395149667253
0.3200000000000003,2048,4,fitted,0.6621865975981103
0.33000000000000007,2048,4,fitted,0.648717105297924
0.33999999999999986,2048,4,fitted,0.6351532679981619
0.3500000000000001,2048,4,fitted,0.6215169691847264
0.3599999999999999,2048,4,fitted,0.6078296874914471
0.3700000000000001,2048,4,fitted,0.5941124413258634
0.3799999999999999,2048,4,fitted,0.5803857367094343
0.3900000000000001,2048,4,fitted,0.5666695184925714
0.3999999999999999,2048,4,fitted,0.5529831250822699
0.41000000000000014,2048,4,fitted,0.5393452467971238
0.41999999999999993,2048,4,fitted,0.5257738879415315
0.43000000000000016,2048,4,fitted,0.5122863326678833
0.43999999999999995,2048,4,fitted,0.49889911467282744
0.4500000000000002,2048,4,fitted,0.48562799075131835
0.45999999999999996,2048,4,fitted,0.47248791821036323
0.4700000000000002,2048,4,fitted,0.45949303612318637
0.48,2048,4,fitted,0.44665665038421026
0.4900000000000002,2048,4,fitted,0.4339912225057616
0.5,2048,4,fitted,0.4215083620790287
0.5100000000000002,2048,4,fitted,0.4092188228044442
0.52,2048,4,fitted,0.3971325019806001
0.5300000000000002,2048,4,fitted,0.38525844332592646
0.54,2048,4,fitted,0.373604842993895
0.5500000000000003,2048,4,fitted,0.3621790586303456
0.56,2048,4,fitted,0.3509876213108455
0.5700000000000003,2048,4,fitted,0.34003625018667055
0.5800000000000001,2048,4,fitted,0.3293298696601833
0.5899999999999999,2048,4,fitted,0.31887262890393636
0.6000000000000001,2048,4,fitted,0.30866792353287736
0.6099999999999999,2048,4,fitted,0.2987184192354212
0.6200000000000001,2048,4,fitted,0.2890260771669407
0.6299999999999999,2048,4,fitted,0.27959218090833954
0.6400000000000001,2048,4,fitted,0.2704173647927205
0.6499999999999999,2048,4,fitted,0.26150164340477056
0.6600000000000001,2048,4,fitted,0.2528444420601838
0.6699999999999999,2048,4,fitted,0.24444462807626904
0.6800000000000002,2048,4,fitted,0.236300542649655
0.69,2048,4,fitted,0.22841003316274083
0.7000000000000002,2048,4,fitted,0.22077048574704808
0.71,2048,4,fitted,0.2133788579389349
0.7200000000000002,2048,4,fitted,0.20623171127104045
0.73,2048,4,fitted,0.19932524365134707
0.7400000000000002,2048,4,fitted,0.19265532139069896
0.75,2048,4,fitted,0.1862175107489977
0.7600000000000002,2048,4,fitted,0.18000710887993773
0.77,2048,4,fitted,0.17401917406404482
0.7800000000000002,2048,4,fitted,0.16824855512978015
0.79,2048,4,fitted,0.1626899199725665
0.8000000000000003,2048,4,fitted,0.15733778309163943
0.81,2048,4,fitted,0.15218653207461988
0.8200000000000003,2048,4,fitted,0.14723045296952042
0.8300000000000001,2048,4,fitted,0.14246375449353066
0.8399999999999999,2048,4,fitted,0.13788059103727404
0.8500000000000001,2048,4,fitted,0.13347508443228337
0.8599999999999999,2048,4,fitted,0.12924134445812357
0.8700000000000001,2048,4,fitted,0.12517348807388465
0.8799999999999999,2048,4,fitted,0.12126565736663855
0.8900000000000001,2048,4,fitted,0.11751203621685366
0.8999999999999999,2048,4,fitted,0.11390686568770182
0.9100000000000001,2048,4,fitted,0.11044445815161963
0.9199999999999999,2048,4,fitted,0.10711921017342302
0.9300000000000002,2048,4,fitted,0.10392561417467894
0.94,2048,4,fitted,0.10085826890894228
0.9500000000000002,2048,4,fitted,0.09791188878183615
0.96,2048,4,fitted,0.09508131205382891
0.9700000000000002,2048,4,fitted,0.09236150796691761
0.98,2048,4,fitted,0.08974758283930756
0.9900000000000002,2048,4,fitted,0.0872347851745679
1.0,2048,4,fitted,0.08481850983368788
1.0099999999999998,2048,4,fitted,0.08249430131995139
1.0200000000000005,2048,4,fitted,0.08025785622763598
1.0300000000000002,2048,4,fitted,0.07810502490622773
1.04,2048,4,fitted,0.07603181239216163
1.0499999999999998,2048,4,fitted,0.07403437866007957
1.0600000000000005,2048,4,fitted,0.0721090382452504
1.0700000000000003,2048,4,fitted,0.07025225928817026
1.08,2048,4,fitted,0.06846066205146278
1.0899999999999999,2048,4,fitted,0.06673101695807265
1.0999999999999996,2048,4,fitted,0.06506024219840005
1.1100000000000003,2048,4,fitted,0.06344540095250042
1.12,2048,4,fitted,0.06188369827179089
1.13,2048,4,fitted,0.06037247766288276
1.1399999999999997,2048,4,fitted,0.05890921741423635
1.1500000000000004,2048,4,fitted,0.057491526704311506
1.1600000000000001,2048,4,fitted,0.0561171415278074
1.17,2048,4,fitted,0.054783920474450076
1.1799999999999997,2048,4,fitted,0.05348984039263132
1.1900000000000004,2048,4,fitted,0.05223299196802683
1.2000000000000002,2048,4,fitted,0.05101157524515953
1.21,2048,4,fitted,0.04982389511772302
1.2199999999999998,2048,4,fitted,0.04866835681137016
1.2300000000000004,2048,4,fitted,0.04754346138059575
1.2400000000000002,2048,4,fitted,0.04644780123932918
1.25,2048,4,fitted,0.045380055742895574
1.2599999999999998,2048,4,fitted,0.044338986837123895
1.2700000000000005,2048,4,fitted,0.04332343478857062
1.2800000000000002,2048,4,fitted,0.04233231400810612
1.29,2048,4,fitted,0.04136460897846974
1.2999999999999998,2048,4,fitted,0.040419370294854776
1.3100000000000005,2048,4,fitted,0.03949571082612409
1.3200000000000003,2048,4,fitted,0.03859280200289471
1.33,2048,4,fitted,0.037709870237456755
1.3399999999999999,2048,4,fitted,0.036846193479316044
1.3500000000000005,2048,4,fitted,0.0360010979090601
1.3600000000000003,2048,4,fitted,0.035173954772252804
1.37,2048,4,fitted,0.034364177354152245
1.38,2048,4,fitted,0.033571218095225626
1.3899999999999997,2048,4,fitted,0.03279456584669184
1.4000000000000004,2048,4,fitted,0.03203374326466174
1.4100000000000001,2048,4,fitted,0.03128830434086063
1.42,2048,4,fitted,0.030557832067401276
1.4299999999999997,2048,4,fitted,0.029841936232632295
1.4400000000000004,2048,4,fitted,0.029140251344701388
1.4500000000000002,2048,4,fitted,0.028452434679152615
1.46,2048,4,fitted,0.027778164446607807
1.4699999999999998,2048,4,fitted,0.027117138076369444
1.4800000000000004,2048,4,fitted,0.026469070611611988
1.4900000000000002,2048,4,fitted,0.02583369321170686
1.5,2048,4,fitted,0.02521075175713963
1.5099999999999998,2048,4,fitted,0.024600005552432126
1.5200000000000005,2048,4,fitted,0.02400122612246415
1.5300000000000002,2048,4,fitted,0.02341419609760404
1.54,2048,4,fitted,0.02283870818309454
1.5499999999999998,2048,4,fitted,0.022274564208203732
1.5600000000000005,2048,4,fitted,0.02172157425072998
1.5700000000000003,2048,4,fitted,0.021179555832548762
1.58,2048,4,fitted,0.020648333182000565
1.5899999999999999,2048,4,fitted,0.02012773655904464
1.6000000000000005,2048,4,fitted,0.0196176016392357
1.6100000000000003,2048,4,fitted,0.019117768952723813
1.62,2048,4,fitted,0.018628083374623884
1.63,2048,4,fitted,0.018148393663254887
1.6399999999999997,2048,4,fitted,0.017678552042901974
1.6500000000000004,2048,4,fitted,0.017218413827911682
1.6600000000000001,2048,4,fitted,0.01676783708508662
1.67,2048,4,fitted,0.01632668233150087
1.6799999999999997,2048,4,fitted,0.01589481226501244
1.6900000000000004,2048,4,fitted,0.015472091524898746
1.7000000000000002,2048,4,fitted,0.015058386480190445
1.71,2048,4,fitted,0.014653565043421682
1.7199999999999998,2048,4,fitted,0.014257496507656472
1.7300000000000004,2048,4,fitted,0.013870051404784433
1.7400000000000002,2048,4,fitted,0.013491101383210665
1.75,2048,4,fitted,0.01312051910318847
1.7599999999999998,2048,4,fitted,0.012758178148164722
1.7700000000000005,2048,4,fitted,0.012403952950620396
1.7800000000000002,2048,4,fitted,0.012057718730998927
1.79,2048,4,fitted,0.011719351448416784
1.7999999999999998,2048,4,fitted,0.011388727761950091
1.8100000000000005,2048,4,fitted,0.011065725001381789
1.8200000000000003,2048,4,fitted,0.010750221146382138
1.83,2048,4,fitted,0.010442094813176135
1.8399999999999999,2048,4,fitted,0.010141225247829242
1.8500000000000005,2048,4,fitted,0.009847492325353901
1.8600000000000003,2048,4,fitted,0.009560776553907156
1.87,2048,4,fitted,0.009280959083411814
1.88,2048,4,fitted,0.009007921717992926
1.8899999999999997,2048,4,fitted,0.008741546931674742
1.9000000000000004,2048,4,fitted,0.008481717886834371
1.9100000000000001,2048,4,fitted,0.00822831845495493
1.92,2048,4,fitted,0.007981233239263917
1.9299999999999997,2048,4,fitted,0.007740347598883124
1.9400000000000004,2048,4,fitted,0.007505547674152579
1.9500000000000002,2048,4,fitted,0.007276720412825423
1.96,2048,4,fitted,0.007053753596861335
1.9699999999999998,2048,4,fitted,0.006836535869575453
1.9800000000000004,2048,4,fitted,0.006624956762925352
1.9900000000000002,2048,4,fitted,0.006418906724743189
2.0,2048,4,fitted,0.006218277145741682
2.01,2048,4,fitted,0.0060229603861432675
2.0200000000000005,2048,4,fitted,0.00583284980179966
2.0300000000000002,2048,4,fitted,0.005647839769685966
2.04,2048,4,fitted,0.005467825712668535
2.05,2048,4,fitted,0.005292704123459908
2.0600000000000005,2048,4,fitted,0.005122372587686378
2.0700000000000003,2048,4,fitted,0.004956729806005325
2.08,2048,4,fitted,0.004795675615219475
2.09,2048,4,fitted,0.004639111008345041
2.1000000000000005,2048,4,fitted,0.004486938153598573
2.1100000000000003,2048,4,fitted,0.004339060412275325
2.12,2048,4,fitted,0.004195382355498392
2.13,2048,4,fitted,0.004055809779824509
2.1399999999999997,2048,4,fitted,0.003920249721697394
2.1500000000000004,2048,4,fitted,0.0037886104707447812
2.16,2048,4,fitted,0.0036608015819196197
2.17,2048,4,fitted,0.003536733886489699
2.1799999999999997,2048,4,fitted,0.0034163195018838194
2.1900000000000004,2048,4,fitted,0.003299471840405341
2.2,2048,4,fitted,0.0031861056168270376
2.21,2048,4,fitted,0.003076136854883301
2.2199999999999998,2048,4,fitted,0.0029694828926782736
2.2300000000000004,2048,4,fitted,0.0028660623870299896
2.24,2048,4,fitted,0.0027657953167725294
2.25,2048,4,fitted,0.002668602985039346
2.26,2048,4,fitted,0.0025744080205524888
2.2700000000000005,2048,4,fitted,0.00248313437794314
2.2800000000000002,2048,4,fitted,0.0023947073371300433
2.29,2048,4,fitted,0.0023090535017828845
2.3,2048,4,fitted,0.0022261007968985697
2.3100000000000005,2048,4,fitted,0.0021457784655185917
2.3200000000000003,2048,4,fitted,0.0020680170646161706
2.33,2048,4,fitted,0.0019927484601820356
2.34,2048,4,fitted,0.0019199058215380483
2.3500000000000005,2048,4,fitted,0.001849423614907803
2.3600000000000003,2048,4,fitted,0.0017812375962734893
2.37,2048,4,fitted,0.001715284803548131
2.38,2048,4,fitted,0.001651503548092403
2.3899999999999997,2048,4,fitted,0.0015898334056048977
2.4000000000000004,2048,4,fitted,0.001530215206414574
2.41,2048,4,fitted,0.001472591025203916
2.42,2048,4,fitted,0.001416904170190902
2.4299999999999997,2048,4,fitted,0.0013630991717977505
2.4400000000000004,2048,4,fitted,0.001311121770833855
2.45,2048,4,fitted,0.0012609189062200699
2.46,2048,4,fitted,0.0012124387022809362
2.4699999999999998,2048,4,fitted,0.0011656304556312057
2.4800000000000004,2048,4,fitted,0.001120444621682325
2.49,2048,4,fitted,0.0010768328007942302
2.5,2048,4,fitted,0.001034747724097148
2.51,2048,4,fitted,0.0009941432390077499
2.5200000000000005,2048,4,fitted,0.0009549742944632961
2.5300000000000002,2048,4,fitted,0.0009171969258970092
2.54,2048,4,fitted,0.0008807682399772061
2.55,2048,4,fitted,0.0008456463991323369
2.5600000000000005,2048,4,fitted,0.0008117906058833273
2.5700000000000003,2048,4,fitted,0.0007791610870041736
2.58,2048,4,fitted,0.0007477190775310486
2.59,2048,4,fitted,0.0007174268046396947
2.6000000000000005,2048,4,fitted,0.000688247471410208
2.6100000000000003,2048,4,fitted,0.0006601452404977586
2.62,2048,4,fitted,0.0006330852177271842
2.63,2048,4,fitted,0.0006070334356288377
2.6399999999999997,2048,4,fitted,0.0005819568369324231
2.6500000000000004,2048,4,fitted,0.000557823258035007
2.66,2048,4,fitted,0.0005346014124588019
2.67,2048,4,fitted,0.0005122608743136824
2.6799999999999997,2048,4,fitted,0.0004907720617789187
2.6900000000000004,2048,4,fitted,0.0004701062206179222
2.7,2048,4,fitted,0.00045023540773932424
2.71,2048,4,fitted,0.00043113247481706276
2.7199999999999998,2048,4,fitted,0.0004127710519816813
2.7300000000000004,2048,4,fitted,0.0003951255315944216
2.74,2048,4,fitted,0.0003781710521151969
2.75,2048,4,fitted,0.00036188348207495707
2.76,2048,4,fitted,0.0003462394041624896
2.7700000000000005,2048,4,fitted,0.00033121609943512036
2.7800000000000002,2048,4,fitted,0.00031679153166232
2.79,2048,4,fitted,0.0003029443318106804
2.8,2048,4,fitted,0.0002896537826782877
2.8100000000000005,2048,4,fitted,0.0002768998036859896
2.8200000000000003,2048,4,fitted,0.00026466293583262475
2.83,2048,4,fitted,0.0002529243268207894
2.84,2048,4,fitted,0.00024166571635931227
2.8500000000000005,2048,4,fitted,0.0002308694216481278
2.8600000000000003,2048,4,fitted,0.00022051832305084896
2.87,2048,4,fitted,0.00021059584995989289
2.88,2048,4,fitted,0.00020108596685864747
2.8899999999999997,2048,4,fitted,0.00019197315958474008
2.9000000000000004,2048,4,fitted,0.00018324242179810972
2.91,2048,4,fitted,0.00017487924165721536
2.92,2048,4,fitted,0.00016686958870633278
2.9299999999999997,2048,4,fitted,0.0001591999009765836
2.9400000000000004,2048,4,fitted,0.00015185707230297137
2.95,2048,4,fitted,0.0001448284398593959
2.96,2048,4,fitted,0.00013810177191329108
2.9699999999999998,2048,4,fitted,0.0001316652558012507
2.9800000000000004,2048,4,fitted,0.0001255074861266936
2.99,2048,4,fitted,0.00011961745318036168
3.0,2048,4,fitted,0.00011398453158415805
-3.0,2048,8,fitted,0.00041858701780198823
-2.99,2048,8,fitted,0.00043308838939935357
-2.98,2048,8,fitted,0.0004480378420421977
-2.97,2048,8,fitted,0.0004634471729186463
-2.96,2048,8,fitted,0.00047932841737442035
-2.95,2048,8,fitted,0.0004956938512853921
-2.94,2048,8,fitted,0.0005125559933691097
-2.93,2048,8,fitted,0.0005299276074317089
-2.92,2048,8,fitted,0.0005478217045466257
-2.91,2048,8,fitted,0.0005662515451614013
-2.9,2048,8,fitted,0.0005852306411288997
-2.89,2048,8,fitted,0.0006047727576591385
-2.88,2048,8,fitted,0.0006248919151879512
-2.87,2048,8,fitted,0.0006456023911586113
-2.86,2048,8,fitted,0.0006669187217125621
-2.85,2048,8,fitted,0.0006888557032853035
-2.84,2048,8,fitted,0.0007114283941035382
-2.83,2048,8,fitted,0.0007346521155795743
-2.82,2048,8,fitted,0.0007585424535990524
-2.81,2048,8,fitted,0.0007831152596979747
-2.8,2048,8,fitted,0.0008083866521250843
-2.79,2048,8,fitted,0.0008343730167855863
-2.78,2048,8,fitted,0.0008610910080622721
-2.77,2048,8,fitted,0.0008885575495100682
-2.76,2048,8,fitted,0.0009167898344201312
-2.75,2048,8,fitted,0.0009458053262495884
-2.74,2048,8,fitted,0.000975621758913116
-2.73,2048,8,fitted,0.0010062571369325935
-2.7199999999999998,2048,8,fitted,0.0010377297354411492
-2.71,2048,8,fitted,0.0010700581000380118
-2.7,2048,8,fitted,0.0011032610464906851
-2.69,2048,8,fitted,0.0011373576602810656
-2.68,2048,8,fitted,0.0011723672959922781
-2.67,2048,8,fitted,0.0012083095765331958
-2.66,2048,8,fitted,0.0012452043921976881
-2.65,2048,8,fitted,0.001283071899555977
-2.64,2048,8,fitted,0.0013219325201755754
-2.63,2048,8,fitted,0.001361806939169642
-2.62,2048,8,fitted,0.0014027161035707625
-2.61,2048,8,fitted,0.0014446812205285938
-2.6,2048,8,fitted,0.0014877237553300045
-2.59,2048,8,fitted,0.0015318654292408884
-2.58,2048,8,fitted,0.00157712821716907
-2.57,2048,8,fitted,0.0016235343451483446
-2.56,2048,8,fitted,0.0016711062876440508
-2.55,2048,8,fitted,0.0017198667646812359
-2.54,2048,8,fitted,0.0017698387387970005
-2.53,2048,8,fitted,0.001821045411819325
-2.52,2048,8,fitted,0.0018735102214753325
-2.51,2048,8,fitted,0.0019272568378328229
-2.5,2048,8,fitted,0.001982309159579641
-2.49,2048,8,fitted,0.002038691310146511
-2.48,2048,8,fitted,0.0020964276336798726
-2.4699999999999998,2048,8,fitted,0.002155542690872375
-2.46,2048,8,fitted,0.0022160612546599677
-2.45,2048,8,fitted,0.002278008305795671
-2.44,2048,8,fitted,0.0023414090283116378
-2.4299999999999997,2048,8,fitted,0.0024062888048825646
-2.42,2048,8,fitted,0.0024726732121051875
-2.41,2048,8,fitted,0.002540588015710396
-2.4,2048,8,fitted,0.0026100591657262978
-2.39,2048,8,fitted,0.0026811127916127955
-2.38,2048,8,fitted,0.0027537751973904065
-2.37,2048,8,fitted,0.0028280728567883456
-2.36,2048,8,fitted,0.0029040324084397373
-2.35,2048,8,fitted,0.002981680651154302
-2.34,2048,8,fitted,0.0030610445393021413
-2.33,2048,8,fitted,0.003142151178345214
-2.32,2048,8,fitted,0.0032250278205567784
-2.31,2048,8,fitted,0.003309701860972543
-2.3,2048,8,fitted,0.0033962008336214816
-2.29,2048,8,fitted,0.0034845524080882426
-2.2800000000000002,2048,8,fitted,0.0035747843864639174
-2.27,2048,8,fitted,0.0036669247007465092
-2.26,2048,8,fitted,0.0037610014107578257
-2.25,2048,8,fitted,0.0038570427026489713
-2.24,2048,8,fitted,0.003955076888072534
-2.23,2048,8,fitted,0.0040551324041057865
-2.2199999999999998,2048,8,fitted,0.004157237814015995
-2.21,2048,8,fitted,0.004261421808966015
-2.2,2048,8,fitted,0.004367713210765864
-2.19,2048,8,fitted,0.004476140975783993
-2.1799999999999997,2048,8,fitted,0.004586734200140523
-2.17,2048,8,fitted,0.0046995221263137175
-2.16,2048,8,fitted,0.004814534151300437
-2.15,2048,8,fitted,0.00493179983648147
-2.14,2048,8,fitted,0.005051348919353235
-2.13,2048,8,fitted,0.005173211327298755
-2.12,2048,8,fitted,0.005297417193582373
-2.11,2048,8,fitted,0.0054239968757655195
-2.1,2048,8,fitted,0.005552980976753714
-2.09,2048,8,fitted,0.005684400368699036
-2.08,2048,8,fitted,0.005818286219996606
-2.07,2048,8,fitted,0.0059546700256291685
-2.06,2048,8,fitted,0.006093583641129458
-2.05,2048,8,fitted,0.006235059320447228
-2.04,2048,8,fitted,0.006379129758024854
-2.0300000000000002,2048,8,fitted,0.0065258281354041965
-2.02,2048,8,fitted,0.0066751881727060884
-2.01,2048,8,fitted,0.006827244185344022
-2.0,2048,8,fitted,0.006982031146354289
-1.99,2048,8,fitted,0.007139584754746341
-1.98,2048,8,fitted,0.007299941510299583
-1.97,2048,8,fitted,0.007463138795256279
-1.96,2048,8,fitted,0.007629214963384124
-1.95,2048,8,fitted,0.007798209436907242
-1.94,2048,8,fitted,0.007970162811830144
-1.93,2048,8,fitted,0.008145116972205917
-1.92,2048,8,fitted,0.008323115213927408
-1.91,2048,8,fitted,0.008504202378648634
-1.9,2048,8,fitted,0.008688424998472753
-1.89,2048,8,fitted,0.00887583145207296
-1.88,2048,8,fitted,0.009066472132943395
-1.8699999999999999,2048,8,fitted,0.009260399630508565
-1.8599999999999999,2048,8,fitted,0.009457668924852093
-1.8499999999999999,2048,8,fitted,0.009658337595858248
-1.84,2048,8,fitted,0.00986246604759319
-1.83,2048,8,fitted,0.010070117748786874
-1.82,2048,8,fitted,0.010281359490310782
-1.81,2048,8,fitted,0.010496261660581697
-1.8,2048,8,fitted,0.010714898539856656
-1.79,2048,8,fitted,0.010937348614419518
-1.78,2048,8,fitted,0.01116369491169516
-1.77,2048,8,fitted,0.01139402535736255
-1.76,2048,8,fitted,0.011628433155573046
-1.75,2048,8,fitted,0.011867017193415527
-1.74,2048,8,fitted,0.012109882470803817
-1.73,2048,8,fitted,0.01235714055699611
-1.72,2048,8,fitted,0.012608910074988464
-1.71,2048,8,fitted,0.012865317215056482
-1.7,2048,8,fitted,0.01312649627874931
-1.69,2048,8,fitted,0.013392590254668981
-1.68,2048,8,fitted,0.013663751427394734
-1.67,2048,8,fitted,0.013940142020936264
-1.66,2048,8,fitted,0.01422193487812173
-1.65,2048,8,fitted,0.014509314177344898
-1.64,2048,8,fitted,0.014802476188111032
-1.63,2048,8,fitted,0.015101630066832341
-1.6199999999999999,2048,8,fitted,0.015406998694330347
-1.6099999999999999,2048,8,fitted,0.015718819556504386
-1.5999999999999999,2048,8,fitted,0.016037345669621315
-1.59,2048,8,fitted,0.016362846551671223
-1.58,2048,8,fitted,0.016695609241216748
-1.57,2048,8,fitted,0.017035939365138364
-1.56,2048,8,fitted,0.017384162256644704
-1.55,2048,8,fitted,0.017740624124873865
-1.54,2048,8,fitted,0.01810569327735838
-1.53,2048,8,fitted,0.018479761396562214
-1.52,2048,8,fitted,0.01886324487162125
-1.51,2048,8,fitted,0.01925658618632861
-1.5,2048,8,fitted,0.019660255364301937
-1.49,2048,8,fitted,0.020074751472149096
-1.48,2048,8,fitted,0.020500604181312335
-1.47,2048,8,fitted,0.020938375389115436
-1.46,2048,8,fitted,0.02138866089936409
-1.45,2048,8,fitted,0.021852092162654543
-1.44,2048,8,fitted,0.02232933807632801
-1.43,2048,8,fitted,0.022821106843767838
-1.42,2048,8,fitted,0.023328147892470376
-1.41,2048,8,fitted,0.02385125385002866
-1.4,2048,8,fitted,0.024391262576848396
-1.39,2048,8,fitted,0.024949059254066826
-1.38,2048,8,fitted,0.025525578524766127
-1.3699999999999999,2048,8,fitted,0.026121806686162343
-1.3599999999999999,2048,8,fitted,0.026738783930007223
-1.3499999999999999,2048,8,fitted,0.02737760662796303
-1.3399999999999999,2048,8,fitted,0.02803942965819827
-1.33,2048,8,fitted,0.028725468768904066
-1.32,2048,8,fitted,0.02943700297384691
-1.31,2048,8,fitted,0.030175376974452012
-1.3,2048,8,fitted,0.030942003602253677
-1.29,2048,8,fitted,0.03173836627485333
-1.28,2048,8,fitted,0.032566021457794025
-1.27,2048,8,fitted,0.033426601123991456
-1.26,2048,8,fitted,0.03432181520155831
-1.25,2048,8,fitted,0.03525345400002038
-1.24,2048,8,fitted,0.03622339060405349
-1.23,2048,8,fitted,0.037233583222969324
-1.22,2048,8,fitted,0.03828607748325135
-1.21,2048,8,fitted,0.03938300865048884
-1.2,2048,8,fitted,0.0405266037660847
-1.19,2048,8,fitted,0.04171918368312293
-1.18,2048,8,fitted,0.04296316498478003
-1.17,2048,8,fitted,0.04426106176765667
-1.16,2048,8,fitted,0.04561548727139788
-1.15,2048,8,fitted,0.04702915533496747
-1.14,2048,8,fitted,0.04850488165895358
-1.13,2048,8,fitted,0.05004558485231505
-1.1199999999999999,2048,8,fitted,0.05165428724104052
-1.1099999999999999,2048,8,fitted,0.05333411541529344
-1.0999999999999999,2048,8,fitted,0.05508830049076681
-1.0899999999999999,2048,8,fitted,0.056920178059180995
-1.08,2048,8,fitted,0.058833187802137414
-1.07,2048,8,fitted,0.06083087274190275
-1.06,2048,8,fitted,0.06291687810215281
-1.05,2048,8,fitted,0.065094949751267
-1.04,2048,8,fitted,0.06736893220044331
-1.03,2048,8,fitted,0.06974276612871536
-1.02,2048,8,fitted,0.0722204854069094
-1.01,2048,8,fitted,0.07480621359269275
-1.0,2048,8,fitted,0.07750415986915128
-0.9899999999999998,2048,8,fitted,0.08031861439980251
-0.98,2048,8,fitted,0.08325394307361772
-0.9699999999999998,2048,8,fitted,0.08631458161450453
-0.96,2048,8,fitted,0.089505029030794
-0.9500000000000002,2048,8,fitted,0.09282984038161375
-0.94,2048,8,fitted,0.09629361883859353
-0.9300000000000002,2048,8,fitted,0.09990100702317942
-0.9199999999999999,2048,8,fitted,0.10365667760191773
-0.9100000000000001,2048,8,fitted,0.10756532312441577
-0.8999999999999999,2048,8,fitted,0.11163164509131995
-0.8900000000000001,2048,8,fitted,0.11586034224253951
-0.8799999999999999,2048,8,fitted,0.12025609805913395
-0.8700000000000001,2048,8,fitted,0.12482356747572214
-0.8599999999999999,2048,8,fitted,0.12956736280401357
-0.8500000000000001,2048,8,fitted,0.1344920388720477
-0.8399999999999999,2048,8,fitted,0.13960207738799998
-0.8300000000000001,2048,8,fitted,0.1449018705419157
-0.8199999999999998,2048,8,fitted,0.15039570386349904
-0.81,2048,8,fitted,0.15608773835905182
-0.7999999999999998,2048,8,fitted,0.16198199195585666
-0.79,2048,8,fitted,0.1680823202876586
-0.7799999999999998,2048,8,fitted,0.17439239686045044
-0.77,2048,8,fitted,0.18091569264342325
-0.7599999999999998,2048,8,fitted,0.1876554551357386
-0.75,2048,8,fitted,0.19461468696561612
-0.7399999999999998,2048,8,fitted,0.2017961240841376
-0.73,2048,8,fitted,0.20920221362204777
-0.7199999999999998,2048,8,fitted,0.21683509148370386
-0.71,2048,8,fitted,0.22469655975808348
-0.6999999999999997,2048,8,fitted,0.23278806403243044
-0.69,2048,8,fitted,0.24111067069957748
-0.6800000000000002,2048,8,fitted,0.24966504435526723
-0.6699999999999999,2048,8,fitted,0.2584514253867685
-0.6600000000000001,2048,8,fitted,0.26746960785877516
-0.6499999999999999,2048,8,fitted,0.27671891780688734
-0.6400000000000001,2048,8,fitted,0.2861981920528569
-0.6299999999999999,2048,8,fitted,0.2959057576592319
-0.6200000000000001,2048,8,fitted,0.3058394121439215
-0.6099999999999999,2048,8,fitted,0.3159964045775872
-0.6000000000000001,2048,8,fitted,0.32637341768848027
-0.5899999999999999,2048,8,fitted,0.33696655110047
-0.5800000000000001,2048,8,fitted,0.34777130583037985
-0.5699999999999998,2048,8,fitted,0.35878257017044896
-0.56,2048,8,fitted,0.36999460708062154
-0.5499999999999998,2048,8,fitted,0.38140104321350493
-0.54,2048,8,fitted,0.3929948596921119
-0.5299999999999998,2048,8,fitted,0.40476838475699045
-0.52,2048,8,fitted,0.41671328839492194
-0.5099999999999998,2048,8,fitted,0.4288205790561442
-0.5,2048,8,fitted,0.44108060256091136
-0.48999999999999977,2048,8,fitted,0.45348304328925265
-0.48,2048,8,fitted,0.466016927739936
-0.46999999999999975,2048,8,fitted,0.47867063053601805
-0.45999999999999996,2048,8,fitted,0.49143188294485984
-0.44999999999999973,2048,8,fitted,0.5042877839702896
-0.43999999999999995,2048,8,fitted,0.5172248140635733
-0.43000000000000016,2048,8,fitted,0.530228851488232
-0.41999999999999993,2048,8,fitted,0.5432851913614025
-0.41000000000000014,2048,8,fitted,0.5563785673815829
-0.3999999999999999,2048,8,fitted,0.56949317623921
-0.3900000000000001,2048,8,fitted,0.582612704692668
-0.3799999999999999,2048,8,fitted,0.595720359278166
-0.3700000000000001,2048,8,fitted,0.608798898607429
-0.3599999999999999,2048,8,fitted,0.6218306681925198
-0.3500000000000001,2048,8,fitted,0.6347976377223353
-0.33999999999999986,2048,8,fitted,0.6476814407006045
-0.33000000000000007,2048,8,fitted,0.6604634163405396
-0.31999999999999984,2048,8,fitted,0.6731246535968849
-0.31000000000000005,2048,8,fitted,0.6856460372019388
-0.2999999999999998,2048,8,fitted,0.6980082955584348
-0.29000000000000004,2048,8,fitted,0.7101920503289146
-0.2799999999999998,2048,8,fitted,0.7221778675486763
-0.27,2048,8,fitted,0.7339463100774449
-0.2599999999999998,2048,8,fitted,0.7454779911938921
-0.25,2048,8,fitted,0.7567536291269248
-0.23999999999999977,2048,8,fitted,0.7677541023085189
-0.22999999999999998,2048,8,fitted,0.7784605051247573
-0.21999999999999975,2048,8,fitted,0.788854203934806
-0.20999999999999996,2048,8,fitted,0.7989168931218217
-0.19999999999999973,2048,8,fitted,0.8086306509353732
-0.18999999999999995,2048,8,fitted,0.8179779948818302
-0.18000000000000016,2048,8,fitted,0.8269419364174848
-0.16999999999999993,2048,8,fitted,0.8355060346988458
-0.16000000000000014,2048,8,fitted,0.8436544491456978
-0.1499999999999999,2048,8,fitted,0.8513719905751097
-0.14000000000000012,2048,8,fitted,0.8586441706686133
-0.1299999999999999,2048,8,fitted,0.8654572495402957
-0.1200000000000001,2048,8,fitted,0.8717982811804539
-0.10999999999999988,2048,8,fitted,0.8776551565578161
-0.10000000000000009,2048,8,fitted,0.8830166441730082
-0.08999999999999986,2048,8,fitted,0.8878724278669636
-0.08000000000000007,2048,8,fitted,0.8922131417002138
-0.06999999999999984,2048,8,fitted,0.8960304017324404
-0.06000000000000005,2048,8,fitted,0.8993168345461852
-0.04999999999999982,2048,8,fitted,0.9020661023741636
-0.040000000000000036,2048,8,fitted,0.9042729247060627
-0.029999999999999805,2048,8,fitted,0.9059330962679655
-0.020000000000000018,2048,8,fitted,0.907043501285494
-0.009999999999999787,2048,8,fitted,0.9076021239602793
0.0,2048,8,fitted,0.9076080551083653
0.010000000000000231,2048,8,fitted,0.9070614949284579
0.020000000000000018,2048,8,fitted,0.9059637518874567
0.03000000000000025,2048,8,fitted,0.9043172377302985
0.040000000000000036,2048,8,fitted,0.9021254586406833
0.050000000000000266,2048,8,fitted,0.8993930025986071
0.06000000000000005,2048,8,fitted,0.8961255229996699
0.07000000000000028,2048,8,fitted,0.8923297186197301
0.08000000000000007,2048,8,fitted,0.8880133100265307
0.08999999999999986,2048,8,fitted,0.8831850125572792
0.10000000000000009,2048,8,fitted,0.8778545059977636
0.10999999999999988,2048,8,fitted,0.872032401114271
0.1200000000000001,2048,8,fitted,0.8657302032042733
0.1299999999999999,2048,8,fitted,0.8589602728454847
0.14000000000000012,2048,8,fitted,0.8517357840353417
0.1499999999999999,2048,8,fitted,0.844070679924208
0.16000000000000014,2048,8,fitted,0.8359796263555348
0.16999999999999993,2048,8,fitted,0.8274779634348159
0.18000000000000016,2048,8,fitted,0.8185816553563757
0.18999999999999995,2048,8,fitted,0.8093072387228429
0.20000000000000018,2048,8,fitted,0.7996717695965037
0.20999999999999996,2048,8,fitted,0.7896927695246644
0.2200000000000002,2048,8,fitted,0.779388170782617
0.22999999999999998,2048,8,fitted,0.768776261077856
0.2400000000000002,2048,8,fitted,0.7578756279578259
0.25,2048,8,fitted,0.7467051031607623
0.26000000000000023,2048,8,fitted,0.7352837071451016
0.27,2048,8,fitted,0.7236305940276215
0.28000000000000025,2048,8,fitted,0.7117649971538732
0.29000000000000004,2048,8,fitted,0.6997061755167937
0.30000000000000027,2048,8,fitted,0.6874733612305454
0.31000000000000005,2048,8,fitted,0.6750857082568843
0.3200000000000003,2048,8,fitted,0.6625622425706141
0.33000000000000007,2048,8,fitted,0.6499218139391962
0.33999999999999986,2048,8,fitted,0.6371830494793087
0.3500000000000001,2048,8,fitted,0.6243643091402921
0.3599999999999999,2048,8,fitted,0.6114836432510105
0.3700000000000001,2048,8,fitted,0.5985587522528122
0.3799999999999999,2048,8,fitted,0.5856069487271508
0.3900000000000001,2048,8,fitted,0.572645121812008
0.3999999999999999,2048,8,fitted,0.5596897040867959
0.41000000000000014,2048,8,fitted,0.5467566409908444
0.41999999999999993,2048,8,fitted,0.5338613628261616
0.43000000000000016,2048,8,fitted,0.5210187593808038
0.43999999999999995,2048,8,fitted,0.5082431571951841
0.4500000000000002,2048,8,fitted,0.4955482994798804
0.45999999999999996,2048,8,fitted,0.4829473286802229
0.4700000000000002,2048,8,fitted,0.47045277167007127
0.48,2048,8,fitted,0.45807652754493455
0.4900000000000002,2048,8,fitted,0.44582985797286623
0.5,2048,8,fitted,0.43372338005058
0.5100000000000002,2048,8,fitted,0.42176706160187516
0.52,2048,8,fitted,0.4099702188459272
0.5300000000000002,2048,8,fitted,0.39834151635416526
0.54,2048,8,fitted,0.3868889692065103
0.5500000000000003,2048,8,fitted,0.3756199472505443
0.56,2048,8,fitted,0.36454118136088787
0.5700000000000003,2048,8,fitted,0.35365877159054515
0.5800000000000001,2048,8,fitted,0.3429781971013623
0.5899999999999999,2048,8,fitted,0.33250432775690547
0.6000000000000001,2048,8,fitted,0.3222414372581064
0.6099999999999999,2048,8,fitted,0.31219321769982655
0.6200000000000001,2048,8,fitted,0.3023627954250942
0.6299999999999999,2048,8,fitted,0.2927527480531418
0.6400000000000001,2048,8,fitted,0.2833651225574332
0.6499999999999999,2048,8,fitted,0.27420145427066794
0.6600000000000001,2048,8,fitted,0.2652627866951485
0.6699999999999999,2048,8,fitted,0.25654969199896016
0.6800000000000002,2048,8,fitted,0.24806229208098632
0.69,2048,8,fitted,0.239800280090938
0.7000000000000002,2048,8,fitted,0.2317629422941447
0.71,2048,8,fitted,0.22394918017491372
0.7200000000000002,2048,8,fitted,0.2163575326766441
0.73,2048,8,fitted,0.20898619848164715
0.7400000000000002,2048,8,fitted,0.20183305823862627
0.75,2048,8,fitted,0.19489569665104967
0.7600000000000002,2048,8,fitted,0.18817142434507905
0.77,2048,8,fitted,0.18165729944133302
0.7800000000000002,2048,8,fitted,0.1753501487604385
0.79,2048,8,fitted,0.1692465885981
0.8000000000000003,2048,8,fitted,0.16334304501117125
0.81,2048,8,fitted,0.15763577356199193
0.8200000000000003,2048,8,fitted,0.1521208784739355
0.8300000000000001,2048,8,fitted,0.14679433115675392
0.8399999999999999,2048,8,fitted,0.14165198806578977
0.8500000000000001,2048,8,fitted,0.13668960786450163
0.8599999999999999,2048,8,fitted,0.13190286786493324
0.8700000000000001,2048,8,fitted,0.12728737972576032
0.8799999999999999,2048,8,fitted,0.12283870439235234
0.8900000000000001,2048,8,fitted,0.11855236626784423
0.8999999999999999,2048,8,fitted,0.11442386660855788
0.9100000000000001,2048,8,fitted,0.11044869614118266
0.9199999999999999,2048,8,fitted,0.1066223469029586
0.9300000000000002,2048,8,fitted,0.10294032330965446
0.94,2048,8,fitted,0.09939815245943197
0.9500000000000002,2048,8,fitted,0.0959913936836974
0.96,2048,8,fitted,0.09271564735880049
0.9700000000000002,2048,8,fitted,0.08956656299491066
0.98,2048,8,fitted,0.08653984662062757
0.9900000000000002,2048,8,fitted,0.08363126748382894
1.0,2048,8,fitted,0.08083666409097358
1.0099999999999998,2048,8,fitted,0.07815194960852767
1.0200000000000005,2048,8,fitted,0.07557311665141614
1.0300000000000002,2048,8,fitted,0.07309624148439489
1.04,2048,8,fitted,0.07071748766302459
1.0499999999999998,2048,8,fitted,0.068433109141515
1.0600000000000005,2048,8,fitted,0.06623945287509349
1.0700000000000003,2048,8,fitted,0.06413296094477
1.08,2048,8,fitted,0.06211017223241305
1.0899999999999999,2048,8,fitted,0.06016772367395259
1.0999999999999996,2048,8,fitted,0.05830235111827357
1.1100000000000003,2048,8,fitted,0.0565108898189952
1.12,2048,8,fitted,0.05479027458584235
1.13,2048,8,fitted,0.05313753962172315
1.1399999999999997,2048,8,fitted,0.051549818070951645
1.1500000000000004,2048,8,fitted,0.050024341303289255
1.1600000000000001,2048,8,fitted,0.048558437957656894
1.17,2048,8,fitted,0.04714953276848146
1.1799999999999997,2048,8,fitted,0.045795145196715695
1.1900000000000004,2048,8,fitted,0.04449288788659782
1.2000000000000002,2048,8,fitted,0.043240464968226026
1.21,2048,8,fitted,0.04203567022500449
1.2199999999999998,2048,8,fitted,0.04087638514399553
1.2300000000000004,2048,8,fitted,0.039760576866176935
1.2400000000000002,2048,8,fitted,0.038686296052577805
1.25,2048,8,fitted,0.03765167468124238
1.2599999999999998,2048,8,fitted,0.03665492378896725
1.2700000000000005,2048,8,fitted,0.03569433117076463
1.2800000000000002,2048,8,fitted,0.03476825904904011
1.29,2048,8,fitted,0.03387514172353019
1.2999999999999998,2048,8,fitted,0.03301348321213666
1.3100000000000005,2048,8,fitted,0.032181854891912415
1.3200000000000003,2048,8,fitted,0.03137889314861042
1.33,2048,8,fitted,0.030603297042396532
1.3399999999999999,2048,8,fitted,0.029853825996557122
1.3500000000000005,2048,8,fitted,0.029129297515296904
1.3600000000000003,2048,8,fitted,0.028428584936029205
1.37,2048,8,fitted,0.02775061522090397
1.38,2048,8,fitted,0.027094366791704697
1.3899999999999997,2048,8,fitted,0.026458867411666365
1.4000000000000004,2048,8,fitted,0.025843192117228568
1.4100000000000001,2048,8,fitted,0.02524646120223754
1.42,2048,8,fitted,0.02466783825664548
1.4299999999999997,2048,8,fitted,0.02410652826132941
1.4400000000000004,2048,8,fitted,0.023561775740256623
1.4500000000000002,2048,8,fitted,0.023032862970865552
1.46,2048,8,fitted,0.02251910825320142
1.4699999999999998,2048,8,fitted,0.022019864238051193
1.4800000000000004,2048,8,fitted,0.02153451631405251
1.4900000000000002,2048,8,fitted,0.021062481053512702
1.5,2048,8,fitted,0.02060320471645868
1.5099999999999998,2048,8,fitted,0.020156161812250942
1.5200000000000005,2048,8,fitted,0.019720853717926926
1.5300000000000002,2048,8,fitted,0.01929680735229578
1.54,2048,8,fitted,0.01888357390468073
1.5499999999999998,2048,8,fitted,0.01848072761710084
1.5600000000000005,2048,8,fitted,0.01808786461859368
1.5700000000000003,2048,8,fitted,0.017704601810308623
1.58,2048,8,fitted,0.01733057579994104
1.5899999999999999,2048,8,fitted,0.016965441884033643
1.6000000000000005,2048,8,fitted,0.016608873076636707
1.6100000000000003,2048,8,fitted,0.016260559182797563
1.62,2048,8,fitted,0.01592020591533613
1.63,2048,8,fitted,0.015587534053360391
1.6399999999999997,2048,8,fitted,0.015262278640978635
1.6500000000000004,2048,8,fitted,0.014944188224676467
1.6600000000000001,2048,8,fitted,0.01463302412784316
1.67,2048,8,fitted,0.014328559760953452
1.6799999999999997,2048,8,fitted,0.014030579965938083
1.6900000000000004,2048,8,fitted,0.01373888039330553
1.7000000000000002,2048,8,fitted,0.01345326691061174
1.71,2048,8,fitted,0.013173555040909682
1.7199999999999998,2048,8,fitted,0.012899569429849852
1.7300000000000004,2048,8,fitted,0.012631143340141609
1.7400000000000002,2048,8,fitted,0.012368118172127076
1.75,2048,8,fitted,0.01211034300926051
1.7599999999999998,2048,8,fitted,0.01185767418732942
1.7700000000000005,2048,8,fitted,0.011609974886295534
1.7800000000000002,2048,8,fitted,0.0113671147436771
1.79,2048,8,fitted,0.011128969488435628
1.7999999999999998,2048,8,fitted,0.010895420594373203
1.8100000000000005,2048,8,fitted,0.010666354952086727
1.8200000000000003,2048,8,fitted,0.010441664558566937
1.83,2048,8,fitted,0.01022124622356887
1.8399999999999999,2048,8,fitted,0.010005001291920007
1.8500000000000005,2048,8,fitted,0.009792835380969122
1.8600000000000003,2048,8,fitted,0.009584658132415913
1.87,2048,8,fitted,0.009380382977796156
1.88,2048,8,fitted,0.009179926916931935
1.8899999999999997,2048,8,fitted,0.008983210308688446
1.9000000000000004,2048,8,fitted,0.008790156673411006
1.9100000000000001,2048,8,fitted,0.008600692506445903
1.92,2048,8,fitted,0.008414747102177576
1.9299999999999997,2048,8,fitted,0.008232252388042793
1.9400000000000004,2048,8,fitted,0.008053142768008585
1.9500000000000002,2048,8,fitted,0.007877354975026299
1.96,2048,8,fitted,0.007704827931998013
1.9699999999999998,2048,8,fitted,0.00753550262081498
1.9800000000000004,2048,8,fitted,0.007369321959049263
1.9900000000000002,2048,8,fitted,0.007206230683900823
2.0,2048,8,fitted,0.0070461752430219385
2.01,2048,8,fitted,0.00688910369185993
2.0200000000000005,2048,8,fitted,0.00673496559717675
2.0300000000000002,2048,8,fitted,0.006583711946421212
2.04,2048,8,fitted,0.006435295062645446
2.05,2048,8,fitted,0.006289668524672849
2.0600000000000005,2048,8,fitted,0.006146787092238915
2.0700000000000003,2048,8,fitted,0.006006606635840339
2.08,2048,8,fitted,0.005869084071040548
2.09,2048,8,fitted,0.005734177296992612
2.1000000000000005,2048,8,fitted,0.0056018451389517445
2.1100000000000003,2048,8,fitted,0.005472047294561119
2.12,2048,8,fitted,0.005344744283704949
2.13,2048,8,fitted,0.005219897401733196
2.1399999999999997,2048,8,fitted,0.005097468675871439
2.1500000000000004,2048,8,fitted,0.004977420824638686
2.16,2048,8,fitted,0.004859717220104458
2.17,2048,8,fitted,0.004744321852824528
2.1799999999999997,2048,8,fitted,0.0046311992993027795
2.1900000000000004,2048,8,fitted,0.004520314691833591
2.2,2048,8,fitted,0.004411633690586682
2.21,2048,8,fitted,0.004305122457802519
2.2199999999999998,2048,8,fitted,0.004200747633973339
2.2300000000000004,2048,8,fitted,0.00409847631589044
2.24,2048,8,fitted,0.003998276036444543
2.25,2048,8,fitted,0.0039001147460712435
2.26,2048,8,fitted,0.0038039607957392283
2.2700000000000005,2048,8,fitted,0.0037097829213836573
2.2800000000000002,2048,8,fitted,0.0036175502296921206
2.29,2048,8,fitted,0.0035272321851550167
2.3,2048,8,fitted,0.003438798598296881
2.3100000000000005,2048,8,fitted,0.003352219615009065
2.3200000000000003,2048,8,fitted,0.0032674657069084873
2.33,2048,8,fitted,0.0031845076626507624
2.34,2048,8,fitted,0.00310331658012998
2.3500000000000005,2048,8,fitted,0.0030238638595007027
2.3600000000000003,2048,8,fitted,0.002946121196961278
2.37,2048,8,fitted,0.002870060579240607
2.38,2048,8,fitted,0.0027956542787339056
2.3899999999999997,2048,8,fitted,0.0027228748492356338
2.4000000000000004,2048,8,fitted,0.00265169512222079
2.41,2048,8,fitted,0.0025820882036284745
2.42,2048,8,fitted,0.0025140274711040597
2.4299999999999997,2048,8,fitted,0.002447486571659049
2.4400000000000004,2048,8,fitted,0.00238243941970982
2.45,2048,8,fitted,0.0023188601954589054
2.46,2048,8,fitted,0.0022567233435844807
2.4699999999999998,2048,8,fitted,0.0021960035722059694
2.4800000000000004,2048,8,fitted,0.0021366758520954873
2.49,2048,8,fitted,0.002078715416106893
2.5,2048,8,fitted,0.0020220977587958417
2.51,2048,8,fitted,0.0019667986362061503
2.5200000000000005,2048,8,fitted,0.0019127940657992944
2.5300000000000002,2048,8,fitted,0.0018600603265054557
2.54,2048,8,fitted,0.001808573958876015
2.55,2048,8,fitted,0.0017583117653188645
2.5600000000000005,2048,8,fitted,0.001709250810399176
2.5700000000000003,2048,8,fitted,0.0016613684211896245
2.58,2048,8,fitted,0.001614642187655166
2.59,2048,8,fitted,0.0015690499630588183
2.6000000000000005,2048,8,fitted,0.0015245698643757757
2.6100000000000003,2048,8,fitted,0.0014811802727043935
2.62,2048,8,fitted,0.0014388598336634306
2.63,2048,8,fitted,0.0013975874577660233
2.6399999999999997,2048,8,fitted,0.0013573423207615778
2.6500000000000004,2048,8,fitted,0.0013181038639377275
2.66,2048,8,fitted,0.0012798517943752382
2.67,2048,8,fitted,0.0012425660851494416
2.6799999999999997,2048,8,fitted,0.0012062269754725891
2.6900000000000004,2048,8,fitted,0.00117081497077205
2.7,2048,8,fitted,0.0011363108426999883
2.71,2048,8,fitted,0.0011026956290706381
2.7199999999999998,2048,8,fitted,0.0010699506337219688
2.7300000000000004,2048,8,fitted,0.0010380574262989
2.74,2048,8,fitted,0.001006997841955813
2.75,2048,8,fitted,0.0009767539809764532
2.76,2048,8,fitted,0.0009473082083098363
2.7700000000000005,2048,8,fitted,0.0009186431530210614
2.7800000000000002,2048,8,fitted,0.0008907417076563524
2.79,2048,8,fitted,0.0008635870275219299
2.8,2048,8,fitted,0.0008371625298766992
2.8100000000000005,2048,8,fitted,0.0008114518930389382
2.8200000000000003,2048,8,fitted,0.0007864390554074922
2.83,2048,8,fitted,0.0007621082143981787
2.84,2048,8,fitted,0.0007384438252963795
2.8500000000000005,2048,8,fitted,0.000715430600026941
2.8600000000000003,2048,8,fitted,0.0006930535058427326
2.87,2048,8,fitted,0.0006712977639333382
2.88,2048,8,fitted,0.0006501488479555619
2.8899999999999997,2048,8,fitted,0.0006295924824875078
2.9000000000000004,2048,8,fitted,0.0006096146414081499
2.91,2048,8,fitted,0.0005902015462044187
2.92,2048,8,fitted,0.0005713396642078798
2.9299999999999997,2048,8,fitted,0.0005530157067632495
2.9400000000000004,2048,8,fitted,0.0005352166273309689
2.95,2048,8,fitted,0.0005179296195262059
2.96,2048,8,fitted,0.0005011421150966205
2.9699999999999998,2048,8,fitted,0.00048484178184136944
2.9800000000000004,2048,8,fitted,0.0004690165214737725
2.99,2048,8,fitted,0.00045365446743015134
3.0,2048,8,fitted,0.0004387439826273216
