init,family,excess_kurtosis,rho,t,radius,rms_error,fitted_rate,fitted_rate_se,invariant_iters,rate_over_gaussian
n01,gaussian,0.0,0.95,0.05,1,0.07121351537357361,0.3874115339233043,0.004011844887549674,1,1.0
n01,gaussian,0.0,0.95,0.05,2,0.02446130194341486,0.3874115339233043,0.004011844887549674,1,1.0
n01,gaussian,0.0,0.95,0.05,3,0.010231776396371198,0.3874115339233043,0.004011844887549674,1,1.0
n01,gaussian,0.0,0.95,0.05,4,0.003964083021744276,0.3874115339233043,0.004011844887549674,1,1.0
n01,gaussian,0.0,0.95,0.05,5,0.001345192471434407,0.3874115339233043,0.004011844887549674,1,1.0
n01,gaussian,0.0,0.95,0.05,6,0.0005768179242700469,0.3874115339233043,0.004011844887549674,1,1.0
n01,gaussian,0.0,0.95,0.05,7,0.000244427545341302,0.3874115339233043,0.004011844887549674,1,1.0
n01,gaussian,0.0,0.95,0.05,8,8.744581374972818e-05,0.3874115339233043,0.004011844887549674,1,1.0
n01,gaussian,0.0,0.95,0.1,1,0.128910539958079,0.5122379045867671,0.0030530065644754547,1,1.0
n01,gaussian,0.0,0.95,0.1,2,0.06438591140995559,0.5122379045867671,0.0030530065644754547,1,1.0
n01,gaussian,0.0,0.95,0.1,3,0.03203599535752996,0.5122379045867671,0.0030530065644754547,1,1.0
n01,gaussian,0.0,0.95,0.1,4,0.01548559501528871,0.5122379045867671,0.0030530065644754547,1,1.0
n01,gaussian,0.0,0.95,0.1,5,0.008522527454409465,0.5122379045867671,0.0030530065644754547,1,1.0
n01,gaussian,0.0,0.95,0.1,6,0.004304797823005975,0.5122379045867671,0.0030530065644754547,1,1.0
n01,gaussian,0.0,0.95,0.1,7,0.0023184596041328116,0.5122379045867671,0.0030530065644754547,1,1.0
n01,gaussian,0.0,0.95,0.1,8,0.001163366267684743,0.5122379045867671,0.0030530065644754547,1,1.0
n01,gaussian,0.0,0.95,0.2,1,0.23406598040512744,0.6267934809175523,0.007034727473919403,1,1.0
n01,gaussian,0.0,0.95,0.2,2,0.13630721693042766,0.6267934809175523,0.007034727473919403,1,1.0
n01,gaussian,0.0,0.95,0.2,3,0.08219174696903439,0.6267934809175523,0.007034727473919403,1,1.0
n01,gaussian,0.0,0.95,0.2,4,0.05038174371054234,0.6267934809175523,0.007034727473919403,1,1.0
n01,gaussian,0.0,0.95,0.2,5,0.031059211260630912,0.6267934809175523,0.007034727473919403,1,1.0
n01,gaussian,0.0,0.95,0.2,6,0.019166789676163816,0.6267934809175523,0.007034727473919403,1,1.0
n01,gaussian,0.0,0.95,0.2,7,0.014110482280042918,0.6267934809175523,0.007034727473919403,1,1.0
n01,gaussian,0.0,0.95,0.2,8,0.008697118953087722,0.6267934809175523,0.007034727473919403,1,1.0
n01,gaussian,0.0,0.95,0.4,1,0.39775036270030284,0.7247181266755478,0.0068229321453753215,1,1.0
n01,gaussian,0.0,0.95,0.4,2,0.25361613094230534,0.7247181266755478,0.0068229321453753215,1,1.0
n01,gaussian,0.0,0.95,0.4,3,0.17228061174538167,0.7247181266755478,0.0068229321453753215,1,1.0
n01,gaussian,0.0,0.95,0.4,4,0.14329534665899302,0.7247181266755478,0.0068229321453753215,1,1.0
n01,gaussian,0.0,0.95,0.4,5,0.1018251746714453,0.7247181266755478,0.0068229321453753215,1,1.0
n01,gaussian,0.0,0.95,0.4,6,0.07474732090101971,0.7247181266755478,0.0068229321453753215,1,1.0
n01,gaussian,0.0,0.95,0.4,7,0.05339914233277418,0.7247181266755478,0.0068229321453753215,1,1.0
n01,gaussian,0.0,0.95,0.4,8,0.038156663085980334,0.7247181266755478,0.0068229321453753215,1,1.0
n01,gaussian,0.0,0.95,0.8,1,0.5068401551832705,0.8345317956784993,0.0048691572611860795,1,1.0
n01,gaussian,0.0,0.95,0.8,2,0.4539023733500053,0.8345317956784993,0.0048691572611860795,1,1.0
n01,gaussian,0.0,0.95,0.8,3,0.3724968806184159,0.8345317956784993,0.0048691572611860795,1,1.0
n01,gaussian,0.0,0.95,0.8,4,0.28787504279382237,0.8345317956784993,0.0048691572611860795,1,1.0
n01,gaussian,0.0,0.95,0.8,5,0.25668814215210023,0.8345317956784993,0.0048691572611860795,1,1.0
n01,gaussian,0.0,0.95,0.8,6,0.20146356285439448,0.8345317956784993,0.0048691572611860795,1,1.0
n01,gaussian,0.0,0.95,0.8,7,0.17772042294659884,0.8345317956784993,0.0048691572611860795,1,1.0
n01,gaussian,0.0,0.95,0.8,8,0.14947607860308504,0.8345317956784993,0.0048691572611860795,1,1.0
n01,gaussian,0.0,0.95,1.6,1,0.5366819713119513,0.9130092521707466,0.005742416761443844,1,1.0
n01,gaussian,0.0,0.95,1.6,2,0.46626104563036336,0.9130092521707466,0.005742416761443844,1,1.0
n01,gaussian,0.0,0.95,1.6,3,0.44857862170604035,0.9130092521707466,0.005742416761443844,1,1.0
n01,gaussian,0.0,0.95,1.6,4,0.40725329145119743,0.9130092521707466,0.005742416761443844,1,1.0
n01,gaussian,0.0,0.95,1.6,5,0.39510133509296186,0.9130092521707466,0.005742416761443844,1,1.0
n01,gaussian,0.0,0.95,1.6,6,0.3542178136041268,0.9130092521707466,0.005742416761443844,1,1.0
n01,gaussian,0.0,0.95,1.6,7,0.30603055936275003,0.9130092521707466,0.005742416761443844,1,1.0
n01,gaussian,0.0,0.95,1.6,8,0.270317253040063,0.9130092521707466,0.005742416761443844,1,1.0
n01_exact,gaussian,0.0,0.95,0.05,1,0.07712941505430126,0.3793302159503984,0.00232219880489653,1,1.0
n01_exact,gaussian,0.0,0.95,0.05,2,0.02784953543531721,0.3793302159503984,0.00232219880489653,1,1.0
n01_exact,gaussian,0.0,0.95,0.05,3,0.010481817474896463,0.3793302159503984,0.00232219880489653,1,1.0
n01_exact,gaussian,0.0,0.95,0.05,4,0.004300795856990819,0.3793302159503984,0.00232219880489653,1,1.0
n01_exact,gaussian,0.0,0.95,0.05,5,0.0014490555670748449,0.3793302159503984,0.00232219880489653,1,1.0
n01_exact,gaussian,0.0,0.95,0.05,6,0.000589275621532016,0.3793302159503984,0.00232219880489653,1,1.0
n01_exact,gaussian,0.0,0.95,0.05,7,0.00022555204130540488,0.3793302159503984,0.00232219880489653,1,1.0
n01_exact,gaussian,0.0,0.95,0.05,8,8.563838238526327e-05,0.3793302159503984,0.00232219880489653,1,1.0
n01_exact,gaussian,0.0,0.95,0.1,1,0.13893511629748317,0.5015947423895379,0.004793859143899739,1,1.0
n01_exact,gaussian,0.0,0.95,0.1,2,0.07765786793360786,0.5015947423895379,0.004793859143899739,1,1.0
n01_exact,gaussian,0.0,0.95,0.1,3,0.03522241155047774,0.5015947423895379,0.004793859143899739,1,1.0
n01_exact,gaussian,0.0,0.95,0.1,4,0.01645543419944226,0.5015947423895379,0.004793859143899739,1,1.0
n01_exact,gaussian,0.0,0.95,0.1,5,0.008611509522870098,0.5015947423895379,0.004793859143899739,1,1.0
n01_exact,gaussian,0.0,0.95,0.1,6,0.004436814727849758,0.5015947423895379,0.004793859143899739,1,1.0
n01_exact,gaussian,0.0,0.95,0.1,7,0.0024334497911725384,0.5015947423895379,0.004793859143899739,1,1.0
n01_exact,gaussian,0.0,0.95,0.1,8,0.001114522896068748,0.5015947423895379,0.004793859143899739,1,1.0
n01_exact,gaussian,0.0,0.95,0.2,1,0.22435433167498497,0.6251155215414812,0.004534248568941643,1,1.0
n01_exact,gaussian,0.0,0.95,0.2,2,0.14020347859391175,0.6251155215414812,0.004534248568941643,1,1.0
n01_exact,gaussian,0.0,0.95,0.2,3,0.08921745694655851,0.6251155215414812,0.004534248568941643,1,1.0
n01_exact,gaussian,0.0,0.95,0.2,4,0.05642890078189428,0.6251155215414812,0.004534248568941643,1,1.0
n01_exact,gaussian,0.0,0.95,0.2,5,0.03506866508614013,0.6251155215414812,0.004534248568941643,1,1.0
n01_exact,gaussian,0.0,0.95,0.2,6,0.020976421810357755,0.6251155215414812,0.004534248568941643,1,1.0
n01_exact,gaussian,0.0,0.95,0.2,7,0.012383230992196122,0.6251155215414812,0.004534248568941643,1,1.0
n01_exact,gaussian,0.0,0.95,0.2,8,0.008999612500462483,0.6251155215414812,0.004534248568941643,1,1.0
n01_exact,gaussian,0.0,0.95,0.4,1,0.41185033280795397,0.7317138684621974,0.008681455174279772,1,1.0
n01_exact,gaussian,0.0,0.95,0.4,2,0.24040307055592197,0.7317138684621974,0.008681455174279772,1,1.0
n01_exact,gaussian,0.0,0.95,0.4,3,0.18315070494259736,0.7317138684621974,0.008681455174279772,1,1.0
n01_exact,gaussian,0.0,0.95,0.4,4,0.1373805037327806,0.7317138684621974,0.008681455174279772,1,1.0
n01_exact,gaussian,0.0,0.95,0.4,5,0.09957076638989348,0.7317138684621974,0.008681455174279772,1,1.0
n01_exact,gaussian,0.0,0.95,0.4,6,0.07703440574514202,0.7317138684621974,0.008681455174279772,1,1.0
n01_exact,gaussian,0.0,0.95,0.4,7,0.05385611663092326,0.7317138684621974,0.008681455174279772,1,1.0
n01_exact,gaussian,0.0,0.95,0.4,8,0.04286237637011121,0.7317138684621974,0.008681455174279772,1,1.0
n01_exact,gaussian,0.0,0.95,0.8,1,0.5526571044532137,0.8217582738876656,0.004651668989594202,1,1.0
n01_exact,gaussian,0.0,0.95,0.8,2,0.41738963045109556,0.8217582738876656,0.004651668989594202,1,1.0
n01_exact,gaussian,0.0,0.95,0.8,3,0.33686580295242935,0.8217582738876656,0.004651668989594202,1,1.0
n01_exact,gaussian,0.0,0.95,0.8,4,0.27717247047964727,0.8217582738876656,0.004651668989594202,1,1.0
n01_exact,gaussian,0.0,0.95,0.8,5,0.23667138791039022,0.8217582738876656,0.004651668989594202,1,1.0
n01_exact,gaussian,0.0,0.95,0.8,6,0.19322191689383114,0.8217582738876656,0.004651668989594202,1,1.0
n01_exact,gaussian,0.0,0.95,0.8,7,0.1606578148542299,0.8217582738876656,0.004651668989594202,1,1.0
n01_exact,gaussian,0.0,0.95,0.8,8,0.1345284262640685,0.8217582738876656,0.004651668989594202,1,1.0
n01_exact,gaussian,0.0,0.95,1.6,1,0.5247480226493392,0.9059198704958175,0.0028378424255055892,1,1.0
n01_exact,gaussian,0.0,0.95,1.6,2,0.486758140364569,0.9059198704958175,0.0028378424255055892,1,1.0
n01_exact,gaussian,0.0,0.95,1.6,3,0.4486415068193413,0.9059198704958175,0.0028378424255055892,1,1.0
n01_exact,gaussian,0.0,0.95,1.6,4,0.4061505167019083,0.9059198704958175,0.0028378424255055892,1,1.0
n01_exact,gaussian,0.0,0.95,1.6,5,0.35525299751646466,0.9059198704958175,0.0028378424255055892,1,1.0
n01_exact,gaussian,0.0,0.95,1.6,6,0.3201051060135478,0.9059198704958175,0.0028378424255055892,1,1.0
n01_exact,gaussian,0.0,0.95,1.6,7,0.2909198400786255,0.9059198704958175,0.0028378424255055892,1,1.0
n01_exact,gaussian,0.0,0.95,1.6,8,0.27279608085519175,0.9059198704958175,0.0028378424255055892,1,1.0
invariant,gaussian,0.0,0.95,0.05,1,0.06865577526484443,0.38634913911949625,0.00267077431934212,1,1.0
invariant,gaussian,0.0,0.95,0.05,2,0.027247444003597934,0.38634913911949625,0.00267077431934212,1,1.0
invariant,gaussian,0.0,0.95,0.05,3,0.010209415653494298,0.38634913911949625,0.00267077431934212,1,1.0
invariant,gaussian,0.0,0.95,0.05,4,0.004158603048222471,0.38634913911949625,0.00267077431934212,1,1.0
invariant,gaussian,0.0,0.95,0.05,5,0.001501907540436702,0.38634913911949625,0.00267077431934212,1,1.0
invariant,gaussian,0.0,0.95,0.05,6,0.0006201220328604913,0.38634913911949625,0.00267077431934212,1,1.0
invariant,gaussian,0.0,0.95,0.05,7,0.00021373679800074417,0.38634913911949625,0.00267077431934212,1,1.0
invariant,gaussian,0.0,0.95,0.05,8,9.308515621074942e-05,0.38634913911949625,0.00267077431934212,1,1.0
invariant,gaussian,0.0,0.95,0.1,1,0.14363617610102475,0.5113107789612258,0.003419073378262605,1,1.0
invariant,gaussian,0.0,0.95,0.1,2,0.06672813510126886,0.5113107789612258,0.003419073378262605,1,1.0
invariant,gaussian,0.0,0.95,0.1,3,0.033199545465482774,0.5113107789612258,0.003419073378262605,1,1.0
invariant,gaussian,0.0,0.95,0.1,4,0.017386233991197392,0.5113107789612258,0.003419073378262605,1,1.0
invariant,gaussian,0.0,0.95,0.1,5,0.00888664183087515,0.5113107789612258,0.003419073378262605,1,1.0
invariant,gaussian,0.0,0.95,0.1,6,0.004590554459158759,0.5113107789612258,0.003419073378262605,1,1.0
invariant,gaussian,0.0,0.95,0.1,7,0.002453406575464944,0.5113107789612258,0.003419073378262605,1,1.0
invariant,gaussian,0.0,0.95,0.1,8,0.0012475265708339902,0.5113107789612258,0.003419073378262605,1,1.0
invariant,gaussian,0.0,0.95,0.2,1,0.20297927983843994,0.6345904810982361,0.00588402184558314,1,1.0
invariant,gaussian,0.0,0.95,0.2,2,0.14410091462104116,0.6345904810982361,0.00588402184558314,1,1.0
invariant,gaussian,0.0,0.95,0.2,3,0.08227615771635893,0.6345904810982361,0.00588402184558314,1,1.0
invariant,gaussian,0.0,0.95,0.2,4,0.04920548097942003,0.6345904810982361,0.00588402184558314,1,1.0
invariant,gaussian,0.0,0.95,0.2,5,0.03159015104786386,0.6345904810982361,0.00588402184558314,1,1.0
invariant,gaussian,0.0,0.95,0.2,6,0.022224342275114356,0.6345904810982361,0.00588402184558314,1,1.0
invariant,gaussian,0.0,0.95,0.2,7,0.014094171270613243,0.6345904810982361,0.00588402184558314,1,1.0
invariant,gaussian,0.0,0.95,0.2,8,0.008504533381610894,0.6345904810982361,0.00588402184558314,1,1.0
invariant,gaussian,0.0,0.95,0.4,1,0.38305398179198374,0.7312224098835441,0.004525040119934432,1,1.0
invariant,gaussian,0.0,0.95,0.4,2,0.2669977492165795,0.7312224098835441,0.004525040119934432,1,1.0
invariant,gaussian,0.0,0.95,0.4,3,0.197022668848936,0.7312224098835441,0.004525040119934432,1,1.0
invariant,gaussian,0.0,0.95,0.4,4,0.13842700397326949,0.7312224098835441,0.004525040119934432,1,1.0
invariant,gaussian,0.0,0.95,0.4,5,0.10596381423231566,0.7312224098835441,0.004525040119934432,1,1.0
invariant,gaussian,0.0,0.95,0.4,6,0.07205289188253125,0.7312224098835441,0.004525040119934432,1,1.0
invariant,gaussian,0.0,0.95,0.4,7,0.058020358278256634,0.7312224098835441,0.004525040119934432,1,1.0
invariant,gaussian,0.0,0.95,0.4,8,0.04257763603338298,0.7312224098835441,0.004525040119934432,1,1.0
invariant,gaussian,0.0,0.95,0.8,1,0.5356903292369879,0.8182795024831059,0.003203672876454396,1,1.0
invariant,gaussian,0.0,0.95,0.8,2,0.44806710763233054,0.8182795024831059,0.003203672876454396,1,1.0
invariant,gaussian,0.0,0.95,0.8,3,0.37423652307243715,0.8182795024831059,0.003203672876454396,1,1.0
invariant,gaussian,0.0,0.95,0.8,4,0.28618418060749834,0.8182795024831059,0.003203672876454396,1,1.0
invariant,gaussian,0.0,0.95,0.8,5,0.2372572654059737,0.8182795024831059,0.003203672876454396,1,1.0
invariant,gaussian,0.0,0.95,0.8,6,0.19368083004163167,0.8182795024831059,0.003203672876454396,1,1.0
invariant,gaussian,0.0,0.95,0.8,7,0.163738061944861,0.8182795024831059,0.003203672876454396,1,1.0
invariant,gaussian,0.0,0.95,0.8,8,0.1349721391773213,0.8182795024831059,0.003203672876454396,1,1.0
invariant,gaussian,0.0,0.95,1.6,1,0.513488113333157,0.8842697535424029,0.005567152748648069,1,1.0
invariant,gaussian,0.0,0.95,1.6,2,0.5041750583181596,0.8842697535424029,0.005567152748648069,1,1.0
invariant,gaussian,0.0,0.95,1.6,3,0.449842683836568,0.8842697535424029,0.005567152748648069,1,1.0
invariant,gaussian,0.0,0.95,1.6,4,0.3916431576935588,0.8842697535424029,0.005567152748648069,1,1.0
invariant,gaussian,0.0,0.95,1.6,5,0.3392769193284183,0.8842697535424029,0.005567152748648069,1,1.0
invariant,gaussian,0.0,0.95,1.6,6,0.30112409491605824,0.8842697535424029,0.005567152748648069,1,1.0
invariant,gaussian,0.0,0.95,1.6,7,0.2550467171644832,0.8842697535424029,0.005567152748648069,1,1.0
invariant,gaussian,0.0,0.95,1.6,8,0.23150504721148635,0.8842697535424029,0.005567152748648069,1,1.0
n01,laplace,3.0,0.95,0.05,1,0.07516988949960152,0.4120476476952837,0.004457731757560726,178,1.063591585729238
n01,laplace,3.0,0.95,0.05,2,0.03226233114117716,0.4120476476952837,0.004457731757560726,178,1.063591585729238
n01,laplace,3.0,0.95,0.05,3,0.01329958706018917,0.4120476476952837,0.004457731757560726,178,1.063591585729238
n01,laplace,3.0,0.95,0.05,4,0.0048353716258971455,0.4120476476952837,0.004457731757560726,178,1.063591585729238
n01,laplace,3.0,0.95,0.05,5,0.00207073735260543,0.4120476476952837,0.004457731757560726,178,1.063591585729238
n01,laplace,3.0,0.95,0.05,6,0.001014520063876536,0.4120476476952837,0.004457731757560726,178,1.063591585729238
n01,laplace,3.0,0.95,0.05,7,0.0003562528595775508,0.4120476476952837,0.004457731757560726,178,1.063591585729238
n01,laplace,3.0,0.95,0.05,8,0.00015303908837533802,0.4120476476952837,0.004457731757560726,178,1.063591585729238
n01,laplace,3.0,0.95,0.1,1,0.15574289417192813,0.5179389638017777,0.005681567521074499,178,1.011129709777354
n01,laplace,3.0,0.95,0.1,2,0.07393560462859725,0.5179389638017777,0.005681567521074499,178,1.011129709777354
n01,laplace,3.0,0.95,0.1,3,0.036598673349895076,0.5179389638017777,0.005681567521074499,178,1.011129709777354
n01,laplace,3.0,0.95,0.1,4,0.019695282661187585,0.5179389638017777,0.005681567521074499,178,1.011129709777354
n01,laplace,3.0,0.95,0.1,5,0.010134211378604478,0.5179389638017777,0.005681567521074499,178,1.011129709777354
n01,laplace,3.0,0.95,0.1,6,0.0048074055274713616,0.5179389638017777,0.005681567521074499,178,1.011129709777354
n01,laplace,3.0,0.95,0.1,7,0.0030204090840910223,0.5179389638017777,0.005681567521074499,178,1.011129709777354
n01,laplace,3.0,0.95,0.1,8,0.0014954651252094232,0.5179389638017777,0.005681567521074499,178,1.011129709777354
n01,laplace,3.0,0.95,0.2,1,0.24449483295637775,0.6349356294231173,0.0034281740201081404,178,1.0129901614382555
n01,laplace,3.0,0.95,0.2,2,0.15298294473038876,0.6349356294231173,0.0034281740201081404,178,1.0129901614382555
n01,laplace,3.0,0.95,0.2,3,0.09453437469512095,0.6349356294231173,0.0034281740201081404,178,1.0129901614382555
n01,laplace,3.0,0.95,0.2,4,0.05904653904012758,0.6349356294231173,0.0034281740201081404,178,1.0129901614382555
n01,laplace,3.0,0.95,0.2,5,0.036967091213755576,0.6349356294231173,0.0034281740201081404,178,1.0129901614382555
n01,laplace,3.0,0.95,0.2,6,0.025576343453271033,0.6349356294231173,0.0034281740201081404,178,1.0129901614382555
n01,laplace,3.0,0.95,0.2,7,0.015218534041026348,0.6349356294231173,0.0034281740201081404,178,1.0129901614382555
n01,laplace,3.0,0.95,0.2,8,0.0102166731469303,0.6349356294231173,0.0034281740201081404,178,1.0129901614382555
n01,laplace,3.0,0.95,0.4,1,0.41949683671687876,0.7182560763501995,0.003260784227148669,178,0.9910833604300872
n01,laplace,3.0,0.95,0.4,2,0.2863715164275452,0.7182560763501995,0.003260784227148669,178,0.9910833604300872
n01,laplace,3.0,0.95,0.4,3,0.19894638965404293,0.7182560763501995,0.003260784227148669,178,0.9910833604300872
n01,laplace,3.0,0.95,0.4,4,0.14614061107177354,0.7182560763501995,0.003260784227148669,178,0.9910833604300872
n01,laplace,3.0,0.95,0.4,5,0.1081341455837489,0.7182560763501995,0.003260784227148669,178,0.9910833604300872
n01,laplace,3.0,0.95,0.4,6,0.07486465051069767,0.7182560763501995,0.003260784227148669,178,0.9910833604300872
n01,laplace,3.0,0.95,0.4,7,0.05584420622422579,0.7182560763501995,0.003260784227148669,178,0.9910833604300872
n01,laplace,3.0,0.95,0.4,8,0.04034472213233513,0.7182560763501995,0.003260784227148669,178,0.9910833604300872
n01,laplace,3.0,0.95,0.8,1,0.5769959582991567,0.8281944017964422,0.008351100712737706,178,0.9924060486192684
n01,laplace,3.0,0.95,0.8,2,0.4219017320244256,0.8281944017964422,0.008351100712737706,178,0.9924060486192684
n01,laplace,3.0,0.95,0.8,3,0.3716177061061576,0.8281944017964422,0.008351100712737706,178,0.9924060486192684
n01,laplace,3.0,0.95,0.8,4,0.28844090316955745,0.8281944017964422,0.008351100712737706,178,0.9924060486192684
n01,laplace,3.0,0.95,0.8,5,0.2260679087910113,0.8281944017964422,0.008351100712737706,178,0.9924060486192684
n01,laplace,3.0,0.95,0.8,6,0.20242897575141122,0.8281944017964422,0.008351100712737706,178,0.9924060486192684
n01,laplace,3.0,0.95,0.8,7,0.1777516759104323,0.8281944017964422,0.008351100712737706,178,0.9924060486192684
n01,laplace,3.0,0.95,0.8,8,0.14965304552699057,0.8281944017964422,0.008351100712737706,178,0.9924060486192684
n01,laplace,3.0,0.95,1.6,1,0.48699667495917615,0.9028876488166931,0.00736628311752937,178,0.9889140188557908
n01,laplace,3.0,0.95,1.6,2,0.43702942849707366,0.9028876488166931,0.00736628311752937,178,0.9889140188557908
n01,laplace,3.0,0.95,1.6,3,0.42689778550934443,0.9028876488166931,0.00736628311752937,178,0.9889140188557908
n01,laplace,3.0,0.95,1.6,4,0.4010749827887706,0.9028876488166931,0.00736628311752937,178,0.9889140188557908
n01,laplace,3.0,0.95,1.6,5,0.3571495317729726,0.9028876488166931,0.00736628311752937,178,0.9889140188557908
n01,laplace,3.0,0.95,1.6,6,0.3094572953927776,0.9028876488166931,0.00736628311752937,178,0.9889140188557908
n01,laplace,3.0,0.95,1.6,7,0.27050623821253905,0.9028876488166931,0.00736628311752937,178,0.9889140188557908
n01,laplace,3.0,0.95,1.6,8,0.23497300449336966,0.9028876488166931,0.00736628311752937,178,0.9889140188557908
n01_exact,laplace,3.0,0.95,0.05,1,0.07123237735508336,0.4150772012590403,0.0019189022211310003,178,1.094237115329922
n01_exact,laplace,3.0,0.95,0.05,2,0.027443322886527528,0.4150772012590403,0.0019189022211310003,178,1.094237115329922
n01_exact,laplace,3.0,0.95,0.05,3,0.012253304039145383,0.4150772012590403,0.0019189022211310003,178,1.094237115329922
n01_exact,laplace,3.0,0.95,0.05,4,0.005035108030669354,0.4150772012590403,0.0019189022211310003,178,1.094237115329922
n01_exact,laplace,3.0,0.95,0.05,5,0.002005416217600546,0.4150772012590403,0.0019189022211310003,178,1.094237115329922
n01_exact,laplace,3.0,0.95,0.05,6,0.0008598858063953356,0.4150772012590403,0.0019189022211310003,178,1.094237115329922
n01_exact,laplace,3.0,0.95,0.05,7,0.00036403440406675066,0.4150772012590403,0.0019189022211310003,178,1.094237115329922
n01_exact,laplace,3.0,0.95,0.05,8,0.00014546362575710317,0.4150772012590403,0.0019189022211310003,178,1.094237115329922
n01_exact,laplace,3.0,0.95,0.1,1,0.132281818216018,0.5322888268670002,0.0064258736876184434,178,1.0611929948293304
n01_exact,laplace,3.0,0.95,0.1,2,0.06159871608028034,0.5322888268670002,0.0064258736876184434,178,1.0611929948293304
n01_exact,laplace,3.0,0.95,0.1,3,0.035843295927979045,0.5322888268670002,0.0064258736876184434,178,1.0611929948293304
n01_exact,laplace,3.0,0.95,0.1,4,0.017459768212944104,0.5322888268670002,0.0064258736876184434,178,1.0611929948293304
n01_exact,laplace,3.0,0.95,0.1,5,0.00873369362273779,0.5322888268670002,0.0064258736876184434,178,1.0611929948293304
n01_exact,laplace,3.0,0.95,0.1,6,0.004938059180283998,0.5322888268670002,0.0064258736876184434,178,1.0611929948293304
n01_exact,laplace,3.0,0.95,0.1,7,0.0030049851903963297,0.5322888268670002,0.0064258736876184434,178,1.0611929948293304
n01_exact,laplace,3.0,0.95,0.1,8,0.0015280287015658792,0.5322888268670002,0.0064258736876184434,178,1.0611929948293304
n01_exact,laplace,3.0,0.95,0.2,1,0.2291981055908096,0.6395347281916638,0.005427539282630909,178,1.0230664671621432
n01_exact,laplace,3.0,0.95,0.2,2,0.1412488829412675,0.6395347281916638,0.005427539282630909,178,1.0230664671621432
n01_exact,laplace,3.0,0.95,0.2,3,0.07955244338961148,0.6395347281916638,0.005427539282630909,178,1.0230664671621432
n01_exact,laplace,3.0,0.95,0.2,4,0.05795316248363094,0.6395347281916638,0.005427539282630909,178,1.0230664671621432
n01_exact,laplace,3.0,0.95,0.2,5,0.03566618734750383,0.6395347281916638,0.005427539282630909,178,1.0230664671621432
n01_exact,laplace,3.0,0.95,0.2,6,0.024313283701418976,0.6395347281916638,0.005427539282630909,178,1.0230664671621432
n01_exact,laplace,3.0,0.95,0.2,7,0.01493997834088714,0.6395347281916638,0.005427539282630909,178,1.0230664671621432
n01_exact,laplace,3.0,0.95,0.2,8,0.009510707409097171,0.6395347281916638,0.005427539282630909,178,1.0230664671621432
n01_exact,laplace,3.0,0.95,0.4,1,0.3883529422139521,0.7287674304692071,0.006307563689765836,178,0.99597323746346
n01_exact,laplace,3.0,0.95,0.4,2,0.2662953800303798,0.7287674304692071,0.006307563689765836,178,0.99597323746346
n01_exact,laplace,3.0,0.95,0.4,3,0.18474460296794534,0.7287674304692071,0.006307563689765836,178,0.99597323746346
n01_exact,laplace,3.0,0.95,0.4,4,0.13985871500718322,0.7287674304692071,0.006307563689765836,178,0.99597323746346
n01_exact,laplace,3.0,0.95,0.4,5,0.0957232329311754,0.7287674304692071,0.006307563689765836,178,0.99597323746346
n01_exact,laplace,3.0,0.95,0.4,6,0.07132923801221283,0.7287674304692071,0.006307563689765836,178,0.99597323746346
n01_exact,laplace,3.0,0.95,0.4,7,0.058300965802324675,0.7287674304692071,0.006307563689765836,178,0.99597323746346
n01_exact,laplace,3.0,0.95,0.4,8,0.04094064217055705,0.7287674304692071,0.006307563689765836,178,0.99597323746346
n01_exact,laplace,3.0,0.95,0.8,1,0.5381064142349864,0.8305711381782015,0.006506071211501332,178,1.0107243998272666
n01_exact,laplace,3.0,0.95,0.8,2,0.40095698595053786,0.8305711381782015,0.006506071211501332,178,1.0107243998272666
n01_exact,laplace,3.0,0.95,0.8,3,0.33629346094268653,0.8305711381782015,0.006506071211501332,178,1.0107243998272666
n01_exact,laplace,3.0,0.95,0.8,4,0.26897406429727755,0.8305711381782015,0.006506071211501332,178,1.0107243998272666
n01_exact,laplace,3.0,0.95,0.8,5,0.23263296825691934,0.8305711381782015,0.006506071211501332,178,1.0107243998272666
n01_exact,laplace,3.0,0.95,0.8,6,0.19673991783441647,0.8305711381782015,0.006506071211501332,178,1.0107243998272666
n01_exact,laplace,3.0,0.95,0.8,7,0.17440870529570493,0.8305711381782015,0.006506071211501332,178,1.0107243998272666
n01_exact,laplace,3.0,0.95,0.8,8,0.1350248736859967,0.8305711381782015,0.006506071211501332,178,1.0107243998272666
n01_exact,laplace,3.0,0.95,1.6,1,0.5263799740284507,0.9035900683413872,0.0023397396966823142,178,0.9974282469892672
n01_exact,laplace,3.0,0.95,1.6,2,0.4885583617506516,0.9035900683413872,0.0023397396966823142,178,0.9974282469892672
n01_exact,laplace,3.0,0.95,1.6,3,0.4246352131479314,0.9035900683413872,0.0023397396966823142,178,0.9974282469892672
n01_exact,laplace,3.0,0.95,1.6,4,0.3797903945854237,0.9035900683413872,0.0023397396966823142,178,0.9974282469892672
n01_exact,laplace,3.0,0.95,1.6,5,0.35087507556059,0.9035900683413872,0.0023397396966823142,178,0.9974282469892672
n01_exact,laplace,3.0,0.95,1.6,6,0.3222669088565385,0.9035900683413872,0.0023397396966823142,178,0.9974282469892672
n01_exact,laplace,3.0,0.95,1.6,7,0.28505917740097686,0.9035900683413872,0.0023397396966823142,178,0.9974282469892672
n01_exact,laplace,3.0,0.95,1.6,8,0.26082089421631355,0.9035900683413872,0.0023397396966823142,178,0.9974282469892672
invariant,laplace,3.0,0.95,0.05,1,0.07822684908375749,0.41168699818687415,0.0036503033273378176,178,1.0655828019317548
invariant,laplace,3.0,0.95,0.05,2,0.033456186762314134,0.41168699818687415,0.0036503033273378176,178,1.0655828019317548
invariant,laplace,3.0,0.95,0.05,3,0.012486695875679382,0.41168699818687415,0.0036503033273378176,178,1.0655828019317548
invariant,laplace,3.0,0.95,0.05,4,0.0049852115614060725,0.41168699818687415,0.0036503033273378176,178,1.0655828019317548
invariant,laplace,3.0,0.95,0.05,5,0.00206533512628056,0.41168699818687415,0.0036503033273378176,178,1.0655828019317548
invariant,laplace,3.0,0.95,0.05,6,0.0009738759825260235,0.41168699818687415,0.0036503033273378176,178,1.0655828019317548
invariant,laplace,3.0,0.95,0.05,7,0.0003722516459853117,0.41168699818687415,0.0036503033273378176,178,1.0655828019317548
invariant,laplace,3.0,0.95,0.05,8,0.0001559991357149231,0.41168699818687415,0.0036503033273378176,178,1.0655828019317548
invariant,laplace,3.0,0.95,0.1,1,0.13528636439285163,0.5279675716391811,0.006535568538359907,178,1.032576650763739
invariant,laplace,3.0,0.95,0.1,2,0.07032191796527697,0.5279675716391811,0.006535568538359907,178,1.032576650763739
invariant,laplace,3.0,0.95,0.1,3,0.030464762220727477,0.5279675716391811,0.006535568538359907,178,1.032576650763739
invariant,laplace,3.0,0.95,0.1,4,0.018517855657127186,0.5279675716391811,0.006535568538359907,178,1.032576650763739
invariant,laplace,3.0,0.95,0.1,5,0.01026857982541248,0.5279675716391811,0.006535568538359907,178,1.032576650763739
invariant,laplace,3.0,0.95,0.1,6,0.005232626235648379,0.5279675716391811,0.006535568538359907,178,1.032576650763739
invariant,laplace,3.0,0.95,0.1,7,0.0029917039920578713,0.5279675716391811,0.006535568538359907,178,1.032576650763739
invariant,laplace,3.0,0.95,0.1,8,0.0014009516516759037,0.5279675716391811,0.006535568538359907,178,1.032576650763739
invariant,laplace,3.0,0.95,0.2,1,0.2390855652673303,0.6346237340377989,0.0057015087169628486,178,1.0000524006277327
invariant,laplace,3.0,0.95,0.2,2,0.1353080279786332,0.6346237340377989,0.0057015087169628486,178,1.0000524006277327
invariant,laplace,3.0,0.95,0.2,3,0.08031167122103967,0.6346237340377989,0.0057015087169628486,178,1.0000524006277327
invariant,laplace,3.0,0.95,0.2,4,0.05511032290094773,0.6346237340377989,0.0057015087169628486,178,1.0000524006277327
invariant,laplace,3.0,0.95,0.2,5,0.03434060516156913,0.6346237340377989,0.0057015087169628486,178,1.0000524006277327
invariant,laplace,3.0,0.95,0.2,6,0.022997206576466433,0.6346237340377989,0.0057015087169628486,178,1.0000524006277327
invariant,laplace,3.0,0.95,0.2,7,0.014046361867883316,0.6346237340377989,0.0057015087169628486,178,1.0000524006277327
invariant,laplace,3.0,0.95,0.2,8,0.009408918178972586,0.6346237340377989,0.0057015087169628486,178,1.0000524006277327
invariant,laplace,3.0,0.95,0.4,1,0.34901199026058427,0.7477407327166229,0.006437386587806012,178,1.0225900117526616
invariant,laplace,3.0,0.95,0.4,2,0.2459288839555422,0.7477407327166229,0.006437386587806012,178,1.0225900117526616
invariant,laplace,3.0,0.95,0.4,3,0.17592136930729838,0.7477407327166229,0.006437386587806012,178,1.0225900117526616
invariant,laplace,3.0,0.95,0.4,4,0.1386454923821812,0.7477407327166229,0.006437386587806012,178,1.0225900117526616
invariant,laplace,3.0,0.95,0.4,5,0.1150624735816589,0.7477407327166229,0.006437386587806012,178,1.0225900117526616
invariant,laplace,3.0,0.95,0.4,6,0.08112503863903961,0.7477407327166229,0.006437386587806012,178,1.0225900117526616
invariant,laplace,3.0,0.95,0.4,7,0.06008716159076931,0.7477407327166229,0.006437386587806012,178,1.0225900117526616
invariant,laplace,3.0,0.95,0.4,8,0.04174968007092327,0.7477407327166229,0.006437386587806012,178,1.0225900117526616
invariant,laplace,3.0,0.95,0.8,1,0.5367140968099424,0.8203541001017975,0.006014673799486478,178,1.002535316615406
invariant,laplace,3.0,0.95,0.8,2,0.43310117901423,0.8203541001017975,0.006014673799486478,178,1.002535316615406
invariant,laplace,3.0,0.95,0.8,3,0.366052694653761,0.8203541001017975,0.006014673799486478,178,1.002535316615406
invariant,laplace,3.0,0.95,0.8,4,0.29980696325175543,0.8203541001017975,0.006014673799486478,178,1.002535316615406
invariant,laplace,3.0,0.95,0.8,5,0.23836695056830698,0.8203541001017975,0.006014673799486478,178,1.002535316615406
invariant,laplace,3.0,0.95,0.8,6,0.18373568535223805,0.8203541001017975,0.006014673799486478,178,1.002535316615406
invariant,laplace,3.0,0.95,0.8,7,0.15622616905960335,0.8203541001017975,0.006014673799486478,178,1.002535316615406
invariant,laplace,3.0,0.95,0.8,8,0.1434138914392316,0.8203541001017975,0.006014673799486478,178,1.002535316615406
invariant,laplace,3.0,0.95,1.6,1,0.5043308159898494,0.902322237866357,0.0035890940982717594,178,1.0204151326579196
invariant,laplace,3.0,0.95,1.6,2,0.46218687762327093,0.902322237866357,0.0035890940982717594,178,1.0204151326579196
invariant,laplace,3.0,0.95,1.6,3,0.41727515018759775,0.902322237866357,0.0035890940982717594,178,1.0204151326579196
invariant,laplace,3.0,0.95,1.6,4,0.3509058179540033,0.902322237866357,0.0035890940982717594,178,1.0204151326579196
invariant,laplace,3.0,0.95,1.6,5,0.3277319931175446,0.902322237866357,0.0035890940982717594,178,1.0204151326579196
invariant,laplace,3.0,0.95,1.6,6,0.29925611680025543,0.902322237866357,0.0035890940982717594,178,1.0204151326579196
invariant,laplace,3.0,0.95,1.6,7,0.2731141560892631,0.902322237866357,0.0035890940982717594,178,1.0204151326579196
invariant,laplace,3.0,0.95,1.6,8,0.24909583223478446,0.902322237866357,0.0035890940982717594,178,1.0204151326579196
n01,student_t_nu5,6.0,0.95,0.05,1,0.07349028992721789,0.4063890567256289,0.0037490385486073498,215,1.0489854357461685
n01,student_t_nu5,6.0,0.95,0.05,2,0.031119581094352672,0.4063890567256289,0.0037490385486073498,215,1.0489854357461685
n01,student_t_nu5,6.0,0.95,0.05,3,0.01146747040856042,0.4063890567256289,0.0037490385486073498,215,1.0489854357461685
n01,student_t_nu5,6.0,0.95,0.05,4,0.004833240105691581,0.4063890567256289,0.0037490385486073498,215,1.0489854357461685
n01,student_t_nu5,6.0,0.95,0.05,5,0.0018681160487516231,0.4063890567256289,0.0037490385486073498,215,1.0489854357461685
n01,student_t_nu5,6.0,0.95,0.05,6,0.0007870934607354453,0.4063890567256289,0.0037490385486073498,215,1.0489854357461685
n01,student_t_nu5,6.0,0.95,0.05,7,0.00030693096662494856,0.4063890567256289,0.0037490385486073498,215,1.0489854357461685
n01,student_t_nu5,6.0,0.95,0.05,8,0.00014587479388576346,0.4063890567256289,0.0037490385486073498,215,1.0489854357461685
n01,student_t_nu5,6.0,0.95,0.1,1,0.14022933169496415,0.5257950722727919,0.005073436724888168,215,1.0264665452607644
n01,student_t_nu5,6.0,0.95,0.1,2,0.06600703927849573,0.5257950722727919,0.005073436724888168,215,1.0264665452607644
n01,student_t_nu5,6.0,0.95,0.1,3,0.03392510142684489,0.5257950722727919,0.005073436724888168,215,1.0264665452607644
n01,student_t_nu5,6.0,0.95,0.1,4,0.01857651873736961,0.5257950722727919,0.005073436724888168,215,1.0264665452607644
n01,student_t_nu5,6.0,0.95,0.1,5,0.009395985259867618,0.5257950722727919,0.005073436724888168,215,1.0264665452607644
n01,student_t_nu5,6.0,0.95,0.1,6,0.005709578108117098,0.5257950722727919,0.005073436724888168,215,1.0264665452607644
n01,student_t_nu5,6.0,0.95,0.1,7,0.002835898536037523,0.5257950722727919,0.005073436724888168,215,1.0264665452607644
n01,student_t_nu5,6.0,0.95,0.1,8,0.0014026892403218594,0.5257950722727919,0.005073436724888168,215,1.0264665452607644
n01,student_t_nu5,6.0,0.95,0.2,1,0.20686589010190218,0.6456853125235409,0.004300148728319332,215,1.0301404404818206
n01,student_t_nu5,6.0,0.95,0.2,2,0.13045620185906168,0.6456853125235409,0.004300148728319332,215,1.0301404404818206
n01,student_t_nu5,6.0,0.95,0.2,3,0.0878797766288084,0.6456853125235409,0.004300148728319332,215,1.0301404404818206
n01,student_t_nu5,6.0,0.95,0.2,4,0.05847850649783566,0.6456853125235409,0.004300148728319332,215,1.0301404404818206
n01,student_t_nu5,6.0,0.95,0.2,5,0.03768756245243915,0.6456853125235409,0.004300148728319332,215,1.0301404404818206
n01,student_t_nu5,6.0,0.95,0.2,6,0.023857645739570527,0.6456853125235409,0.004300148728319332,215,1.0301404404818206
n01,student_t_nu5,6.0,0.95,0.2,7,0.015836084372618044,0.6456853125235409,0.004300148728319332,215,1.0301404404818206
n01,student_t_nu5,6.0,0.95,0.2,8,0.009120844484436832,0.6456853125235409,0.004300148728319332,215,1.0301404404818206
n01,student_t_nu5,6.0,0.95,0.4,1,0.35910244597833973,0.7363945483967974,0.0072694424834025785,215,1.0161116733409334
n01,student_t_nu5,6.0,0.95,0.4,2,0.2557171243790718,0.7363945483967974,0.0072694424834025785,215,1.0161116733409334
n01,student_t_nu5,6.0,0.95,0.4,3,0.16854818797770146,0.7363945483967974,0.0072694424834025785,215,1.0161116733409334
n01,student_t_nu5,6.0,0.95,0.4,4,0.14602144729303593,0.7363945483967974,0.0072694424834025785,215,1.0161116733409334
n01,student_t_nu5,6.0,0.95,0.4,5,0.10999791671922547,0.7363945483967974,0.0072694424834025785,215,1.0161116733409334
n01,student_t_nu5,6.0,0.95,0.4,6,0.0718199972116444,0.7363945483967974,0.0072694424834025785,215,1.0161116733409334
n01,student_t_nu5,6.0,0.95,0.4,7,0.0541565362808276,0.7363945483967974,0.0072694424834025785,215,1.0161116733409334
n01,student_t_nu5,6.0,0.95,0.4,8,0.041534035918323386,0.7363945483967974,0.0072694424834025785,215,1.0161116733409334
n01,student_t_nu5,6.0,0.95,0.8,1,0.5193027249973986,0.8191934533447611,0.006119751170445286,215,0.9816204218782728
n01,student_t_nu5,6.0,0.95,0.8,2,0.38789309255774884,0.8191934533447611,0.006119751170445286,215,0.9816204218782728
n01,student_t_nu5,6.0,0.95,0.8,3,0.3106099998586106,0.8191934533447611,0.006119751170445286,215,0.9816204218782728
n01,student_t_nu5,6.0,0.95,0.8,4,0.256415129298714,0.8191934533447611,0.006119751170445286,215,0.9816204218782728
n01,student_t_nu5,6.0,0.95,0.8,5,0.2173310021226098,0.8191934533447611,0.006119751170445286,215,0.9816204218782728
n01,student_t_nu5,6.0,0.95,0.8,6,0.18980529160509105,0.8191934533447611,0.006119751170445286,215,0.9816204218782728
n01,student_t_nu5,6.0,0.95,0.8,7,0.14194635399970745,0.8191934533447611,0.006119751170445286,215,0.9816204218782728
n01,student_t_nu5,6.0,0.95,0.8,8,0.12298197629334515,0.8191934533447611,0.006119751170445286,215,0.9816204218782728
n01,student_t_nu5,6.0,0.95,1.6,1,0.5137306286760751,0.9072613859276717,0.0035012090208666473,215,0.9937044819322379
n01,student_t_nu5,6.0,0.95,1.6,2,0.4871842590308797,0.9072613859276717,0.0035012090208666473,215,0.9937044819322379
n01,student_t_nu5,6.0,0.95,1.6,3,0.4432267603689176,0.9072613859276717,0.0035012090208666473,215,0.9937044819322379
n01,student_t_nu5,6.0,0.95,1.6,4,0.38196962386269273,0.9072613859276717,0.0035012090208666473,215,0.9937044819322379
n01,student_t_nu5,6.0,0.95,1.6,5,0.34703110300758827,0.9072613859276717,0.0035012090208666473,215,0.9937044819322379
n01,student_t_nu5,6.0,0.95,1.6,6,0.3139264988314857,0.9072613859276717,0.0035012090208666473,215,0.9937044819322379
n01,student_t_nu5,6.0,0.95,1.6,7,0.2961420178179677,0.9072613859276717,0.0035012090208666473,215,0.9937044819322379
n01,student_t_nu5,6.0,0.95,1.6,8,0.26797787741948864,0.9072613859276717,0.0035012090208666473,215,0.9937044819322379
n01_exact,student_t_nu5,6.0,0.95,0.05,1,0.0733420120930098,0.4086794954510869,0.003150699339126171,215,1.0773713199386317
n01_exact,student_t_nu5,6.0,0.95,0.05,2,0.030259291529160213,0.4086794954510869,0.003150699339126171,215,1.0773713199386317
n01_exact,student_t_nu5,6.0,0.95,0.05,3,0.01123501148924954,0.4086794954510869,0.003150699339126171,215,1.0773713199386317
n01_exact,student_t_nu5,6.0,0.95,0.05,4,0.0045472016082935265,0.4086794954510869,0.003150699339126171,215,1.0773713199386317
n01_exact,student_t_nu5,6.0,0.95,0.05,5,0.0021105175135542114,0.4086794954510869,0.003150699339126171,215,1.0773713199386317
n01_exact,student_t_nu5,6.0,0.95,0.05,6,0.000794832294722117,0.4086794954510869,0.003150699339126171,215,1.0773713199386317
n01_exact,student_t_nu5,6.0,0.95,0.05,7,0.0003413078975175024,0.4086794954510869,0.003150699339126171,215,1.0773713199386317
n01_exact,student_t_nu5,6.0,0.95,0.05,8,0.00013607464224257878,0.4086794954510869,0.003150699339126171,215,1.0773713199386317
n01_exact,student_t_nu5,6.0,0.95,0.1,1,0.14026399474455245,0.5221630215669041,0.003649713430621512,215,1.0410057710720437
n01_exact,student_t_nu5,6.0,0.95,0.1,2,0.06607074203281016,0.5221630215669041,0.003649713430621512,215,1.0410057710720437
n01_exact,student_t_nu5,6.0,0.95,0.1,3,0.037137297448152876,0.5221630215669041,0.003649713430621512,215,1.0410057710720437
n01_exact,student_t_nu5,6.0,0.95,0.1,4,0.018559176072671612,0.5221630215669041,0.003649713430621512,215,1.0410057710720437
n01_exact,student_t_nu5,6.0,0.95,0.1,5,0.00969758161958319,0.5221630215669041,0.003649713430621512,215,1.0410057710720437
n01_exact,student_t_nu5,6.0,0.95,0.1,6,0.005134825655477464,0.5221630215669041,0.003649713430621512,215,1.0410057710720437
n01_exact,student_t_nu5,6.0,0.95,0.1,7,0.002581034145786152,0.5221630215669041,0.003649713430621512,215,1.0410057710720437
n01_exact,student_t_nu5,6.0,0.95,0.1,8,0.001496315931952485,0.5221630215669041,0.003649713430621512,215,1.0410057710720437
n01_exact,student_t_nu5,6.0,0.95,0.2,1,0.21601312541106812,0.6465867188792404,0.004360851649728036,215,1.0343475671261737
n01_exact,student_t_nu5,6.0,0.95,0.2,2,0.13463158190328975,0.6465867188792404,0.004360851649728036,215,1.0343475671261737
n01_exact,student_t_nu5,6.0,0.95,0.2,3,0.08581023993628986,0.6465867188792404,0.004360851649728036,215,1.0343475671261737
n01_exact,student_t_nu5,6.0,0.95,0.2,4,0.05482793222076697,0.6465867188792404,0.004360851649728036,215,1.0343475671261737
n01_exact,student_t_nu5,6.0,0.95,0.2,5,0.035785877146388,0.6465867188792404,0.004360851649728036,215,1.0343475671261737
n01_exact,student_t_nu5,6.0,0.95,0.2,6,0.02176083864023476,0.6465867188792404,0.004360851649728036,215,1.0343475671261737
n01_exact,student_t_nu5,6.0,0.95,0.2,7,0.015886121613712927,0.6465867188792404,0.004360851649728036,215,1.0343475671261737
n01_exact,student_t_nu5,6.0,0.95,0.2,8,0.010157595771598967,0.6465867188792404,0.004360851649728036,215,1.0343475671261737
n01_exact,student_t_nu5,6.0,0.95,0.4,1,0.3918713605625252,0.7322927251563455,0.010434032344781291,215,1.00079109706553
n01_exact,student_t_nu5,6.0,0.95,0.4,2,0.2413369261201427,0.7322927251563455,0.010434032344781291,215,1.00079109706553
n01_exact,student_t_nu5,6.0,0.95,0.4,3,0.17184339568890522,0.7322927251563455,0.010434032344781291,215,1.00079109706553
n01_exact,student_t_nu5,6.0,0.95,0.4,4,0.12797829973253314,0.7322927251563455,0.010434032344781291,215,1.00079109706553
n01_exact,student_t_nu5,6.0,0.95,0.4,5,0.10162176942266567,0.7322927251563455,0.010434032344781291,215,1.00079109706553
n01_exact,student_t_nu5,6.0,0.95,0.4,6,0.06852570627993793,0.7322927251563455,0.010434032344781291,215,1.00079109706553
n01_exact,student_t_nu5,6.0,0.95,0.4,7,0.0497108624423791,0.7322927251563455,0.010434032344781291,215,1.00079109706553
n01_exact,student_t_nu5,6.0,0.95,0.4,8,0.04414791066905655,0.7322927251563455,0.010434032344781291,215,1.00079109706553
n01_exact,student_t_nu5,6.0,0.95,0.8,1,0.5048600546661095,0.832445842926721,0.006583116955526919,215,1.0130057334117166
n01_exact,student_t_nu5,6.0,0.95,0.8,2,0.383521621519578,0.832445842926721,0.006583116955526919,215,1.0130057334117166
n01_exact,student_t_nu5,6.0,0.95,0.8,3,0.3042321844979598,0.832445842926721,0.006583116955526919,215,1.0130057334117166
n01_exact,student_t_nu5,6.0,0.95,0.8,4,0.25660909298677664,0.832445842926721,0.006583116955526919,215,1.0130057334117166
n01_exact,student_t_nu5,6.0,0.95,0.8,5,0.23272982994130398,0.832445842926721,0.006583116955526919,215,1.0130057334117166
n01_exact,student_t_nu5,6.0,0.95,0.8,6,0.19470096894382136,0.832445842926721,0.006583116955526919,215,1.0130057334117166
n01_exact,student_t_nu5,6.0,0.95,0.8,7,0.15885498261575956,0.832445842926721,0.006583116955526919,215,1.0130057334117166
n01_exact,student_t_nu5,6.0,0.95,0.8,8,0.1288239513147658,0.832445842926721,0.006583116955526919,215,1.0130057334117166
n01_exact,student_t_nu5,6.0,0.95,1.6,1,0.47558059944090897,0.913082472335514,0.006061524551891679,215,1.0079064408155396
n01_exact,student_t_nu5,6.0,0.95,1.6,2,0.395757080964449,0.913082472335514,0.006061524551891679,215,1.0079064408155396
n01_exact,student_t_nu5,6.0,0.95,1.6,3,0.3544668712117445,0.913082472335514,0.006061524551891679,215,1.0079064408155396
n01_exact,student_t_nu5,6.0,0.95,1.6,4,0.32475267185266454,0.913082472335514,0.006061524551891679,215,1.0079064408155396
n01_exact,student_t_nu5,6.0,0.95,1.6,5,0.31036524057563797,0.913082472335514,0.006061524551891679,215,1.0079064408155396
n01_exact,student_t_nu5,6.0,0.95,1.6,6,0.286792330663908,0.913082472335514,0.006061524551891679,215,1.0079064408155396
n01_exact,student_t_nu5,6.0,0.95,1.6,7,0.2509161172040573,0.913082472335514,0.006061524551891679,215,1.0079064408155396
n01_exact,student_t_nu5,6.0,0.95,1.6,8,0.2437501395188891,0.913082472335514,0.006061524551891679,215,1.0079064408155396
invariant,student_t_nu5,6.0,0.95,0.05,1,0.0811528026998995,0.4034889332989549,0.0058643142878340845,215,1.0443634848482408
invariant,student_t_nu5,6.0,0.95,0.05,2,0.027698517441253175,0.4034889332989549,0.0058643142878340845,215,1.0443634848482408
invariant,student_t_nu5,6.0,0.95,0.05,3,0.012015886504434449,0.4034889332989549,0.0058643142878340845,215,1.0443634848482408
invariant,student_t_nu5,6.0,0.95,0.05,4,0.005478338211196565,0.4034889332989549,0.0058643142878340845,215,1.0443634848482408
invariant,student_t_nu5,6.0,0.95,0.05,5,0.002186858547818461,0.4034889332989549,0.0058643142878340845,215,1.0443634848482408
invariant,student_t_nu5,6.0,0.95,0.05,6,0.0007074339789626497,0.4034889332989549,0.0058643142878340845,215,1.0443634848482408
invariant,student_t_nu5,6.0,0.95,0.05,7,0.00032264674520793464,0.4034889332989549,0.0058643142878340845,215,1.0443634848482408
invariant,student_t_nu5,6.0,0.95,0.05,8,0.00013952964447106226,0.4034889332989549,0.0058643142878340845,215,1.0443634848482408
invariant,student_t_nu5,6.0,0.95,0.1,1,0.14683686357989784,0.5152509190925904,0.0037133511302146864,215,1.0077059594545794
invariant,student_t_nu5,6.0,0.95,0.1,2,0.07716803075820933,0.5152509190925904,0.0037133511302146864,215,1.0077059594545794
invariant,student_t_nu5,6.0,0.95,0.1,3,0.041253210596020586,0.5152509190925904,0.0037133511302146864,215,1.0077059594545794
invariant,student_t_nu5,6.0,0.95,0.1,4,0.021371020072631683,0.5152509190925904,0.0037133511302146864,215,1.0077059594545794
invariant,student_t_nu5,6.0,0.95,0.1,5,0.009586596605694837,0.5152509190925904,0.0037133511302146864,215,1.0077059594545794
invariant,student_t_nu5,6.0,0.95,0.1,6,0.0053995460269585065,0.5152509190925904,0.0037133511302146864,215,1.0077059594545794
invariant,student_t_nu5,6.0,0.95,0.1,7,0.002809272183112024,0.5152509190925904,0.0037133511302146864,215,1.0077059594545794
invariant,student_t_nu5,6.0,0.95,0.1,8,0.0014689761047622352,0.5152509190925904,0.0037133511302146864,215,1.0077059594545794
invariant,student_t_nu5,6.0,0.95,0.2,1,0.23212515621800303,0.6342636038306628,0.0032334569513564116,215,0.9994849004557906
invariant,student_t_nu5,6.0,0.95,0.2,2,0.14328686132277865,0.6342636038306628,0.0032334569513564116,215,0.9994849004557906
invariant,student_t_nu5,6.0,0.95,0.2,3,0.08932515803708498,0.6342636038306628,0.0032334569513564116,215,0.9994849004557906
invariant,student_t_nu5,6.0,0.95,0.2,4,0.05422175460927603,0.6342636038306628,0.0032334569513564116,215,0.9994849004557906
invariant,student_t_nu5,6.0,0.95,0.2,5,0.037234094451873215,0.6342636038306628,0.0032334569513564116,215,0.9994849004557906
invariant,student_t_nu5,6.0,0.95,0.2,6,0.023396120107795147,0.6342636038306628,0.0032334569513564116,215,0.9994849004557906
invariant,student_t_nu5,6.0,0.95,0.2,7,0.014291475207287055,0.6342636038306628,0.0032334569513564116,215,0.9994849004557906
invariant,student_t_nu5,6.0,0.95,0.2,8,0.009565919538003691,0.6342636038306628,0.0032334569513564116,215,0.9994849004557906
invariant,student_t_nu5,6.0,0.95,0.4,1,0.38993025566500117,0.72459629779948,0.007790218829526416,215,0.9909383082431521
invariant,student_t_nu5,6.0,0.95,0.4,2,0.2518876904291903,0.72459629779948,0.007790218829526416,215,0.9909383082431521
invariant,student_t_nu5,6.0,0.95,0.4,3,0.18928309567486853,0.72459629779948,0.007790218829526416,215,0.9909383082431521
invariant,student_t_nu5,6.0,0.95,0.4,4,0.14151804923421532,0.72459629779948,0.007790218829526416,215,0.9909383082431521
invariant,student_t_nu5,6.0,0.95,0.4,5,0.11789988801260465,0.72459629779948,0.007790218829526416,215,0.9909383082431521
invariant,student_t_nu5,6.0,0.95,0.4,6,0.07513589007316154,0.72459629779948,0.007790218829526416,215,0.9909383082431521
invariant,student_t_nu5,6.0,0.95,0.4,7,0.05151174202546793,0.72459629779948,0.007790218829526416,215,0.9909383082431521
invariant,student_t_nu5,6.0,0.95,0.4,8,0.03870764194371886,0.72459629779948,0.007790218829526416,215,0.9909383082431521
invariant,student_t_nu5,6.0,0.95,0.8,1,0.5076229673051275,0.8122678411823235,0.0064798998790475066,215,0.9926532911034192
invariant,student_t_nu5,6.0,0.95,0.8,2,0.42415262103062223,0.8122678411823235,0.0064798998790475066,215,0.9926532911034192
invariant,student_t_nu5,6.0,0.95,0.8,3,0.3793223876091872,0.8122678411823235,0.0064798998790475066,215,0.9926532911034192
invariant,student_t_nu5,6.0,0.95,0.8,4,0.2983510222177378,0.8122678411823235,0.0064798998790475066,215,0.9926532911034192
invariant,student_t_nu5,6.0,0.95,0.8,5,0.23260242467406897,0.8122678411823235,0.0064798998790475066,215,0.9926532911034192
invariant,student_t_nu5,6.0,0.95,0.8,6,0.17934912759618893,0.8122678411823235,0.0064798998790475066,215,0.9926532911034192
invariant,student_t_nu5,6.0,0.95,0.8,7,0.14596437421852865,0.8122678411823235,0.0064798998790475066,215,0.9926532911034192
invariant,student_t_nu5,6.0,0.95,0.8,8,0.12814636167195712,0.8122678411823235,0.0064798998790475066,215,0.9926532911034192
invariant,student_t_nu5,6.0,0.95,1.6,1,0.4736586072845098,0.9259696376094112,0.0029301489984106073,215,1.0471574244171054
invariant,student_t_nu5,6.0,0.95,1.6,2,0.4256277064994492,0.9259696376094112,0.0029301489984106073,215,1.0471574244171054
invariant,student_t_nu5,6.0,0.95,1.6,3,0.38389336135090096,0.9259696376094112,0.0029301489984106073,215,1.0471574244171054
invariant,student_t_nu5,6.0,0.95,1.6,4,0.3735885953274151,0.9259696376094112,0.0029301489984106073,215,1.0471574244171054
invariant,student_t_nu5,6.0,0.95,1.6,5,0.3444778579791465,0.9259696376094112,0.0029301489984106073,215,1.0471574244171054
invariant,student_t_nu5,6.0,0.95,1.6,6,0.3220418974689631,0.9259696376094112,0.0029301489984106073,215,1.0471574244171054
invariant,student_t_nu5,6.0,0.95,1.6,7,0.29014570735428313,0.9259696376094112,0.0029301489984106073,215,1.0471574244171054
invariant,student_t_nu5,6.0,0.95,1.6,8,0.26991422548869354,0.9259696376094112,0.0029301489984106073,215,1.0471574244171054
n01,uniform,-1.2,0.95,0.05,1,0.07112629981013459,0.3919492601030426,0.005072634443206131,208,1.0117129351668621
n01,uniform,-1.2,0.95,0.05,2,0.028119336641463225,0.3919492601030426,0.005072634443206131,208,1.0117129351668621
n01,uniform,-1.2,0.95,0.05,3,0.010592207607520627,0.3919492601030426,0.005072634443206131,208,1.0117129351668621
n01,uniform,-1.2,0.95,0.05,4,0.005176143032468651,0.3919492601030426,0.005072634443206131,208,1.0117129351668621
n01,uniform,-1.2,0.95,0.05,5,0.0016884205190335097,0.3919492601030426,0.005072634443206131,208,1.0117129351668621
n01,uniform,-1.2,0.95,0.05,6,0.000614474634670365,0.3919492601030426,0.005072634443206131,208,1.0117129351668621
n01,uniform,-1.2,0.95,0.05,7,0.0002752181034421066,0.3919492601030426,0.005072634443206131,208,1.0117129351668621
n01,uniform,-1.2,0.95,0.05,8,0.00010126223002747871,0.3919492601030426,0.005072634443206131,208,1.0117129351668621
n01,uniform,-1.2,0.95,0.1,1,0.12773981802138953,0.5301859222689385,0.005986422530858149,208,1.0350384411646585
n01,uniform,-1.2,0.95,0.1,2,0.06328688754852342,0.5301859222689385,0.005986422530858149,208,1.0350384411646585
n01,uniform,-1.2,0.95,0.1,3,0.03233932632145989,0.5301859222689385,0.005986422530858149,208,1.0350384411646585
n01,uniform,-1.2,0.95,0.1,4,0.018881209494754136,0.5301859222689385,0.005986422530858149,208,1.0350384411646585
n01,uniform,-1.2,0.95,0.1,5,0.011008783267746519,0.5301859222689385,0.005986422530858149,208,1.0350384411646585
n01,uniform,-1.2,0.95,0.1,6,0.005572201254622259,0.5301859222689385,0.005986422530858149,208,1.0350384411646585
n01,uniform,-1.2,0.95,0.1,7,0.00275916816899809,0.5301859222689385,0.005986422530858149,208,1.0350384411646585
n01,uniform,-1.2,0.95,0.1,8,0.0013553378746603852,0.5301859222689385,0.005986422530858149,208,1.0350384411646585
n01,uniform,-1.2,0.95,0.2,1,0.22966430772090587,0.6278182504075269,0.002256473240445552,208,1.001634939611169
n01,uniform,-1.2,0.95,0.2,2,0.15148518585192608,0.6278182504075269,0.002256473240445552,208,1.001634939611169
n01,uniform,-1.2,0.95,0.2,3,0.09174318499767903,0.6278182504075269,0.002256473240445552,208,1.001634939611169
n01,uniform,-1.2,0.95,0.2,4,0.059398152750356786,0.6278182504075269,0.002256473240445552,208,1.001634939611169
n01,uniform,-1.2,0.95,0.2,5,0.03577889296307815,0.6278182504075269,0.002256473240445552,208,1.001634939611169
n01,uniform,-1.2,0.95,0.2,6,0.022242547953265857,0.6278182504075269,0.002256473240445552,208,1.001634939611169
n01,uniform,-1.2,0.95,0.2,7,0.014609942233488825,0.6278182504075269,0.002256473240445552,208,1.001634939611169
n01,uniform,-1.2,0.95,0.2,8,0.00903241562653526,0.6278182504075269,0.002256473240445552,208,1.001634939611169
n01,uniform,-1.2,0.95,0.4,1,0.3826861166284677,0.7449296142774322,0.0033515362693504525,208,1.0278887568254975
n01,uniform,-1.2,0.95,0.4,2,0.2602513980419404,0.7449296142774322,0.0033515362693504525,208,1.0278887568254975
n01,uniform,-1.2,0.95,0.4,3,0.19850783673569317,0.7449296142774322,0.0033515362693504525,208,1.0278887568254975
n01,uniform,-1.2,0.95,0.4,4,0.15165577139791583,0.7449296142774322,0.0033515362693504525,208,1.0278887568254975
n01,uniform,-1.2,0.95,0.4,5,0.11174601384652186,0.7449296142774322,0.0033515362693504525,208,1.0278887568254975
n01,uniform,-1.2,0.95,0.4,6,0.0834133167825952,0.7449296142774322,0.0033515362693504525,208,1.0278887568254975
n01,uniform,-1.2,0.95,0.4,7,0.061653654415962385,0.7449296142774322,0.0033515362693504525,208,1.0278887568254975
n01,uniform,-1.2,0.95,0.4,8,0.04734632657749121,0.7449296142774322,0.0033515362693504525,208,1.0278887568254975
n01,uniform,-1.2,0.95,0.8,1,0.5743546484658626,0.8252457668538004,0.005871105875028118,208,0.9888727680924977
n01,uniform,-1.2,0.95,0.8,2,0.43284625816496825,0.8252457668538004,0.005871105875028118,208,0.9888727680924977
n01,uniform,-1.2,0.95,0.8,3,0.3579766294117644,0.8252457668538004,0.005871105875028118,208,0.9888727680924977
n01,uniform,-1.2,0.95,0.8,4,0.31112475748190904,0.8252457668538004,0.005871105875028118,208,0.9888727680924977
n01,uniform,-1.2,0.95,0.8,5,0.27442045166390266,0.8252457668538004,0.005871105875028118,208,0.9888727680924977
n01,uniform,-1.2,0.95,0.8,6,0.2159047430766618,0.8252457668538004,0.005871105875028118,208,0.9888727680924977
n01,uniform,-1.2,0.95,0.8,7,0.17153771028280188,0.8252457668538004,0.005871105875028118,208,0.9888727680924977
n01,uniform,-1.2,0.95,0.8,8,0.14034711785198428,0.8252457668538004,0.005871105875028118,208,0.9888727680924977
n01,uniform,-1.2,0.95,1.6,1,0.561297771896832,0.8761273060926438,0.004130356655860989,208,0.9596039733546914
n01,uniform,-1.2,0.95,1.6,2,0.5029437895296364,0.8761273060926438,0.004130356655860989,208,0.9596039733546914
n01,uniform,-1.2,0.95,1.6,3,0.47533557999339976,0.8761273060926438,0.004130356655860989,208,0.9596039733546914
n01,uniform,-1.2,0.95,1.6,4,0.389693164282197,0.8761273060926438,0.004130356655860989,208,0.9596039733546914
n01,uniform,-1.2,0.95,1.6,5,0.3420561859743351,0.8761273060926438,0.004130356655860989,208,0.9596039733546914
n01,uniform,-1.2,0.95,1.6,6,0.2968269572794297,0.8761273060926438,0.004130356655860989,208,0.9596039733546914
n01,uniform,-1.2,0.95,1.6,7,0.26189413957300256,0.8761273060926438,0.004130356655860989,208,0.9596039733546914
n01,uniform,-1.2,0.95,1.6,8,0.22811553358468878,0.8761273060926438,0.004130356655860989,208,0.9596039733546914
n01_exact,uniform,-1.2,0.95,0.05,1,0.06478394563036263,0.40236035561204725,0.010332436520180063,208,1.060712642160466
n01_exact,uniform,-1.2,0.95,0.05,2,0.028877484402121296,0.40236035561204725,0.010332436520180063,208,1.060712642160466
n01_exact,uniform,-1.2,0.95,0.05,3,0.011637658059234614,0.40236035561204725,0.010332436520180063,208,1.060712642160466
n01_exact,uniform,-1.2,0.95,0.05,4,0.0050622422766840374,0.40236035561204725,0.010332436520180063,208,1.060712642160466
n01_exact,uniform,-1.2,0.95,0.05,5,0.001609527981575615,0.40236035561204725,0.010332436520180063,208,1.060712642160466
n01_exact,uniform,-1.2,0.95,0.05,6,0.0010358926782986085,0.40236035561204725,0.010332436520180063,208,1.060712642160466
n01_exact,uniform,-1.2,0.95,0.05,7,0.00028108916364680644,0.40236035561204725,0.010332436520180063,208,1.060712642160466
n01_exact,uniform,-1.2,0.95,0.05,8,0.0001059539588615754,0.40236035561204725,0.010332436520180063,208,1.060712642160466
n01_exact,uniform,-1.2,0.95,0.1,1,0.15897834370317637,0.5042117424654707,0.007853930720423452,208,1.0052173594632705
n01_exact,uniform,-1.2,0.95,0.1,2,0.07149677322319396,0.5042117424654707,0.007853930720423452,208,1.0052173594632705
n01_exact,uniform,-1.2,0.95,0.1,3,0.03182441401215349,0.5042117424654707,0.007853930720423452,208,1.0052173594632705
n01_exact,uniform,-1.2,0.95,0.1,4,0.01842894277493224,0.5042117424654707,0.007853930720423452,208,1.0052173594632705
n01_exact,uniform,-1.2,0.95,0.1,5,0.008469341581396735,0.5042117424654707,0.007853930720423452,208,1.0052173594632705
n01_exact,uniform,-1.2,0.95,0.1,6,0.00407744269611766,0.5042117424654707,0.007853930720423452,208,1.0052173594632705
n01_exact,uniform,-1.2,0.95,0.1,7,0.00248007331673096,0.5042117424654707,0.007853930720423452,208,1.0052173594632705
n01_exact,uniform,-1.2,0.95,0.1,8,0.0012767462264433355,0.5042117424654707,0.007853930720423452,208,1.0052173594632705
n01_exact,uniform,-1.2,0.95,0.2,1,0.22947770229837441,0.6257025428415536,0.005667851145678553,208,1.0009390605093678
n01_exact,uniform,-1.2,0.95,0.2,2,0.1325608585452762,0.6257025428415536,0.005667851145678553,208,1.0009390605093678
n01_exact,uniform,-1.2,0.95,0.2,3,0.08805610262652983,0.6257025428415536,0.005667851145678553,208,1.0009390605093678
n01_exact,uniform,-1.2,0.95,0.2,4,0.05654157720229772,0.6257025428415536,0.005667851145678553,208,1.0009390605093678
n01_exact,uniform,-1.2,0.95,0.2,5,0.030255762712322443,0.6257025428415536,0.005667851145678553,208,1.0009390605093678
n01_exact,uniform,-1.2,0.95,0.2,6,0.02128150684840403,0.6257025428415536,0.005667851145678553,208,1.0009390605093678
n01_exact,uniform,-1.2,0.95,0.2,7,0.013038892720375577,0.6257025428415536,0.005667851145678553,208,1.0009390605093678
n01_exact,uniform,-1.2,0.95,0.2,8,0.00870331458691117,0.6257025428415536,0.005667851145678553,208,1.0009390605093678
n01_exact,uniform,-1.2,0.95,0.4,1,0.40238583586209764,0.7077485031780568,0.004327252605692412,208,0.967247627362172
n01_exact,uniform,-1.2,0.95,0.4,2,0.2771533381038424,0.7077485031780568,0.004327252605692412,208,0.967247627362172
n01_exact,uniform,-1.2,0.95,0.4,3,0.1846533755030871,0.7077485031780568,0.004327252605692412,208,0.967247627362172
n01_exact,uniform,-1.2,0.95,0.4,4,0.14462555244789507,0.7077485031780568,0.004327252605692412,208,0.967247627362172
n01_exact,uniform,-1.2,0.95,0.4,5,0.09847799042696344,0.7077485031780568,0.004327252605692412,208,0.967247627362172
n01_exact,uniform,-1.2,0.95,0.4,6,0.06931195569302748,0.7077485031780568,0.004327252605692412,208,0.967247627362172
n01_exact,uniform,-1.2,0.95,0.4,7,0.04715277355296569,0.7077485031780568,0.004327252605692412,208,0.967247627362172
n01_exact,uniform,-1.2,0.95,0.4,8,0.036211777425989765,0.7077485031780568,0.004327252605692412,208,0.967247627362172
n01_exact,uniform,-1.2,0.95,0.8,1,0.5928525733059401,0.8127471580284134,0.004491393365015965,208,0.9890343472702483
n01_exact,uniform,-1.2,0.95,0.8,2,0.4435444245320274,0.8127471580284134,0.004491393365015965,208,0.9890343472702483
n01_exact,uniform,-1.2,0.95,0.8,3,0.352145938512542,0.8127471580284134,0.004491393365015965,208,0.9890343472702483
n01_exact,uniform,-1.2,0.95,0.8,4,0.29736288394439186,0.8127471580284134,0.004491393365015965,208,0.9890343472702483
n01_exact,uniform,-1.2,0.95,0.8,5,0.24454667379605335,0.8127471580284134,0.004491393365015965,208,0.9890343472702483
n01_exact,uniform,-1.2,0.95,0.8,6,0.19959384762349888,0.8127471580284134,0.004491393365015965,208,0.9890343472702483
n01_exact,uniform,-1.2,0.95,0.8,7,0.1668699520171767,0.8127471580284134,0.004491393365015965,208,0.9890343472702483
n01_exact,uniform,-1.2,0.95,0.8,8,0.12986018346732905,0.8127471580284134,0.004491393365015965,208,0.9890343472702483
n01_exact,uniform,-1.2,0.95,1.6,1,0.5648247647176395,0.902834573143925,0.004587567707491033,208,0.9965942933228699
n01_exact,uniform,-1.2,0.95,1.6,2,0.5187402700054528,0.902834573143925,0.004587567707491033,208,0.9965942933228699
n01_exact,uniform,-1.2,0.95,1.6,3,0.4512713953142661,0.902834573143925,0.004587567707491033,208,0.9965942933228699
n01_exact,uniform,-1.2,0.95,1.6,4,0.3895041687420035,0.902834573143925,0.004587567707491033,208,0.9965942933228699
n01_exact,uniform,-1.2,0.95,1.6,5,0.3575254297630598,0.902834573143925,0.004587567707491033,208,0.9965942933228699
n01_exact,uniform,-1.2,0.95,1.6,6,0.3288473372912722,0.902834573143925,0.004587567707491033,208,0.9965942933228699
n01_exact,uniform,-1.2,0.95,1.6,7,0.30228968734799777,0.902834573143925,0.004587567707491033,208,0.9965942933228699
n01_exact,uniform,-1.2,0.95,1.6,8,0.28245567439611174,0.902834573143925,0.004587567707491033,208,0.9965942933228699
invariant,uniform,-1.2,0.95,0.05,1,0.06794419166708476,0.40036977149457753,0.005462134311140547,208,1.036290057244685
invariant,uniform,-1.2,0.95,0.05,2,0.02945284085953229,0.40036977149457753,0.005462134311140547,208,1.036290057244685
invariant,uniform,-1.2,0.95,0.05,3,0.012254789383204082,0.40036977149457753,0.005462134311140547,208,1.036290057244685
invariant,uniform,-1.2,0.95,0.05,4,0.0047167184640429195,0.40036977149457753,0.005462134311140547,208,1.036290057244685
invariant,uniform,-1.2,0.95,0.05,5,0.001596641266278298,0.40036977149457753,0.005462134311140547,208,1.036290057244685
invariant,uniform,-1.2,0.95,0.05,6,0.0006505119328146373,0.40036977149457753,0.005462134311140547,208,1.036290057244685
invariant,uniform,-1.2,0.95,0.05,7,0.000295801359702731,0.40036977149457753,0.005462134311140547,208,1.036290057244685
invariant,uniform,-1.2,0.95,0.05,8,0.00012664154366378316,0.40036977149457753,0.005462134311140547,208,1.036290057244685
invariant,uniform,-1.2,0.95,0.1,1,0.1449005940888581,0.5190898840771575,0.00747738515069117,208,1.015214044835385
invariant,uniform,-1.2,0.95,0.1,2,0.06891961358090119,0.5190898840771575,0.00747738515069117,208,1.015214044835385
invariant,uniform,-1.2,0.95,0.1,3,0.03186484136225656,0.5190898840771575,0.00747738515069117,208,1.015214044835385
invariant,uniform,-1.2,0.95,0.1,4,0.01592450252141532,0.5190898840771575,0.00747738515069117,208,1.015214044835385
invariant,uniform,-1.2,0.95,0.1,5,0.009044424080637525,0.5190898840771575,0.00747738515069117,208,1.015214044835385
invariant,uniform,-1.2,0.95,0.1,6,0.004591260396293859,0.5190898840771575,0.00747738515069117,208,1.015214044835385
invariant,uniform,-1.2,0.95,0.1,7,0.0025575905753883587,0.5190898840771575,0.00747738515069117,208,1.015214044835385
invariant,uniform,-1.2,0.95,0.1,8,0.0014503215898427175,0.5190898840771575,0.00747738515069117,208,1.015214044835385
invariant,uniform,-1.2,0.95,0.2,1,0.21947384648566864,0.6376518117777535,0.007225177297892117,208,1.004824104317196
invariant,uniform,-1.2,0.95,0.2,2,0.14328503150292085,0.6376518117777535,0.007225177297892117,208,1.004824104317196
invariant,uniform,-1.2,0.95,0.2,3,0.07781358953735908,0.6376518117777535,0.007225177297892117,208,1.004824104317196
invariant,uniform,-1.2,0.95,0.2,4,0.05683020097763453,0.6376518117777535,0.007225177297892117,208,1.004824104317196
invariant,uniform,-1.2,0.95,0.2,5,0.040301356221463414,0.6376518117777535,0.007225177297892117,208,1.004824104317196
invariant,uniform,-1.2,0.95,0.2,6,0.022116233846346967,0.6376518117777535,0.007225177297892117,208,1.004824104317196
invariant,uniform,-1.2,0.95,0.2,7,0.014637630123229023,0.6376518117777535,0.007225177297892117,208,1.004824104317196
invariant,uniform,-1.2,0.95,0.2,8,0.009110046904716498,0.6376518117777535,0.007225177297892117,208,1.004824104317196
invariant,uniform,-1.2,0.95,0.4,1,0.35920429666941006,0.7369779288075201,0.006654961219544034,208,1.0078710920865959
invariant,uniform,-1.2,0.95,0.4,2,0.23338107469865002,0.7369779288075201,0.006654961219544034,208,1.0078710920865959
invariant,uniform,-1.2,0.95,0.4,3,0.17493886455013458,0.7369779288075201,0.006654961219544034,208,1.0078710920865959
invariant,uniform,-1.2,0.95,0.4,4,0.1403682032272742,0.7369779288075201,0.006654961219544034,208,1.0078710920865959
invariant,uniform,-1.2,0.95,0.4,5,0.10972916373975061,0.7369779288075201,0.006654961219544034,208,1.0078710920865959
invariant,uniform,-1.2,0.95,0.4,6,0.07290998971751345,0.7369779288075201,0.006654961219544034,208,1.0078710920865959
invariant,uniform,-1.2,0.95,0.4,7,0.05365433037093924,0.7369779288075201,0.006654961219544034,208,1.0078710920865959
invariant,uniform,-1.2,0.95,0.4,8,0.03972066891420867,0.7369779288075201,0.006654961219544034,208,1.0078710920865959
invariant,uniform,-1.2,0.95,0.8,1,0.5150572129708418,0.8364430742574415,0.0033992604122381103,208,1.0221972708826477
invariant,uniform,-1.2,0.95,0.8,2,0.4441224816143342,0.8364430742574415,0.0033992604122381103,208,1.0221972708826477
invariant,uniform,-1.2,0.95,0.8,3,0.35081092448861473,0.8364430742574415,0.0033992604122381103,208,1.0221972708826477
invariant,uniform,-1.2,0.95,0.8,4,0.2976942861452088,0.8364430742574415,0.0033992604122381103,208,1.0221972708826477
invariant,uniform,-1.2,0.95,0.8,5,0.2501730813664396,0.8364430742574415,0.0033992604122381103,208,1.0221972708826477
invariant,uniform,-1.2,0.95,0.8,6,0.2189638336968896,0.8364430742574415,0.0033992604122381103,208,1.0221972708826477
invariant,uniform,-1.2,0.95,0.8,7,0.17168553366545497,0.8364430742574415,0.0033992604122381103,208,1.0221972708826477
invariant,uniform,-1.2,0.95,0.8,8,0.14943284216115302,0.8364430742574415,0.0033992604122381103,208,1.0221972708826477
invariant,uniform,-1.2,0.95,1.6,1,0.45810857526116044,0.9132776443242033,0.0019601586800318087,208,1.032804345806915
invariant,uniform,-1.2,0.95,1.6,2,0.4112195001051337,0.9132776443242033,0.0019601586800318087,208,1.032804345806915
invariant,uniform,-1.2,0.95,1.6,3,0.3734978776688787,0.9132776443242033,0.0019601586800318087,208,1.032804345806915
invariant,uniform,-1.2,0.95,1.6,4,0.34505383470406975,0.9132776443242033,0.0019601586800318087,208,1.032804345806915
invariant,uniform,-1.2,0.95,1.6,5,0.3129120862354226,0.9132776443242033,0.0019601586800318087,208,1.032804345806915
invariant,uniform,-1.2,0.95,1.6,6,0.2827614520248365,0.9132776443242033,0.0019601586800318087,208,1.032804345806915
invariant,uniform,-1.2,0.95,1.6,7,0.26878322385309233,0.9132776443242033,0.0019601586800318087,208,1.032804345806915
invariant,uniform,-1.2,0.95,1.6,8,0.23876875348396898,0.9132776443242033,0.0019601586800318087,208,1.032804345806915
n01,gauss_mix_kappa0.6,-0.72,0.95,0.05,1,0.07529451593509547,0.3873079526397419,0.00410443587956492,124,0.9997326324218759
n01,gauss_mix_kappa0.6,-0.72,0.95,0.05,2,0.023515324234927706,0.3873079526397419,0.00410443587956492,124,0.9997326324218759
n01,gauss_mix_kappa0.6,-0.72,0.95,0.05,3,0.010527220378225004,0.3873079526397419,0.00410443587956492,124,0.9997326324218759
n01,gauss_mix_kappa0.6,-0.72,0.95,0.05,4,0.0038812082411619295,0.3873079526397419,0.00410443587956492,124,0.9997326324218759
n01,gauss_mix_kappa0.6,-0.72,0.95,0.05,5,0.001451770426257584,0.3873079526397419,0.00410443587956492,124,0.9997326324218759
n01,gauss_mix_kappa0.6,-0.72,0.95,0.05,6,0.0006037975515011,0.3873079526397419,0.00410443587956492,124,0.9997326324218759
n01,gauss_mix_kappa0.6,-0.72,0.95,0.05,7,0.00023314710806859626,0.3873079526397419,0.00410443587956492,124,0.9997326324218759
n01,gauss_mix_kappa0.6,-0.72,0.95,0.05,8,9.072303608864574e-05,0.3873079526397419,0.00410443587956492,124,0.9997326324218759
n01,gauss_mix_kappa0.6,-0.72,0.95,0.1,1,0.14020735193704104,0.5096419701866037,0.0047418152960176305,124,0.9949321704291728
n01,gauss_mix_kappa0.6,-0.72,0.95,0.1,2,0.06733196840913264,0.5096419701866037,0.0047418152960176305,124,0.9949321704291728
n01,gauss_mix_kappa0.6,-0.72,0.95,0.1,3,0.0322200860866952,0.5096419701866037,0.0047418152960176305,124,0.9949321704291728
n01,gauss_mix_kappa0.6,-0.72,0.95,0.1,4,0.016427808840834595,0.5096419701866037,0.0047418152960176305,124,0.9949321704291728
n01,gauss_mix_kappa0.6,-0.72,0.95,0.1,5,0.008284637170803367,0.5096419701866037,0.0047418152960176305,124,0.9949321704291728
n01,gauss_mix_kappa0.6,-0.72,0.95,0.1,6,0.004353110099996515,0.5096419701866037,0.0047418152960176305,124,0.9949321704291728
n01,gauss_mix_kappa0.6,-0.72,0.95,0.1,7,0.00225699817964803,0.5096419701866037,0.0047418152960176305,124,0.9949321704291728
n01,gauss_mix_kappa0.6,-0.72,0.95,0.1,8,0.0012657389120811116,0.5096419701866037,0.0047418152960176305,124,0.9949321704291728
n01,gauss_mix_kappa0.6,-0.72,0.95,0.2,1,0.24103883449912916,0.6255589481821305,0.005930591457181403,124,0.998030399528702
n01,gauss_mix_kappa0.6,-0.72,0.95,0.2,2,0.13704613788302902,0.6255589481821305,0.005930591457181403,124,0.998030399528702
n01,gauss_mix_kappa0.6,-0.72,0.95,0.2,3,0.08322559936862567,0.6255589481821305,0.005930591457181403,124,0.998030399528702
n01,gauss_mix_kappa0.6,-0.72,0.95,0.2,4,0.05746878772983838,0.6255589481821305,0.005930591457181403,124,0.998030399528702
n01,gauss_mix_kappa0.6,-0.72,0.95,0.2,5,0.0327328164694692,0.6255589481821305,0.005930591457181403,124,0.998030399528702
n01,gauss_mix_kappa0.6,-0.72,0.95,0.2,6,0.02321784194821428,0.6255589481821305,0.005930591457181403,124,0.998030399528702
n01,gauss_mix_kappa0.6,-0.72,0.95,0.2,7,0.0128283533916558,0.6255589481821305,0.005930591457181403,124,0.998030399528702
n01,gauss_mix_kappa0.6,-0.72,0.95,0.2,8,0.008802883520430575,0.6255589481821305,0.005930591457181403,124,0.998030399528702
n01,gauss_mix_kappa0.6,-0.72,0.95,0.4,1,0.3584761670950434,0.7324764869488771,0.008519387067967966,124,1.0107053487249156
n01,gauss_mix_kappa0.6,-0.72,0.95,0.4,2,0.24977141726996718,0.7324764869488771,0.008519387067967966,124,1.0107053487249156
n01,gauss_mix_kappa0.6,-0.72,0.95,0.4,3,0.18739502763599591,0.7324764869488771,0.008519387067967966,124,1.0107053487249156
n01,gauss_mix_kappa0.6,-0.72,0.95,0.4,4,0.1382233844818452,0.7324764869488771,0.008519387067967966,124,1.0107053487249156
n01,gauss_mix_kappa0.6,-0.72,0.95,0.4,5,0.09111699629476008,0.7324764869488771,0.008519387067967966,124,1.0107053487249156
n01,gauss_mix_kappa0.6,-0.72,0.95,0.4,6,0.0642480608732165,0.7324764869488771,0.008519387067967966,124,1.0107053487249156
n01,gauss_mix_kappa0.6,-0.72,0.95,0.4,7,0.053818775058481705,0.7324764869488771,0.008519387067967966,124,1.0107053487249156
n01,gauss_mix_kappa0.6,-0.72,0.95,0.4,8,0.042976434888984595,0.7324764869488771,0.008519387067967966,124,1.0107053487249156
n01,gauss_mix_kappa0.6,-0.72,0.95,0.8,1,0.5714649261631317,0.8144385020972305,0.005622978635794592,124,0.97592267462388
n01,gauss_mix_kappa0.6,-0.72,0.95,0.8,2,0.44179998153540045,0.8144385020972305,0.005622978635794592,124,0.97592267462388
n01,gauss_mix_kappa0.6,-0.72,0.95,0.8,3,0.3473279013439606,0.8144385020972305,0.005622978635794592,124,0.97592267462388
n01,gauss_mix_kappa0.6,-0.72,0.95,0.8,4,0.2774777956963456,0.8144385020972305,0.005622978635794592,124,0.97592267462388
n01,gauss_mix_kappa0.6,-0.72,0.95,0.8,5,0.24215415058904569,0.8144385020972305,0.005622978635794592,124,0.97592267462388
n01,gauss_mix_kappa0.6,-0.72,0.95,0.8,6,0.1908212428584845,0.8144385020972305,0.005622978635794592,124,0.97592267462388
n01,gauss_mix_kappa0.6,-0.72,0.95,0.8,7,0.15314324928176648,0.8144385020972305,0.005622978635794592,124,0.97592267462388
n01,gauss_mix_kappa0.6,-0.72,0.95,0.8,8,0.13673412109746563,0.8144385020972305,0.005622978635794592,124,0.97592267462388
n01,gauss_mix_kappa0.6,-0.72,0.95,1.6,1,0.5720286082485646,0.8885045593975052,0.0040667037289516626,124,0.9731605208655009
n01,gauss_mix_kappa0.6,-0.72,0.95,1.6,2,0.547665779207732,0.8885045593975052,0.0040667037289516626,124,0.9731605208655009
n01,gauss_mix_kappa0.6,-0.72,0.95,1.6,3,0.4623104036313423,0.8885045593975052,0.0040667037289516626,124,0.9731605208655009
n01,gauss_mix_kappa0.6,-0.72,0.95,1.6,4,0.4173163551619192,0.8885045593975052,0.0040667037289516626,124,0.9731605208655009
n01,gauss_mix_kappa0.6,-0.72,0.95,1.6,5,0.3856423268925158,0.8885045593975052,0.0040667037289516626,124,0.9731605208655009
n01,gauss_mix_kappa0.6,-0.72,0.95,1.6,6,0.3294125448166071,0.8885045593975052,0.0040667037289516626,124,0.9731605208655009
n01,gauss_mix_kappa0.6,-0.72,0.95,1.6,7,0.2853661251744156,0.8885045593975052,0.0040667037289516626,124,0.9731605208655009
n01,gauss_mix_kappa0.6,-0.72,0.95,1.6,8,0.257951210334269,0.8885045593975052,0.0040667037289516626,124,0.9731605208655009
n01_exact,gauss_mix_kappa0.6,-0.72,0.95,0.05,1,0.07496841786285026,0.3823161730239848,0.0038705936885740574,124,1.007871656272109
n01_exact,gauss_mix_kappa0.6,-0.72,0.95,0.05,2,0.03131536598871364,0.3823161730239848,0.0038705936885740574,124,1.007871656272109
n01_exact,gauss_mix_kappa0.6,-0.72,0.95,0.05,3,0.010033360995943968,0.3823161730239848,0.0038705936885740574,124,1.007871656272109
n01_exact,gauss_mix_kappa0.6,-0.72,0.95,0.05,4,0.004136306093249798,0.3823161730239848,0.0038705936885740574,124,1.007871656272109
n01_exact,gauss_mix_kappa0.6,-0.72,0.95,0.05,5,0.0016851872959421485,0.3823161730239848,0.0038705936885740574,124,1.007871656272109
n01_exact,gauss_mix_kappa0.6,-0.72,0.95,0.05,6,0.0006478730665214267,0.3823161730239848,0.0038705936885740574,124,1.007871656272109
n01_exact,gauss_mix_kappa0.6,-0.72,0.95,0.05,7,0.0002478771820150411,0.3823161730239848,0.0038705936885740574,124,1.007871656272109
n01_exact,gauss_mix_kappa0.6,-0.72,0.95,0.05,8,8.52564708486168e-05,0.3823161730239848,0.0038705936885740574,124,1.007871656272109
n01_exact,gauss_mix_kappa0.6,-0.72,0.95,0.1,1,0.14129343692757124,0.5077229514903148,0.005013333706412256,124,1.0122174508280983
n01_exact,gauss_mix_kappa0.6,-0.72,0.95,0.1,2,0.06796165249888902,0.5077229514903148,0.005013333706412256,124,1.0122174508280983
n01_exact,gauss_mix_kappa0.6,-0.72,0.95,0.1,3,0.032040439773727294,0.5077229514903148,0.005013333706412256,124,1.0122174508280983
n01_exact,gauss_mix_kappa0.6,-0.72,0.95,0.1,4,0.018102721372383397,0.5077229514903148,0.005013333706412256,124,1.0122174508280983
n01_exact,gauss_mix_kappa0.6,-0.72,0.95,0.1,5,0.009394665588867092,0.5077229514903148,0.005013333706412256,124,1.0122174508280983
n01_exact,gauss_mix_kappa0.6,-0.72,0.95,0.1,6,0.004458714314025828,0.5077229514903148,0.005013333706412256,124,1.0122174508280983
n01_exact,gauss_mix_kappa0.6,-0.72,0.95,0.1,7,0.0025455147649614267,0.5077229514903148,0.005013333706412256,124,1.0122174508280983
n01_exact,gauss_mix_kappa0.6,-0.72,0.95,0.1,8,0.0011074523516506928,0.5077229514903148,0.005013333706412256,124,1.0122174508280983
n01_exact,gauss_mix_kappa0.6,-0.72,0.95,0.2,1,0.21813052237174677,0.6343564673282891,0.003316956378166806,124,1.0147827808914751
n01_exact,gauss_mix_kappa0.6,-0.72,0.95,0.2,2,0.14532975834136153,0.6343564673282891,0.003316956378166806,124,1.0147827808914751
n01_exact,gauss_mix_kappa0.6,-0.72,0.95,0.2,3,0.08616731106465937,0.6343564673282891,0.003316956378166806,124,1.0147827808914751
n01_exact,gauss_mix_kappa0.6,-0.72,0.95,0.2,4,0.056919064661278156,0.6343564673282891,0.003316956378166806,124,1.0147827808914751
n01_exact,gauss_mix_kappa0.6,-0.72,0.95,0.2,5,0.03617027020868618,0.6343564673282891,0.003316956378166806,124,1.0147827808914751
n01_exact,gauss_mix_kappa0.6,-0.72,0.95,0.2,6,0.023639924676628753,0.6343564673282891,0.003316956378166806,124,1.0147827808914751
n01_exact,gauss_mix_kappa0.6,-0.72,0.95,0.2,7,0.014879087510839504,0.6343564673282891,0.003316956378166806,124,1.0147827808914751
n01_exact,gauss_mix_kappa0.6,-0.72,0.95,0.2,8,0.008761084086660242,0.6343564673282891,0.003316956378166806,124,1.0147827808914751
n01_exact,gauss_mix_kappa0.6,-0.72,0.95,0.4,1,0.382000534010542,0.7346740888204856,0.006342555964743264,124,1.0040455982671335
n01_exact,gauss_mix_kappa0.6,-0.72,0.95,0.4,2,0.2449538771214201,0.7346740888204856,0.006342555964743264,124,1.0040455982671335
n01_exact,gauss_mix_kappa0.6,-0.72,0.95,0.4,3,0.17721578966962395,0.7346740888204856,0.006342555964743264,124,1.0040455982671335
n01_exact,gauss_mix_kappa0.6,-0.72,0.95,0.4,4,0.1378894261246388,0.7346740888204856,0.006342555964743264,124,1.0040455982671335
n01_exact,gauss_mix_kappa0.6,-0.72,0.95,0.4,5,0.1083872865190988,0.7346740888204856,0.006342555964743264,124,1.0040455982671335
n01_exact,gauss_mix_kappa0.6,-0.72,0.95,0.4,6,0.07696290602251,0.7346740888204856,0.006342555964743264,124,1.0040455982671335
n01_exact,gauss_mix_kappa0.6,-0.72,0.95,0.4,7,0.05638257226751509,0.7346740888204856,0.006342555964743264,124,1.0040455982671335
n01_exact,gauss_mix_kappa0.6,-0.72,0.95,0.4,8,0.039906653560098926,0.7346740888204856,0.006342555964743264,124,1.0040455982671335
n01_exact,gauss_mix_kappa0.6,-0.72,0.95,0.8,1,0.5909397332163596,0.8192093578035178,0.006008166698672928,124,0.9968982167078292
n01_exact,gauss_mix_kappa0.6,-0.72,0.95,0.8,2,0.44345029832322796,0.8192093578035178,0.006008166698672928,124,0.9968982167078292
n01_exact,gauss_mix_kappa0.6,-0.72,0.95,0.8,3,0.35007271048274874,0.8192093578035178,0.006008166698672928,124,0.9968982167078292
n01_exact,gauss_mix_kappa0.6,-0.72,0.95,0.8,4,0.2924369648544952,0.8192093578035178,0.006008166698672928,124,0.9968982167078292
n01_exact,gauss_mix_kappa0.6,-0.72,0.95,0.8,5,0.23832698524524,0.8192093578035178,0.006008166698672928,124,0.9968982167078292
n01_exact,gauss_mix_kappa0.6,-0.72,0.95,0.8,6,0.19679060954600616,0.8192093578035178,0.006008166698672928,124,0.9968982167078292
n01_exact,gauss_mix_kappa0.6,-0.72,0.95,0.8,7,0.16803669951095607,0.8192093578035178,0.006008166698672928,124,0.9968982167078292
n01_exact,gauss_mix_kappa0.6,-0.72,0.95,0.8,8,0.14230303217228896,0.8192093578035178,0.006008166698672928,124,0.9968982167078292
n01_exact,gauss_mix_kappa0.6,-0.72,0.95,1.6,1,0.5590656788116491,0.9068876543261858,0.00436651058774521,124,1.0010682885560713
n01_exact,gauss_mix_kappa0.6,-0.72,0.95,1.6,2,0.4910334589743948,0.9068876543261858,0.00436651058774521,124,1.0010682885560713
n01_exact,gauss_mix_kappa0.6,-0.72,0.95,1.6,3,0.44155198741870716,0.9068876543261858,0.00436651058774521,124,1.0010682885560713
n01_exact,gauss_mix_kappa0.6,-0.72,0.95,1.6,4,0.38489209403495617,0.9068876543261858,0.00436651058774521,124,1.0010682885560713
n01_exact,gauss_mix_kappa0.6,-0.72,0.95,1.6,5,0.3800054141813524,0.9068876543261858,0.00436651058774521,124,1.0010682885560713
n01_exact,gauss_mix_kappa0.6,-0.72,0.95,1.6,6,0.34012501827418834,0.9068876543261858,0.00436651058774521,124,1.0010682885560713
n01_exact,gauss_mix_kappa0.6,-0.72,0.95,1.6,7,0.30907772462794514,0.9068876543261858,0.00436651058774521,124,1.0010682885560713
n01_exact,gauss_mix_kappa0.6,-0.72,0.95,1.6,8,0.26982087855433556,0.9068876543261858,0.00436651058774521,124,1.0010682885560713
invariant,gauss_mix_kappa0.6,-0.72,0.95,0.05,1,0.07327777172614848,0.3938731529952732,0.005208315671794524,124,1.0194746489999291
invariant,gauss_mix_kappa0.6,-0.72,0.95,0.05,2,0.025061293265770935,0.3938731529952732,0.005208315671794524,124,1.0194746489999291
invariant,gauss_mix_kappa0.6,-0.72,0.95,0.05,3,0.01008543097074653,0.3938731529952732,0.005208315671794524,124,1.0194746489999291
invariant,gauss_mix_kappa0.6,-0.72,0.95,0.05,4,0.004597985887225456,0.3938731529952732,0.005208315671794524,124,1.0194746489999291
invariant,gauss_mix_kappa0.6,-0.72,0.95,0.05,5,0.0019009498812058148,0.3938731529952732,0.005208315671794524,124,1.0194746489999291
invariant,gauss_mix_kappa0.6,-0.72,0.95,0.05,6,0.0006999365063599201,0.3938731529952732,0.005208315671794524,124,1.0194746489999291
invariant,gauss_mix_kappa0.6,-0.72,0.95,0.05,7,0.0002487269263304971,0.3938731529952732,0.005208315671794524,124,1.0194746489999291
invariant,gauss_mix_kappa0.6,-0.72,0.95,0.05,8,9.806665272242122e-05,0.3938731529952732,0.005208315671794524,124,1.0194746489999291
invariant,gauss_mix_kappa0.6,-0.72,0.95,0.1,1,0.12280758385879342,0.5127331875571911,0.0032307161541012056,124,1.0027818865834495
invariant,gauss_mix_kappa0.6,-0.72,0.95,0.1,2,0.068933402580382,0.5127331875571911,0.0032307161541012056,124,1.0027818865834495
invariant,gauss_mix_kappa0.6,-0.72,0.95,0.1,3,0.035412109034307734,0.5127331875571911,0.0032307161541012056,124,1.0027818865834495
invariant,gauss_mix_kappa0.6,-0.72,0.95,0.1,4,0.0180724057966978,0.5127331875571911,0.0032307161541012056,124,1.0027818865834495
invariant,gauss_mix_kappa0.6,-0.72,0.95,0.1,5,0.009487451137045537,0.5127331875571911,0.0032307161541012056,124,1.0027818865834495
invariant,gauss_mix_kappa0.6,-0.72,0.95,0.1,6,0.00448403133572138,0.5127331875571911,0.0032307161541012056,124,1.0027818865834495
invariant,gauss_mix_kappa0.6,-0.72,0.95,0.1,7,0.0023759401711763444,0.5127331875571911,0.0032307161541012056,124,1.0027818865834495
invariant,gauss_mix_kappa0.6,-0.72,0.95,0.1,8,0.0011946729791963377,0.5127331875571911,0.0032307161541012056,124,1.0027818865834495
invariant,gauss_mix_kappa0.6,-0.72,0.95,0.2,1,0.2073880280244217,0.6233595833558985,0.009602103855150344,124,0.9823021333019348
invariant,gauss_mix_kappa0.6,-0.72,0.95,0.2,2,0.14699109026747337,0.6233595833558985,0.009602103855150344,124,0.9823021333019348
invariant,gauss_mix_kappa0.6,-0.72,0.95,0.2,3,0.10136894994990203,0.6233595833558985,0.009602103855150344,124,0.9823021333019348
invariant,gauss_mix_kappa0.6,-0.72,0.95,0.2,4,0.06290626357853989,0.6233595833558985,0.009602103855150344,124,0.9823021333019348
invariant,gauss_mix_kappa0.6,-0.72,0.95,0.2,5,0.038313505179389445,0.6233595833558985,0.009602103855150344,124,0.9823021333019348
invariant,gauss_mix_kappa0.6,-0.72,0.95,0.2,6,0.01940560530327659,0.6233595833558985,0.009602103855150344,124,0.9823021333019348
invariant,gauss_mix_kappa0.6,-0.72,0.95,0.2,7,0.013612831018846711,0.6233595833558985,0.009602103855150344,124,0.9823021333019348
invariant,gauss_mix_kappa0.6,-0.72,0.95,0.2,8,0.008515636037166539,0.6233595833558985,0.009602103855150344,124,0.9823021333019348
invariant,gauss_mix_kappa0.6,-0.72,0.95,0.4,1,0.3444375199790143,0.7319580096164314,0.002220617418779557,124,1.001005986308604
invariant,gauss_mix_kappa0.6,-0.72,0.95,0.4,2,0.2645028363897052,0.7319580096164314,0.002220617418779557,124,1.001005986308604
invariant,gauss_mix_kappa0.6,-0.72,0.95,0.4,3,0.1890714783797058,0.7319580096164314,0.002220617418779557,124,1.001005986308604
invariant,gauss_mix_kappa0.6,-0.72,0.95,0.4,4,0.13875808743483317,0.7319580096164314,0.002220617418779557,124,1.001005986308604
invariant,gauss_mix_kappa0.6,-0.72,0.95,0.4,5,0.10254357148646567,0.7319580096164314,0.002220617418779557,124,1.001005986308604
invariant,gauss_mix_kappa0.6,-0.72,0.95,0.4,6,0.07249597619583202,0.7319580096164314,0.002220617418779557,124,1.001005986308604
invariant,gauss_mix_kappa0.6,-0.72,0.95,0.4,7,0.05329208002495194,0.7319580096164314,0.002220617418779557,124,1.001005986308604
invariant,gauss_mix_kappa0.6,-0.72,0.95,0.4,8,0.040281451439860214,0.7319580096164314,0.002220617418779557,124,1.001005986308604
invariant,gauss_mix_kappa0.6,-0.72,0.95,0.8,1,0.5725827156387114,0.8072069915028612,0.0035266422852782953,124,0.9864685465704022
invariant,gauss_mix_kappa0.6,-0.72,0.95,0.8,2,0.44340328297489356,0.8072069915028612,0.0035266422852782953,124,0.9864685465704022
invariant,gauss_mix_kappa0.6,-0.72,0.95,0.8,3,0.3775496953842454,0.8072069915028612,0.0035266422852782953,124,0.9864685465704022
invariant,gauss_mix_kappa0.6,-0.72,0.95,0.8,4,0.2982355063569333,0.8072069915028612,0.0035266422852782953,124,0.9864685465704022
invariant,gauss_mix_kappa0.6,-0.72,0.95,0.8,5,0.22971611947190557,0.8072069915028612,0.0035266422852782953,124,0.9864685465704022
invariant,gauss_mix_kappa0.6,-0.72,0.95,0.8,6,0.1897969489728194,0.8072069915028612,0.0035266422852782953,124,0.9864685465704022
invariant,gauss_mix_kappa0.6,-0.72,0.95,0.8,7,0.15410944835346524,0.8072069915028612,0.0035266422852782953,124,0.9864685465704022
invariant,gauss_mix_kappa0.6,-0.72,0.95,0.8,8,0.12992594727698667,0.8072069915028612,0.0035266422852782953,124,0.9864685465704022
invariant,gauss_mix_kappa0.6,-0.72,0.95,1.6,1,0.5483127164335244,0.911640045833095,0.005129646965669857,124,1.0309524239419545
invariant,gauss_mix_kappa0.6,-0.72,0.95,1.6,2,0.47240924874049245,0.911640045833095,0.005129646965669857,124,1.0309524239419545
invariant,gauss_mix_kappa0.6,-0.72,0.95,1.6,3,0.4045308329174399,0.911640045833095,0.005129646965669857,124,1.0309524239419545
invariant,gauss_mix_kappa0.6,-0.72,0.95,1.6,4,0.38963140814694625,0.911640045833095,0.005129646965669857,124,1.0309524239419545
invariant,gauss_mix_kappa0.6,-0.72,0.95,1.6,5,0.352509836369975,0.911640045833095,0.005129646965669857,124,1.0309524239419545
invariant,gauss_mix_kappa0.6,-0.72,0.95,1.6,6,0.3305970680892384,0.911640045833095,0.005129646965669857,124,1.0309524239419545
invariant,gauss_mix_kappa0.6,-0.72,0.95,1.6,7,0.3018025374219483,0.911640045833095,0.005129646965669857,124,1.0309524239419545
invariant,gauss_mix_kappa0.6,-0.72,0.95,1.6,8,0.2752219507823727,0.911640045833095,0.005129646965669857,124,1.0309524239419545
n01,gauss_mix_kappa0.9,-1.62,0.95,0.05,1,0.07208824421986743,0.47136271550294684,0.00945966938896825,128,1.216697682512112
n01,gauss_mix_kappa0.9,-1.62,0.95,0.05,2,0.034222278994047936,0.47136271550294684,0.00945966938896825,128,1.216697682512112
n01,gauss_mix_kappa0.9,-1.62,0.95,0.05,3,0.015061218910070584,0.47136271550294684,0.00945966938896825,128,1.216697682512112
n01,gauss_mix_kappa0.9,-1.62,0.95,0.05,4,0.005714048013956988,0.47136271550294684,0.00945966938896825,128,1.216697682512112
n01,gauss_mix_kappa0.9,-1.62,0.95,0.05,5,0.0036633838530367707,0.47136271550294684,0.00945966938896825,128,1.216697682512112
n01,gauss_mix_kappa0.9,-1.62,0.95,0.05,6,0.0013957325532732289,0.47136271550294684,0.00945966938896825,128,1.216697682512112
n01,gauss_mix_kappa0.9,-1.62,0.95,0.05,7,0.0007159432082621056,0.47136271550294684,0.00945966938896825,128,1.216697682512112
n01,gauss_mix_kappa0.9,-1.62,0.95,0.05,8,0.00040554550993725897,0.47136271550294684,0.00945966938896825,128,1.216697682512112
n01,gauss_mix_kappa0.9,-1.62,0.95,0.1,1,0.12755148366047614,0.535948727267269,0.0066532609492833275,128,1.0462886921646886
n01,gauss_mix_kappa0.9,-1.62,0.95,0.1,2,0.05979145409602798,0.535948727267269,0.0066532609492833275,128,1.0462886921646886
n01,gauss_mix_kappa0.9,-1.62,0.95,0.1,3,0.039192060598744416,0.535948727267269,0.0066532609492833275,128,1.0462886921646886
n01,gauss_mix_kappa0.9,-1.62,0.95,0.1,4,0.01870991947727182,0.535948727267269,0.0066532609492833275,128,1.0462886921646886
n01,gauss_mix_kappa0.9,-1.62,0.95,0.1,5,0.011593106541456023,0.535948727267269,0.0066532609492833275,128,1.0462886921646886
n01,gauss_mix_kappa0.9,-1.62,0.95,0.1,6,0.0057151369315785435,0.535948727267269,0.0066532609492833275,128,1.0462886921646886
n01,gauss_mix_kappa0.9,-1.62,0.95,0.1,7,0.002845980520717564,0.535948727267269,0.0066532609492833275,128,1.0462886921646886
n01,gauss_mix_kappa0.9,-1.62,0.95,0.1,8,0.0015409772131681526,0.535948727267269,0.0066532609492833275,128,1.0462886921646886
n01,gauss_mix_kappa0.9,-1.62,0.95,0.2,1,0.20938446284653522,0.6306062266066215,0.006820023231349587,128,1.0060829376902385
n01,gauss_mix_kappa0.9,-1.62,0.95,0.2,2,0.142623551216713,0.6306062266066215,0.006820023231349587,128,1.0060829376902385
n01,gauss_mix_kappa0.9,-1.62,0.95,0.2,3,0.07752442735407157,0.6306062266066215,0.006820023231349587,128,1.0060829376902385
n01,gauss_mix_kappa0.9,-1.62,0.95,0.2,4,0.05928872123179043,0.6306062266066215,0.006820023231349587,128,1.0060829376902385
n01,gauss_mix_kappa0.9,-1.62,0.95,0.2,5,0.03399314470177741,0.6306062266066215,0.006820023231349587,128,1.0060829376902385
n01,gauss_mix_kappa0.9,-1.62,0.95,0.2,6,0.020228443368151567,0.6306062266066215,0.006820023231349587,128,1.0060829376902385
n01,gauss_mix_kappa0.9,-1.62,0.95,0.2,7,0.012844300437222992,0.6306062266066215,0.006820023231349587,128,1.0060829376902385
n01,gauss_mix_kappa0.9,-1.62,0.95,0.2,8,0.008899963438074403,0.6306062266066215,0.006820023231349587,128,1.0060829376902385
n01,gauss_mix_kappa0.9,-1.62,0.95,0.4,1,0.36758242031947075,0.7306805881956229,0.00459753361548402,128,1.0082272835473651
n01,gauss_mix_kappa0.9,-1.62,0.95,0.4,2,0.26188467122375636,0.7306805881956229,0.00459753361548402,128,1.0082272835473651
n01,gauss_mix_kappa0.9,-1.62,0.95,0.4,3,0.1954465910618505,0.7306805881956229,0.00459753361548402,128,1.0082272835473651
n01,gauss_mix_kappa0.9,-1.62,0.95,0.4,4,0.1280400717172719,0.7306805881956229,0.00459753361548402,128,1.0082272835473651
n01,gauss_mix_kappa0.9,-1.62,0.95,0.4,5,0.1052647003137408,0.7306805881956229,0.00459753361548402,128,1.0082272835473651
n01,gauss_mix_kappa0.9,-1.62,0.95,0.4,6,0.07568826616893118,0.7306805881956229,0.00459753361548402,128,1.0082272835473651
n01,gauss_mix_kappa0.9,-1.62,0.95,0.4,7,0.05481581651911428,0.7306805881956229,0.00459753361548402,128,1.0082272835473651
n01,gauss_mix_kappa0.9,-1.62,0.95,0.4,8,0.04017487478059746,0.7306805881956229,0.00459753361548402,128,1.0082272835473651
n01,gauss_mix_kappa0.9,-1.62,0.95,0.8,1,0.512535966513382,0.8268368037233613,0.003939906734038848,128,0.9907792704903691
n01,gauss_mix_kappa0.9,-1.62,0.95,0.8,2,0.3970499959839494,0.8268368037233613,0.003939906734038848,128,0.9907792704903691
n01,gauss_mix_kappa0.9,-1.62,0.95,0.8,3,0.3251193149402955,0.8268368037233613,0.003939906734038848,128,0.9907792704903691
n01,gauss_mix_kappa0.9,-1.62,0.95,0.8,4,0.2735556385161909,0.8268368037233613,0.003939906734038848,128,0.9907792704903691
n01,gauss_mix_kappa0.9,-1.62,0.95,0.8,5,0.2268857570270901,0.8268368037233613,0.003939906734038848,128,0.9907792704903691
n01,gauss_mix_kappa0.9,-1.62,0.95,0.8,6,0.1830642804361225,0.8268368037233613,0.003939906734038848,128,0.9907792704903691
n01,gauss_mix_kappa0.9,-1.62,0.95,0.8,7,0.15621937121015,0.8268368037233613,0.003939906734038848,128,0.9907792704903691
n01,gauss_mix_kappa0.9,-1.62,0.95,0.8,8,0.13385494978700058,0.8268368037233613,0.003939906734038848,128,0.9907792704903691
n01,gauss_mix_kappa0.9,-1.62,0.95,1.6,1,0.5192385996022563,0.8828098208212822,0.0059615681091593885,128,0.9669231924236661
n01,gauss_mix_kappa0.9,-1.62,0.95,1.6,2,0.48129915391962935,0.8828098208212822,0.0059615681091593885,128,0.9669231924236661
n01,gauss_mix_kappa0.9,-1.62,0.95,1.6,3,0.4286982242597264,0.8828098208212822,0.0059615681091593885,128,0.9669231924236661
n01,gauss_mix_kappa0.9,-1.62,0.95,1.6,4,0.3885512956542288,0.8828098208212822,0.0059615681091593885,128,0.9669231924236661
n01,gauss_mix_kappa0.9,-1.62,0.95,1.6,5,0.34085965706573274,0.8828098208212822,0.0059615681091593885,128,0.9669231924236661
n01,gauss_mix_kappa0.9,-1.62,0.95,1.6,6,0.3079515711447259,0.8828098208212822,0.0059615681091593885,128,0.9669231924236661
n01,gauss_mix_kappa0.9,-1.62,0.95,1.6,7,0.24276249549591875,0.8828098208212822,0.0059615681091593885,128,0.9669231924236661
n01,gauss_mix_kappa0.9,-1.62,0.95,1.6,8,0.2227305073456676,0.8828098208212822,0.0059615681091593885,128,0.9669231924236661
n01_exact,gauss_mix_kappa0.9,-1.62,0.95,0.05,1,0.08113376923364053,0.5234757070106559,0.015681159238117356,128,1.3800000237236734
n01_exact,gauss_mix_kappa0.9,-1.62,0.95,0.05,2,0.03350357301188303,0.5234757070106559,0.015681159238117356,128,1.3800000237236734
n01_exact,gauss_mix_kappa0.9,-1.62,0.95,0.05,3,0.015015756115162973,0.5234757070106559,0.015681159238117356,128,1.3800000237236734
n01_exact,gauss_mix_kappa0.9,-1.62,0.95,0.05,4,0.006942169578453021,0.5234757070106559,0.015681159238117356,128,1.3800000237236734
n01_exact,gauss_mix_kappa0.9,-1.62,0.95,0.05,5,0.004018358575732442,0.5234757070106559,0.015681159238117356,128,1.3800000237236734
n01_exact,gauss_mix_kappa0.9,-1.62,0.95,0.05,6,0.0028635290846182574,0.5234757070106559,0.015681159238117356,128,1.3800000237236734
n01_exact,gauss_mix_kappa0.9,-1.62,0.95,0.05,7,0.0012486777763271218,0.5234757070106559,0.015681159238117356,128,1.3800000237236734
n01_exact,gauss_mix_kappa0.9,-1.62,0.95,0.05,8,0.000792060198714446,0.5234757070106559,0.015681159238117356,128,1.3800000237236734
n01_exact,gauss_mix_kappa0.9,-1.62,0.95,0.1,1,0.12807789183674848,0.5375087032265101,0.00575305159307538,128,1.0715995559799576
n01_exact,gauss_mix_kappa0.9,-1.62,0.95,0.1,2,0.0672045128448359,0.5375087032265101,0.00575305159307538,128,1.0715995559799576
n01_exact,gauss_mix_kappa0.9,-1.62,0.95,0.1,3,0.036832532681828796,0.5375087032265101,0.00575305159307538,128,1.0715995559799576
n01_exact,gauss_mix_kappa0.9,-1.62,0.95,0.1,4,0.020576105851588474,0.5375087032265101,0.00575305159307538,128,1.0715995559799576
n01_exact,gauss_mix_kappa0.9,-1.62,0.95,0.1,5,0.010666734289407712,0.5375087032265101,0.00575305159307538,128,1.0715995559799576
n01_exact,gauss_mix_kappa0.9,-1.62,0.95,0.1,6,0.005597467276365401,0.5375087032265101,0.00575305159307538,128,1.0715995559799576
n01_exact,gauss_mix_kappa0.9,-1.62,0.95,0.1,7,0.002699087100410593,0.5375087032265101,0.00575305159307538,128,1.0715995559799576
n01_exact,gauss_mix_kappa0.9,-1.62,0.95,0.1,8,0.001823092363621015,0.5375087032265101,0.00575305159307538,128,1.0715995559799576
n01_exact,gauss_mix_kappa0.9,-1.62,0.95,0.2,1,0.23460280420376295,0.6332162473241042,0.00410709525832631,128,1.0129587660255936
n01_exact,gauss_mix_kappa0.9,-1.62,0.95,0.2,2,0.15179596514638016,0.6332162473241042,0.00410709525832631,128,1.0129587660255936
n01_exact,gauss_mix_kappa0.9,-1.62,0.95,0.2,3,0.08973115548566488,0.6332162473241042,0.00410709525832631,128,1.0129587660255936
n01_exact,gauss_mix_kappa0.9,-1.62,0.95,0.2,4,0.053871088706408075,0.6332162473241042,0.00410709525832631,128,1.0129587660255936
n01_exact,gauss_mix_kappa0.9,-1.62,0.95,0.2,5,0.03741644447715847,0.6332162473241042,0.00410709525832631,128,1.0129587660255936
n01_exact,gauss_mix_kappa0.9,-1.62,0.95,0.2,6,0.02303569242379451,0.6332162473241042,0.00410709525832631,128,1.0129587660255936
n01_exact,gauss_mix_kappa0.9,-1.62,0.95,0.2,7,0.015222439843806257,0.6332162473241042,0.00410709525832631,128,1.0129587660255936
n01_exact,gauss_mix_kappa0.9,-1.62,0.95,0.2,8,0.009507622702658371,0.6332162473241042,0.00410709525832631,128,1.0129587660255936
n01_exact,gauss_mix_kappa0.9,-1.62,0.95,0.4,1,0.37946673482359783,0.7333796804625397,0.010390945387012674,128,1.0022765893502104
n01_exact,gauss_mix_kappa0.9,-1.62,0.95,0.4,2,0.26013519903932625,0.7333796804625397,0.010390945387012674,128,1.0022765893502104
n01_exact,gauss_mix_kappa0.9,-1.62,0.95,0.4,3,0.16882956364279167,0.7333796804625397,0.010390945387012674,128,1.0022765893502104
n01_exact,gauss_mix_kappa0.9,-1.62,0.95,0.4,4,0.1305417531966031,0.7333796804625397,0.010390945387012674,128,1.0022765893502104
n01_exact,gauss_mix_kappa0.9,-1.62,0.95,0.4,5,0.09022482261268339,0.7333796804625397,0.010390945387012674,128,1.0022765893502104
n01_exact,gauss_mix_kappa0.9,-1.62,0.95,0.4,6,0.06621264326811467,0.7333796804625397,0.010390945387012674,128,1.0022765893502104
n01_exact,gauss_mix_kappa0.9,-1.62,0.95,0.4,7,0.05701307756736084,0.7333796804625397,0.010390945387012674,128,1.0022765893502104
n01_exact,gauss_mix_kappa0.9,-1.62,0.95,0.4,8,0.04276909745288935,0.7333796804625397,0.010390945387012674,128,1.0022765893502104
n01_exact,gauss_mix_kappa0.9,-1.62,0.95,0.8,1,0.5647543969496248,0.8241454535680993,0.013620929634084117,128,1.0029049657986893
n01_exact,gauss_mix_kappa0.9,-1.62,0.95,0.8,2,0.40325802923955734,0.8241454535680993,0.013620929634084117,128,1.0029049657986893
n01_exact,gauss_mix_kappa0.9,-1.62,0.95,0.8,3,0.3167534686112207,0.8241454535680993,0.013620929634084117,128,1.0029049657986893
n01_exact,gauss_mix_kappa0.9,-1.62,0.95,0.8,4,0.24451345107209796,0.8241454535680993,0.013620929634084117,128,1.0029049657986893
n01_exact,gauss_mix_kappa0.9,-1.62,0.95,0.8,5,0.1954799333601284,0.8241454535680993,0.013620929634084117,128,1.0029049657986893
n01_exact,gauss_mix_kappa0.9,-1.62,0.95,0.8,6,0.1830172631706289,0.8241454535680993,0.013620929634084117,128,1.0029049657986893
n01_exact,gauss_mix_kappa0.9,-1.62,0.95,0.8,7,0.1654825538013667,0.8241454535680993,0.013620929634084117,128,1.0029049657986893
n01_exact,gauss_mix_kappa0.9,-1.62,0.95,0.8,8,0.13683519793821405,0.8241454535680993,0.013620929634084117,128,1.0029049657986893
n01_exact,gauss_mix_kappa0.9,-1.62,0.95,1.6,1,0.5290218167006389,0.897191975881181,0.00378836073841331,128,0.9903657101484489
n01_exact,gauss_mix_kappa0.9,-1.62,0.95,1.6,2,0.49329150603711736,0.897191975881181,0.00378836073841331,128,0.9903657101484489
n01_exact,gauss_mix_kappa0.9,-1.62,0.95,1.6,3,0.4257695175393785,0.897191975881181,0.00378836073841331,128,0.9903657101484489
n01_exact,gauss_mix_kappa0.9,-1.62,0.95,1.6,4,0.40507462933054234,0.897191975881181,0.00378836073841331,128,0.9903657101484489
n01_exact,gauss_mix_kappa0.9,-1.62,0.95,1.6,5,0.3629460034792286,0.897191975881181,0.00378836073841331,128,0.9903657101484489
n01_exact,gauss_mix_kappa0.9,-1.62,0.95,1.6,6,0.3156972235296977,0.897191975881181,0.00378836073841331,128,0.9903657101484489
n01_exact,gauss_mix_kappa0.9,-1.62,0.95,1.6,7,0.274700071988523,0.897191975881181,0.00378836073841331,128,0.9903657101484489
n01_exact,gauss_mix_kappa0.9,-1.62,0.95,1.6,8,0.2524573237218086,0.897191975881181,0.00378836073841331,128,0.9903657101484489
invariant,gauss_mix_kappa0.9,-1.62,0.95,0.05,1,0.0716999825294279,0.512640449633677,0.014954157647309133,128,1.326883892641778
invariant,gauss_mix_kappa0.9,-1.62,0.95,0.05,2,0.02503599817841349,0.512640449633677,0.014954157647309133,128,1.326883892641778
invariant,gauss_mix_kappa0.9,-1.62,0.95,0.05,3,0.011951080663202884,0.512640449633677,0.014954157647309133,128,1.326883892641778
invariant,gauss_mix_kappa0.9,-1.62,0.95,0.05,4,0.006925341776612455,0.512640449633677,0.014954157647309133,128,1.326883892641778
invariant,gauss_mix_kappa0.9,-1.62,0.95,0.05,5,0.0035119643245342213,0.512640449633677,0.014954157647309133,128,1.326883892641778
invariant,gauss_mix_kappa0.9,-1.62,0.95,0.05,6,0.0015964655207770357,0.512640449633677,0.014954157647309133,128,1.326883892641778
invariant,gauss_mix_kappa0.9,-1.62,0.95,0.05,7,0.0009540272618431438,0.512640449633677,0.014954157647309133,128,1.326883892641778
invariant,gauss_mix_kappa0.9,-1.62,0.95,0.05,8,0.0006362865415296462,0.512640449633677,0.014954157647309133,128,1.326883892641778
invariant,gauss_mix_kappa0.9,-1.62,0.95,0.1,1,0.1199819763290683,0.520285477597386,0.0035963320169320606,128,1.0175523360849015
invariant,gauss_mix_kappa0.9,-1.62,0.95,0.1,2,0.06690624556370277,0.520285477597386,0.0035963320169320606,128,1.0175523360849015
invariant,gauss_mix_kappa0.9,-1.62,0.95,0.1,3,0.03492575738484072,0.520285477597386,0.0035963320169320606,128,1.0175523360849015
invariant,gauss_mix_kappa0.9,-1.62,0.95,0.1,4,0.017610024456836994,0.520285477597386,0.0035963320169320606,128,1.0175523360849015
invariant,gauss_mix_kappa0.9,-1.62,0.95,0.1,5,0.009624661133104156,0.520285477597386,0.0035963320169320606,128,1.0175523360849015
invariant,gauss_mix_kappa0.9,-1.62,0.95,0.1,6,0.0049055145475757995,0.520285477597386,0.0035963320169320606,128,1.0175523360849015
invariant,gauss_mix_kappa0.9,-1.62,0.95,0.1,7,0.0026036967749797453,0.520285477597386,0.0035963320169320606,128,1.0175523360849015
invariant,gauss_mix_kappa0.9,-1.62,0.95,0.1,8,0.001213091447286631,0.520285477597386,0.0035963320169320606,128,1.0175523360849015
invariant,gauss_mix_kappa0.9,-1.62,0.95,0.2,1,0.2534443829338099,0.6237439152018608,0.009367333395356739,128,0.9829077708861879
invariant,gauss_mix_kappa0.9,-1.62,0.95,0.2,2,0.12237958022094507,0.6237439152018608,0.009367333395356739,128,0.9829077708861879
invariant,gauss_mix_kappa0.9,-1.62,0.95,0.2,3,0.08171068226738216,0.6237439152018608,0.009367333395356739,128,0.9829077708861879
invariant,gauss_mix_kappa0.9,-1.62,0.95,0.2,4,0.0500710276862146,0.6237439152018608,0.009367333395356739,128,0.9829077708861879
invariant,gauss_mix_kappa0.9,-1.62,0.95,0.2,5,0.03257987908357282,0.6237439152018608,0.009367333395356739,128,0.9829077708861879
invariant,gauss_mix_kappa0.9,-1.62,0.95,0.2,6,0.018446950079770815,0.6237439152018608,0.009367333395356739,128,0.9829077708861879
invariant,gauss_mix_kappa0.9,-1.62,0.95,0.2,7,0.01359652914390493,0.6237439152018608,0.009367333395356739,128,0.9829077708861879
invariant,gauss_mix_kappa0.9,-1.62,0.95,0.2,8,0.0084968735219907,0.6237439152018608,0.009367333395356739,128,0.9829077708861879
invariant,gauss_mix_kappa0.9,-1.62,0.95,0.4,1,0.3783642550786121,0.7372892514014926,0.006007928854719507,128,1.0082968484498644
invariant,gauss_mix_kappa0.9,-1.62,0.95,0.4,2,0.2500869300086506,0.7372892514014926,0.006007928854719507,128,1.0082968484498644
invariant,gauss_mix_kappa0.9,-1.62,0.95,0.4,3,0.17900134924320396,0.7372892514014926,0.006007928854719507,128,1.0082968484498644
invariant,gauss_mix_kappa0.9,-1.62,0.95,0.4,4,0.13310637125975983,0.7372892514014926,0.006007928854719507,128,1.0082968484498644
invariant,gauss_mix_kappa0.9,-1.62,0.95,0.4,5,0.10277403052570384,0.7372892514014926,0.006007928854719507,128,1.0082968484498644
invariant,gauss_mix_kappa0.9,-1.62,0.95,0.4,6,0.07997350015177014,0.7372892514014926,0.006007928854719507,128,1.0082968484498644
invariant,gauss_mix_kappa0.9,-1.62,0.95,0.4,7,0.05769401531213467,0.7372892514014926,0.006007928854719507,128,1.0082968484498644
invariant,gauss_mix_kappa0.9,-1.62,0.95,0.4,8,0.040789004315962364,0.7372892514014926,0.006007928854719507,128,1.0082968484498644
invariant,gauss_mix_kappa0.9,-1.62,0.95,0.8,1,0.502231948048964,0.8123871442910546,0.007168314990939636,128,0.9927990886070461
invariant,gauss_mix_kappa0.9,-1.62,0.95,0.8,2,0.4534375762473195,0.8123871442910546,0.007168314990939636,128,0.9927990886070461
invariant,gauss_mix_kappa0.9,-1.62,0.95,0.8,3,0.3687337838134508,0.8123871442910546,0.007168314990939636,128,0.9927990886070461
invariant,gauss_mix_kappa0.9,-1.62,0.95,0.8,4,0.30024853800609175,0.8123871442910546,0.007168314990939636,128,0.9927990886070461
invariant,gauss_mix_kappa0.9,-1.62,0.95,0.8,5,0.21722644336684369,0.8123871442910546,0.007168314990939636,128,0.9927990886070461
invariant,gauss_mix_kappa0.9,-1.62,0.95,0.8,6,0.17825054819717687,0.8123871442910546,0.007168314990939636,128,0.9927990886070461
invariant,gauss_mix_kappa0.9,-1.62,0.95,0.8,7,0.159608987540836,0.8123871442910546,0.007168314990939636,128,0.9927990886070461
invariant,gauss_mix_kappa0.9,-1.62,0.95,0.8,8,0.12512222035012516,0.8123871442910546,0.007168314990939636,128,0.9927990886070461
invariant,gauss_mix_kappa0.9,-1.62,0.95,1.6,1,0.4770090624690263,0.8990906497500648,0.0038496643488252547,128,1.0167606051753881
invariant,gauss_mix_kappa0.9,-1.62,0.95,1.6,2,0.4314773752873304,0.8990906497500648,0.0038496643488252547,128,1.0167606051753881
invariant,gauss_mix_kappa0.9,-1.62,0.95,1.6,3,0.36572702164156384,0.8990906497500648,0.0038496643488252547,128,1.0167606051753881
invariant,gauss_mix_kappa0.9,-1.62,0.95,1.6,4,0.32909281978275035,0.8990906497500648,0.0038496643488252547,128,1.0167606051753881
invariant,gauss_mix_kappa0.9,-1.62,0.95,1.6,5,0.3129354786553909,0.8990906497500648,0.0038496643488252547,128,1.0167606051753881
invariant,gauss_mix_kappa0.9,-1.62,0.95,1.6,6,0.26915953760406175,0.8990906497500648,0.0038496643488252547,128,1.0167606051753881
invariant,gauss_mix_kappa0.9,-1.62,0.95,1.6,7,0.24871500955699216,0.8990906497500648,0.0038496643488252547,128,1.0167606051753881
invariant,gauss_mix_kappa0.9,-1.62,0.95,1.6,8,0.2265959068776893,0.8990906497500648,0.0038496643488252547,128,1.0167606051753881
