t,trial,alpha,delta,posterior_mean_mse,posterior_mean_rel_error,score_mse,score_rel_error,score_cosine,score_max_abs_error,identity_residual,grid_self_conv_rel_error,legacy_vs_analytic_max_abs_mean
0.05,0,0.951229424500714,0.09516258196404048,0.005269524511922946,0.06279289207751998,0.5265135436260573,0.3721202153964233,0.9305106945407334,2.9824404733276957,1.1476914479554104e-15,1.2132780223584779e-05,0.00012117521951610088
0.05,1,0.951229424500714,0.09516258196404048,0.002177396750869135,0.07041735576732569,0.21755831604654946,0.24622316659796967,0.9794924630822694,0.8800388183215242,1.1441204456243856e-15,1.3937244076702917e-05,5.346073227540174e-06
0.05,2,0.951229424500714,0.09516258196404048,0.0016129539058045606,0.07478181656474397,0.1611610449347251,0.21268389837224774,0.9911104051634074,0.8352178853201646,1.017836989022974e-15,1.20666642570212e-05,1.6200185294912295e-06
0.05,3,0.951229424500714,0.09516258196404048,0.0014496527670593176,0.03861582440249463,0.14484453268691444,0.19029008067542055,0.9826251259170959,0.7161878083636057,1.7957478182883356e-15,1.2807568939855864e-05,5.907261752358117e-05
0.05,4,0.951229424500714,0.09516258196404048,0.0033982365251355737,0.08669854671915818,0.33954060767348265,0.303875652499217,0.95370035452049,1.5614912091271858,6.862323090984138e-16,1.2512713681428226e-05,6.294767375614185e-05
0.05,5,0.951229424500714,0.09516258196404048,0.001590605297491113,0.05329541632327276,0.15892804555658385,0.18615019086399198,0.9825342902418444,0.7351467767446209,1.0489921478393062e-15,9.06863375805223e-06,1.233548118739769e-05
0.05,6,0.951229424500714,0.09516258196404048,0.0014096698212291785,0.04791906373927345,0.14084956835075796,0.23801485973523862,0.9736303107244605,0.9067077211507937,1.2521979073332438e-15,1.6549445571380092e-05,7.98750365516021e-06
0.05,7,0.951229424500714,0.09516258196404048,0.002929337302310422,0.06004462461618976,0.29268974079648574,0.2959488367520774,0.9650819496084908,2.016400778932642,1.1638352755149925e-15,1.0213155811456828e-05,4.466652440870966e-05
0.05,8,0.951229424500714,0.09516258196404048,0.0014723012233080915,0.04028510714139965,0.1471074918837491,0.2196984974324487,0.9775314175114687,0.8917430838203518,1.9495619046560647e-15,1.2314110312945875e-05,8.704398255598988e-05
0.05,9,0.951229424500714,0.09516258196404048,0.006143615195070136,0.05349996376773502,0.613849807456511,0.46997086576741365,0.9287456103754481,2.458252236921923,1.019249914120073e-15,9.66260448384132e-06,0.0011201972643379854
0.05,10,0.951229424500714,0.09516258196404048,0.0018530964726592286,0.06285818553623163,0.18515529974159153,0.22832402752518022,0.9735852143953098,1.0416090947102408,9.667523178412022e-16,1.4243361011444374e-05,2.5153592879134656e-05
0.05,11,0.951229424500714,0.09516258196404048,0.005065291437652973,0.04654437783878713,0.5061072471155795,0.37713719281481806,0.9314527378435214,2.3124687551686485,1.6350157777179702e-15,7.439391011487188e-06,0.00011093417287089125
0.05,12,0.951229424500714,0.09516258196404048,0.007518087654782783,0.0830686706125805,0.7511825713031007,0.48695135995408534,0.8860985148291121,3.478784536989263,1.087584089845214e-15,1.2037878629685769e-05,0.0007331220024819896
0.05,13,0.951229424500714,0.09516258196404048,0.0015600117335466802,0.053574969755651874,0.15587123735157643,0.16979006626980167,0.9890153496762623,0.7807054537854444,1.2126048067796372e-15,1.032270012701409e-05,2.0007986659131838e-06
0.05,14,0.951229424500714,0.09516258196404048,0.001794210901736312,0.0442330645191514,0.17927164732761802,0.21563566813352547,0.98413672894283,0.6924244321973752,1.3270146420941715e-15,1.3634934364745145e-05,0.0003156375443831294
0.05,15,0.951229424500714,0.09516258196404048,0.0014828112840841547,0.06639959887155575,0.14815762256070297,0.18838612878456037,0.9836079101405223,0.7901447659966825,7.534232353934658e-16,1.2777477111400518e-05,2.0760522529639225e-05
0.05,16,0.951229424500714,0.09516258196404048,0.008915896032278567,0.12110837868048308,0.8908469832401329,0.4386343747230937,0.9270081616790425,3.945200893923407,6.923358749468828e-16,1.119170838455279e-05,0.00018081481464066185
0.05,17,0.951229424500714,0.09516258196404048,0.0012758675587536317,0.07752180998482341,0.1274804867188602,0.21432878022361093,0.9874787046563328,0.8134056645554049,5.378548103789507e-16,1.5804996004047677e-05,2.3574288750549677e-06
0.05,18,0.951229424500714,0.09516258196404048,0.00226780982141406,0.06499706456495488,0.2265920924442133,0.31427524225420916,0.9495117283619279,1.3402753804925907,1.1511491652570775e-15,1.3807835306075312e-05,7.236759213757708e-06
0.05,19,0.951229424500714,0.09516258196404048,0.0017062722706951902,0.057247237093312565,0.17048510878010317,0.24548288729563353,0.9800738402485436,0.9290619491473742,9.915169201766724e-16,1.02597094659309e-05,2.863248161411036e-05
0.05,20,0.951229424500714,0.09516258196404048,0.0071126615583185105,0.04752041608134525,0.7106737302786602,0.4463926731068215,0.9136259499768644,2.844025605925187,1.0496171829683367e-15,7.744108720554573e-06,0.006212094796605339
0.05,21,0.951229424500714,0.09516258196404048,0.002354526789171735,0.05926232901260257,0.23525656641777476,0.2545484992547795,0.9683265768102517,1.4018657748421535,9.991536264644041e-16,1.7413885848339382e-05,4.283739734212144e-06
0.05,22,0.951229424500714,0.09516258196404048,0.0013640342425334955,0.034236601585470046,0.1362898115453526,0.20152234795585208,0.9885577331344212,0.7753080290600955,1.9567350720925076e-15,9.650081278172141e-06,1.7053689333579314e-05
0.05,23,0.951229424500714,0.09516258196404048,0.0018706348027214752,0.1113075187757284,0.186907671950785,0.2261662464983381,0.9935516703518101,0.8811407662225919,7.087703080656953e-16,1.2846594498731685e-05,1.7295029090813596e-06
0.05,24,0.951229424500714,0.09516258196404048,0.0018249105046802537,0.059797376321510026,0.1823390506004096,0.20815206128305358,0.990757987276895,0.759834242970302,1.0763328465393928e-15,1.3739104471406468e-05,9.991186130209329e-06
0.05,25,0.951229424500714,0.09516258196404048,0.0022453548226904984,0.07152413003962813,0.22434846288649718,0.2142739005484968,0.9773406370289086,0.9680298406398569,1.3963591627538535e-15,9.451183011689489e-06,5.460901164405785e-06
0.05,26,0.951229424500714,0.09516258196404048,0.0015721786736984749,0.051142533288394444,0.15708691796183125,0.24259861222084322,0.9745385136488516,0.9476484627293138,1.0190052356566936e-15,1.3258667487091699e-05,1.741837007729341e-05
0.05,27,0.951229424500714,0.09516258196404048,0.005136931285080022,0.07834522466585489,0.5132652648548088,0.3446355353828845,0.9396432057385701,2.4727137193628765,8.375351108839694e-16,8.77972019618916e-06,8.465409462382611e-05
0.05,28,0.951229424500714,0.09516258196404048,0.00132873162114615,0.06562984073087097,0.13276248982137476,0.2229833375841178,0.9865077302677143,0.8010580921179304,1.015015407294928e-15,1.5537929368607338e-05,4.7811287586796425e-06
0.05,29,0.951229424500714,0.09516258196404048,0.006630779328952684,0.055381548114994975,0.6625256441240623,0.4642677072806012,0.9023258772604611,2.932991575742826,9.905032629916126e-16,1.205332892137788e-05,0.0005134778076236746
0.05,30,0.951229424500714,0.09516258196404048,0.0013861770452794917,0.06213530658905242,0.13850224750864099,0.18849397681555333,0.9865922348760136,0.6940676428466515,1.2529301958568948e-15,1.0393377127353152e-05,8.882998678294562e-06
0.05,31,0.951229424500714,0.09516258196404048,0.003002716381313597,0.055505067193557446,0.3000215368298018,0.25418843147315234,0.9671548724184075,1.7841855055813662,1.1001893012852291e-15,1.0248776735478386e-05,4.471679452033861e-05
0.05,32,0.951229424500714,0.09516258196404048,0.0019463592117682812,0.06427670786057528,0.19447380564197708,0.2040824836902269,0.9948903763748985,0.808689302133788,1.3094035050902862e-15,1.3367595547832559e-05,3.392763782472663e-06
0.05,33,0.951229424500714,0.09516258196404048,0.0011397143608839644,0.0420577241039062,0.11387650736091634,0.19275253612506393,0.9832610739873212,0.7083013830857823,1.815911606417529e-15,1.7405277392455763e-05,3.7846782142691993e-06
0.05,34,0.951229424500714,0.09516258196404048,0.0015880430692908755,0.04914150782042574,0.1586720361488595,0.24913935122651745,0.9810734334375358,0.8659413107566718,1.3126026058682193e-15,1.4573741794990024e-05,7.577314551365788e-06
0.05,35,0.951229424500714,0.09516258196404048,0.0013091461145460677,0.02002938500710349,0.13080557047117763,0.23952650876066908,0.9737211109200592,0.7068049562607617,3.3376254706265344e-15,1.3018436976655364e-05,0.00043001461673819463
0.05,36,0.951229424500714,0.09516258196404048,0.00883293596693665,0.08279189988490657,0.8825578865894224,0.5610728926455729,0.8792301195453026,3.8066241594956542,7.735657890087663e-16,1.2376841338150493e-05,9.760893537924531e-05
0.05,37,0.951229424500714,0.09516258196404048,0.005649779747288575,0.03265027376344835,0.5645073950640225,0.3926177504244883,0.9333283070977185,2.160624093374315,1.972460779268197e-15,5.179070342147677e-06,0.0023038194003506263
0.05,38,0.951229424500714,0.09516258196404048,0.0018603270386686455,0.05145518664536129,0.18587775409652008,0.2397320833841507,0.9718089268456461,0.9128080584717956,1.4942365646998369e-15,1.1113133834564711e-05,2.583397035527124e-05
0.05,39,0.951229424500714,0.09516258196404048,0.0033740250701533516,0.0632188333679561,0.3371214787880984,0.28088686409251784,0.9611950336463255,1.4635092638214044,8.793189795423379e-16,7.075508918356054e-06,9.568350996386199e-06
0.05,40,0.951229424500714,0.09516258196404048,0.000958867226126583,0.027876749322841312,0.09580685694743331,0.21201821691527042,0.9793161024418416,0.7096136149971397,1.9120371373281415e-15,1.8269917201802438e-05,3.3310072399483914e-05
0.05,41,0.951229424500714,0.09516258196404048,0.0012947569624418569,0.04189661829383107,0.129367853757455,0.19167294551020983,0.9908948516319402,0.8174074938050429,1.874985306112456e-15,1.1467464558663069e-05,1.3384730816579093e-05
0.05,42,0.951229424500714,0.09516258196404048,0.0017061698168705083,0.07159167257720321,0.1704748719311864,0.27630037154368486,0.9638729303372576,1.0626641580705867,1.0287188732538409e-15,1.631887185273557e-05,1.0355515959681316e-05
0.05,43,0.951229424500714,0.09516258196404048,0.0018628602601395963,0.03078603998641456,0.18613086524733485,0.26674670276992873,0.9655189526833313,0.9985578422332103,2.090031734935104e-15,1.0951989532903499e-05,0.00015051599658910675
0.05,44,0.951229424500714,0.09516258196404048,0.001304366895121025,0.05035307402204884,0.13032804659790348,0.17893194346879593,0.9886262602555299,0.7420759265732171,1.108175250053984e-15,1.2094082676563796e-05,1.3173187697779198e-05
0.05,45,0.951229424500714,0.09516258196404048,0.002363271085818514,0.08464228394907286,0.23613026775526652,0.21685662179520906,0.977377323637193,1.3835899157723792,6.862079899887217e-16,1.0128183117606517e-05,3.1677149817666006e-06
0.05,46,0.951229424500714,0.09516258196404048,0.001749619669113813,0.06721331192401149,0.17481623814418903,0.24836820122312797,0.9765680096621329,0.8942515600096472,1.0822796046132637e-15,1.129360215001544e-05,1.0712428750392355e-05
0.05,47,0.951229424500714,0.09516258196404048,0.0017202222991139285,0.046318875348333254,0.17187894970062953,0.1997062956855823,0.9800147282680379,0.9885748101331953,1.4223484832070405e-15,1.3478522263866736e-05,1.5866926300844852e-05
0.05,48,0.951229424500714,0.09516258196404048,0.0024167760178693087,0.0585309588927488,0.24147630444449628,0.284689173267729,0.9644166877510465,1.3632939699416546,1.1042850113110262e-15,1.611782335178754e-05,2.6881921731947145e-05
0.05,49,0.951229424500714,0.09516258196404048,0.00411815710397999,0.03842939169180802,0.4114727021611454,0.2963280366707474,0.9579150567505713,2.0396884629376424,2.082776969617766e-15,6.3776640780362414e-06,0.0002673706730313974
0.05,50,0.951229424500714,0.09516258196404048,0.0021953368879863416,0.05981519684272769,0.21935083549405285,0.2590133423668122,0.9662895525041333,1.120717133370536,1.140410854031821e-15,1.165354708944614e-05,1.0880811163960225e-05
0.05,51,0.951229424500714,0.09516258196404048,0.001364964973790923,0.04086973626107808,0.13638280714892245,0.20108317443107035,0.9886964106051046,0.8629700579388184,2.4066466516159677e-15,1.3944098375967051e-05,7.246804915639338e-05
0.05,52,0.951229424500714,0.09516258196404048,0.0030251207310706867,0.05528245523454686,0.30226010570950834,0.3088439794497874,0.9517226589152293,1.8086949754161896,1.0647019059286867e-15,1.1899509176639073e-05,3.002211162811408e-05
0.05,53,0.951229424500714,0.09516258196404048,0.002390876599308146,0.062439293851799985,0.23888851979454578,0.28389049839004993,0.9595210549927903,1.6855730406152094,1.0942313662257102e-15,1.2649067587664781e-05,1.971065023281815e-05
0.05,54,0.951229424500714,0.09516258196404048,0.0009395834204674759,0.03917003257821806,0.09388008256215435,0.21196548654791353,0.9912250405250812,0.7076148395643826,1.5035919478006537e-15,2.1473019267312547e-05,4.474122995645757e-06
0.05,55,0.951229424500714,0.09516258196404048,0.0017003721908262488,0.0423865456749619,0.16989559222079229,0.21966708848982716,0.9782442403355227,0.8917705463468084,1.3907076809544879e-15,9.396974927848936e-06,1.484179161947985e-05
0.05,56,0.951229424500714,0.09516258196404048,0.002312517690752287,0.04390653349245968,0.23105915558434686,0.2229652976078045,0.9766503431484461,0.9471093176189611,1.1009977381176427e-15,8.708947467502155e-06,3.0262357234578374e-05
0.05,57,0.951229424500714,0.09516258196404048,0.005647913254660466,0.06311095292670689,0.5643209012645247,0.3842858250643823,0.9378503368416152,2.420156823948919,9.267258135870191e-16,1.0247528057637307e-05,0.00026409194850085527
0.05,58,0.951229424500714,0.09516258196404048,0.0024017929753076283,0.04531898117255131,0.2399792481511625,0.2075755998386536,0.9782553150770888,0.9971242907561897,1.6192065568358718e-15,8.922711758137546e-06,6.184299568601226e-05
0.05,59,0.951229424500714,0.09516258196404048,0.002082221045121944,0.03225197289393558,0.20804867281656136,0.24432088399503982,0.9698685745674102,0.8896116487529624,2.000117535137626e-15,9.841264731838354e-06,0.0002993433713700533
0.0725,0,0.9300657466602785,0.1349777068892587,0.020482828774296937,0.05467353283590671,0.9725079118569424,0.5219929079068926,0.8982283545071779,3.1071364969192685,1.1965344882033911e-15,5.905581514279091e-06,0.1380560112614302
0.0725,1,0.9300657466602785,0.1349777068892587,0.006264528059844305,0.055401795535025354,0.2974346546260933,0.3286689779670652,0.9508124895115712,1.9994011106054526,1.469230999019711e-15,6.323600169834281e-06,0.0005181655517465522
0.0725,2,0.9300657466602785,0.1349777068892587,0.0014421925648681706,0.05517426903388397,0.0684741202111472,0.15154151925747417,0.9957091450795074,0.5801841313461269,1.3817379310440746e-15,1.050994217727745e-05,1.1447689886812107e-05
0.0725,3,0.9300657466602785,0.1349777068892587,0.001666850478853683,0.07689035315245013,0.07914069372106937,0.1360614220186698,0.9939106377252173,0.6234454839282348,1.1786823274828758e-15,7.469683572586117e-06,3.170065532687172e-06
0.0725,4,0.9300657466602785,0.1349777068892587,0.0022303611227081363,0.055633478825119,0.1058957169457786,0.15658700915788054,0.9881276295170137,0.8650646308891612,1.050453966840126e-15,4.254939773761969e-06,4.050881180295285e-05
0.0725,5,0.9300657466602785,0.1349777068892587,0.0014025858269701382,0.06300582444123197,0.06659362477796689,0.185366951564908,0.9862628547369425,0.5354804716343173,1.2873377765349933e-15,1.1640843664184597e-05,1.2682988868917278e-05
0.0725,6,0.9300657466602785,0.1349777068892587,0.0027565117275989907,0.050945939636717195,0.13087691616015495,0.23768804426024667,0.9715933625987963,1.0153519816788437,1.208054813587661e-15,4.7927806092285155e-06,8.435861175515313e-05
0.0725,7,0.9300657466602785,0.1349777068892587,0.006775612795035485,0.06861423736742574,0.32170053870292725,0.3026945303216873,0.9551165565002354,1.8344247244761434,1.0785545101616679e-15,3.6823217380269545e-06,5.939995689538402e-05
0.0725,8,0.9300657466602785,0.1349777068892587,0.001903074525418724,0.09755732822364757,0.0903564177202684,0.2074470589788642,0.9792199121750156,0.7788956262951472,5.395504884199655e-16,1.2803687682474014e-05,7.76350384346005e-06
0.0725,9,0.9300657466602785,0.1349777068892587,0.0017410272804099852,0.09759624433158051,0.08266254742519592,0.17116880730394282,0.9976650277905096,0.6522793055699667,6.882658708324504e-16,9.952996486233915e-06,3.0721348308615504e-06
0.0725,10,0.9300657466602785,0.1349777068892587,0.0013865080690747716,0.05391851554921981,0.0658302660187614,0.1307010472363642,0.9963240495512198,0.5806391978050858,1.392135964413187e-15,5.289361951356276e-06,1.8121878063936947e-05
0.0725,11,0.9300657466602785,0.1349777068892587,0.0014740097127558666,0.0726340770482396,0.06998477229902368,0.19105638315796752,0.9845008955130298,0.5656457582059158,1.0113430393809606e-15,8.967680175062184e-06,1.1458590895796483e-05
0.0725,12,0.9300657466602785,0.1349777068892587,0.0014993584034103773,0.08461621864004491,0.0711883073423698,0.14749166712508702,0.9951604953893167,0.6009567703440291,9.173872306801016e-16,8.541815570942593e-06,2.4939278491231676e-06
0.0725,13,0.9300657466602785,0.1349777068892587,0.001378615043421523,0.03166702557100484,0.06545551163396146,0.1688218687743479,0.98579872461913,0.5638978803459707,2.279208814052076e-15,7.646955661983955e-06,4.2615558395020514e-05
0.0725,14,0.9300657466602785,0.1349777068892587,0.009997128994103006,0.08912342141012769,0.47465548580964145,0.34370757613307007,0.9599576663121199,2.4855942955132386,7.494299694861489e-16,5.875242071164641e-06,0.0005356026373819489
0.0725,15,0.9300657466602785,0.1349777068892587,0.0038401725744693326,0.06147104381069676,0.18232824443925755,0.20650498193725875,0.9814102797985707,1.1613866632564775,8.854245303443061e-16,3.928794931240567e-06,5.9027470586614506e-05
0.0725,16,0.9300657466602785,0.1349777068892587,0.001250008103367155,0.04706052293298236,0.05934935959310999,0.16984990194097574,0.9972447964868155,0.5127410466178577,1.787939568939054e-15,1.236325188509722e-05,6.034545694921789e-06
0.0725,17,0.9300657466602785,0.1349777068892587,0.0017660148494034796,0.06498301402359392,0.08384893670823959,0.16116203851606264,0.9876531066306181,0.7448274315838286,1.3132063484621722e-15,8.215849444250684e-06,1.0251369167796343e-05
0.0725,18,0.9300657466602785,0.1349777068892587,0.001331102335699393,0.04327431537816803,0.06319964723736504,0.10566479138043056,0.9964330491100464,0.5708495110646985,2.267875637516431e-15,4.250986198502973e-06,1.9152990099913225e-05
0.0725,19,0.9300657466602785,0.1349777068892587,0.0015812545350440037,0.04579106992660511,0.07507666850780231,0.16410861425612294,0.9937974086856325,0.5367619621396571,1.7495628895935042e-15,8.064025438896045e-06,1.7617278925685653e-05
0.0725,20,0.9300657466602785,0.1349777068892587,0.001602368591011691,0.060431513032342246,0.07607914656912029,0.15846423325348874,0.99138554191024,0.5918693407291968,1.0915302944148997e-15,6.372313025220033e-06,2.5301217129403142e-05
0.0725,21,0.9300657466602785,0.1349777068892587,0.0019839229492584734,0.06810894853715933,0.09419503457889214,0.18702828103904445,0.9873075785361362,0.8370858146323747,7.728572964062278e-16,7.43368374180975e-06,1.3014838014857588e-05
0.0725,22,0.9300657466602785,0.1349777068892587,0.002444915624456156,0.08414511120067109,0.11608258872865981,0.17656751953692804,0.9843368804045121,0.7259272187305095,7.879596991066262e-16,8.492981072569762e-06,2.417860371350944e-05
0.0725,23,0.9300657466602785,0.1349777068892587,0.00131679930616305,0.04689322447553766,0.06252055112515852,0.1421906479097846,0.9958411156162067,0.5758937596369385,1.7290640973330971e-15,8.171529229458114e-06,4.384549157521178e-06
0.0725,24,0.9300657466602785,0.1349777068892587,0.001973887542164336,0.0761540494474477,0.09371856168028539,0.19812112941089344,0.9813692440029871,0.766160147085055,8.200465670644991e-16,1.0051170003930235e-05,1.1167473280407347e-05
0.0725,25,0.9300657466602785,0.1349777068892587,0.0015388051528527644,0.07471472298858495,0.07306120665488566,0.12750953493049583,0.9960896591618302,0.5507291151809666,6.635591703857139e-16,6.13932718107456e-06,4.7508602549206636e-06
0.0725,26,0.9300657466602785,0.1349777068892587,0.004319907853048852,0.09216549201195007,0.2051056820264392,0.24013574589642794,0.9707842653764863,1.2011783362138342,1.1029721080074991e-15,4.904387498887989e-06,2.9107306157627466e-05
0.0725,27,0.9300657466602785,0.1349777068892587,0.015534575464513593,0.12269734833236903,0.7375689028624797,0.4536925796406439,0.9302693292717166,3.227067787970924,5.628740437168148e-16,6.490896722822168e-06,8.191062583673414e-05
0.0725,28,0.9300657466602785,0.1349777068892587,0.001440665776972019,0.034494067035745236,0.0684016295739849,0.18114731508002602,0.9846279853286789,0.5203629680745037,2.1773949966771332e-15,8.498873018334793e-06,7.325658182599781e-05
0.0725,29,0.9300657466602785,0.1349777068892587,0.0016410781597604907,0.05102995743383863,0.07791704514688011,0.17747693753806865,0.987776214785593,0.6001698357937624,1.4772348067001474e-15,9.357767455869422e-06,8.77380950869977e-06
0.0725,30,0.9300657466602785,0.1349777068892587,0.0017134472815349857,0.06199374697143383,0.08135307169747803,0.14000558551055806,0.9915526868991235,0.5445813814520957,1.2580555876844842e-15,5.978294841708697e-06,1.7461490067205432e-05
0.0725,31,0.9300657466602785,0.1349777068892587,0.0015131356143753725,0.062111606931025944,0.0718424380200423,0.14875802287769133,0.9953533615416768,0.48287510074500783,9.777156792081878e-16,9.49769970909945e-06,6.527970730751953e-06
0.0725,32,0.9300657466602785,0.1349777068892587,0.004635098269268363,0.0717996657709581,0.2200706644950524,0.2364214386283148,0.9743288296151921,1.2171202412573143,7.581675583508893e-16,5.244496346976279e-06,6.592655833537187e-05
0.0725,33,0.9300657466602785,0.1349777068892587,0.0036768946956110427,0.068056953683968,0.17457594465827414,0.2727565398287216,0.9624691283070486,1.470892904150555,1.1848706334976686e-15,7.0553302186112395e-06,1.0857498956351463e-05
0.0725,34,0.9300657466602785,0.1349777068892587,0.003327652322744343,0.04390397154154877,0.15799420321469182,0.20914829882487362,0.9780937961627959,1.1193481553146694,1.6298970104695727e-15,4.305738165414433e-06,0.00010791845517088561
0.0725,35,0.9300657466602785,0.1349777068892587,0.0018570167536260842,0.04280916293042759,0.08816963248838428,0.14865928550574126,0.9909147000773291,0.5986352652616616,2.2006689563219038e-15,6.124512532562624e-06,0.00015267095424964516
0.0725,36,0.9300657466602785,0.1349777068892587,0.006601052527264535,0.06804766132016536,0.3134125603492662,0.2862668928249754,0.9602791124874779,2.2512712630027356,1.2720973297721527e-15,4.911921468865676e-06,0.0002667177459622083
0.0725,37,0.9300657466602785,0.1349777068892587,0.001391868869777661,0.03990372386631357,0.06608479243964285,0.1607581057403081,0.9913178662063933,0.6072579217932321,1.443160237146506e-15,8.311290798041125e-06,7.014725917375841e-05
0.0725,38,0.9300657466602785,0.1349777068892587,0.004030939529178311,0.0815087081825033,0.19138570299733249,0.2529512991702216,0.9676297674410931,1.7121281511376247,7.028632319232697e-16,6.487843303821583e-06,2.0876570223871127e-05
0.0725,39,0.9300657466602785,0.1349777068892587,0.0015106970751258269,0.10358224015206387,0.071726658176365,0.19808998438649586,0.9964646311470801,0.5223420448532075,7.978055652218185e-16,1.6724144535810503e-05,1.2311658594832409e-06
0.0725,40,0.9300657466602785,0.1349777068892587,0.0019095129012647043,0.07873348926263322,0.0906621065252044,0.1646814416567432,0.9885362620253024,0.5487104199412935,8.750216414725637e-16,6.609269490473006e-06,9.788432341562014e-06
0.0725,41,0.9300657466602785,0.1349777068892587,0.002432373821874333,0.04672853178788741,0.1154871142278391,0.1672758673656866,0.9859112730445293,0.9549979597521632,1.5294846703872243e-15,4.2426319161916395e-06,1.9470143654998218e-05
0.0725,42,0.9300657466602785,0.1349777068892587,0.014418960833188173,0.06687419973363684,0.6846004351033395,0.4511002014786412,0.9364140545653319,2.2137300943171616,1.2533206912600275e-15,4.8092828405756905e-06,0.0009281854872842388
0.0725,43,0.9300657466602785,0.1349777068892587,0.003111875700608121,0.08159167368779704,0.1477493061580623,0.2533049034583388,0.9674209377287638,1.1742154546813726,8.070242807980339e-16,8.647836321089273e-06,2.5577854427361046e-05
0.0725,44,0.9300657466602785,0.1349777068892587,0.001942427455248845,0.09273735294881587,0.09222486255453696,0.15789958146704178,0.9972502852815854,0.6179649838187578,5.897697658315273e-16,7.946690239973855e-06,2.6294072529298163e-06
0.0725,45,0.9300657466602785,0.1349777068892587,0.0014353766840257691,0.0631184420374048,0.06815050777857991,0.14338441462354523,0.9922171975975957,0.5319177413194902,1.4642192709221239e-15,7.53797679576771e-06,1.0733998042522508e-05
0.0725,46,0.9300657466602785,0.1349777068892587,0.0019812632899299802,0.055379701999847146,0.0940687561352111,0.17344593250603313,0.9868105725615764,0.8258483046074167,1.327534792774636e-15,5.850913259087049e-06,7.191155073471567e-06
0.0725,47,0.9300657466602785,0.1349777068892587,0.001983697616798251,0.04233071487816142,0.09418433597848,0.1970163519806994,0.9856272590905895,0.7192068503544118,1.852237241308915e-15,7.023095773229567e-06,9.92056814717035e-05
0.0725,48,0.9300657466602785,0.1349777068892587,0.002685866096183226,0.08256757998794037,0.1275227195183233,0.19798066671994652,0.9822594186257374,0.9390060509378586,8.364698909105515e-16,8.877705550126771e-06,5.940840513751766e-06
0.0725,49,0.9300657466602785,0.1349777068892587,0.009384139244566998,0.09084141794941442,0.445551235225902,0.273992822304859,0.9697331904955052,1.9968754606495476,6.635581666660685e-16,3.0001393866679653e-06,0.00017032516703885392
0.0725,50,0.9300657466602785,0.1349777068892587,0.001267136800883127,0.035240114975718335,0.060162616103606806,0.16027910434396633,0.9929257567824116,0.5021019736845407,1.9563757634339936e-15,8.01775918987138e-06,1.2692015206372531e-05
0.0725,51,0.9300657466602785,0.1349777068892587,0.0017463168145586366,0.043239417856366806,0.08291369016852909,0.1828315294887477,0.9846605950287093,0.5492304233870873,1.283560548946525e-15,6.9481027734057375e-06,2.294475956876596e-05
0.0725,52,0.9300657466602785,0.1349777068892587,0.0019808374734113466,0.07751946755270034,0.09404853871612634,0.1795073063148096,0.9953607226316883,0.6571998634358716,1.1700327694102508e-15,9.164617542224018e-06,2.826669936752818e-06
0.0725,53,0.9300657466602785,0.1349777068892587,0.0021256921802987098,0.07232321957713198,0.10092612140111432,0.1898441248247798,0.982853622145957,0.8740054856868014,8.529845706220231e-16,7.34553891402254e-06,1.470487285276656e-05
0.0725,54,0.9300657466602785,0.1349777068892587,0.0018196049200576805,0.04788007999748639,0.08639334931269306,0.1838169580116763,0.984817778836412,0.5755116010640935,1.2486645703121239e-15,7.778661815418504e-06,3.3222323478465654e-05
0.0725,55,0.9300657466602785,0.1349777068892587,0.0012989805697439817,0.05624564800400699,0.06167453213345642,0.13313715565850995,0.9940455101571336,0.48759516827408356,1.7776092339467443e-15,8.838188808256845e-06,1.6280717139549594e-05
0.0725,56,0.9300657466602785,0.1349777068892587,0.003304200309306897,0.08697906948685523,0.15688072085011184,0.23003903514452703,0.9733771325822131,1.4787804873362367,9.432870829210653e-16,7.054860663789674e-06,3.81986180442162e-06
0.0725,57,0.9300657466602785,0.1349777068892587,0.0014055838867828674,0.06078745524520796,0.06673597019911097,0.14594760019610434,0.9926974732530008,0.5578456767199851,2.1626108630922406e-15,8.81594637161804e-06,3.4644633015723514e-06
0.0725,58,0.9300657466602785,0.1349777068892587,0.001262789406620772,0.08407726816823599,0.05995620538940856,0.11311284605467327,0.9966746325333189,0.49742717684157234,1.093530197434484e-15,7.33000434432001e-06,2.3337455301586374e-06
0.0725,59,0.9300657466602785,0.1349777068892587,0.014815231548344018,0.0741810012696994,0.703415043669997,0.565413989802362,0.8868228262536125,3.5273535996948926,7.551670234387435e-16,4.65263168504284e-06,0.0036338595016527364
0.1053,0,0.9000544657400421,0.18990195870140736,0.0011302593810315396,0.06897584207638947,0.025389655842671936,0.1264521588583438,0.9962445635746657,0.37617564598553455,9.636437521834082e-16,8.157764117417193e-06,1.4008048686120489e-05
0.1053,1,0.9000544657400421,0.18990195870140736,0.0032922522756658953,0.0897241109856016,0.07395572523372669,0.13787265833942622,0.9904504938605151,1.0225614399859584,8.262866369141989e-16,2.674578141119384e-06,2.076191276359496e-05
0.1053,2,0.9000544657400421,0.18990195870140736,0.0017791946280579802,0.0549454250552315,0.03996705538714057,0.13887794116857177,0.9933184409416715,0.3511563332978611,1.016068007588784e-15,4.931675278518673e-06,4.096468680048204e-05
0.1053,3,0.9000544657400421,0.18990195870140736,0.001419296636534696,0.04541721471341673,0.03188246321600069,0.10558353086484307,0.9945877117881889,0.45879911827861664,1.332628229524332e-15,4.458405054656363e-06,9.634831311933212e-05
0.1053,4,0.9000544657400421,0.18990195870140736,0.001710906565150396,0.0376901549858488,0.038433062000769486,0.11962894006764366,0.993998296003162,0.4350178796927384,1.8572631413683486e-15,3.132017871668518e-06,4.1643768505794654e-05
0.1053,5,0.9000544657400421,0.18990195870140736,0.001822324246175615,0.05044409941632057,0.04093590039653411,0.12209148475181168,0.9928357035858689,0.4329699993794036,1.3352763830233474e-15,3.1659494260557347e-06,3.136972231621016e-05
0.1053,6,0.9000544657400421,0.18990195870140736,0.0037812930975204104,0.07307051603189862,0.08494132585627709,0.14947605548317058,0.9888238609443463,0.9723671855502491,1.0374210341189335e-15,3.252576624074517e-06,7.298990300852459e-05
0.1053,7,0.9000544657400421,0.18990195870140736,0.0034754507608180632,0.07785447715577791,0.07807101643765132,0.15579701223990314,0.9879361443765114,0.7555377958797016,8.421049499567767e-16,3.0647505778816377e-06,6.002294728491009e-05
0.1053,8,0.9000544657400421,0.18990195870140736,0.003012958653183009,0.04739556640415377,0.06768179460072296,0.19107986638232388,0.9820060203159664,0.9010650596908711,1.2727925396332683e-15,5.371467407621284e-06,0.0004999588605456573
0.1053,9,0.9000544657400421,0.18990195870140736,0.0036744115642326327,0.08353753674846695,0.0825403855131525,0.17160510420381178,0.9853852924699221,0.9423670924138352,8.7103265160124e-16,3.7618681210451183e-06,3.666593194689982e-05
0.1053,10,0.9000544657400421,0.18990195870140736,0.001542984961260864,0.05562589546263295,0.03466094402249301,0.12000395763950727,0.9984349888498146,0.38262956330132925,1.4067147592114965e-15,4.4583477855783865e-06,7.958125544771377e-06
0.1053,11,0.9000544657400421,0.18990195870140736,0.001655279843563913,0.049286261693467545,0.03718348748677788,0.1449685806029894,0.991492981898736,0.5001638434055659,1.5275532058395257e-15,3.3690114564704018e-06,2.5022628143744896e-05
0.1053,12,0.9000544657400421,0.18990195870140736,0.005922230980993381,0.05217015601425604,0.1330344246211883,0.24023652096192377,0.9735892315860375,1.4113974219564458,1.157797815644372e-15,2.2530601042194317e-06,0.0005451600369426046
0.1053,13,0.9000544657400421,0.18990195870140736,0.002281223582995394,0.07714641478090252,0.05124441579027578,0.14111289808204286,0.9903668674629409,0.567435511024438,1.2425655556504125e-15,4.316202823494922e-06,1.6888907962475663e-05
0.1053,14,0.9000544657400421,0.18990195870140736,0.005113890979188155,0.09757735534689428,0.1148762258978398,0.21597904442230395,0.9796163608668477,1.2551517589128405,7.087143980041875e-16,4.386989763463624e-06,1.2551590197085183e-05
0.1053,15,0.9000544657400421,0.18990195870140736,0.0012202347071891251,0.05281081535624254,0.027410822491506427,0.11164716532696656,0.9937866735088758,0.4343479364380247,1.5034839424444149e-15,6.825968401123044e-06,3.4131988561947324e-05
0.1053,16,0.9000544657400421,0.18990195870140736,0.0015131197539551727,0.03258929777765644,0.03399006497659694,0.12790026208494468,0.9929179902778877,0.4579918868804076,1.9901502569005053e-15,5.371704270837765e-06,0.00010329190361435536
0.1053,17,0.9000544657400421,0.18990195870140736,0.019986688017567658,0.06357329446344386,0.448972279033654,0.3900838458461311,0.9414615803917924,2.5597322898055346,9.21838540495782e-16,2.3663046863532644e-06,0.04151138350293326
0.1053,18,0.9000544657400421,0.18990195870140736,0.0012077388802480837,0.049242112594488144,0.02713012166227455,0.12184989669143366,0.9982482736076024,0.36284621765115244,1.536820467577963e-15,8.393860514626026e-06,2.3282766126175858e-06
0.1053,19,0.9000544657400421,0.18990195870140736,0.0010437752475084797,0.06788025064965937,0.023446913828889075,0.08624525858724799,0.9968684358946215,0.3201757610213132,1.4261163420440523e-15,4.542950188744655e-06,9.881347374895988e-06
0.1053,20,0.9000544657400421,0.18990195870140736,0.004154442281918165,0.07355731360124294,0.09332358706890785,0.2065847611626132,0.9787436732061783,1.100068305832428,7.913165156002469e-16,3.960906744982767e-06,8.54131888811116e-05
0.1053,21,0.9000544657400421,0.18990195870140736,0.003059915306036793,0.05229740721608685,0.06873660845627638,0.15123929883702847,0.9888026286768639,0.837788223309107,1.5578487637945005e-15,3.0506912914548687e-06,9.510823836200721e-05
0.1053,22,0.9000544657400421,0.18990195870140736,0.0017770640957361257,0.04286408175913771,0.03991919603439264,0.12483887020449148,0.993701321603262,0.3692109225461375,1.6195694913869765e-15,3.0829650831891666e-06,0.00010744863079570344
0.1053,23,0.9000544657400421,0.18990195870140736,0.004928044991286164,0.07369303579182054,0.11070146234200319,0.17917416344042306,0.9842747094390483,1.2636452880168405,8.840459438601123e-16,2.751227757583206e-06,0.00011277883068649963
0.1053,24,0.9000544657400421,0.18990195870140736,0.0014087645780278346,0.06776731127566439,0.03164587562797284,0.12146323953020717,0.9978232725034627,0.44859558563079416,1.3010365984799113e-15,3.902884162920568e-06,1.1274446043874065e-05
0.1053,25,0.9000544657400421,0.18990195870140736,0.0010664355445776587,0.04046385737940856,0.023955944900459613,0.1065266971454745,0.995853283536071,0.33234637372900977,1.1991813258697693e-15,2.9484285887881417e-06,3.646892061381912e-05
0.1053,26,0.9000544657400421,0.18990195870140736,0.0012180276786227942,0.056817152144781634,0.02736124476034619,0.1317844598211588,0.9950125133500592,0.394911832749691,1.3010318345081133e-15,6.959936432075311e-06,5.3609319490277585e-06
0.1053,27,0.9000544657400421,0.18990195870140736,0.001034133951927048,0.03912259259735375,0.023230335952343036,0.11630687356733876,0.993490737158967,0.3412672791530005,1.7681172008792797e-15,5.752527171029321e-06,1.052518468847019e-05
0.1053,28,0.9000544657400421,0.18990195870140736,0.0013799550541334104,0.03880765769711561,0.030998710995724335,0.10798949613620262,0.9951402083190235,0.3691687227938556,2.3013652565329782e-15,4.173853353287212e-06,0.00015472459486787216
0.1053,29,0.9000544657400421,0.18990195870140736,0.0013345258099870655,0.04513386371938728,0.029978208185992526,0.11464540179071166,0.9944120306533949,0.34131998644252515,1.8797483653368895e-15,4.691977689939023e-06,8.16304118855804e-06
0.1053,30,0.9000544657400421,0.18990195870140736,0.006914813041462216,0.08445150113534908,0.15533135693057876,0.21682845525074024,0.9787656503665383,1.7814125216425072,7.325658960659988e-16,3.970244950346435e-06,3.736913973551026e-05
0.1053,31,0.9000544657400421,0.18990195870140736,0.0014411041739224475,0.022958439005640523,0.03237233826445719,0.10787019097886906,0.9951098162753529,0.3611924993918425,3.7548974047057454e-15,2.8590837419753026e-06,0.0006411578097735848
0.1053,32,0.9000544657400421,0.18990195870140736,0.0031360959747186046,0.08429044520279132,0.07044789791085329,0.1617829240555303,0.9869391999525603,0.8035873769494373,7.425183255378128e-16,4.602785630153064e-06,1.1415852167490081e-05
0.1053,33,0.9000544657400421,0.18990195870140736,0.001518822778272146,0.09941513432127401,0.03411817523792314,0.11009529467587761,0.9975431820487296,0.4013047268571288,1.274645591161676e-15,5.0241221208910885e-06,6.158376648468522e-06
0.1053,34,0.9000544657400421,0.18990195870140736,0.0017765570734642314,0.05533416990397683,0.039907806506285975,0.1427798080040995,0.9898209118997732,0.4871161601781422,1.3356437229313934e-15,3.714151558765974e-06,2.337173067756826e-05
0.1053,35,0.9000544657400421,0.18990195870140736,0.0021262490305742183,0.042530870659874806,0.04776313475303755,0.14157306381212664,0.9900952715396751,0.8465796209672851,1.3208923912784341e-15,3.831232823976874e-06,0.00010285466458204162
0.1053,36,0.9000544657400421,0.18990195870140736,0.0033819494083720614,0.04943624614624632,0.07597064266569312,0.1768211895908284,0.9845735311977962,0.73295647077824,1.2478265351086228e-15,3.790767488491229e-06,0.00013313187414487615
0.1053,37,0.9000544657400421,0.18990195870140736,0.00629470349954418,0.05203645049417801,0.14140148550612155,0.2400985537919598,0.9742382694752939,1.3944802957613833,1.0791517575136825e-15,2.631905597273853e-06,0.0008357167646992902
0.1053,38,0.9000544657400421,0.18990195870140736,0.005092381840736982,0.061185206517660365,0.11439305395349436,0.2187411722240424,0.9765121484659833,1.190087496074269,1.0659432866860891e-15,3.0596093971007232e-06,6.37205447230893e-05
0.1053,39,0.9000544657400421,0.18990195870140736,0.0030876157397374893,0.05468847477355738,0.06935885896811168,0.16329960867946824,0.9866779826564432,0.7048655525591836,1.2698498726305596e-15,3.292142084857823e-06,0.00021996983357164268
0.1053,40,0.9000544657400421,0.18990195870140736,0.0016989360932567667,0.06345472388489866,0.03816416251915117,0.1125456329674155,0.996487149573821,0.4599740841060789,1.1186765473571585e-15,3.288409774758532e-06,7.887471772716204e-06
0.1053,41,0.9000544657400421,0.18990195870140736,0.0016611719453518495,0.047682319844933235,0.037315845102291925,0.11254051056380782,0.9968703320828795,0.46231545971044197,1.0136068279917811e-15,4.592413941205042e-06,2.8507345722461608e-05
0.1053,42,0.9000544657400421,0.18990195870140736,0.0014705273315349923,0.060684211895459216,0.03303328729803686,0.12930253693168878,0.9938787943919216,0.49255874678192724,1.0936648812893202e-15,4.630415107385983e-06,9.770728898850223e-06
0.1053,43,0.9000544657400421,0.18990195870140736,0.0018305011575770486,0.04832847900138058,0.041119582982870134,0.12300576401739614,0.9935543646013032,0.3916521376759441,1.759883931077647e-15,4.465751227637974e-06,4.561608559827679e-05
0.1053,44,0.9000544657400421,0.18990195870140736,0.0015353655879660625,0.05246865226951149,0.034489785730035145,0.1394276485696418,0.9924865062581711,0.43739904853421363,1.3045232075555865e-15,5.88614846343528e-06,7.783244973968984e-06
0.1053,45,0.9000544657400421,0.18990195870140736,0.005609024519173888,0.06811263525606788,0.12599869069430847,0.19755359723279933,0.9802953557356928,1.4153328527414617,1.0387378843286734e-15,2.5276170337056615e-06,0.0006588287447812924
0.1053,46,0.9000544657400421,0.18990195870140736,0.002138384698081376,0.08687927197261258,0.04803574511717057,0.1199634637762567,0.9932363144623578,0.4586325910722113,8.791671916016026e-16,2.4544602699545893e-06,2.7381659927661062e-05
0.1053,47,0.9000544657400421,0.18990195870140736,0.008569085158202202,0.08936793614562243,0.19249220727965868,0.23345657210930784,0.979489303707329,1.4028655491303272,9.919563205583095e-16,2.2852799398223383e-06,0.00010470014754648815
0.1053,48,0.9000544657400421,0.18990195870140736,0.005903365969544887,0.06977591841007288,0.1326106491974371,0.2157456988596454,0.9766773391555267,1.2835655150502938,1.1042372384120185e-15,3.84345587374759e-06,0.0004394757056451759
0.1053,49,0.9000544657400421,0.18990195870140736,0.0024163378174732473,0.0771773377744067,0.05427956327094339,0.15295870649711668,0.9923970935913848,0.46641781285571504,8.085223082560471e-16,4.487031935206413e-06,4.540700910382611e-05
0.1053,50,0.9000544657400421,0.18990195870140736,0.0014350261463595174,0.07049941350023095,0.03223580409308469,0.11057411262135722,0.9973529518995907,0.4202910485386293,9.230057240470426e-16,3.5963783577309493e-06,1.1249328551565796e-05
0.1053,51,0.9000544657400421,0.18990195870140736,0.0040808888378201765,0.05308601949573876,0.0916713144463292,0.24171256073243214,0.9703710344412361,1.1929767506337237,1.1811268306817037e-15,4.855126710608849e-06,0.000381200602274534
0.1053,52,0.9000544657400421,0.18990195870140736,0.0027212755076535997,0.06460328448870688,0.06112955110300404,0.14377736632571625,0.9905360927995303,0.648024608609304,1.6191846810594376e-15,5.356512775088049e-06,0.0004218784146325927
0.1053,53,0.9000544657400421,0.18990195870140736,0.0016510895524501986,0.059749389426327196,0.03708935860712133,0.11375102787341886,0.9936045375609506,0.3879468261398147,1.1506918009213042e-15,3.1185829383085655e-06,3.0216177353104e-05
0.1053,54,0.9000544657400421,0.18990195870140736,0.0030812959988617524,0.05620241461433714,0.06921689505386099,0.16066762781818808,0.9871070666168189,0.7606369738456387,1.3719611610459111e-15,3.1437058566070034e-06,5.66045756968947e-05
0.1053,55,0.9000544657400421,0.18990195870140736,0.001139575029457993,0.04847942172616122,0.025598918522963157,0.14054633243961667,0.9960339797236467,0.3163901399056339,1.65087954698797e-15,6.014501278009874e-06,8.209667928138487e-06
0.1053,56,0.9000544657400421,0.18990195870140736,0.005453459949746001,0.0941016610309119,0.12250415577128679,0.1950251792237383,0.9812602233061359,1.0508104090077555,7.404294732499384e-16,2.126246755695555e-06,6.664070611878126e-05
0.1053,57,0.9000544657400421,0.18990195870140736,0.016564286128009118,0.15995289565301324,0.37209292939985816,0.375024128779753,0.9414235920082525,2.624960987243406,4.0290619885096667e-16,2.2888423240936105e-06,0.00010766174602849787
0.1053,58,0.9000544657400421,0.18990195870140736,0.0015322265034149447,0.06140816747153382,0.03441927069804203,0.1108772166031717,0.9943008060890249,0.44841704863088194,1.2033241660987373e-15,4.799365161550019e-06,4.798753356938246e-05
0.1053,59,0.9000544657400421,0.18990195870140736,0.00225581454744286,0.04893163681938848,0.05067363825124378,0.13866898775943465,0.991020865820412,0.6095260241859739,1.4137666096814117e-15,4.361885125658623e-06,2.8441288116631824e-05
0.1527,0,0.8583871993476365,0.2631714159961208,0.008359769493129275,0.08870255928476634,0.08893717562847729,0.2201030129033156,0.9809106357454784,1.1297750419697876,7.186060476696295e-16,1.6641343696860911e-06,0.0008197363348136921
0.1527,1,0.8583871993476365,0.2631714159961208,0.001593572703291083,0.04744867643857283,0.016953560203523503,0.08317154031491529,0.9974064690786218,0.25084254840412923,1.4578397642682373e-15,1.6239038535651346e-06,8.72100608373394e-05
0.1527,2,0.8583871993476365,0.2631714159961208,0.001180317321435682,0.049615816675407716,0.012557055430790907,0.07552034010134119,0.9989024804891972,0.21990460037283555,1.5779461007840008e-15,1.989272861716628e-06,1.3319017820201395e-05
0.1527,3,0.8583871993476365,0.2631714159961208,0.0016361071819542706,0.054841074759918354,0.017406072249727976,0.08491885431020753,0.9968582095815816,0.2634447563700846,1.4618089570281746e-15,2.4573967806097144e-06,6.346794046607762e-05
0.1527,4,0.8583871993476365,0.2631714159961208,0.0014864401916210408,0.05384701990828127,0.015813808322356283,0.07460412008638795,0.9984406458853793,0.27955648639776154,1.4539056282110307e-15,1.475387629665902e-06,4.888783455447854e-05
0.1527,5,0.8583871993476365,0.2631714159961208,0.01278054964206577,0.06774244983472504,0.1359685801240188,0.24769960009374145,0.9734424686917791,1.2255551199161185,1.0299092847212524e-15,1.4775414857357255e-06,0.005863199376842321
0.1527,6,0.8583871993476365,0.2631714159961208,0.0015382138043851475,0.05148632831002323,0.01636461285053216,0.08339680558981473,0.9973924227839223,0.29615220515282226,1.978802760601859e-15,1.1338735364254505e-06,3.5309998212773586e-05
0.1527,7,0.8583871993476365,0.2631714159961208,0.0013198309312304301,0.08701808205347275,0.014041300472125633,0.09203726604955739,0.9988367165582904,0.2376047156370611,1.0605392229431765e-15,3.030365007593305e-06,4.473807033736343e-06
0.1527,8,0.8583871993476365,0.2631714159961208,0.0031396180047500106,0.07933987271542328,0.03340149009183489,0.13257006618744807,0.9912217223383543,0.5764738335955979,1.213470175191351e-15,2.608413317959699e-06,0.00016408462988481975
0.1527,9,0.8583871993476365,0.2631714159961208,0.0013171578152004412,0.04216215900967354,0.014012861961945424,0.08776782273016208,0.996638622967759,0.26919521857896367,1.781083590247217e-15,2.4244408041779703e-06,0.00013248717521663345
0.1527,10,0.8583871993476365,0.2631714159961208,0.002680128688389923,0.04666385739009952,0.028513115829588438,0.10642695832038801,0.9943205579887059,0.5244763998966595,1.4659757888230499e-15,1.272932602864452e-06,0.00032373333878887856
0.1527,11,0.8583871993476365,0.2631714159961208,0.0033494743009957165,0.05627269119903513,0.03563409067864361,0.13933541680712924,0.9902657793425806,0.6134269313257823,1.2058399105149778e-15,1.6587414377833828e-06,0.0006099488080797411
0.1527,12,0.8583871993476365,0.2631714159961208,0.0012975549129611123,0.06015076621322045,0.013804312340963668,0.08593676912639037,0.9979034158325353,0.22103864897483883,1.2215397692688348e-15,2.753317633059087e-06,3.380821273946122e-05
0.1527,13,0.8583871993476365,0.2631714159961208,0.002236569767405769,0.08168368850965907,0.023794220447416997,0.10665073638082764,0.9946177990774903,0.5131613841354654,1.222436505563588e-15,1.9070459790792261e-06,1.205796162673245e-05
0.1527,14,0.8583871993476365,0.2631714159961208,0.008693588170646582,0.06423724630505391,0.09248857622329319,0.19339047979855145,0.9834169345629832,1.2235752408749645,8.718360266825927e-16,1.4802171622165309e-06,0.005188089586120048
0.1527,15,0.8583871993476365,0.2631714159961208,0.00139148428682739,0.04585693874466079,0.01480359984848213,0.08111262504757093,0.9975865281890554,0.30123162483441845,1.3116415692892727e-15,9.945915606791388e-07,4.245072329567279e-05
0.1527,16,0.8583871993476365,0.2631714159961208,0.013546455498956018,0.08680109745013764,0.14411683155189745,0.30843342918220695,0.9608105570841369,1.6456223256974207,5.668874862064109e-16,2.533196908696887e-06,0.00573184334768384
0.1527,17,0.8583871993476365,0.2631714159961208,0.0016401475156621128,0.02472572590701284,0.017449056194305344,0.0888817212993974,0.9965716391601985,0.3093633986864286,2.384333094925664e-15,1.2391904846901465e-06,0.010972966936020345
0.1527,18,0.8583871993476365,0.2631714159961208,0.0014042809709509205,0.05069468214014031,0.014939740078699242,0.09308082835122078,0.9960399188031557,0.26505881135587206,1.6859622631589397e-15,1.7582092835141918e-06,2.5284887458398853e-05
0.1527,19,0.8583871993476365,0.2631714159961208,0.001475319434077952,0.05595364607186947,0.015695497791480502,0.09194385818935055,0.9982226321735672,0.26994557897761506,1.7301167460013741e-15,2.71748059816857e-06,1.1283695234953761e-05
0.1527,20,0.8583871993476365,0.2631714159961208,0.0013200879967143887,0.03934633180183969,0.014044035317639451,0.09074181929841767,0.9981249546246499,0.3004501362236043,2.365485204068033e-15,1.88707417959196e-06,2.1835550728432906e-05
0.1527,21,0.8583871993476365,0.2631714159961208,0.0035851078545403054,0.07949565621884787,0.03814092806845218,0.12749020732723854,0.9920806734574532,0.845179705818857,9.815011822589466e-16,1.8535866534871368e-06,6.270237702787895e-05
0.1527,22,0.8583871993476365,0.2631714159961208,0.0013567609107960526,0.10126153197624127,0.014434187869473515,0.1010862600698465,0.9989571602808398,0.28051733962303915,1.1878106326545212e-15,3.992154895992276e-06,5.03967488274526e-06
0.1527,23,0.8583871993476365,0.2631714159961208,0.003644458121331596,0.05989715286882312,0.03877233843276328,0.14268899167276491,0.9899566773243247,0.6901792591951725,1.3439625714605777e-15,1.9802680587875415e-06,0.00010264909519352994
0.1527,24,0.8583871993476365,0.2631714159961208,0.003927918252397415,0.056633490318247125,0.041787988981620144,0.11458390900274382,0.9935493017836932,0.8539219447239801,1.9364585847846553e-15,1.6866148283760166e-06,0.0006716735433127674
0.1527,25,0.8583871993476365,0.2631714159961208,0.0019499296601067661,0.07431645964000487,0.020744739048920414,0.0945506864174062,0.9965047697485603,0.38809245100164413,1.2864447410582703e-15,1.969016311019184e-06,2.4110692915968457e-05
0.1527,26,0.8583871993476365,0.2631714159961208,0.0009824015018264174,0.06652326373228531,0.010451486129782077,0.07470678569320502,0.9989026180854605,0.23702454154066466,1.2192053233340887e-15,2.6321503653415396e-06,6.736908720911261e-06
0.1527,27,0.8583871993476365,0.2631714159961208,0.009301904303873183,0.09107859826165092,0.0989602760498105,0.21045903181883613,0.9834072533608479,0.9420166115140445,8.927406104202856e-16,9.037231382392869e-07,0.0019721256394480413
0.1527,28,0.8583871993476365,0.2631714159961208,0.004969909234449973,0.04972550597441254,0.052873430398427526,0.1605903543711695,0.9905267104522327,0.6331666867203081,1.0853450616076976e-15,1.0288534929413669e-06,0.00017338313257253546
0.1527,29,0.8583871993476365,0.2631714159961208,0.002643465773997044,0.044974815774081016,0.028123069661558208,0.13165166559859673,0.9917313526782613,0.5125816761824349,1.2947753270629503e-15,2.3636550505999053e-06,0.0002659041469221801
0.1527,30,0.8583871993476365,0.2631714159961208,0.002418681230598901,0.04057008788957874,0.025731651760478664,0.09604580337313534,0.9953826223922011,0.524303700449829,2.196823881892884e-15,1.1511861322857791e-06,0.0001298437295214061
0.1527,31,0.8583871993476365,0.2631714159961208,0.00147575705705652,0.07454554494205821,0.015700153536083984,0.07553461261461983,0.9984206119773105,0.27626365901187455,1.5721325224667557e-15,1.8095381447569744e-06,1.7927395666195167e-05
0.1527,32,0.8583871993476365,0.2631714159961208,0.0017526844259360967,0.03615037389776213,0.018646303912911645,0.09026487432210316,0.9966550758360998,0.2979114174657588,2.6254972637960486e-15,1.9821729883098316e-06,0.0009238723721387565
0.1527,33,0.8583871993476365,0.2631714159961208,0.007365321966591947,0.08882995897798668,0.07835753531738432,0.1491688812610901,0.9893423137880092,0.9440853759090193,1.0034084305265226e-15,1.1347212187131651e-06,0.0003187105093245268
0.1527,34,0.8583871993476365,0.2631714159961208,0.0016419723607317975,0.06640119034746089,0.017468470194486874,0.09526629421874629,0.9961626476888673,0.3448539094215266,1.2457955453249684e-15,2.203295594872495e-06,1.4882243354486652e-05
0.1527,35,0.8583871993476365,0.2631714159961208,0.0015826399659832,0.08791082366908252,0.01683724996568139,0.07719601728668768,0.9990170759310469,0.27406639217851403,1.2214627711412431e-15,1.730487556054026e-06,6.721511082059817e-06
0.1527,36,0.8583871993476365,0.2631714159961208,0.0016375806798132387,0.07447749895812165,0.01742174836830744,0.0989459630605759,0.9979398849470429,0.32491513140504313,8.853429153043666e-16,2.2845829822805572e-06,1.0518890750432774e-05
0.1527,37,0.8583871993476365,0.2631714159961208,0.004988951594289709,0.11748438125600746,0.053076016570550937,0.17368960702161512,0.9856781200950133,0.8182791587355265,6.250771251062833e-16,1.9061839239394666e-06,0.0001671929464617805
0.1527,38,0.8583871993476365,0.2631714159961208,0.0023766469667628925,0.034986598456999925,0.025284461355495697,0.09678216761952278,0.9954167139973353,0.45976324275386493,2.0392867713317197e-15,1.2558395906988879e-06,0.0010296117609542854
0.1527,39,0.8583871993476365,0.2631714159961208,0.008031818420953189,0.04527568787301283,0.08544819879393133,0.19720736779491052,0.9863827152244058,1.0344553716614464,1.5216269913025456e-15,1.2959336503708618e-06,0.0027683234747950536
0.1527,40,0.8583871993476365,0.2631714159961208,0.001686162443692754,0.04834804249003616,0.01793859573713078,0.07285896744629843,0.9973447333186202,0.27147651334993417,2.4151398453273044e-15,1.1223063351284098e-06,0.00018048387948943478
0.1527,41,0.8583871993476365,0.2631714159961208,0.001527739476770747,0.08441415591783233,0.016253179501155988,0.09096360848690269,0.9967778301242591,0.2976004256218219,9.111823297091124e-16,2.803354137910483e-06,1.5159451128898827e-05
0.1527,42,0.8583871993476365,0.2631714159961208,0.0011085566311634359,0.03974765289723618,0.011793614151792853,0.06923907246158097,0.9979011417192645,0.2780215689422365,2.1699855243161637e-15,1.4728728139331896e-06,6.139357755363672e-05
0.1527,43,0.8583871993476365,0.2631714159961208,0.0019372628161303048,0.055997325993355676,0.02060998015056574,0.09155701034211695,0.9958036644473426,0.3601049470111115,1.334498165092893e-15,1.1973704861337847e-06,3.962933524293e-05
0.1527,44,0.8583871993476365,0.2631714159961208,0.0011875300478368517,0.06961478688451975,0.01263378954591553,0.08934831492546558,0.99826758157832,0.21554669119728542,1.2257131313404391e-15,2.974975966875374e-06,5.893620070612782e-06
0.1527,45,0.8583871993476365,0.2631714159961208,0.0014666754802206982,0.046714476602614526,0.015603537260396613,0.08578038327383518,0.9976679227073211,0.2665298370799887,1.738195623326303e-15,1.5031961977712952e-06,4.310830450204861e-05
0.1527,46,0.8583871993476365,0.2631714159961208,0.0012696057387175973,0.038716482444828455,0.013506969140243921,0.09010616212848278,0.9975634651931424,0.266212079371573,1.653939190217296e-15,3.0106897469329802e-06,0.0001599058308359158
0.1527,47,0.8583871993476365,0.2631714159961208,0.002944255550891721,0.06587647024408554,0.03132308531233886,0.10655898155304769,0.9943134982163119,0.4059933228635635,1.2834457581266955e-15,1.4658297709459454e-06,0.00010364068957513517
0.1527,48,0.8583871993476365,0.2631714159961208,0.001660888442786035,0.04441546652603449,0.017669712933684766,0.10470544585079047,0.9972405427222862,0.30448911902222253,1.563849138860588e-15,2.033073794671806e-06,2.0610318659297633e-05
0.1527,49,0.8583871993476365,0.2631714159961208,0.0008716364704346812,0.03238479495397728,0.009273088919371302,0.086212255246978,0.996722151562722,0.20000033110334492,1.573626484978922e-15,1.468149643284561e-06,0.00011014551690169405
0.1527,50,0.8583871993476365,0.2631714159961208,0.006780956604862677,0.12220603293516953,0.07214064083841229,0.12694310564168218,0.9925694561832082,0.9811689617987374,9.052049701556769e-16,1.0608300043060517e-06,0.00010943321993656108
0.1527,51,0.8583871993476365,0.2631714159961208,0.011492935976694478,0.09995022511911326,0.12227002984785718,0.22750915549408882,0.9815376951773892,1.0885507720771566,6.142764274355077e-16,2.0917496039039585e-06,0.0004059861602191406
0.1527,52,0.8583871993476365,0.2631714159961208,0.0018525723584605668,0.053689204112848055,0.019708982806796845,0.08318173911733771,0.9976014972656436,0.2677349297293681,1.5030258229951783e-15,1.567252038761931e-06,0.00021678945161607288
0.1527,53,0.8583871993476365,0.2631714159961208,0.0017225678847269529,0.037336575960661235,0.018325902720385763,0.0909951310564487,0.9964378982716727,0.31726431577531455,1.7352367998553743e-15,1.5960589629970423e-06,0.00011726801083300487
0.1527,54,0.8583871993476365,0.2631714159961208,0.009775310194297098,0.08855830447939961,0.10399670472823178,0.23563243287640112,0.9780422910918009,1.0231243553661338,7.633463665445023e-16,1.1842424333685276e-06,0.0006105413982209207
0.1527,55,0.8583871993476365,0.2631714159961208,0.001955519566675224,0.04234402778933556,0.020804208452070157,0.09078910544632249,0.9960527979713741,0.3599666483998143,1.5397710169324418e-15,1.7980006693625091e-06,0.00017639676489622502
0.1527,56,0.8583871993476365,0.2631714159961208,0.0012629422039633878,0.06586227207909984,0.013436077716595378,0.08722994604497854,0.9973914354533622,0.2329213218897368,1.1158986741222462e-15,2.678952449006691e-06,1.7858265844272747e-05
0.1527,57,0.8583871993476365,0.2631714159961208,0.003227289118754349,0.05401221182536845,0.03433419777835144,0.09482193220206638,0.9955491649268758,0.4247433230139882,1.2208530280035176e-15,1.1008793265052055e-06,0.0010305962262737722
0.1527,58,0.8583871993476365,0.2631714159961208,0.0026257667997737714,0.06255492827585381,0.027934775381406957,0.08983431932579687,0.9959589519860451,0.5826490276080829,1.2233178664774108e-15,1.1521658063120006e-06,0.00021497885408972017
0.1527,59,0.8583871993476365,0.2631714159961208,0.0013090950666724563,0.04941629604566128,0.013927084706666922,0.0803834341084641,0.996934531951052,0.21985711840947397,1.2718159450322186e-15,1.7924216886337256e-06,0.00017898723570630715
0.2216,0,0.8012357945621662,0.3580212015123343,0.0010122697624326844,0.07099968672027653,0.00506990076016294,0.049392863238337414,0.9991708842396971,0.16567418380589616,1.9641064569597823e-15,1.0231265444473873e-06,1.6707152921791035e-05
0.2216,1,0.8012357945621662,0.3580212015123343,0.002021646679400234,0.046066111097418566,0.01012531285340424,0.0762175506668008,0.997169969298798,0.24373302771043548,2.238010133552615e-15,1.0554577514683254e-06,0.0017115095295436866
0.2216,2,0.8012357945621662,0.3580212015123343,0.0010046833314837098,0.046839765143461116,0.005031904513053173,0.06889182050805076,0.9985343300133059,0.14915209346177272,1.5725990978494775e-15,1.16959983112813e-06,7.186944322701283e-05
0.2216,3,0.8012357945621662,0.3580212015123343,0.011709373827541777,0.0723644267510665,0.05864579331760275,0.19035604374529363,0.987314308181091,0.7792511864242289,9.802475874605827e-16,5.852035411290419e-07,0.010535461068230667
0.2216,4,0.8012357945621662,0.3580212015123343,0.0009666497289823381,0.036625808365729616,0.004841415181661861,0.04384346002959229,0.9990477683822503,0.13951300149614743,2.3193258208131284e-15,4.1540670055690445e-07,0.00012308649849512854
0.2216,5,0.8012357945621662,0.3580212015123343,0.0010472647246155533,0.037527838363784566,0.005245171218648651,0.06963126757259105,0.9976500726277937,0.15915303810049286,1.6537430899329245e-15,1.4131538086719536e-06,0.00014013287996172963
0.2216,6,0.8012357945621662,0.3580212015123343,0.0037447179599804543,0.04073560486859706,0.018755226261303243,0.10281711341820295,0.9952503020218023,0.47624618209728586,1.8600116671927735e-15,5.65610085145933e-07,0.00314105751592475
0.2216,7,0.8012357945621662,0.3580212015123343,0.00114593470385984,0.04941116759670577,0.005739354707419143,0.05369443102595869,0.9993937793461041,0.1737018235995862,2.2580752125379855e-15,1.2165993472877443e-06,4.451360432000673e-05
0.2216,8,0.8012357945621662,0.3580212015123343,0.0026859778064695274,0.07246357892233923,0.013452580950432377,0.07507141902960723,0.9972799473640364,0.2920328136927328,1.6014647099325983e-15,7.299878643588669e-07,4.710804511882244e-05
0.2216,9,0.8012357945621662,0.3580212015123343,0.0012024456199767755,0.05617962688923213,0.006022386708582777,0.06238402645452093,0.9988603474672051,0.15101346458102416,1.4456555365374756e-15,9.434551758888178e-07,0.00010199664926879848
0.2216,10,0.8012357945621662,0.3580212015123343,0.0013907710655845951,0.06976041767969957,0.006965604964505538,0.06175273732027836,0.9993360340283501,0.1682769592513499,1.760970835872653e-15,1.3686091406047144e-06,1.2526736575924069e-05
0.2216,11,0.8012357945621662,0.3580212015123343,0.0013576726983298446,0.05411241150911509,0.00679983350364343,0.06391771338598932,0.9990248157102766,0.18315486025547179,1.4328870322062186e-15,9.746891956855796e-07,2.2920633596767992e-05
0.2216,12,0.8012357945621662,0.3580212015123343,0.002816101336030577,0.07289089436537802,0.01410429791948538,0.06839985119922234,0.9977088340060518,0.4451728499550658,1.7690511169739347e-15,4.4979564100438285e-07,0.00012287814406169995
0.2216,13,0.8012357945621662,0.3580212015123343,0.003723450810123046,0.03588732978488794,0.01864871084097753,0.10283492377700441,0.9950352719037625,0.5183418321309752,2.151712897159543e-15,6.002824488108148e-07,0.0024616271400232925
0.2216,14,0.8012357945621662,0.3580212015123343,0.018786503050254304,0.11216080947635589,0.09409122906762848,0.2281257475201299,0.9803928684766493,0.9141777842552772,5.586362808281596e-16,1.2222623345321894e-06,0.005595084907008108
0.2216,15,0.8012357945621662,0.3580212015123343,0.0008893322461076827,0.04018962803654275,0.004454174566810279,0.06027328895531974,0.9988845992904293,0.16268097298394402,2.136392159796597e-15,1.2701254013507977e-06,3.881226842850083e-05
0.2216,16,0.8012357945621662,0.3580212015123343,0.0015765590417321335,0.05133797131245325,0.007896114435850315,0.06575223097401064,0.997935570331142,0.24137713677862793,1.7328667623486526e-15,1.2245520325054414e-06,0.00020210469056158864
0.2216,17,0.8012357945621662,0.3580212015123343,0.006501983429991295,0.07566436184750552,0.03256484778826118,0.15092180824436977,0.9898331720474572,0.6470986627457096,9.766086428441524e-16,6.224659633957621e-07,0.0007003829235125991
0.2216,18,0.8012357945621662,0.3580212015123343,0.0018998097556589284,0.0517360472361718,0.009515098921094832,0.062186756750400765,0.9981567865508923,0.29881987129899024,1.4785572355167394e-15,6.924150506519209e-07,0.0002599197770417616
0.2216,19,0.8012357945621662,0.3580212015123343,0.0015363370348698262,0.0607762294451058,0.007694664594380759,0.0662538272785063,0.9979983930286231,0.19514919128856922,1.2368748305138005e-15,1.0365029676870242e-06,2.7542815750389305e-05
0.2216,20,0.8012357945621662,0.3580212015123343,0.0009715354815773695,0.04098554095632211,0.004865885220889344,0.06162619623862999,0.9988370936077191,0.13286075264407726,1.892263339307796e-15,1.6033410806973113e-06,0.00018251315146344815
0.2216,21,0.8012357945621662,0.3580212015123343,0.002365990813906406,0.04791068893843531,0.01184994264486912,0.0794804685065568,0.9968364791005282,0.32357415199135753,1.3953355772601373e-15,7.265161730689011e-07,0.0006445514356625548
0.2216,22,0.8012357945621662,0.3580212015123343,0.00152122930423722,0.06362514461259489,0.007618998306735751,0.06137607017638471,0.9982013890928342,0.2338745772917159,2.1564969300909493e-15,9.847792395663564e-07,6.416677302922835e-05
0.2216,23,0.8012357945621662,0.3580212015123343,0.0015311790754956517,0.1259145035486282,0.007668831221575901,0.05801493356171685,0.9991155191694671,0.1934591424459553,1.5780597839385895e-15,1.1593338519928926e-06,6.241561889164249e-06
0.2216,24,0.8012357945621662,0.3580212015123343,0.008587212315644245,0.07685825474004483,0.0430086088338141,0.12484008556157208,0.9929542407554152,0.7861603583138859,1.0306705498408583e-15,5.270846223060458e-07,0.004074121232719108
0.2216,25,0.8012357945621662,0.3580212015123343,0.0009020086761561435,0.10643379821925222,0.004517663811203397,0.04484979295327885,0.9994858051185415,0.14603509770648504,1.936067531574172e-15,1.321823232785081e-06,9.687934931168485e-06
0.2216,26,0.8012357945621662,0.3580212015123343,0.0008340554486584748,0.04088037364063416,0.004177323585177067,0.055738464867611234,0.999426871882749,0.13511842418574127,2.2585935157293063e-15,9.692808313343646e-07,2.0505983785223947e-05
0.2216,27,0.8012357945621662,0.3580212015123343,0.02087787655141765,0.0970747215911597,0.10456576510222407,0.24214989260542968,0.9770356210180513,1.1921062075386153,6.58757012337689e-16,8.272004367326461e-07,0.010748992715751138
0.2216,28,0.8012357945621662,0.3580212015123343,0.006775811909899061,0.08916891714530509,0.033936303570070096,0.11812105064012357,0.9939529069187393,0.5364764609586885,9.133348976862715e-16,5.97413151116397e-07,0.0017502620238012412
0.2216,29,0.8012357945621662,0.3580212015123343,0.0008733165105240506,0.033875789027440664,0.004373960583321444,0.04542641559770384,0.999184149509951,0.12256838838835371,2.2521144315639233e-15,7.520917789412056e-07,0.00010323869233497263
0.2216,30,0.8012357945621662,0.3580212015123343,0.0089521586604863,0.10781792235358559,0.04483642373039552,0.14113502315768564,0.9919372301108511,0.8165012242436935,6.884401618950271e-16,7.98104861581767e-07,0.0003583394090893588
0.2216,31,0.8012357945621662,0.3580212015123343,0.0013773839793033483,0.04296318137529823,0.006898556435118929,0.07349620094251051,0.9975437151725522,0.22014932917533714,1.8616193705872606e-15,8.774635574834707e-07,8.229109435065052e-05
0.2216,32,0.8012357945621662,0.3580212015123343,0.0012279893551010665,0.06116811813497889,0.006150321185073339,0.058847266030027504,0.9993843114211949,0.17444241298097785,1.4044526929492751e-15,1.0593517851743838e-06,1.669829419803648e-05
0.2216,33,0.8012357945621662,0.3580212015123343,0.002632674521784095,0.07230726547428523,0.013185614205425182,0.07665059720955976,0.9970789791986268,0.27744459084935014,1.4275601105462726e-15,6.884572772929445e-07,0.0001858018653897453
0.2216,34,0.8012357945621662,0.3580212015123343,0.0013294598092838473,0.05965092143984158,0.006658530707759307,0.05939239548383633,0.9988180106956702,0.17977596711115273,1.6961936594442672e-15,8.082684667350617e-07,0.0001058279582681898
0.2216,35,0.8012357945621662,0.3580212015123343,0.05438579812097166,0.12034808066152633,0.2723884575717708,0.4016064956859343,0.9573287713213763,1.6779693865709833,6.915440082608041e-16,5.82398910953057e-07,0.06282736576598946
0.2216,36,0.8012357945621662,0.3580212015123343,0.0011082724720132796,0.03796483529039096,0.00555072536674869,0.06002003092122588,0.9985680619274394,0.15593331308429037,2.3095979394869906e-15,7.767726269306891e-07,6.77122490942983e-05
0.2216,37,0.8012357945621662,0.3580212015123343,0.0012936137025788051,0.06616790801022039,0.0064789973359474055,0.05923772463937683,0.9993787407590855,0.17591501095812312,1.1950071661764202e-15,1.1579682940155275e-06,1.7313468268165266e-05
0.2216,38,0.8012357945621662,0.3580212015123343,0.0019188772378821231,0.05451345571221563,0.009610597419820566,0.07432279232647836,0.9972363172405765,0.23763958201198765,1.7122532940984665e-15,1.0367015440474237e-06,0.00020490085897928445
0.2216,39,0.8012357945621662,0.3580212015123343,0.009615791391558394,0.07360085019445123,0.04816019394718618,0.1738486390094658,0.9874887977029297,0.8487015157201547,1.2915672006595533e-15,6.704033116904968e-07,0.008272328641838023
0.2216,40,0.8012357945621662,0.3580212015123343,0.04037863713236152,0.1721677182065585,0.2022343160776932,0.35506017642108745,0.9660485538848413,1.7215708820614206,4.971226391466189e-16,8.967948895581852e-07,0.04795652345679313
0.2216,41,0.8012357945621662,0.3580212015123343,0.0028198471502195047,0.03753696773904826,0.01412305863615268,0.09101197710850327,0.9961935276550942,0.3142794248709171,1.2274031513103853e-15,4.6197033984267873e-07,0.0011790565263245512
0.2216,42,0.8012357945621662,0.3580212015123343,0.0014602524680962768,0.0396927176621564,0.007313598976066853,0.05582420470729532,0.9984749205811525,0.19542612025762018,2.2436525996761363e-15,4.922018515337706e-07,0.0006553307760726046
0.2216,43,0.8012357945621662,0.3580212015123343,0.0010510478167920726,0.029939817272581697,0.005264118640189135,0.06100266136906978,0.9988557542885312,0.13854728312573217,2.4892783097772758e-15,1.494683559513353e-06,0.0012360963019280025
0.2216,44,0.8012357945621662,0.3580212015123343,0.008609797919353141,0.0893786699606043,0.04312172766207716,0.14499148721184651,0.9913292659633685,0.731795255787342,8.731715551388837e-16,6.487481519006659e-07,0.0005043429664401966
0.2216,45,0.8012357945621662,0.3580212015123343,0.000993503033454244,0.03587752941912415,0.0049759085685114526,0.07441096762137138,0.997922972507951,0.16929450995525364,1.75758829006885e-15,1.2815154549832063e-06,5.156666345812466e-05
0.2216,46,0.8012357945621662,0.3580212015123343,0.0013097213230029623,0.05625793609867577,0.006559671519908596,0.04962556150798611,0.9993323051871197,0.1885466214421525,2.7774736898921444e-15,7.988400084423188e-07,3.7489074331209515e-05
0.2216,47,0.8012357945621662,0.3580212015123343,0.0008224297197550474,0.041616347695782804,0.004119096723136569,0.0380010212621328,0.9992780052291326,0.1523464701608157,1.964844763109743e-15,6.648923926827053e-07,6.58910296874593e-05
0.2216,48,0.8012357945621662,0.3580212015123343,0.0025599340419210272,0.08136088256258271,0.012821297273477984,0.09473020964487693,0.9955056940801008,0.36555883022530855,7.854388378004126e-16,1.117423146637649e-06,3.135350423544292e-05
0.2216,49,0.8012357945621662,0.3580212015123343,0.0010170167861436037,0.06026608679147974,0.005093675982948076,0.0673920988343085,0.9989009685115361,0.19165528622711614,1.1781951066568708e-15,1.5355859828242411e-06,4.246260710427663e-05
0.2216,50,0.8012357945621662,0.3580212015123343,0.0018157139829017553,0.03989273715474368,0.009093909591875463,0.06986134471712611,0.9975814719572683,0.32555041111659166,1.6812962949638601e-15,6.241020106233857e-07,0.0005379139411172407
0.2216,51,0.8012357945621662,0.3580212015123343,0.001265517075685032,0.03659142906236041,0.006338276833040725,0.04705939158794197,0.9990476030235544,0.2363082816516795,2.2199018316788803e-15,7.404960758343695e-07,0.0002504405766696749
0.2216,52,0.8012357945621662,0.3580212015123343,0.0008500020524422004,0.06561060173105651,0.004257191325620907,0.04885956160850137,0.9991446998458667,0.14092164185225053,2.103576666700257e-15,1.243726560685442e-06,1.2021600857142767e-05
0.2216,53,0.8012357945621662,0.3580212015123343,0.0029003879455152615,0.05856850632763348,0.014526443044586251,0.09038181795805757,0.9960777054113167,0.3658223771252911,1.6861414470260699e-15,7.623889087511677e-07,0.00019097936966261386
0.2216,54,0.8012357945621662,0.3580212015123343,0.006024590339458243,0.06628466322108756,0.03017384918056442,0.14443645732949892,0.9900396849747626,0.6543349008467048,1.5997591224967958e-15,8.583225798634053e-07,0.0017950952431742273
0.2216,55,0.8012357945621662,0.3580212015123343,0.0014031963087381308,0.07699294654931126,0.0070278361523244195,0.05937464075633651,0.9982841201578713,0.21543329010304957,1.4768655708092507e-15,8.943933250379435e-07,8.494945454456948e-05
0.2216,56,0.8012357945621662,0.3580212015123343,0.001628590506055109,0.05790879558760352,0.008156711334338623,0.07537203227201957,0.9976904253898042,0.217618306478915,1.384397060704497e-15,1.205557110042109e-06,7.309746733252798e-05
0.2216,57,0.8012357945621662,0.3580212015123343,0.001227475903073297,0.05853923578928396,0.006147749587143109,0.060021430627837415,0.9990001127075081,0.19805748717962324,1.618815717259148e-15,9.919393987207924e-07,2.6647785382527545e-05
0.2216,58,0.8012357945621662,0.3580212015123343,0.0024200204857088084,0.04331685128040816,0.012120547462189813,0.08388101222565633,0.996655058108249,0.2916950199277757,1.897724437604012e-15,7.239560521195974e-07,0.0009668544293106596
0.2216,59,0.8012357945621662,0.3580212015123343,0.0008649891190160089,0.05616687076300928,0.004332253273567043,0.05670832077885723,0.9990019738633658,0.12714547274178445,1.7696581215312098e-15,1.2381189535373305e-06,2.371065308925946e-05
0.3215,0,0.7250606300274414,0.4742870827842097,0.0011209220150744956,0.03193746951807817,0.00261963903628537,0.044428905151447796,0.9990442345324703,0.1270478236882202,2.3443992185295015e-15,5.910524897079651e-07,0.0006726357963799945
0.3215,1,0.7250606300274414,0.4742870827842097,0.0023890489689880304,0.05097315676907332,0.005583301830629523,0.06100608129682082,0.998173354490762,0.2616263962709908,1.917819898508299e-15,3.9375340402280917e-07,0.0031981090927075684
0.3215,2,0.7250606300274414,0.4742870827842097,0.00518645720245056,0.11874890533529647,0.012120955396401916,0.06453157566683405,0.9980428381400026,0.43275789613369886,1.4120615029813675e-15,3.529510359869093e-07,0.0002504924136996073
0.3215,3,0.7250606300274414,0.4742870827842097,0.0008865524168089429,0.08739217117684901,0.00207190802531566,0.040937455130145725,0.9996517412056899,0.0920328846700933,3.644355114642931e-15,7.583993288371492e-07,3.897915192997009e-05
0.3215,4,0.7250606300274414,0.4742870827842097,0.0016121235526671616,0.04749830233843474,0.0037675964367612875,0.06189146053928244,0.9980879839218342,0.23407496570715658,2.1352849671301017e-15,6.060337372505693e-07,0.00012939094586970207
0.3215,5,0.7250606300274414,0.4742870827842097,0.0008986907764870915,0.029924638543816988,0.002100275851463879,0.041658028837582524,0.9991368704284551,0.10287421124113916,2.865575440441049e-15,5.047586900182522e-07,0.0003736112414352011
0.3215,6,0.7250606300274414,0.4742870827842097,0.003253586815564249,0.04773655564872426,0.0076037609355268715,0.06787148311996244,0.997774375358657,0.3162632905210603,1.6704543206238824e-15,3.681019677879174e-07,0.0019564874284838663
0.3215,7,0.7250606300274414,0.4742870827842097,0.0014170192871678935,0.05533409618306074,0.0033116300598196196,0.05930611810345389,0.9986069742366102,0.1338386850499802,1.963494527188035e-15,7.19690099362076e-07,0.00014050630740081171
0.3215,8,0.7250606300274414,0.4742870827842097,0.003415269045708455,0.08054872739172668,0.007981618695356216,0.0657787415555192,0.9979358292563824,0.3653938381271571,1.4569809725059562e-15,3.632073210982442e-07,0.000268868357552729
0.3215,9,0.7250606300274414,0.4742870827842097,0.0010199959474935416,0.07278623462201078,0.0023837708288113046,0.03667278970502098,0.9995675954627015,0.10924327905099451,3.5049230352866523e-15,5.941371229870102e-07,7.00946826608928e-05
0.3215,10,0.7250606300274414,0.4742870827842097,0.010681353339515347,0.08120333846734647,0.02496274476926203,0.10901008401988682,0.9945471650582222,0.5177552534166379,1.0165542531982685e-15,4.7556089806278264e-07,0.010961445884997367
0.3215,11,0.7250606300274414,0.4742870827842097,0.000777792704599407,0.05477566453052027,0.0018177322808412921,0.03573726050978789,0.9995312189681826,0.08536737900599745,3.2871694732529155e-15,5.138853450809833e-07,6.742985068819429e-05
0.3215,12,0.7250606300274414,0.4742870827842097,0.0009383680855871389,0.07218169606528037,0.002193003290460903,0.031727912115870296,0.9996431825292758,0.11700123760556291,3.554312530114216e-15,4.983707990969674e-07,0.00022219534542252187
0.3215,13,0.7250606300274414,0.4742870827842097,0.0008427423075833407,0.03632359692427369,0.0019695220691403875,0.04263405004084686,0.999498139329324,0.09734753631786086,2.5775238927336103e-15,6.731919183787052e-07,9.483371434471088e-05
0.3215,14,0.7250606300274414,0.4742870827842097,0.01624512226459817,0.08750663247962892,0.037965492568849006,0.15223550135454803,0.9910597454518523,0.73012840323273,8.135835036909171e-16,4.2315559680686696e-07,0.01103305378464925
0.3215,15,0.7250606300274414,0.4742870827842097,0.0007253495971277699,0.03134696714289515,0.001695170666679687,0.03734500673463931,0.9995448050598277,0.08401880546718044,3.1432284002055266e-15,4.356325536437354e-07,0.0001526793163586504
0.3215,16,0.7250606300274414,0.4742870827842097,0.002989880500503001,0.05577472082121203,0.0069874688583269305,0.053579462142659885,0.998981352312917,0.25128535464344104,2.1371942529109803e-15,3.758488207272197e-07,0.0010987371377921828
0.3215,17,0.7250606300274414,0.4742870827842097,0.0013693097574884747,0.0500342302215951,0.0032001310039796766,0.041804853318010975,0.9991432970921017,0.14666257194395138,2.8338885185133694e-15,5.32999236282141e-07,0.0008239206890960915
0.3215,18,0.7250606300274414,0.4742870827842097,0.0010321043584168514,0.039580479526425905,0.002412068663536206,0.03810912519016509,0.9992980655063868,0.10114249685903864,2.983181112690027e-15,5.521298527045966e-07,0.0003152012378850877
0.3215,19,0.7250606300274414,0.4742870827842097,0.0007735184113801356,0.07138395452414802,0.001807743088712712,0.033714678126342414,0.9994731050600993,0.10411073468999632,2.8109140822822608e-15,5.808269723908445e-07,8.177152575442048e-05
0.3215,20,0.7250606300274414,0.4742870827842097,0.005342088414369646,0.08912551536540823,0.012484671687566508,0.07903129981202602,0.9970133772290534,0.38828231200684815,1.6412459076071742e-15,4.3127069218210186e-07,0.0020954591766477737
0.3215,21,0.7250606300274414,0.4742870827842097,0.019132898980035232,0.09995964503461464,0.0447143408474084,0.1726663030868703,0.9885829572952876,0.7081354244626046,5.940734825252352e-16,4.836929041716944e-07,0.03123822795344733
0.3215,22,0.7250606300274414,0.4742870827842097,0.0024501548379417433,0.03740594606896689,0.005726108660636012,0.05892616878073696,0.99837729631321,0.2702308041440049,2.262271889569682e-15,4.0972502158238104e-07,0.002243397491564547
0.3215,23,0.7250606300274414,0.4742870827842097,0.0013375497520175463,0.039695272975170136,0.003125906616372522,0.045068325920926695,0.9989975439301918,0.15451723583746713,2.819457288498771e-15,4.404006339302236e-07,0.00045315526313904897
0.3215,24,0.7250606300274414,0.4742870827842097,0.0007091370161341139,0.054715603100807815,0.0016572812243467179,0.032533189439809845,0.9996269431362389,0.07911604593087018,2.3511636627573263e-15,5.917426471592063e-07,5.424273946971758e-05
0.3215,25,0.7250606300274414,0.4742870827842097,0.006465490313510326,0.0674859130148278,0.015110106310893507,0.08595318276784097,0.9967365433897498,0.4599177209911396,1.3061403783778885e-15,4.447825617843187e-07,0.002012903843789382
0.3215,26,0.7250606300274414,0.4742870827842097,0.0027735948612602444,0.05202844654432114,0.006482000774081468,0.06277620735238772,0.9982178728026533,0.2530083661139342,1.694200920160827e-15,4.2291698044682987e-07,0.0005627714897284974
0.3215,27,0.7250606300274414,0.4742870827842097,0.0007266935908815271,0.05501948139688622,0.001698311633182723,0.027373668589613688,0.9997880753733147,0.08272487964525244,2.9766085034085346e-15,4.0100931963402034e-07,0.00010806069207403013
0.3215,28,0.7250606300274414,0.4742870827842097,0.004624144433383751,0.10769279568389095,0.010806808238402476,0.06575308125606169,0.9981179964660605,0.3988772484817331,1.1505011458672236e-15,3.6017416676511576e-07,0.00013573050950405063
0.3215,29,0.7250606300274414,0.4742870827842097,0.0009830029194731593,0.06016053399918431,0.002297316660752022,0.052604162559321974,0.9993688594908032,0.11130075379727455,2.268344534395389e-15,5.972528775460394e-07,3.164449039128048e-05
0.3215,30,0.7250606300274414,0.4742870827842097,0.012116772575285232,0.10932333709371271,0.028317376235937077,0.1299918231249405,0.9923611997193097,0.602498801256165,1.1111971511093557e-15,6.148667409552705e-07,0.00400964543680582
0.3215,31,0.7250606300274414,0.4742870827842097,0.0010143061532973336,0.0280764018505033,0.0023704735549739,0.04341921005217345,0.9990781094279111,0.09631989176800437,4.049009269664597e-15,4.797173031449521e-07,0.0012465923621840513
0.3215,32,0.7250606300274414,0.4742870827842097,0.0010568755207676396,0.04904668457057763,0.0024699598486459732,0.055766813267766446,0.9992282798282902,0.09103839054343443,1.7524076833388554e-15,8.403089056925313e-07,4.9202277217386126e-05
0.3215,33,0.7250606300274414,0.4742870827842097,0.0008684165270818321,0.05206686487076102,0.0020295237344836597,0.034269193632011904,0.999490413981659,0.0949927442035956,3.612889727310267e-15,4.960602513859132e-07,0.000438823267195132
0.3215,34,0.7250606300274414,0.4742870827842097,0.0007171576889729122,0.04476254493434862,0.0016760258536636795,0.03941663100284869,0.9996927985785526,0.0750703185934416,2.9164930909812542e-15,5.199951932794735e-07,5.026750162429039e-05
0.3215,35,0.7250606300274414,0.4742870827842097,0.0009602691115186981,0.12003426685266501,0.00224418685336131,0.03938635930496629,0.9996326241025643,0.09737721351221329,2.680361165742714e-15,8.250126119014131e-07,0.00015382993691371444
0.3215,36,0.7250606300274414,0.4742870827842097,0.0010556079411366353,0.06779510937284366,0.002466997464966888,0.035044147740996866,0.9995088108816782,0.08384906906561107,3.620048809687954e-15,6.296606708214329e-07,0.00041236145048384465
0.3215,37,0.7250606300274414,0.4742870827842097,0.0015213331091746929,0.04542284650922976,0.0035554155832353443,0.0463116707347679,0.9989613887897373,0.14612710681639296,1.9969356105096803e-15,4.5032170431581127e-07,0.0009595872946317474
0.3215,38,0.7250606300274414,0.4742870827842097,0.0009249151430789901,0.04876343202088642,0.0021615632323004775,0.03608885695045912,0.9993621062912048,0.10798478001264256,2.8899635333283425e-15,4.915253797647922e-07,0.00026748685523669824
0.3215,39,0.7250606300274414,0.4742870827842097,0.0006920127153790729,0.027781600916271486,0.0016172610569098102,0.03832760594126961,0.9994441691048498,0.08593896589368599,4.332449615849199e-15,6.418936739550609e-07,0.0004015188118553503
0.3215,40,0.7250606300274414,0.4742870827842097,0.0011460899431898959,0.03638128300378761,0.002678457478663047,0.03821923506189501,0.9992694293378135,0.1240875821093601,3.3586493187016856e-15,3.3900836346547436e-07,0.0003073183755212261
0.3215,41,0.7250606300274414,0.4742870827842097,0.0007460618315236181,0.03580676187737118,0.0017435759767925872,0.031980816946079134,0.9997065156878454,0.09004206853220564,5.482881717423864e-15,5.719562251658043e-07,0.0001306552821395135
0.3215,42,0.7250606300274414,0.4742870827842097,0.00313123655904293,0.06700999056644806,0.007317823552040411,0.060806654954102674,0.998199549954711,0.2878614659703107,1.2669423299638731e-15,4.817027784420754e-07,0.0007330814324418844
0.3215,43,0.7250606300274414,0.4742870827842097,0.0010165945470367787,0.04902648999944226,0.002375821621556253,0.041172472178861406,0.9992839254940983,0.10431826939264699,2.248214075342701e-15,5.223383370412849e-07,7.316300887585947e-05
0.3215,44,0.7250606300274414,0.4742870827842097,0.0010563284786775607,0.06509616972830307,0.0024686813896681046,0.03936790501251728,0.9992852053956139,0.1576822491974692,2.0271761320918184e-15,4.899927994463963e-07,8.226912322575886e-05
0.3215,45,0.7250606300274414,0.4742870827842097,0.002700908415636823,0.09331339010796666,0.006312129678855192,0.053663239547607135,0.9986358206014864,0.25043306022285794,1.28347797382439e-15,4.68920855216878e-07,6.857309880214935e-05
0.3215,46,0.7250606300274414,0.4742870827842097,0.0011031944355495713,0.028659390315063305,0.002578208982528008,0.04012685175004521,0.9991946333490596,0.13337103191452493,3.558104814005748e-15,3.889461528360333e-07,0.0009839069413444257
0.3215,47,0.7250606300274414,0.4742870827842097,0.0016559459026233322,0.06083181777749371,0.0038700110000075222,0.06020920793233956,0.998292616592001,0.14970988661054863,1.7534671622791623e-15,5.972399172782942e-07,0.0006194832775834325
0.3215,48,0.7250606300274414,0.4742870827842097,0.004400765444343853,0.07751835841474868,0.010284762715426481,0.08384759982857488,0.9965479882292511,0.3324056299068139,1.3821668298557068e-15,5.324888520474576e-07,0.0008304488436894908
0.3215,49,0.7250606300274414,0.4742870827842097,0.0013568653691152105,0.048801713830021964,0.003171047976679921,0.04752214554148054,0.9989606256592156,0.17383710097867144,2.5641119702408327e-15,5.082262028459345e-07,0.0005418386701746547
0.3215,50,0.7250606300274414,0.4742870827842097,0.0027808829075216244,0.038565798843480076,0.006499033226141304,0.06575187656917383,0.9981197502990049,0.2724020887020444,1.9810002850614424e-15,3.921116025684664e-07,0.0021755993939927
0.3215,51,0.7250606300274414,0.4742870827842097,0.0015426540463141206,0.041494228669540015,0.003605243455709513,0.04381462739260493,0.9991128683583066,0.17624348176663762,2.366458720602701e-15,3.6164354788170836e-07,0.0010549700441913057
0.3215,52,0.7250606300274414,0.4742870827842097,0.0020952029950012424,0.05684424219146576,0.004896572179718053,0.061167111926385485,0.9981407067560811,0.19533870829731326,1.4576759098065983e-15,7.394441289929012e-07,0.0012936736211561772
0.3215,53,0.7250606300274414,0.4742870827842097,0.001181638009995593,0.040777112115436824,0.002761534715273921,0.04743139305813823,0.9992448218170265,0.09412300993223788,2.0446780040614747e-15,5.757274770420666e-07,0.0005093816671983831
0.3215,54,0.7250606300274414,0.4742870827842097,0.0007772440590119008,0.0375957848800802,0.0018164500744265871,0.0313406834970494,0.9995161221205973,0.12936376384454062,2.760865805364309e-15,3.473202402242852e-07,0.00020166736436066923
0.3215,55,0.7250606300274414,0.4742870827842097,0.0009559409727929989,0.03869377908701917,0.0022340718221568034,0.03237094175067046,0.9997014183237488,0.1052047050236542,3.2978018149930353e-15,4.144832592694535e-07,0.0001495869442451614
0.3215,56,0.7250606300274414,0.4742870827842097,0.0034113624567314767,0.06410415754539407,0.007972488842569682,0.06753525722556422,0.99782619915363,0.3681760212681766,1.3000901557488013e-15,5.669522175399639e-07,0.0012522940149117812
0.3215,57,0.7250606300274414,0.4742870827842097,0.002244556454227804,0.045367971988564064,0.005245617114809417,0.05718147565555933,0.998738381423873,0.2457496132633672,1.50846508915487e-15,4.475140098267593e-07,0.0032136696467204295
0.3215,58,0.7250606300274414,0.4742870827842097,0.00087796073542672,0.03954083735168073,0.0020518289264724616,0.03607390592316758,0.9995869750797164,0.10507010467410849,4.022586087497882e-15,4.24475628879812e-07,7.742149290523859e-05
0.3215,59,0.7250606300274414,0.4742870827842097,0.05743270187491496,0.13832146834394682,0.1342224934183921,0.2767554152020142,0.9756936228823617,1.4725268080465588,5.378683348744155e-16,4.3023063421071176e-07,0.03145492847033404
0.4665,0,0.6271936088306561,0.6066281770419779,0.0005249112087205438,0.05785101967762223,0.0005611047398232997,0.02705358420810135,0.9997722840485664,0.04794606665753587,3.1330273787834195e-15,5.035258710932829e-07,0.0001325939672988663
0.4665,1,0.6271936088306561,0.6066281770419779,0.0005051298932937515,0.09641355913112512,0.0005399594686583607,0.02538677654346769,0.9998557678086715,0.05032220614289695,4.361848360821985e-15,4.602196940649317e-07,2.9979086576925607e-05
0.4665,2,0.6271936088306561,0.6066281770419779,0.0038843789098052454,0.03669115102106899,0.004152213519833113,0.0595687483034096,0.9987299510912078,0.19856334116586805,1.8146380506433462e-15,3.831176147510785e-07,0.04614114844689432
0.4665,3,0.6271936088306561,0.6066281770419779,0.0046777721059669585,0.09113837469848243,0.005000312542132527,0.05539417560969742,0.9986256818285295,0.23876259506413366,2.2350053825319753e-15,3.0908175077948234e-07,0.0027642866547642753
0.4665,4,0.6271936088306561,0.6066281770419779,0.0011474028693260893,0.02644328867270722,0.0012265182716044475,0.03578376702438945,0.9993624964370019,0.08355850571677248,3.1406053491669743e-15,4.3689208948563993e-07,0.008385844058400593
0.4665,5,0.6271936088306561,0.6066281770419779,0.0006444192359062477,0.03862703017482082,0.0006888530511315657,0.01921424060329158,0.9998460093567682,0.05013652163893667,5.735941239451351e-15,3.014385858072005e-07,0.0009408698189921072
0.4665,6,0.6271936088306561,0.6066281770419779,0.0005631668629532642,0.027367485848433466,0.0006019981872452765,0.028855152868468095,0.9996568652945612,0.05134319954961919,3.131967029133722e-15,3.602555071250136e-07,0.0004205227469100681
0.4665,7,0.6271936088306561,0.6066281770419779,0.0017806933023997505,0.061500753354656705,0.001903475169797797,0.041549705380992674,0.9991796859440331,0.15586177542369128,2.937035692049979e-15,4.095952808723484e-07,0.02267767361979467
0.4665,8,0.6271936088306561,0.6066281770419779,0.0004682641574168369,0.07738541919364215,0.0005005517768545736,0.023384372238901063,0.9998513917734504,0.05497554320850573,2.7976988564839948e-15,4.265789492781232e-07,4.33035524246006e-05
0.4665,9,0.6271936088306561,0.6066281770419779,0.0008925107201943255,0.040707997713969594,0.0009540508701744214,0.0330047366042272,0.99945568145457,0.08271367101491278,2.5794255395345103e-15,5.008041628729148e-07,0.002038717978963933
0.4665,10,0.6271936088306561,0.6066281770419779,0.0015943765859122553,0.04693951609370098,0.0017043115950967178,0.0473592843832762,0.9989041236794162,0.14352321757177888,1.573397790078857e-15,5.008414200736852e-07,0.00440300223369694
0.4665,11,0.6271936088306561,0.6066281770419779,0.0018568671702626689,0.04329010004420463,0.0019849013569290235,0.04312958871391358,0.9990952105255223,0.1648268088844298,2.390356660987961e-15,3.9194820846293974e-07,0.003768307143732663
0.4665,12,0.6271936088306561,0.6066281770419779,0.0009718101180867854,0.028597113236126587,0.0010388180980091056,0.0291089523453808,0.9995858274423782,0.06907976767523105,4.84293297375205e-15,4.414234220428243e-07,0.0026816542648807618
0.4665,13,0.6271936088306561,0.6066281770419779,0.0005630148265804387,0.02249759262766517,0.0006018356677029249,0.020765476750997425,0.999830135349444,0.042015699284772445,4.725919141595241e-15,3.72468319650883e-07,0.0019161786257280156
0.4665,14,0.6271936088306561,0.6066281770419779,0.0005421799454176537,0.034757029441598294,0.0005795641856315279,0.030165780156033613,0.9996130856340666,0.038889420982543,3.3016003073044195e-15,4.620229503195494e-07,0.010266626119207034
0.4665,15,0.6271936088306561,0.6066281770419779,0.002626191849267096,0.055625645591238004,0.0028072722963963055,0.05087586143755261,0.9987484608228144,0.18561719182605874,2.665033030387075e-15,4.15516482941197e-07,0.009020668578317625
0.4665,16,0.6271936088306561,0.6066281770419779,0.0008062595605648209,0.029295670452326682,0.0008618525446684094,0.028910680523300775,0.9996009780050872,0.07858144066999162,3.0517417571897764e-15,3.6817267571397986e-07,0.003340926928402377
0.4665,17,0.6271936088306561,0.6066281770419779,0.0005167284870951197,0.03558695330899252,0.0005523578054610631,0.019146966899976817,0.9998648788632791,0.05782176714439924,3.682117582431342e-15,3.634744844807264e-07,0.0015546597725126926
0.4665,18,0.6271936088306561,0.6066281770419779,0.0005303576410859408,0.025845611893572956,0.0005669267130724524,0.020666962167442075,0.9998407450537025,0.04241669997321518,5.8782580207936285e-15,3.0536911263991745e-07,0.0008630781182019653
0.4665,19,0.6271936088306561,0.6066281770419779,0.02066669935556396,0.13701196591012804,0.022091703839160565,0.09943586973940781,0.9958799669777,0.5873273987244376,1.152502050189932e-15,2.527834018410231e-07,0.06889388907053662
0.4665,20,0.6271936088306561,0.6066281770419779,0.0017355979265543649,0.058323764789834975,0.0018552703901882396,0.03834380116780149,0.9993441618029215,0.1765411505676262,2.621530290630735e-15,3.515436940122818e-07,0.0007901846632238363
0.4665,21,0.6271936088306561,0.6066281770419779,0.0005091602927351505,0.03709221976021625,0.0005442677710767061,0.019296419218696247,0.9999154037253262,0.05529653021111436,4.6407361634853915e-15,3.5741146755716694e-07,0.00037957066881355583
0.4665,22,0.6271936088306561,0.6066281770419779,0.001739748056714897,0.04160057634706657,0.001859706678964844,0.0400469862150796,0.9992819795784567,0.15143545460045837,2.893319020916669e-15,3.3037309694948573e-07,0.0027081602498817414
0.4665,23,0.6271936088306561,0.6066281770419779,0.012859151316411428,0.0747441781830177,0.013745811927565101,0.09467915402508603,0.9964647360470077,0.4334313595132444,1.2250301016436034e-15,3.026963138724308e-07,0.042649687596054475
0.4665,24,0.6271936088306561,0.6066281770419779,0.0006685533980592862,0.05086935799504956,0.0007146513052948588,0.020638484526975292,0.9998716271431954,0.05789539536417965,6.4463558677145746e-15,2.9651782185809773e-07,0.002268794722242229
0.4665,25,0.6271936088306561,0.6066281770419779,0.0008554856322776081,0.03750235284431917,0.0009144728387334808,0.027378134662919384,0.9996459523363314,0.07735751622419107,4.5906668537900545e-15,3.3831651325346606e-07,0.0013246589083085736
0.4665,26,0.6271936088306561,0.6066281770419779,0.0030220828381654196,0.04579534182888473,0.0032304606502240574,0.04822811758126314,0.9989373321523807,0.18276077236662003,2.804066089652796e-15,3.476563640837439e-07,0.00802474010474552
0.4665,27,0.6271936088306561,0.6066281770419779,0.0009365722791434621,0.057400183847356206,0.001001150549433752,0.026859986228680636,0.9996584637731494,0.08439776627743178,3.2706098080808605e-15,3.496571815177963e-07,0.07614891933264945
0.4665,28,0.6271936088306561,0.6066281770419779,0.0005101181343656099,0.04865915699381101,0.0005452916575358336,0.01757609996974974,0.9998892146500648,0.04927952723643214,5.216866627677531e-15,2.923114299358819e-07,0.002399430794255253
0.4665,29,0.6271936088306561,0.6066281770419779,0.0008374943727480114,0.065749425278151,0.0008952410509001563,0.02683894214216277,0.9997557024068052,0.07155880575949469,3.236892337795633e-15,4.193899115283018e-07,0.0011443119225435644
0.4665,30,0.6271936088306561,0.6066281770419779,0.0009522878498121198,0.04310523900845195,0.0010179497357431949,0.023299071293718922,0.999734605894471,0.06864854314876778,4.663028216925479e-15,3.0860050460916685e-07,0.0007944453350683389
0.4665,31,0.6271936088306561,0.6066281770419779,0.0004991560859491347,0.04514424980379741,0.0005335737570176684,0.019539818977592743,0.9998911936299844,0.04807693786834921,4.602345791891146e-15,3.46173818683763e-07,0.00025555872294058535
0.4665,32,0.6271936088306561,0.6066281770419779,0.0005810895554454101,0.038210093513174975,0.0006211566802259273,0.022552620338157435,0.9998381972334236,0.060358086363125896,4.6962885107417335e-15,3.3898546213544565e-07,0.00011495064123284715
0.4665,33,0.6271936088306561,0.6066281770419779,0.006680262178308121,0.06452341265115284,0.007140877750824641,0.07494743191328378,0.9982396139900631,0.26358379338274673,1.2283507468784013e-15,2.779139402648762e-07,0.035454502500005924
0.4665,34,0.6271936088306561,0.6066281770419779,0.014495770724354023,0.09916716668701446,0.015495279059962147,0.10901330959361122,0.9958723670852235,0.5283099678869392,9.874778799832314e-16,3.7692653634921946e-07,0.05222218979093829
0.4665,35,0.6271936088306561,0.6066281770419779,0.0008480369164063806,0.025095244573571245,0.0009065105210852634,0.02608998670738314,0.999693104650753,0.0858640622971869,4.5749360894302405e-15,3.813582597357418e-07,0.004534728321473169
0.4665,36,0.6271936088306561,0.6066281770419779,0.0033162842364179166,0.040424851859024266,0.0035449477411446206,0.05365263141630884,0.9988232650364233,0.18296718010677115,2.6445885305978762e-15,4.1602749211617317e-07,0.017524918742112927
0.4665,37,0.6271936088306561,0.6066281770419779,0.0002865049191836057,0.029852087292863778,0.00030625992637584975,0.01710306944453647,0.9998705848357905,0.041775968963560395,5.249700386367494e-15,3.416453763235489e-07,0.0008792602968020757
0.4665,38,0.6271936088306561,0.6066281770419779,0.0006864492734509984,0.024293981306701937,0.0007337811320898548,0.021954730824095395,0.9997604475301544,0.0646581651756084,4.615012575149209e-15,3.3041470824813993e-07,0.006533405400425574
0.4665,39,0.6271936088306561,0.6066281770419779,0.0008529589593879588,0.03779556007931305,0.0009117719474002196,0.02521695026818506,0.9996821875240038,0.07278931453887583,4.205435499880553e-15,3.384132129015446e-07,0.0005206058327648089
0.4665,40,0.6271936088306561,0.6066281770419779,0.0009414110063296756,0.03597829553463637,0.0010063229151858837,0.02912329570495912,0.9995947990446621,0.1004090154031485,3.3414606606289035e-15,3.289432091063976e-07,0.06290659455680236
0.4665,41,0.6271936088306561,0.6066281770419779,0.006963591544901919,0.061035414458399107,0.007443743164795167,0.07615377292737154,0.9979043984838304,0.3179206030016548,1.231380488660869e-15,2.9776312774297903e-07,0.02992421262285805
0.4665,42,0.6271936088306561,0.6066281770419779,0.0006404764662832793,0.028583288568784514,0.0006846384207584216,0.025192424813391828,0.9997681099591634,0.05802943965530227,5.466514161484302e-15,3.497752456594494e-07,0.0014117034110394666
0.4665,43,0.6271936088306561,0.6066281770419779,0.0014826095524283424,0.06792280071604384,0.0015848380323266003,0.029318759741116644,0.9995736959778351,0.1543616980267939,3.5524009282264586e-15,3.660268744262257e-07,0.0015328009531462572
0.4665,44,0.6271936088306561,0.6066281770419779,0.002535759401099646,0.05814768798282961,0.0027106043753125472,0.04496230684985841,0.9990667138622156,0.1853583135794581,1.926214283266034e-15,3.326409148133736e-07,0.009694002345762787
0.4665,45,0.6271936088306561,0.6066281770419779,0.0005743962311217284,0.0339409285267618,0.0006140018396723341,0.02405214746546447,0.999783334414538,0.05941842450325607,4.644997324985562e-15,3.8673773643039065e-07,0.00030350787590549544
0.4665,46,0.6271936088306561,0.6066281770419779,0.0008128088860799975,0.034438176305155346,0.0008688534574478675,0.024915010277161538,0.9997000872137649,0.08979180481655469,3.0708142775541824e-15,3.838077181124769e-07,0.0023871259354528718
0.4665,47,0.6271936088306561,0.6066281770419779,0.0008893273586297307,0.07279018128045982,0.0009506480103520523,0.03158934493302513,0.9996743491054157,0.06905950571911501,4.947669043367924e-15,5.517857027763255e-07,0.008044680562601103
0.4665,48,0.6271936088306561,0.6066281770419779,0.0006686668847640096,0.033019621105199085,0.0007147726171031557,0.021297000251731906,0.9998227476178974,0.06085482261822639,5.343165435417479e-15,3.8855006224852104e-07,0.0009340579439263141
0.4665,49,0.6271936088306561,0.6066281770419779,0.0008656947947237132,0.03574688758465709,0.0009253859404980588,0.027907247682384874,0.9996469889874123,0.08026657423776085,4.9234874200921345e-15,3.939987064786974e-07,0.0013049690576261153
0.4665,50,0.6271936088306561,0.6066281770419779,0.0004508872056047746,0.06304010792310281,0.00048197665431300206,0.021365196384138727,0.9998267232867861,0.05385577294818855,5.113517569295539e-15,4.0950520507105647e-07,0.0003498525702455568
0.4665,51,0.6271936088306561,0.6066281770419779,0.0004373172160501825,0.06478981388637158,0.00046747099062752987,0.017334538105413338,0.9998996197757571,0.05398751555489989,7.428034772368241e-15,3.594111216931314e-07,7.428271619232263e-05
0.4665,52,0.6271936088306561,0.6066281770419779,0.00043770404746772704,0.07048256804458014,0.00046788449473697167,0.017451418483532505,0.9999131290107927,0.05167496099514013,3.69979304280841e-15,3.8363997290727305e-07,0.00024058863066717118
0.4665,53,0.6271936088306561,0.6066281770419779,0.0025690383593044886,0.06559373622796251,0.0027461779749516847,0.04671789004400792,0.9989637591116461,0.2127220407762822,2.459350316085301e-15,3.4835897101006466e-07,0.008951209833825802
0.4665,54,0.6271936088306561,0.6066281770419779,0.000556015579258906,0.045673831913336994,0.0005943538102343422,0.0209621383637082,0.9998805734708975,0.05100868032649686,5.717391294820676e-15,3.266328848044232e-07,0.0001591890183145761
0.4665,55,0.6271936088306561,0.6066281770419779,0.0005565013612791276,0.06682275239106532,0.0005948730877607884,0.024430487313317328,0.999759123217239,0.047628758355235945,3.7977461010989485e-15,4.101417872213388e-07,0.00035813857864064325
0.4665,56,0.6271936088306561,0.6066281770419779,0.00138241351253311,0.038305362169870925,0.0014777333030643375,0.035250712725231705,0.9994541699110365,0.10869220014548597,2.749294406028624e-15,2.9528511983508123e-07,0.004705530606051722
0.4665,57,0.6271936088306561,0.6066281770419779,0.004464391396092089,0.054718079224993686,0.0047722188651285885,0.07480289357699144,0.9973999714919414,0.2613822072553751,1.5477146103994845e-15,3.954918515140758e-07,0.026772699502441766
0.4665,58,0.6271936088306561,0.6066281770419779,0.0010468938890551202,0.03412844094346908,0.0011190790241890386,0.028090530057770822,0.9996164666277778,0.10883077152511422,4.18294354948042e-15,3.0194053072418356e-07,0.009299200803085439
0.4665,59,0.6271936088306561,0.6066281770419779,0.0010334179202885607,0.030153659866219318,0.0011046738641867278,0.03221776733270391,0.9994812445978164,0.09585989667489958,3.369575527567053e-15,4.3320879669281697e-07,0.006617862987955858
0.6769,0,0.5081899418539597,0.741742982998469,0.002672720810590751,0.05992492964696857,0.001254581365431629,0.024963764290508433,0.9997232296433018,0.11709676918508372,3.3041587762194337e-15,2.5437241879412997e-07,0.08326141456947078
0.6769,1,0.5081899418539597,0.741742982998469,0.00038059299493470116,0.06030048197949224,0.0001786512371089574,0.013645027078610747,0.9999332089692109,0.028776885545363617,8.816699661093633e-15,3.4258017813766196e-07,0.0007149580385912846
0.6769,2,0.5081899418539597,0.741742982998469,0.0007690855097611286,0.030469325247367215,0.00036101052722994,0.018071287225988428,0.9998452758068143,0.06573634731053812,5.384448265237059e-15,3.2171037561376735e-07,0.05684665872518058
0.6769,3,0.5081899418539597,0.741742982998469,0.001483508950476786,0.04118388894041825,0.0006963625521020423,0.024715622150386515,0.9997111074850793,0.0831131895894257,6.482899911434078e-15,2.84709260340687e-07,0.050879070584781916
0.6769,4,0.5081899418539597,0.741742982998469,0.00031437624232944725,0.037323154081673714,0.00014756893941113443,0.01320779684771776,0.9999370564109161,0.02962411581043245,6.256125098692195e-15,3.0440624588329485e-07,0.0014057179679753395
0.6769,5,0.5081899418539597,0.741742982998469,0.0017435302579083631,0.10664128211353349,0.0008184171586386425,0.02085920650403854,0.9997831676357711,0.10126103824114141,5.431474423991194e-15,2.493879484319395e-07,0.23897107631301817
0.6769,6,0.5081899418539597,0.741742982998469,0.0002776631946999019,0.02266039300894148,0.00013033574945664353,0.010398952304222636,0.9999493983651909,0.021130197914512983,8.091003897928444e-15,2.901246718699676e-07,0.0166275152816846
0.6769,7,0.5081899418539597,0.741742982998469,0.0007971494489473225,0.044196779105239364,0.0003741838055626759,0.01907953266950386,0.9998277223606712,0.04002048799612101,3.998992629184856e-15,3.979702305902117e-07,0.11248099624206742
0.6769,8,0.5081899418539597,0.741742982998469,0.0009248274193478498,0.031665160377133204,0.00043411614185680095,0.022645989242138686,0.9997582603779185,0.05644746650502741,4.326731159905967e-15,3.982066459759372e-07,0.0226269533538348
0.6769,9,0.5081899418539597,0.741742982998469,0.0006060561535783395,0.02606145035803119,0.0002844841682197624,0.018622821108127522,0.9998279543844297,0.034744906525510544,5.5444468470781706e-15,4.2238994134358707e-07,0.02069592575034296
0.6769,10,0.5081899418539597,0.741742982998469,0.0005578955528627377,0.03517811684079533,0.00026187747021884437,0.015532995209937674,0.9999075433821147,0.03221587086822786,7.537849465114385e-15,2.759093264968558e-07,0.004048705273576481
0.6769,11,0.5081899418539597,0.741742982998469,0.0003353337210121142,0.032163982037894674,0.00015740642865337586,0.01120881823298751,0.9999553243939261,0.03374577757993391,1.2194036560845822e-14,2.425008025616581e-07,0.0014915903127588753
0.6769,12,0.5081899418539597,0.741742982998469,0.00036278609662201663,0.02179649981148491,0.0001702926376208605,0.011394589718788492,0.9999397335462505,0.030201912210604087,7.643817377733489e-15,2.948062132909128e-07,0.006530684347009874
0.6769,13,0.5081899418539597,0.741742982998469,0.0006353047922099427,0.04894646413761918,0.0002982135472278663,0.015775614710210065,0.9998765882039544,0.04797562034720837,6.942385527346511e-15,2.497527872404398e-07,0.02595019975882351
0.6769,14,0.5081899418539597,0.741742982998469,0.00032230984261029334,0.019780377841378996,0.00015129298983708667,0.011092940121680526,0.9999391430649387,0.024625133948779077,9.101895469837633e-15,3.1390530788248827e-07,0.012741351851078414
0.6769,15,0.5081899418539597,0.741742982998469,0.0005143562391483434,0.04983462333418619,0.000241440015085742,0.01404150241221167,0.9999369286964935,0.03752945029522259,6.615710792777236e-15,2.850351112126795e-07,0.0009203927163910497
0.6769,16,0.5081899418539597,0.741742982998469,0.0003104515452816641,0.03328238097143585,0.00014572667748777727,0.010369571162994359,0.9999463015482767,0.026490578033586232,7.428586432745152e-15,2.912250896660106e-07,0.010862985619946919
0.6769,17,0.5081899418539597,0.741742982998469,0.0005296474009766218,0.05744619376161834,0.0002486177220162751,0.016991261414193274,0.9999009212604302,0.031017886115082494,6.113270377222216e-15,3.3498220795085924e-07,0.0036388056938636004
0.6769,18,0.5081899418539597,0.741742982998469,0.0014929688133844211,0.05221369850852342,0.0007008030337552068,0.024660438855573567,0.9997231629696471,0.1000063246603804,4.106182981514889e-15,3.072787234852268e-07,0.027960852245743184
0.6769,19,0.5081899418539597,0.741742982998469,0.0004676495441658239,0.03180260546246495,0.00021951578381782487,0.013453055138847373,0.9999240792634646,0.029625144716937335,6.8370871785177214e-15,2.9553614089655307e-07,0.005386195935750293
0.6769,20,0.5081899418539597,0.741742982998469,0.00048394543285417986,0.055540521057838015,0.00022716511187354402,0.018421376816680136,0.9998796823492606,0.035539889061288576,4.871627898129819e-15,3.9086069025314004e-07,0.00037489805448542857
0.6769,21,0.5081899418539597,0.741742982998469,0.00033617237961849303,0.03245463441905851,0.00015780009695399197,0.013018955127426929,0.9999362055050636,0.030052655778317394,8.526421818225866e-15,2.923348345430941e-07,0.0035352915460403755
0.6769,22,0.5081899418539597,0.741742982998469,0.0017733188227820429,0.0472522278570556,0.0008323999802806814,0.02081966307127938,0.9997873330042161,0.0869548325477425,4.774412860828978e-15,2.388369864289364e-07,0.047137596583333496
0.6769,23,0.5081899418539597,0.741742982998469,0.0035970510429759383,0.04848571644485633,0.0016884641265716683,0.039300237587617304,0.9993224443838107,0.1273453097828141,2.314923094503997e-15,2.85890666020938e-07,0.15207331245610023
0.6769,24,0.5081899418539597,0.741742982998469,0.00038110390947074344,0.033993901013120775,0.00017889106158059883,0.011301236213379954,0.9999585255816241,0.034182725339920506,8.094801188034072e-15,2.5973294431130366e-07,0.001276272485476737
0.6769,25,0.5081899418539597,0.741742982998469,0.010194481570204783,0.08361823722284893,0.0047853133621495614,0.05678257724416742,0.999127562896961,0.1826867136728434,1.4123303945986393e-15,3.202024476321243e-07,0.22225383174083535
0.6769,26,0.5081899418539597,0.741742982998469,0.0022788559316982513,0.04725652641202306,0.0010697002751215321,0.03472155470534941,0.9994183811459904,0.11965734133132244,3.1165452249888607e-15,4.1635537788029367e-07,0.046416488698593494
0.6769,27,0.5081899418539597,0.741742982998469,0.000329671418915188,0.037910590401390255,0.00015474853087815815,0.012311357436285862,0.9999550145618414,0.027165398287570586,6.673608961340325e-15,2.460654338455782e-07,0.00046048106635079855
0.6769,28,0.5081899418539597,0.741742982998469,0.0005850280455572385,0.03971050340218595,0.0002746135254017672,0.016789161208830033,0.9998925470263802,0.035093310718716575,8.46800797708188e-15,3.2487761353718253e-07,0.001154674748321538
0.6769,29,0.5081899418539597,0.741742982998469,0.0004992391910811725,0.029499823486838758,0.00023434403755967314,0.011819798637355204,0.9999324871055281,0.044674137941920655,6.895725376715511e-15,2.472283713403304e-07,0.019565000758664075
0.6769,30,0.5081899418539597,0.741742982998469,0.0003657651307863324,0.027158040599466977,0.0001716910031870368,0.013088307564895202,0.9999338753170105,0.021251302199080002,7.424155413517575e-15,2.81384167965778e-07,0.0019686806552898783
0.6769,31,0.5081899418539597,0.741742982998469,0.00019821461146118995,0.035290553422569086,9.304239968128748e-05,0.008550249551631495,0.9999654253141296,0.026511331111741088,9.80573058400636e-15,2.5986595371779636e-07,0.002722547931878039
0.6769,32,0.5081899418539597,0.741742982998469,0.0018379215720807085,0.04203888499811772,0.0008627246610721066,0.026952662749439072,0.9996522040851292,0.08872031213276532,3.610096041009926e-15,3.3779877085979525e-07,0.020324339620641285
0.6769,33,0.5081899418539597,0.741742982998469,0.0003937473349934876,0.023858918559180806,0.00018482591493048934,0.012980825248373839,0.9999303470775629,0.026660951355461204,9.01135012511183e-15,2.7325550725900855e-07,0.007327455906287028
0.6769,34,0.5081899418539597,0.741742982998469,0.0004690036028308274,0.04181896136380049,0.00022015138210481524,0.012567520060270686,0.9999387705419976,0.02668609714450887,6.159440058219489e-15,2.838981871837369e-07,0.0025843737935207223
0.6769,35,0.5081899418539597,0.741742982998469,0.00036476355777698827,0.03369939124792291,0.00017122086248672004,0.012986404410211563,0.9999315433851802,0.027619531158682653,6.171378782978968e-15,3.0817640179222035e-07,0.012946022412037128
0.6769,36,0.5081899418539597,0.741742982998469,0.00024762099496037016,0.03417404846317024,0.00011623387101859527,0.008829790461143586,0.9999625135501127,0.02146841179610992,9.402603825983434e-15,2.6325651120079984e-07,0.002875535825140385
0.6769,37,0.5081899418539597,0.741742982998469,0.0006251014081289168,0.039554591054230426,0.0002934240550064302,0.021697661959676,0.9998346453678518,0.028320441140330055,5.233551666466425e-15,3.771674274198216e-07,0.0005512427848191059
0.6769,38,0.5081899418539597,0.741742982998469,0.00040755221963366677,0.03583168732196125,0.00019130595989174108,0.01379068246902108,0.9999155641192352,0.0276377750953416,5.061786305210689e-15,3.264010689716368e-07,0.0020281906240170317
0.6769,39,0.5081899418539597,0.741742982998469,0.0004664107619548612,0.028423443468394333,0.0002189342965665011,0.014555710055149402,0.9999069746707887,0.030159149996041745,6.559756142595467e-15,3.41963734829651e-07,0.012084822573680043
0.6769,40,0.5081899418539597,0.741742982998469,0.0005093466665631523,0.036115499675716416,0.00023908851006162836,0.01525312475820111,0.99992363520631,0.031112961205004064,4.126868642858834e-15,3.2991628355146837e-07,0.003717097945807435
0.6769,41,0.5081899418539597,0.741742982998469,0.0005122382377305668,0.052600055276400944,0.00024044582029361327,0.015359099982848083,0.9998909821973336,0.032764249672844414,6.153849964633497e-15,3.0950032343956544e-07,0.0019183146985156108
0.6769,42,0.5081899418539597,0.741742982998469,0.028366691356779043,0.12854648199571733,0.01331539090583107,0.10129536888752111,0.9965872347832713,0.41545810284399964,9.102878425358796e-16,2.5270210682257746e-07,0.5997275100825701
0.6769,43,0.5081899418539597,0.741742982998469,0.0006563544484759827,0.030277983460409465,0.00030809430484215816,0.01569785394388978,0.9998767871841381,0.044751874357190635,6.488888500615822e-15,2.56390735669378e-07,0.034569182710138646
0.6769,44,0.5081899418539597,0.741742982998469,0.0009394032578474302,0.03042494480115298,0.0004409580743529495,0.016847110877382786,0.999858116083726,0.060272728164403766,6.4557457778706254e-15,2.8976797466911277e-07,0.04550591417945382
0.6769,45,0.5081899418539597,0.741742982998469,0.0004949967904146783,0.029544502788788878,0.00023235264481869422,0.014930183994766654,0.9998987112220639,0.03297676845536035,6.990662098230014e-15,3.062853684907833e-07,0.0029909567207222487
0.6769,46,0.5081899418539597,0.741742982998469,0.0005487953163858814,0.03567357306152139,0.00025760579804880656,0.01261185356462723,0.9999256449774829,0.03926573363142949,9.179597713710382e-15,2.4626708849165235e-07,0.012022730814776672
0.6769,47,0.5081899418539597,0.741742982998469,0.0004973555056448596,0.03336524108939384,0.0002334598312342809,0.014269109406880065,0.9999277867469119,0.029702388582756867,7.263809932799228e-15,2.918224618826717e-07,0.0013913447311455496
0.6769,48,0.5081899418539597,0.741742982998469,0.0005341252999037247,0.05249661066719393,0.00025071965818857097,0.015202963471899318,0.9999037762894771,0.03506943911714,5.248869808128688e-15,3.010409208906266e-07,0.0031560750958185557
0.6769,49,0.5081899418539597,0.741742982998469,0.00030689676449771597,0.03391547199863974,0.0001440580551191174,0.010401379285456471,0.9999554305062904,0.032680235233216726,6.789420126559676e-15,2.680157470172716e-07,0.013359251088463558
0.6769,50,0.5081899418539597,0.741742982998469,0.0006524331558949586,0.06825682934545632,0.00030625364098341677,0.018512470913441176,0.9998827170967053,0.037952757861471564,4.292820845765952e-15,3.4001961215735296e-07,0.0002818131923976175
0.6769,51,0.5081899418539597,0.741742982998469,0.00033778765073487417,0.055112114894652335,0.00015855830897325708,0.013167802757267312,0.9999439202359477,0.024813460580246582,6.7275936541952746e-15,2.942337039320383e-07,0.004782984600097295
0.6769,52,0.5081899418539597,0.741742982998469,0.00027438442894954144,0.03684171991225513,0.0001287966891867798,0.011820028442940514,0.999955931338204,0.023109120822188522,8.677191972911564e-15,2.59374070754772e-07,0.0024605723834364435
0.6769,53,0.5081899418539597,0.741742982998469,0.0013303624032576416,0.03621250139362614,0.0006244752066075209,0.02458915697625433,0.9997126321829085,0.07419592739540759,4.333111585828947e-15,4.059910269245499e-07,0.19353574794590744
0.6769,54,0.5081899418539597,0.741742982998469,0.0005463909788289423,0.05294604516742074,0.0002564771964069175,0.017347982361382994,0.9999041406038534,0.03593472090776584,6.1269137181367185e-15,3.349431939657129e-07,0.0011830787718116742
0.6769,55,0.5081899418539597,0.741742982998469,0.0004333709199863669,0.03803820996823841,0.00020342531789344835,0.011685660377473494,0.9999317542336095,0.034414021215088075,6.336818683269013e-15,3.097607369252347e-07,0.00645212560102143
0.6769,56,0.5081899418539597,0.741742982998469,0.0005647093816969123,0.04049454066881818,0.00026507589732306224,0.013771245037135229,0.9999201701876098,0.03301490769031723,4.59434929671737e-15,2.704641406100759e-07,0.005404628807660461
0.6769,57,0.5081899418539597,0.741742982998469,0.0004572754623148145,0.04612238454061476,0.00021464616566610099,0.012865103811354557,0.9999400089770781,0.03507024849858276,6.588808128648172e-15,2.961060141173676e-07,0.003546562247532692
0.6769,58,0.5081899418539597,0.741742982998469,0.00047931382503403196,0.027330511784645784,0.00022499102438931513,0.015044257082201352,0.9998985896116641,0.03631748208321295,4.762303474026015e-15,2.9096122691578323e-07,0.014198910166726919
0.6769,59,0.5081899418539597,0.741742982998469,0.000683781724085223,0.03969660666942588,0.00032096873181094494,0.018743618481783395,0.9998739857753305,0.03705137397228597,5.0475917872045366e-15,3.651209829286213e-07,0.0017096868715915647
0.9821,0,0.3745237725257959,0.8597319438130459,0.00019994497245807546,0.058120029186668185,3.794400248643757e-05,0.007546668352788363,0.999979267263241,0.01103570304297885,9.045728705951626e-15,1.879837151829965e-07,0.003874146577295956
0.9821,1,0.3745237725257959,0.8597319438130459,0.0001478422976752937,0.03352584254436744,2.8056361916117874e-05,0.00583848550828136,0.9999862584335357,0.011624623365139426,1.916679078514015e-14,1.9527128954698232e-07,0.03930199874396769
0.9821,2,0.3745237725257959,0.8597319438130459,0.0006102747647688061,0.03633960633977976,0.00011581320053772896,0.010027650909408475,0.9999553922447135,0.03702311600797126,9.064776468699024e-15,2.641511429343862e-07,0.494572021317631
0.9821,3,0.3745237725257959,0.8597319438130459,0.0002549850478817078,0.03350355114027193,4.838908011481347e-05,0.005603362009933514,0.9999843065880869,0.01694796220205741,1.2183562647332884e-14,2.2389273200108006e-07,0.061070033550403885
0.9821,4,0.3745237725257959,0.8597319438130459,0.00015984941886454068,0.018850836767634167,3.0334980031185983e-05,0.005965092464297145,0.9999846481499836,0.01109079936436319,1.504182909046834e-14,3.007949475514834e-07,0.12593976003647045
0.9821,5,0.3745237725257959,0.8597319438130459,0.00020622618973496664,0.02519248105211065,3.913600307060902e-05,0.006127850913797014,0.9999814901165652,0.014580941293951044,1.4055739688280789e-14,2.562048745650123e-07,0.10975353484331801
0.9821,6,0.3745237725257959,0.8597319438130459,0.0001980856779195225,0.059213504634514705,3.7591160023201267e-05,0.006996409526070976,0.9999832091954595,0.010109743059137699,9.350035828233604e-15,1.830933519141218e-07,0.014958859320975487
0.9821,7,0.3745237725257959,0.8597319438130459,0.00035508928537225203,0.031239647009717136,6.73860840881972e-05,0.008430689536922682,0.9999666115107676,0.026795061295071365,9.516689686923273e-15,2.5330955781168824e-07,0.16979946194859122
0.9821,8,0.3745237725257959,0.8597319438130459,0.00036966370736188337,0.022846891173287226,7.015190459078025e-05,0.007789797218657871,0.9999703140996608,0.016313974957543165,9.952073103294466e-15,2.426407136333622e-07,0.134861014780569
0.9821,9,0.3745237725257959,0.8597319438130459,0.00023581389465639514,0.02304246897311647,4.475092769364313e-05,0.00767740526202953,0.999971919245917,0.013238821884619445,1.575514061872143e-14,2.893815014155098e-07,0.07621757464124101
0.9821,10,0.3745237725257959,0.8597319438130459,0.00023675821523691458,0.020999151243765328,4.493013351219764e-05,0.006780468012217425,0.9999791937536308,0.010577536411143174,1.6723417964360293e-14,2.4299496443474727e-07,0.05676843702275203
0.9821,11,0.3745237725257959,0.8597319438130459,0.0001974002627826465,0.018651749865053965,3.7461087266991145e-05,0.006577857368061019,0.9999813994988868,0.011804442381926239,1.3200474485891125e-14,2.898230569133197e-07,0.12513387022269729
0.9821,12,0.3745237725257959,0.8597319438130459,8.485961881991749e-05,0.010430025031401441,1.610399875483835e-05,0.0032462774099101584,0.9999949263155888,0.008028825446224463,3.637219485945515e-14,1.822544796983182e-07,0.18328239448251527
0.9821,13,0.3745237725257959,0.8597319438130459,0.00011762481901031993,0.059703669308078466,2.232192372794066e-05,0.004543867244767611,0.999992527288758,0.014100879681202105,2.2264646504813438e-14,1.1721067023006468e-07,0.25795437408048205
0.9821,14,0.3745237725257959,0.8597319438130459,0.0002481961496176423,0.026811880504219194,4.710073577964421e-05,0.006892514050331037,0.9999770507777065,0.01591732297520032,1.672280557682581e-14,2.515446913507641e-07,0.10457637964428268
0.9821,15,0.3745237725257959,0.8597319438130459,0.00015515460367778857,0.06583899262468446,2.944403450287703e-05,0.0048782459430217594,0.9999903131481304,0.013827640062722857,2.2661102248468442e-14,1.2223939233242396e-07,0.08690971302078378
0.9821,16,0.3745237725257959,0.8597319438130459,0.0006732487017949428,0.034906738640872556,0.00012776390474261498,0.009678528609673253,0.9999565807587776,0.04316462384823305,8.289146430691974e-15,2.1926315631462767e-07,0.268782170582621
0.9821,17,0.3745237725257959,0.8597319438130459,0.00035365634105265437,0.02328394353267252,6.711415105503676e-05,0.008366595858913544,0.9999765226081633,0.02486982030387974,1.2671519569039872e-14,2.9619486252446667e-07,0.15690517197980713
0.9821,18,0.3745237725257959,0.8597319438130459,0.00013831706233254597,0.03716851745612731,2.6248736802638992e-05,0.005526703513680306,0.999988959751028,0.011016856089965277,1.7346416633168703e-14,1.751927474334839e-07,0.035605597243113934
0.9821,19,0.3745237725257959,0.8597319438130459,0.00022319776707135257,0.04060639829008495,4.235673707924073e-05,0.006793303897982444,0.9999817094309271,0.011939914558026066,1.4557505434923804e-14,1.9744670170494135e-07,0.010378127334367993
0.9821,20,0.3745237725257959,0.8597319438130459,0.00019438058605478764,0.018856781970335593,3.68880364927632e-05,0.007746773281867726,0.9999700426506773,0.012651665251939503,8.526710090831057e-15,3.110294678563214e-07,0.14764755181362743
0.9821,21,0.3745237725257959,0.8597319438130459,0.004511565366697378,0.04655393313959683,0.0008561698020568423,0.02253990563328676,0.9997861037186667,0.07832718533091909,4.9882701693738386e-15,2.6380342220026304e-07,4.934608345875075
0.9821,22,0.3745237725257959,0.8597319438130459,0.000955219885510674,0.040472179756512607,0.0001812742039238389,0.0156764976617579,0.9999001927012457,0.04148908787075367,4.804951712094187e-15,2.7874443587080923e-07,0.33013045078729464
0.9821,23,0.3745237725257959,0.8597319438130459,0.0005219156332042991,0.03822497286664657,9.90450914596864e-05,0.009741015428861957,0.9999531060410183,0.025626741527851937,7.545318532215811e-15,2.720812809811748e-07,0.2023468879526874
0.9821,24,0.3745237725257959,0.8597319438130459,0.00016448405834866887,0.0399945866020929,3.121450588246217e-05,0.004362829425735741,0.9999923528699688,0.01071997029422933,2.628614993718904e-14,1.524918529491363e-07,0.13157161534922499
0.9821,25,0.3745237725257959,0.8597319438130459,0.0002689968405355728,0.024703827964820072,5.104812919597566e-05,0.008831780879890117,0.9999700139544664,0.011977241073188205,7.275650047978507e-15,3.4600676023223246e-07,0.06915767402562001
0.9821,26,0.3745237725257959,0.8597319438130459,0.00036816907111420817,0.032756876508261326,6.986826414310569e-05,0.01009250196894029,0.9999584391877429,0.014658900965688115,7.552860827312407e-15,3.139723107567733e-07,0.06473766064538622
0.9821,27,0.3745237725257959,0.8597319438130459,0.0002918102944844791,0.03726702966949345,5.537748913296065e-05,0.007140343609840702,0.9999794787969574,0.01426727435692765,1.468603534335195e-14,2.312033383340739e-07,0.026055481504067002
0.9821,28,0.3745237725257959,0.8597319438130459,0.0001345460205947863,0.026976723083286237,2.5533097817997416e-05,0.0052461563860567665,0.9999915009149519,0.011356173705019401,1.3178753115378423e-14,1.3511819394455772e-07,0.013715580832806995
0.9821,29,0.3745237725257959,0.8597319438130459,0.0003284522588319977,0.027686229097504157,6.233111626955518e-05,0.008522448307254826,0.9999646908408042,0.013764959670030663,9.688997632573376e-15,3.0185474591313e-07,0.07676732528140395
0.9821,30,0.3745237725257959,0.8597319438130459,0.00030509371852837654,0.04873441151270608,5.789831408171335e-05,0.008618569628631131,0.9999712721693912,0.016501180941655313,1.416380194076788e-14,2.3163342622743648e-07,0.011197415052216178
0.9821,31,0.3745237725257959,0.8597319438130459,0.00020640566943285458,0.020819240728232182,3.91700633323863e-05,0.005748057661082019,0.9999860591651506,0.011221449346783707,1.6559081399466426e-14,2.381877641392067e-07,0.05656185470909225
0.9821,32,0.3745237725257959,0.8597319438130459,0.0002172681903466678,0.040276305238112826,4.123146810538776e-05,0.006321813621764719,0.9999806916307483,0.012087385295381559,1.861383105951599e-14,2.0757852792400962e-07,0.06232927209944574
0.9821,33,0.3745237725257959,0.8597319438130459,0.0003061312263443253,0.02698310699842485,5.809520424936355e-05,0.008543494643128483,0.9999641756315525,0.016022908572448813,8.785484415041438e-15,2.850998381224819e-07,0.12030545726448583
0.9821,34,0.3745237725257959,0.8597319438130459,0.00015365131580277264,0.025508951539687835,2.9158752216624405e-05,0.005220115819075139,0.9999883213959593,0.010654503035811613,1.8782647370414762e-14,1.9638514532140765e-07,0.06462063197118606
0.9821,35,0.3745237725257959,0.8597319438130459,0.0003234601742321396,0.03441364111276519,6.138375726301991e-05,0.006726802694331395,0.9999776079284783,0.02548061765002929,1.512214186048752e-14,2.1812899883282196e-07,0.6553000955977979
0.9821,36,0.3745237725257959,0.8597319438130459,0.0002110706467647455,0.025326838817419452,4.005534646456152e-05,0.00808658579698167,0.9999786850577737,0.011661153357610754,9.150969937416166e-15,3.152339372240142e-07,0.04601568470242834
0.9821,37,0.3745237725257959,0.8597319438130459,0.00021840513562764008,0.01921627593694278,4.14472287421158e-05,0.006343812236406063,0.9999809929870203,0.012717847836963614,1.5092230198165013e-14,2.248415022708149e-07,0.1978269231287808
0.9821,38,0.3745237725257959,0.8597319438130459,0.0003070688545694619,0.03912511142837521,5.8273140044740984e-05,0.00799805124381638,0.9999774111311562,0.014809696273804906,1.5735226196231866e-14,2.249463157857883e-07,0.025049937109244413
0.9821,39,0.3745237725257959,0.8597319438130459,0.0002599915454695785,0.028660748465733344,4.9339174306165215e-05,0.007074228504802424,0.9999796584788606,0.012834208551807946,1.5122076319153055e-14,2.430169717051402e-07,0.12653259170229259
0.9821,40,0.3745237725257959,0.8597319438130459,0.00033266962817205925,0.02226526508334227,6.313145583677875e-05,0.007411103036795196,0.9999733589277329,0.023659746996647524,1.0896734263969492e-14,2.6059995956847425e-07,0.15243963858126836
0.9821,41,0.3745237725257959,0.8597319438130459,0.00018034770556080645,0.02007641203230931,3.422498552524188e-05,0.0055665064759292185,0.9999859314107244,0.01280779271424426,2.056683254625908e-14,2.3414849395046398e-07,0.0871556113864358
0.9821,42,0.3745237725257959,0.8597319438130459,0.000168784005579862,0.019368786551883888,3.2030516439897205e-05,0.004865836863501995,0.9999897470475787,0.011609379411303689,1.9652037674497505e-14,1.8748359413429418e-07,0.0643566129880413
0.9821,43,0.3745237725257959,0.8597319438130459,0.00010512760511745732,0.04560745444972031,1.9950299629596383e-05,0.004883037000624477,0.9999903531436691,0.00960766450017947,2.2654372267037253e-14,1.4780657665396345e-07,0.31928215876849186
0.9821,44,0.3745237725257959,0.8597319438130459,0.00017967179210894556,0.024802200618363107,3.409671592494775e-05,0.0048579486389995555,0.9999891243290723,0.010386830803795988,1.7573238819343445e-14,2.0278552104262922e-07,0.050258266870632506
0.9821,45,0.3745237725257959,0.8597319438130459,0.00028243553032679744,0.021065991626794112,5.359841927120883e-05,0.006807804588311381,0.9999771550612224,0.018487772606184727,1.9830762348454106e-14,2.4341583782439025e-07,0.2656453147973679
0.9821,46,0.3745237725257959,0.8597319438130459,0.00018549400747286347,0.040798453561480846,3.520161069438959e-05,0.006273873303268781,0.9999804395239372,0.014791346287259977,1.2535130364841568e-14,1.9318337982838696e-07,0.3945925213129935
0.9821,47,0.3745237725257959,0.8597319438130459,0.000215366105293085,0.04177199983257091,4.0870505190865425e-05,0.007810709303923406,0.9999755958767059,0.01298092319678057,1.2570984585899073e-14,2.2125070405395543e-07,0.0331116709037127
0.9821,48,0.3745237725257959,0.8597319438130459,0.0001486062030670142,0.021733773592628822,2.8201329942702727e-05,0.00495914686489363,0.9999884516853192,0.012051172297567803,2.0091299746585397e-14,2.002162087456568e-07,0.1080695379835046
0.9821,49,0.3745237725257959,0.8597319438130459,0.00025373105966821827,0.03387851490754052,4.815110798025201e-05,0.00594255083697357,0.9999854686419756,0.012616728810507016,1.374670844270205e-14,2.0734124815114935e-07,0.03551073425862561
0.9821,50,0.3745237725257959,0.8597319438130459,0.001147692859265135,0.04779565876406142,0.0002178002285841621,0.012983726368807512,0.9999368446206052,0.035045445852278756,6.4754547613698915e-15,2.3061929168240106e-07,0.27378373660446664
0.9821,51,0.3745237725257959,0.8597319438130459,0.00011234660219121084,0.049211599818264,2.1320264773249108e-05,0.004048979671588884,0.999994204939639,0.012645434453702364,2.0834579508912456e-14,1.1903799728342809e-07,0.1357645049276475
0.9821,52,0.3745237725257959,0.8597319438130459,0.0001379153256391884,0.029971634928218745,2.6172498336103258e-05,0.0048645308486462,0.9999915272614888,0.010880898152817675,2.1432474090883352e-14,2.0835180324526732e-07,0.02016157823259511
0.9821,53,0.3745237725257959,0.8597319438130459,0.00021474965419172222,0.040838429641750384,4.075351989318407e-05,0.00678051405912251,0.999981235215924,0.013459013580039536,1.220466780622867e-14,2.117685027764103e-07,0.030290893610273734
0.9821,54,0.3745237725257959,0.8597319438130459,0.0002001384947059187,0.012276002166822031,3.798072763417723e-05,0.007017886502371672,0.9999772868915663,0.011728810786932553,1.594436415698024e-14,3.565531931341721e-07,0.2093736576637858
0.9821,55,0.3745237725257959,0.8597319438130459,0.0003658261133559872,0.022352460320058207,6.942363583407412e-05,0.009343002677083604,0.9999595877266094,0.01932706221257474,1.3448822285754038e-14,3.522137146060085e-07,0.3866598368713957
0.9821,56,0.3745237725257959,0.8597319438130459,0.00022907501274410373,0.03744129003422468,4.347207507288302e-05,0.006124458947304453,0.9999875132630941,0.012978806071688442,1.6538807353249144e-14,1.824890696506544e-07,0.01796276203531194
0.9821,57,0.3745237725257959,0.8597319438130459,0.0003395755473295216,0.027773124873191873,6.44420074873677e-05,0.010440158495641994,0.9999522648308823,0.014319087504265082,9.833452567736587e-15,2.984503409534137e-07,0.0277926929304394
0.9821,58,0.3745237725257959,0.8597319438130459,0.00020753926313074456,0.02305408909760161,3.938518793173203e-05,0.005530228886978049,0.9999847529692922,0.022044937847454316,1.596238338667573e-14,2.242005966771693e-07,0.17948612574222234
0.9821,59,0.3745237725257959,0.8597319438130459,0.0003523259410563175,0.0223339936373613,6.686167808635707e-05,0.009291643004847312,0.9999609532660381,0.015260078451486025,1.2722063664934075e-14,2.8648259091579665e-07,0.05298629705027835
1.425,0,0.24050846320834213,0.9421556791251615,5.3137935637624706e-05,0.019352528410692328,3.462741440368224e-06,0.0022112144793177933,0.9999979454664929,0.004006287774391382,4.3456797498723526e-14,1.444530771217152e-07,0.18040079328704423
1.425,1,0.24050846320834213,0.9421556791251615,7.815031957475007e-05,0.02242591838427367,5.092677141523972e-06,0.001999946975078539,0.9999982150343989,0.0040491340678667775,4.460598020978492e-14,1.0527670958771794e-07,0.14746992893097316
1.425,2,0.24050846320834213,0.9421556791251615,9.610592024715887e-05,0.022113557642252042,6.262756516813558e-06,0.002732347103233249,0.9999964642938949,0.004075094491803766,2.6896610527524953e-14,1.7015846295338192e-07,0.2831418519693551
1.425,3,0.24050846320834213,0.9421556791251615,7.653740902952176e-05,0.02872146789980484,4.987571587129508e-06,0.0022664548899785438,0.9999977155459745,0.0036845306096761066,3.037083083949895e-14,1.1664213129415654e-07,0.10850138396314728
1.425,4,0.24050846320834213,0.9421556791251615,4.662379212218272e-05,0.020674621309589674,3.0382463140755584e-06,0.0018600266651875976,0.9999986861522236,0.003858169896212349,4.573735515267495e-14,1.2842657611731765e-07,0.2221068916658837
1.425,5,0.24050846320834213,0.9421556791251615,2.854138374345312e-05,0.01620185164067835,1.8599034958356184e-06,0.001351113981230341,0.9999990958090765,0.0026321636131871884,8.378469443783199e-14,1.1861289794648002e-07,0.3280974444997592
1.425,6,0.24050846320834213,0.9421556791251615,3.7635575427317227e-05,0.01790430318303709,2.4525278428769406e-06,0.0014052922409960973,0.9999991857312641,0.003219033036837793,6.137138077953779e-14,1.0485586577905552e-07,0.21314043597679252
1.425,7,0.24050846320834213,0.9421556791251615,9.764489716577566e-05,0.02152828025682853,6.3630441754874765e-06,0.002700861771491009,0.9999970105866832,0.0040480305593647015,2.8214021414402188e-14,1.4919849666134936e-07,0.15471716252194118
1.425,8,0.24050846320834213,0.9421556791251615,0.00043384691341796246,0.0277267444738363,2.8271698323268827e-05,0.005725537804977291,0.9999876968719452,0.015083577234358048,1.3682817166578299e-14,2.3775316668434758e-07,1.3669849527383429
1.425,9,0.24050846320834213,0.9421556791251615,3.738334907715514e-05,0.014519447890631393,2.4360914754384416e-06,0.0014584991334120993,0.9999989670051888,0.0027400657301668296,6.390727282597311e-14,1.4366643202538316e-07,0.3400634394398679
1.425,10,0.24050846320834213,0.9421556791251615,7.240026020705795e-05,0.01783785309534469,4.71797367180564e-06,0.0021480332621998484,0.9999977353329882,0.003747400896814468,5.912663985808291e-14,1.5703411960981587e-07,0.33274479317870387
1.425,11,0.24050846320834213,0.9421556791251615,6.317395383171386e-05,0.027918819798409423,4.116740051340817e-06,0.002199385756200227,0.9999978764380473,0.003854461831789946,3.7464036402365016e-14,1.1596415790115606e-07,0.13279569947019393
1.425,12,0.24050846320834213,0.9421556791251615,0.0005232285032102572,0.034902519830249466,3.4096262850774194e-05,0.005304608750101958,0.999988198848917,0.016891814729761423,1.9888615631236302e-14,1.6226519156169127e-07,1.8324799282900146
1.425,13,0.24050846320834213,0.9421556791251615,8.079029122535509e-05,0.01872572376095187,5.264711284857669e-06,0.002352646496976496,0.9999976132622396,0.0038660692141186948,3.9714327973036784e-14,1.354069958190829e-07,0.18562774236847457
1.425,14,0.24050846320834213,0.9421556791251615,5.8734270718885396e-05,0.01798009063692875,3.827427444209525e-06,0.002305792779477563,0.9999973498525172,0.0033727142098133323,4.962987242771985e-14,1.8875090526196844e-07,0.5086713223182935
1.425,15,0.24050846320834213,0.9421556791251615,2.513511375169581e-05,0.0166045379123717,1.6379334076865538e-06,0.0015186050360965788,0.9999990355401118,0.0028542883330482383,5.0828559316826366e-14,7.013366808217379e-08,0.054125942956502526
1.425,16,0.24050846320834213,0.9421556791251615,5.003409105401778e-05,0.02593031672635361,3.2604789487010017e-06,0.001850818443775728,0.9999987437484826,0.0038012628282015903,5.715356401826085e-14,1.2020528593979786e-07,0.18563459236883245
1.425,17,0.24050846320834213,0.9421556791251615,1.3229298101070079e-05,0.012120004661829656,8.620891687241835e-07,0.000852129709603191,0.9999996864728542,0.0019249089251096585,1.1044588048323077e-13,9.342630478394744e-08,0.21569659204760927
1.425,18,0.24050846320834213,0.9421556791251615,0.000365017348795249,0.022955105013477705,2.378640955768855e-05,0.004860943438262591,0.9999902138133461,0.012398800493744755,1.7510789726288574e-14,2.192243047806396e-07,4.431846177958018
1.425,19,0.24050846320834213,0.9421556791251615,4.9185164885113535e-05,0.02356998737593647,3.2051585492612467e-06,0.0019873720111780353,0.9999982581788723,0.0032017546865723556,5.3944795868594014e-14,1.191793542419672e-07,0.15538294756615
1.425,20,0.24050846320834213,0.9421556791251615,2.928904221277289e-05,0.03939944987319618,1.908624770644048e-06,0.0014853330353051919,0.9999991703394039,0.0030745116991282018,6.77860530948434e-14,6.739902146118368e-08,0.058980027510668664
1.425,21,0.24050846320834213,0.9421556791251615,3.378779727723442e-05,0.019518687085160802,2.2017868102462435e-06,0.0017272188761228784,0.999998799452738,0.0027831686699444913,5.498901269855637e-14,1.258417194940956e-07,0.19348788977151776
1.425,22,0.24050846320834213,0.9421556791251615,8.21163203164173e-05,0.01862622280579267,5.351122166832432e-06,0.001855826215842294,0.9999983802173774,0.004878923697337445,5.025893013841831e-14,1.34378471120578e-07,0.3626802050155203
1.425,23,0.24050846320834213,0.9421556791251615,3.586282638171905e-05,0.02098648226128245,2.3370063889493784e-06,0.0016030236749873695,0.9999988081559624,0.003789289111451488,6.23902060252149e-14,1.1171484454242935e-07,0.2849475046677616
1.425,24,0.24050846320834213,0.9421556791251615,4.524352216100385e-05,0.017471015771425596,2.9483008177719334e-06,0.0015980518388264196,0.999998925575956,0.0034035249882563567,3.920739428858862e-14,1.3880195292764448e-07,0.2367198284269848
1.425,25,0.24050846320834213,0.9421556791251615,4.623969398028562e-05,0.014849030503125405,3.0132165018113007e-06,0.0016640780501866557,0.9999987339332037,0.0032420655527284348,5.2505933240648363e-14,1.4922734143981607e-07,0.3877884420238474
1.425,26,0.24050846320834213,0.9421556791251615,6.615029404851286e-05,0.022222337726011367,4.310693702074034e-06,0.0021525149408855894,0.9999978634029011,0.003983999771586477,3.021335985139991e-14,1.2695865405171002e-07,0.1524873568185719
1.425,27,0.24050846320834213,0.9421556791251615,6.867276656899369e-05,0.026405100947402955,4.4750709972031815e-06,0.0023439707565850007,0.9999977582373109,0.003940541599163128,3.748247128763123e-14,1.1056394469242137e-07,0.08754344794994223
1.425,28,0.24050846320834213,0.9421556791251615,3.694310100396435e-05,0.014340406383156375,2.4074026445911437e-06,0.0014520551646937333,0.9999990128398718,0.0031992817512396243,6.459895005850389e-14,1.3021928509433005e-07,0.3303369783682736
1.425,29,0.24050846320834213,0.9421556791251615,3.433650443546851e-05,0.026348158040519983,2.237543393422692e-06,0.0016498801899219476,0.9999988880573704,0.003456055844725636,6.197408048251999e-14,9.47476244684277e-08,0.1183997609745191
1.425,30,0.24050846320834213,0.9421556791251615,0.00029954887215900275,0.023932799630198332,1.9520146588195293e-05,0.004336647559015408,0.9999919389043594,0.012710423271869331,2.1520387520554142e-14,2.0534585752061178e-07,3.7815117322319005
1.425,31,0.24050846320834213,0.9421556791251615,8.336074536993297e-05,0.026047546892408444,5.432215309622597e-06,0.0021544211790889985,0.999997798871146,0.003662082758613572,4.728337795105231e-14,1.1373498385966062e-07,0.1416632456820195
1.425,32,0.24050846320834213,0.9421556791251615,6.951756842737747e-05,0.014413421182745141,4.530122635337434e-06,0.002303045119402114,0.9999979984157121,0.006481590703663054,3.232437658518491e-14,1.9694197189227683e-07,1.139422893944527
1.425,33,0.24050846320834213,0.9421556791251615,0.0005337323263106148,0.027118787226115316,3.478074603769983e-05,0.005600898912246701,0.9999863803630659,0.015620264639643278,1.54221629926964e-14,2.283941632078105e-07,6.596031287951812
1.425,34,0.24050846320834213,0.9421556791251615,0.003226159594190842,0.04785309944992364,0.00021023316743482918,0.015794815104361135,0.9999266653137839,0.036771980521439485,6.338165186569676e-15,3.014454062488364e-07,5.602145617791199
1.425,35,0.24050846320834213,0.9421556791251615,6.1841750818801e-05,0.017938241493897465,4.029926844835181e-06,0.0024244739032219073,0.9999975530380509,0.00422720894911488,3.9769486325346024e-14,1.7848822678217426e-07,0.2764247978110094
1.425,36,0.24050846320834213,0.9421556791251615,2.585707517590326e-05,0.015128243584503685,1.6849801307471247e-06,0.0014589129910685032,0.999999150712003,0.002288441237074945,6.157104192637599e-14,1.367188157134434e-07,0.2985243629353063
1.425,37,0.24050846320834213,0.9421556791251615,6.454436825481736e-05,0.011379082539750207,4.2060433100469365e-06,0.0026504346464039886,0.9999965688672275,0.004212276204126786,2.6387708685692645e-14,2.3691871602551976e-07,0.9286666890174644
1.425,38,0.24050846320834213,0.9421556791251615,4.283258069915132e-05,0.01904611250506991,2.7911914605852087e-06,0.001449418846576584,0.9999991849216704,0.003280827036442391,6.234589183643372e-14,6.949735243152423e-08,0.07725967117674365
1.425,39,0.24050846320834213,0.9421556791251615,0.0006985902727753115,0.035193625147895806,4.5523738518444936e-05,0.005748918264776268,0.9999893196182805,0.01979088655346306,1.4510557506908825e-14,2.0437409726409961e-07,1.3562159307514232
1.425,40,0.24050846320834213,0.9421556791251615,0.00010501212383154504,0.01368553569771652,6.843130591529739e-06,0.002512962378469684,0.9999971727851426,0.008060109863686993,2.660351327403013e-14,1.8364412037869171e-07,1.731963669764869
1.425,41,0.24050846320834213,0.9421556791251615,2.5155940025719675e-05,0.03785173970958099,1.6392905549156258e-06,0.0013144253239242688,0.9999991392065911,0.0026772449258412045,6.472651686540994e-14,5.420755034745749e-08,0.7532335150758045
1.425,42,0.24050846320834213,0.9421556791251615,4.282825737568513e-05,0.016752028711594983,2.7909097305716763e-06,0.0017101779789780607,0.9999986809722722,0.003280691216655973,5.1231083145771903e-14,1.2205694531934111e-07,0.29056009455605636
1.425,43,0.24050846320834213,0.9421556791251615,4.189473315775396e-05,0.01577185977514171,2.7300764867464096e-06,0.0012944908530275496,0.9999991841002923,0.0037304526926431603,5.891513738749671e-14,1.046820619798428e-07,0.41737844174113337
1.425,44,0.24050846320834213,0.9421556791251615,0.0001158424746660891,0.016602678068844363,7.548892006580651e-06,0.002565210505862893,0.9999969035500489,0.004263999019294973,4.046674408773439e-14,1.511321528509731e-07,0.24360511266473017
1.425,45,0.24050846320834213,0.9421556791251615,0.00010002178705719475,0.027781560599062703,6.517934557047427e-06,0.00295892205388155,0.9999962205966233,0.0038803547373233993,3.3703264254582526e-14,1.4294946917732542e-07,0.10289247599752382
1.425,46,0.24050846320834213,0.9421556791251615,4.129431812585541e-05,0.011349174284603782,2.6909503523298097e-06,0.0016912185485401913,0.9999986037740484,0.0031506759405637297,3.764100562953998e-14,2.036648251940873e-07,0.9867316205308964
1.425,47,0.24050846320834213,0.9421556791251615,3.302270749454391e-05,0.023793430589666084,2.1519296213220617e-06,0.001521484917842802,0.9999991430403019,0.0030264603629005515,6.019688577613587e-14,8.51285990520362e-08,0.12037723977614967
1.425,48,0.24050846320834213,0.9421556791251615,3.48251784136147e-05,0.028429140472110443,2.26938790553345e-06,0.0012918860083764119,0.9999993714917345,0.0033509693107580674,6.8571694658781e-14,6.476883235994403e-08,0.04541799129934068
1.425,49,0.24050846320834213,0.9421556791251615,8.419175306747358e-05,0.022077547263030003,5.4863680492239e-06,0.0027375990491654506,0.9999967339797693,0.003811422470088921,3.150125332147564e-14,1.5175294295347116e-07,0.12781041494850376
1.425,50,0.24050846320834213,0.9421556791251615,4.8413718736694996e-05,0.02351945377336704,3.15488714682363e-06,0.0015935813887870366,0.9999988470257382,0.0032819336030118773,4.6406280342406384e-14,7.967545668271707e-08,0.18401091205439313
1.425,51,0.24050846320834213,0.9421556791251615,7.238854205847292e-05,0.01690242983506135,4.717210056918872e-06,0.002527390317473009,0.9999971696858573,0.0033611715125902997,3.6309359259807856e-14,1.9450971981771563e-07,0.4083085395554733
1.425,52,0.24050846320834213,0.9421556791251615,3.773248941152266e-05,0.01781384480242739,2.4588432570009844e-06,0.001433827752541148,0.9999991636939549,0.003669463854476751,7.257329563994673e-14,1.0420325027255306e-07,0.22625439275035597
1.425,53,0.24050846320834213,0.9421556791251615,6.80539794507105e-05,0.013637604805887566,4.434747643058195e-06,0.0019192375463736905,0.9999982287299086,0.004283839945712131,5.256484093325433e-14,1.6298412158841972e-07,0.8344988744538426
1.425,54,0.24050846320834213,0.9421556791251615,0.0003930279121470085,0.02494143642881524,2.5611722064136645e-05,0.004552166170828739,0.9999903331167274,0.015216053594345968,1.8536549384812366e-14,1.4772619790558162e-07,1.0512687920918558
1.425,55,0.24050846320834213,0.9421556791251615,4.9519362782170784e-05,0.01825007971404019,3.2269366046848835e-06,0.0015088912342849175,0.9999988681867675,0.003301708300963213,7.619729785455104e-14,1.1807816034724673e-07,0.34641948468588946
1.425,56,0.24050846320834213,0.9421556791251615,0.00028430226187287365,0.025267006062083996,1.8526598972364524e-05,0.004069066313863934,0.9999930416379921,0.013470837507719047,1.7593722325523973e-14,1.8715272915880378e-07,1.8319949829855615
1.425,57,0.24050846320834213,0.9421556791251615,4.76474782814767e-05,0.019202995632553142,3.104954974153857e-06,0.0017915258877955525,0.9999986473249689,0.0033694978324367852,5.486510449043218e-14,1.4069930779505354e-07,0.23006090539392937
1.425,58,0.24050846320834213,0.9421556791251615,0.00032129724353058514,0.03968625988990005,2.0937382427435686e-05,0.004245408883516241,0.9999928473530756,0.015273618860692117,2.029145333832827e-14,1.395851876010906e-07,0.9477035752767496
1.425,59,0.24050846320834213,0.9421556791251615,5.9591686650506195e-05,0.02101189146954467,3.883301080293133e-06,0.0017054607078068463,0.9999985463251594,0.005953966458559279,4.3397846270521476e-14,1.1275996450262565e-07,0.4821776755510121
2.0676,0,0.1264889912870887,0.9840005350831748,3.7534103059738363e-06,0.003785612462591978,6.202129519229835e-08,0.0002518720051352142,0.9999999704026427,0.000683540902058688,4.2302639425847405e-13,9.674902613695826e-08,3.9053528864151126
2.0676,1,0.1264889912870887,0.9840005350831748,1.3908153935867193e-06,0.0056944133584682696,2.2981812552264615e-08,0.00013723515907026554,0.9999999918253878,0.0002858353164192362,3.3460950454683703e-13,2.4975291906110614e-08,0.07118059851294778
2.0676,2,0.1264889912870887,0.9840005350831748,2.0454660444678013e-06,0.005183440306558513,3.379925001748295e-08,0.0001609457122857569,0.9999999883065313,0.0003740168456833892,3.45567698944178e-13,4.996709266365404e-08,0.2866490633842794
2.0676,3,0.1264889912870887,0.9840005350831748,4.003283004629638e-06,0.014183596445480038,6.615018789001973e-08,0.0002912650283345014,0.9999999644230194,0.0005262330699985496,2.657467946209597e-13,3.581501692275344e-08,0.044840696042271144
2.0676,4,0.1264889912870887,0.9840005350831748,3.913865207589467e-06,0.007325083073589934,6.467264956258272e-08,0.00024739811168367573,0.9999999737337454,0.00041315709762618225,3.4974131858872183e-13,5.4006509233961036e-08,0.2411994719881272
2.0676,5,0.1264889912870887,0.9840005350831748,5.668152764710157e-06,0.0060329761225224625,9.366047065402775e-08,0.0002634717684898714,0.9999999678207079,0.0009264191675606437,3.6677557369217555e-13,6.782793744516744e-08,1.3603258305458859
2.0676,6,0.1264889912870887,0.9840005350831748,4.075000158889266e-06,0.008085986397928053,6.733524106354922e-08,0.00026679167560195134,0.9999999693928493,0.0004642166979824669,3.458268165203094e-13,4.280711606836332e-08,0.09303558319009586
2.0676,7,0.1264889912870887,0.9840005350831748,2.516474204561167e-06,0.004914313314304186,4.158218173924059e-08,0.00020040925071890142,0.9999999827988901,0.0004932513761390922,4.614572089681847e-13,6.597127108144094e-08,0.4590937099522704
2.0676,8,0.1264889912870887,0.9840005350831748,4.590707935502509e-06,0.008508478082021799,7.585678857339037e-08,0.0002517555481801071,0.9999999707083558,0.0009132150542678907,3.2947181863774527e-13,5.040112081293544e-08,0.41413871427256016
2.0676,9,0.1264889912870887,0.9840005350831748,2.9467916378521308e-06,0.006180037553603931,4.8692740506034444e-08,0.0002833325363934355,0.9999999617913318,0.00043772924186058493,3.0467670123580277e-13,7.675829340791539e-08,0.31410455773645635
2.0676,10,0.1264889912870887,0.9840005350831748,5.189169877801027e-06,0.0068612079381065475,8.574576466683665e-08,0.0002703719465549904,0.9999999669185305,0.0005048576668738036,2.509978681328261e-13,6.620656052247812e-08,0.5481937646845818
2.0676,11,0.1264889912870887,0.9840005350831748,0.00017611917300212573,0.02076490383333471,2.9101905540158746e-06,0.0015502703130342002,0.9999992171751698,0.004259399313314205,5.28222610074234e-14,1.1685015862849168e-07,6.130905977583859
2.0676,12,0.1264889912870887,0.9840005350831748,2.5554385728058344e-06,0.007903121985739201,4.222602837146845e-08,0.00020157381289850334,0.9999999831221783,0.00036349387630746355,3.1447862540499725e-13,4.4226857464822585e-08,0.1531453491908223
2.0676,13,0.1264889912870887,0.9840005350831748,3.165971141217207e-05,0.012604420313383434,5.231445930844551e-07,0.0007844468802907952,0.9999997766747608,0.002165716877951418,1.0048773913333123e-13,1.00574819727385e-07,6.506009758776039
2.0676,14,0.1264889912870887,0.9840005350831748,1.243960374436255e-06,0.01272892921805309,2.0555182434396317e-08,0.0001275437905062008,0.9999999931141825,0.00033549109513408837,4.243880326518667e-13,1.6067216850301198e-08,0.06260083001685951
2.0676,15,0.1264889912870887,0.9840005350831748,2.3095314312783417e-06,0.01184620257700298,3.816266247984119e-08,0.00018891980107948038,0.9999999844170013,0.00037368316603436647,4.3489824267803314e-13,2.2810017817911765e-08,0.027693500438521923
2.0676,16,0.1264889912870887,0.9840005350831748,4.377151063542225e-06,0.007773944570396745,7.232797804738436e-08,0.0002879811486097761,0.9999999610822115,0.0005441962705206027,3.462495144809156e-13,3.931424475080414e-08,0.16124605137836145
2.0676,17,0.1264889912870887,0.9840005350831748,1.2882262862955818e-05,0.007913494068427281,2.1286631693228883e-07,0.00040830034294415376,0.9999999379253223,0.000987773913838641,2.428977306762762e-13,8.317669961141273e-08,6.106169336693776
2.0676,18,0.1264889912870887,0.9840005350831748,4.9841352664464634e-05,0.013947032508984684,8.235777584632521e-07,0.0009573083849406437,0.9999996925362798,0.002063060729801558,8.571504806333505e-14,1.0550315159993368e-07,6.678221362792758
2.0676,19,0.1264889912870887,0.9840005350831748,6.597269701272354e-06,0.008210802168420458,1.0901318487742537e-07,0.00034239319857060486,0.9999999416817462,0.0007700085117439137,3.4173557617756707e-13,4.900441138310864e-08,0.22948950849017397
2.0676,20,0.1264889912870887,0.9840005350831748,5.987646976360338e-06,0.010545957345487276,9.893978818066492e-08,0.0002553920251377793,0.9999999683530658,0.0007356150273820639,4.612534079281098e-13,2.7835993085772736e-08,0.2636053283381841
2.0676,21,0.1264889912870887,0.9840005350831748,1.8987720298392447e-06,0.007198078089561042,3.137528033590128e-08,0.00020346622963161938,0.9999999839123603,0.0004066679467973344,4.861446352191015e-13,2.8816991638760247e-08,0.04030090724168972
2.0676,22,0.1264889912870887,0.9840005350831748,3.703790761468244e-06,0.008648733024350465,6.12013825885186e-08,0.0003086931405502278,0.999999962386746,0.0006443028305398446,2.6611789904477197e-13,6.010916685782589e-08,0.4283679068713804
2.0676,23,0.1264889912870887,0.9840005350831748,2.255021302846565e-06,0.0038967437944352834,3.726193794112575e-08,0.00019267043845112587,0.9999999817093369,0.0003692592850599308,5.581980077378304e-13,7.415160194595779e-08,0.7514663948786178
2.0676,24,0.1264889912870887,0.9840005350831748,2.853601355812696e-06,0.011148571891299084,4.7152865693451956e-08,0.00018277173085600202,0.9999999850131505,0.0004675385961818712,4.403710302414937e-13,2.784782896709873e-08,0.10461522262267135
2.0676,25,0.1264889912870887,0.9840005350831748,2.3013218181064823e-06,0.004897966375486159,3.80270069558182e-08,0.0001594597398089789,0.9999999874502155,0.0003850043197193287,6.117442700690969e-13,5.616326701286697e-08,0.45350109651267534
2.0676,26,0.1264889912870887,0.9840005350831748,2.668822424405799e-06,0.004884575913653975,4.409958142238844e-08,0.00022263604064487108,0.9999999756522348,0.0003225103272653379,3.7676226443154124e-13,7.311631973178445e-08,0.547184200471901
2.0676,27,0.1264889912870887,0.9840005350831748,3.6986652628195275e-06,0.007485123247045293,6.111668892627607e-08,0.0002651789585366739,0.9999999712071601,0.00039387929757389584,2.6035746578379865e-13,4.628385389307254e-08,0.10553831954066999
2.0676,28,0.1264889912870887,0.9840005350831748,4.280166323053425e-06,0.007250151268487183,7.07254036607095e-08,0.0002429571952853082,0.999999971550653,0.0005694854719111575,3.2240272671177387e-13,5.611505683250205e-08,0.5068199003846329
2.0676,29,0.1264889912870887,0.9840005350831748,1.9830552864541176e-06,0.008864870755810406,3.276797559491561e-08,0.00019831959412162242,0.9999999852392649,0.0003808593947614014,4.650969984692284e-13,3.4039991602132415e-08,0.08193882517652509
2.0676,30,0.1264889912870887,0.9840005350831748,3.4653036295315945e-06,0.008186569510082307,5.7260624823262064e-08,0.00023973696205819325,0.9999999759794508,0.00045356918241568067,4.3181955128083593e-13,4.1587583603644863e-08,0.13161800006719027
2.0676,31,0.1264889912870887,0.9840005350831748,5.178347929593759e-06,0.00585572475176797,8.556694295816551e-08,0.00030273549987816674,0.9999999576202601,0.00043585672618851046,2.812930759707255e-13,7.973864780794637e-08,0.8565545873533426
2.0676,32,0.1264889912870887,0.9840005350831748,1.3949694936876615e-06,0.004998143562271357,2.305045483959814e-08,0.00015335010426244933,0.9999999910806571,0.00029210812174129686,7.881202310952839e-13,3.0871346036102745e-08,0.11515119277664705
2.0676,33,0.1264889912870887,0.9840005350831748,3.3717409255171995e-06,0.008408209946661555,5.571459611561774e-08,0.00020798851314578074,0.9999999802277524,0.00037361205858954527,3.612290257015448e-13,3.947883542643987e-08,0.09970215801538565
2.0676,34,0.1264889912870887,0.9840005350831748,3.900651768381574e-06,0.008912379146735549,6.445431089271071e-08,0.00025310385841260187,0.9999999696615004,0.0003810427057271415,3.425696078166184e-13,4.8485272085510326e-08,0.16441144534137256
2.0676,35,0.1264889912870887,0.9840005350831748,1.4731705828714097e-06,0.005348121579770188,2.4342648455855052e-08,0.0001586276094932384,0.9999999898339936,0.00031570860507246223,5.501135439072991e-13,5.0680653599234273e-08,0.2751089123818211
2.0676,36,0.1264889912870887,0.9840005350831748,1.740197027887703e-06,0.00929242876606891,2.875498939927804e-08,0.00020186859162487494,0.9999999859723354,0.0003574688720107133,3.372435460037382e-13,2.5404768780089598e-08,0.031194486865378006
2.0676,37,0.1264889912870887,0.9840005350831748,3.231546708694368e-06,0.010666682305206492,5.339802899475781e-08,0.00023701030569462622,0.9999999751512954,0.0004295710302809619,5.129848864070501e-13,3.526184909866747e-08,0.059265691729298395
2.0676,38,0.1264889912870887,0.9840005350831748,1.8184086586834208e-06,0.009993258808151249,3.004735720498831e-08,0.00017813738946587405,0.9999999861992549,0.0003730283327405548,4.644745187926664e-13,3.160691109931759e-08,0.09484471225894829
2.0676,39,0.1264889912870887,0.9840005350831748,4.247131448015948e-06,0.010943888561929502,7.017953588467122e-08,0.000365524853488144,0.999999942726548,0.0005065692501990959,2.8309442695503955e-13,4.5342319641469356e-08,0.040106604664960493
2.0676,40,0.1264889912870887,0.9840005350831748,4.819644846860351e-06,0.009606274294102808,7.963973863808038e-08,0.00032400055577505913,0.9999999573896717,0.0004990902281507559,2.9258102596511297e-13,5.916859721567068e-08,0.2214877792747581
2.0676,41,0.1264889912870887,0.9840005350831748,3.308750343108547e-06,0.007534636019097563,5.467374068349787e-08,0.0002483057739238386,0.9999999722637872,0.0003950091293938307,3.0754696028442273e-13,4.729152641054402e-08,0.1399158875065292
2.0676,42,0.1264889912870887,0.9840005350831748,2.206702612292009e-06,0.007834942736054793,3.646352062836449e-08,0.0001846555183983533,0.9999999859749716,0.00032737645513369884,4.986706179201391e-13,2.8977330870029777e-08,0.09887610920614383
2.0676,43,0.1264889912870887,0.9840005350831748,3.5638633242192607e-06,0.011638573497280829,5.888922372934242e-08,0.00022249289574035466,0.9999999788217198,0.00039814310157471056,3.693200081088573e-13,3.219096340343275e-08,0.09733738123767299
2.0676,44,0.1264889912870887,0.9840005350831748,1.0995095030387997e-06,0.006509885533676016,1.8168278417678733e-08,0.00014941737395911186,0.9999999915436052,0.0002652542742533903,6.064650840919221e-13,1.9540654078866267e-08,0.03802520488162059
2.0676,45,0.1264889912870887,0.9840005350831748,3.5164727919558434e-06,0.007063719216334844,5.8106143290151083e-08,0.0002969765439069568,0.9999999564206903,0.0004428535602671868,2.950598471036291e-13,7.242770247969457e-08,0.4993923245193654
2.0676,46,0.1264889912870887,0.9840005350831748,3.2157658558723572e-06,0.01077218614894844,5.31372664211613e-08,0.00020994858595704363,0.9999999806442597,0.000501868471584288,4.803641419708856e-13,3.0377156199262103e-08,0.05881375965902458
2.0676,47,0.1264889912870887,0.9840005350831748,1.550695767354997e-05,0.006953316680944785,2.5623673433070986e-07,0.0005272162558309302,0.9999998748189205,0.0013976282533989526,1.3091931850071548e-13,1.0989639728668005e-07,3.2266081121601298
2.0676,48,0.1264889912870887,0.9840005350831748,6.821897312826623e-06,0.0070519765411522555,1.1272492813721476e-07,0.0002756097564266404,0.9999999665270035,0.0008605282099258815,4.482551900437555e-13,6.483967595941205e-08,5.884120119796578
2.0676,49,0.1264889912870887,0.9840005350831748,3.260147683805418e-06,0.010528109172140488,5.387063107542703e-08,0.000269002524704309,0.9999999673317466,0.0003967567279904438,2.709242499416364e-13,4.274069376966684e-08,0.08403733001023153
2.0676,50,0.1264889912870887,0.9840005350831748,9.468745098065764e-07,0.008619950172497276,1.564614009540026e-08,0.00014763210596011728,0.9999999918687544,0.0002955959568818889,6.296412628101627e-13,1.7108432575573835e-08,0.010860009583592234
2.0676,51,0.1264889912870887,0.9840005350831748,2.2894830789089397e-06,0.004771411133486863,3.783138380815906e-08,0.0001997549808366718,0.9999999814406402,0.00039829681256753346,4.92482162303051e-13,4.064154058765022e-08,0.15423748341118726
2.0676,52,0.1264889912870887,0.9840005350831748,3.5512030538488028e-06,0.005801801785581171,5.8680025612995763e-08,0.0002325404232447905,0.9999999739190909,0.0007833404012846934,2.898160714888808e-13,5.234817389827693e-08,0.46884250415361295
2.0676,53,0.1264889912870887,0.9840005350831748,3.3929770687662834e-06,0.010876467150152423,5.606550182583597e-08,0.00031374842551167253,0.999999956433901,0.0003897324845378858,2.8722893954400744e-13,4.27627284527482e-08,0.06487919165162165
2.0676,54,0.1264889912870887,0.9840005350831748,5.322982396945e-05,0.016890744569846756,8.795688071164161e-07,0.000963444916588763,0.9999996517571212,0.0024606939468720945,6.828544533088288e-14,7.86423848978765e-08,1.2693906894062628
2.0676,55,0.1264889912870887,0.9840005350831748,5.161244010908945e-06,0.009420976673984687,8.528431806419533e-08,0.0003066772735346436,0.9999999551327282,0.0005302349091511199,4.533277353856686e-13,5.800887122222384e-08,0.22309525767193553
2.0676,56,0.1264889912870887,0.9840005350831748,7.918778715582496e-06,0.012728415032038302,1.3084977986555166e-07,0.0006416780923427797,0.999999849703563,0.0005261058623542425,1.3179120003968253e-13,7.950848675460281e-08,0.06671605274439393
2.0676,57,0.1264889912870887,0.9840005350831748,2.716819525566601e-06,0.008011091012298353,4.489268479688596e-08,0.0001963003085647614,0.9999999820525964,0.0004167457111610151,4.329103107982211e-13,4.169616060879986e-08,0.21638492299957313
2.0676,58,0.1264889912870887,0.9840005350831748,1.5734488538013657e-06,0.005885284371825636,2.599964508978216e-08,0.00013601490528373735,0.9999999915721285,0.0003845984371277922,6.751560422155191e-13,3.9524618747395015e-08,0.2920727274445487
2.0676,59,0.1264889912870887,0.9840005350831748,3.900727868043757e-06,0.009789211430852126,6.445556836240097e-08,0.0002690326678949088,0.9999999703787515,0.0004746075110440007,3.7452038212925813e-13,4.459543201891608e-08,0.11521161274983174
3.0,0,0.049787068367863944,0.9975212478233336,3.7215917599153745e-07,0.0022853997454895256,9.270806778718954e-10,2.844752358713671e-05,0.9999999997004595,7.378275812119917e-05,2.3501648972340116e-12,2.106576509362724e-08,0.11368795057392214
3.0,1,0.049787068367863944,0.9975212478233336,5.567895350222341e-09,0.0006859790180198827,1.3870108621743933e-11,4.017956562364929e-06,0.9999999999922436,8.358823917697933e-06,2.0411216830827375e-11,1.0557155488104269e-08,0.018073446743367586
3.0,2,0.049787068367863944,0.9975212478233336,2.7659937543734133e-08,0.0011712539976923573,6.890329542358465e-11,1.1824047279961398e-05,0.9999999999448569,1.3314186100288339e-05,6.671336503128071e-12,1.7135949554930048e-08,0.01735289424160899
3.0,3,0.049787068367863944,0.9975212478233336,4.4633091102789724e-08,0.0021593541657901265,1.1118488814646567e-10,1.2400176739193242e-05,0.9999999999316105,1.690934269449329e-05,9.896744062077062e-12,1.1114166685359675e-08,0.012643993090206723
3.0,4,0.049787068367863944,0.9975212478233336,8.29460707696285e-09,0.0007763839780414221,2.066258323751392e-11,4.462613257325621e-06,0.9999999999903991,9.21952625276834e-06,1.7809475104786292e-11,1.090738325218688e-08,0.013937930576508516
3.0,5,0.049787068367863944,0.9975212478233336,8.258836673478703e-09,0.0021174462876493148,2.0573476070417856e-11,5.83272138137732e-06,0.9999999999852375,9.816349181512862e-06,2.0752973061089346e-11,5.103221750589296e-09,0.005267428756070128
3.0,6,0.049787068367863944,0.9975212478233336,4.120634473850433e-08,0.001607778535907961,1.0264856673490853e-10,1.1257740114913689e-05,0.9999999999418985,1.3797398248804882e-05,1.10931362991854e-11,8.99035498066237e-09,0.015219568772568998
3.0,7,0.049787068367863944,0.9975212478233336,1.4607382706473518e-07,0.0021862120921757257,3.638825302460486e-10,1.5324190935705676e-05,0.9999999998997657,5.501865004120532e-05,4.7973004472173955e-12,1.0022212828376309e-08,0.05797198886962887
3.0,8,0.049787068367863944,0.9975212478233336,3.3709533899245384e-08,0.001727247580764804,8.397336288897472e-11,1.1410534761230233e-05,0.9999999999453588,1.4862434804197022e-05,6.156685573365361e-12,1.2437949033320382e-08,0.012373127120805655
3.0,9,0.049787068367863944,0.9975212478233336,1.807019614143301e-08,0.0010648628995570792,4.501442062624537e-11,5.75483612487825e-06,0.9999999999837842,1.7060849282213297e-05,1.6858528904373e-11,9.884134766088342e-09,0.03155262181809
3.0,10,0.049787068367863944,0.9975212478233336,1.493694251943761e-08,0.0021635738868929335,3.720921500676371e-11,6.468808341229749e-06,0.9999999999837288,1.1532881143860862e-05,1.3357274737230527e-11,5.5701275821070516e-09,0.006847144828271562
3.0,11,0.049787068367863944,0.9975212478233336,1.434087449757926e-08,0.0010942579150474384,3.572435803878062e-11,6.2012424511162866e-06,0.9999999999809229,1.2328969792751998e-05,1.2337159581236469e-11,1.0040958869287537e-08,0.01683149842883827
3.0,12,0.049787068367863944,0.9975212478233336,2.263123764833256e-08,0.0021191968415090186,5.637636928947152e-11,8.791633077860947e-06,0.9999999999668232,1.4051660226055418e-05,7.536189020838752e-12,6.229938838096651e-09,0.00839766131144741
3.0,13,0.049787068367863944,0.9975212478233336,1.2437165349728641e-08,0.0012774241834976451,3.0982053989587647e-11,6.222134947302159e-06,0.999999999984833,1.1732926338714478e-05,1.406118909160634e-11,4.904129884433861e-09,0.012407221270857527
3.0,14,0.049787068367863944,0.9975212478233336,1.728427140012834e-08,0.0018348474401466831,4.3056614158034576e-11,7.212396916546566e-06,0.999999999978984,1.1171775130103256e-05,1.1809624542412336e-11,6.4086015702361325e-09,0.007620743434665775
3.0,15,0.049787068367863944,0.9975212478233336,9.141739536156145e-09,0.0014190114400080148,2.277286342188479e-11,4.158387671035373e-06,0.999999999992034,1.048252239277403e-05,3.1303837437233386e-11,5.078331017016841e-09,0.011504242102940085
3.0,16,0.049787068367863944,0.9975212478233336,5.168034009383231e-07,0.003760073738818592,1.2874019456608422e-09,2.9363302878769326e-05,0.999999999669605,8.994250748184385e-05,2.681649883035531e-12,1.3882548147796692e-08,0.12284192628437678
3.0,17,0.049787068367863944,0.9975212478233336,3.1313805647545577e-08,0.0019332060086301587,7.800539672027197e-11,9.462430197417074e-06,0.9999999999588446,1.652178112365732e-05,9.040259428512985e-12,7.33707630142185e-09,0.01182075490433851
3.0,18,0.049787068367863944,0.9975212478233336,1.3048514537368336e-08,0.0014132231037830305,3.2504977662300105e-11,5.594564911289683e-06,0.9999999999851921,1.064961174845891e-05,1.3449020266164375e-11,7.610989497486843e-09,0.011263584120406955
3.0,19,0.049787068367863944,0.9975212478233336,4.727421975858402e-08,0.0011800971791330222,1.177641679343612e-10,9.113803970025349e-06,0.9999999999730932,2.2767197387807414e-05,1.1679424326625504e-11,1.4144032686760517e-08,0.058180536507864915
3.0,20,0.049787068367863944,0.9975212478233336,2.477023236924176e-08,0.0015982589752592332,6.170479003927106e-11,8.7216802777153e-06,0.9999999999659966,1.1371479271771179e-05,1.1296133359578785e-11,9.931821564608135e-09,0.012996680490993867
3.0,21,0.049787068367863944,0.9975212478233336,3.2240972074695986e-08,0.0017123023062914288,8.031504843752405e-11,1.035314967884762e-05,0.9999999999527039,1.573585589154103e-05,7.291969098109895e-12,1.0965586357708456e-08,0.012285406279463201
3.0,22,0.049787068367863944,0.9975212478233336,2.852840798313421e-08,0.0009739235002787955,7.10667303612916e-11,7.336055027251071e-06,0.9999999999731419,1.281271414521612e-05,1.106501729968947e-11,1.3214882093812778e-08,0.014920479288078381
3.0,23,0.049787068367863944,0.9975212478233336,2.5817921217865534e-07,0.002658935164146542,6.43146735267398e-10,2.8416235457524477e-05,0.9999999997420349,6.653146083834827e-05,2.98761630170859e-12,1.9250092249339983e-08,0.09519853790179009
3.0,24,0.049787068367863944,0.9975212478233336,2.7539975050786354e-08,0.0017091516883942666,6.86044584835448e-11,7.262712754152976e-06,0.9999999999736495,1.480342479487362e-05,9.8322956079448e-12,7.793901181047319e-09,0.03506318257788125
3.0,25,0.049787068367863944,0.9975212478233336,1.7098361182410628e-08,0.0011977526770931128,4.2593495735601547e-11,5.983763132715216e-06,0.9999999999840351,1.1399961814317905e-05,1.3139995832799267e-11,9.311543439717166e-09,0.013958349445136353
3.0,26,0.049787068367863944,0.9975212478233336,1.8132377022797668e-08,0.0014507380408244996,4.5169318576695e-11,6.4552261772536136e-06,0.9999999999791657,1.155666068930472e-05,1.9305080397901222e-11,8.276621368886472e-09,0.019803995428185932
3.0,27,0.049787068367863944,0.9975212478233336,7.805372269314701e-07,0.0041394114460608835,1.944385704102999e-09,4.184023431886123e-05,0.99999999943094,0.00011846418014682669,2.3403076806621886e-12,1.7205208250734608e-08,0.1369644617237112
3.0,28,0.049787068367863944,0.9975212478233336,8.176463715400962e-09,0.0008880934216488403,2.0368277911433036e-11,3.634823102771799e-06,0.9999999999939017,8.285402654628626e-06,2.1152919990781106e-11,5.4452086696581305e-09,0.013174814463047468
3.0,29,0.049787068367863944,0.9975212478233336,3.458341191751503e-08,0.0009500911675157713,8.615026857304778e-11,9.32373842826291e-06,0.9999999999572273,1.2265598827609914e-05,9.317097498911474e-12,1.4331645113921997e-08,0.018406737640181747
3.0,30,0.049787068367863944,0.9975212478233336,9.833662759048125e-09,0.0013056824097475333,2.4496503981923406e-11,4.985704791973286e-06,0.9999999999897319,8.860970555746306e-06,2.2110629066080405e-11,6.961216253948296e-09,0.011449355067289946
3.0,31,0.049787068367863944,0.9975212478233336,7.610585516383655e-09,0.0006580911932125972,1.895862640160484e-11,4.751791603723099e-06,0.9999999999887229,9.215704448450879e-06,2.1656082779640726e-11,1.3116605561813451e-08,0.0261013237519687
3.0,32,0.049787068367863944,0.9975212478233336,1.7436362414326273e-08,0.0010524632902015523,4.343548602193207e-11,7.4411903981186525e-06,0.9999999999734956,1.250220182491546e-05,8.719838015337515e-12,1.309661064343195e-08,0.014148035814454674
3.0,33,0.049787068367863944,0.9975212478233336,2.8929710961143964e-08,0.0007943184825231636,7.206641076860543e-11,7.716219142453928e-06,0.9999999999724315,2.147495504756236e-05,1.2470131290662321e-11,1.6881879781180817e-08,0.03630400311552956
3.0,34,0.049787068367863944,0.9975212478233336,1.034937760135205e-08,0.0016384552896614513,2.578119423409517e-11,5.716510769240916e-06,0.9999999999872328,9.273691929490013e-06,1.4224357144393541e-11,5.9993461325083726e-09,0.008118177911168825
3.0,35,0.049787068367863944,0.9975212478233336,6.390067392374726e-09,0.001986288937885729,1.5918210249626102e-11,4.718046404420083e-06,0.9999999999911268,1.019911146471486e-05,2.073013433518702e-11,3.77917987978724e-09,0.004718127890578044
3.0,36,0.049787068367863944,0.9975212478233336,1.759376921956686e-08,0.00109620166489978,4.382759998015775e-11,5.579565836864318e-06,0.9999999999849442,1.4472728777192856e-05,1.0158180173726445e-11,8.844641055469824e-09,0.02400688171706815
3.0,37,0.049787068367863944,0.9975212478233336,4.900034125987027e-08,0.0017727546258339917,1.2206408580393533e-10,1.5472154463296957e-05,0.9999999998933258,1.3790188303275386e-05,7.82383440398177e-12,1.2085219110787344e-08,0.013938009576459798
3.0,38,0.049787068367863944,0.9975212478233336,1.9216936664548347e-08,0.0014355060792360416,4.78710503969126e-11,7.4015396010911934e-06,0.9999999999755554,1.3622568235227561e-05,1.4649918103451715e-11,8.18902918661187e-09,0.01805084327365472
3.0,39,0.049787068367863944,0.9975212478233336,1.0299230780236616e-08,0.0015248466471122692,2.5656274167780963e-11,7.762549432672427e-06,0.9999999999741407,1.0009282201475789e-05,1.1873369178240893e-11,9.181660880451606e-09,0.010734957319864846
3.0,40,0.049787068367863944,0.9975212478233336,5.950734829877102e-09,0.003024727514251376,1.48237948593415e-11,4.143795090168467e-06,0.9999999999923987,7.837041428149227e-06,2.079218336851011e-11,2.516249889785907e-09,0.00404858760697558
3.0,41,0.049787068367863944,0.9975212478233336,6.993969651885807e-09,0.001988574470176433,1.7422582981422736e-11,3.899606051273818e-06,0.9999999999936701,7.474348022284971e-06,3.640724012895815e-11,3.532410932402936e-09,0.006615444658003872
3.0,42,0.049787068367863944,0.9975212478233336,7.062953894678152e-09,0.0016971664812643287,1.759442869299438e-11,4.0574577237819145e-06,0.9999999999938115,8.31341203716418e-06,2.0911028643265105e-11,3.84204983216227e-09,0.00799168267597175
3.0,43,0.049787068367863944,0.9975212478233336,1.3525170504264365e-07,0.0023207832081414176,3.3692368879459556e-10,1.7327226479274464e-05,0.9999999998811921,4.310204859203637e-05,8.171948473931332e-12,1.3711444965301577e-08,0.07488902338859063
3.0,44,0.049787068367863944,0.9975212478233336,3.6497789905989955e-07,0.002290654041470044,9.091914962661999e-10,2.9739725389498734e-05,0.9999999997227421,7.138009590423877e-05,2.6952761867097206e-12,2.0991072763143845e-08,0.12617292587035162
3.0,45,0.049787068367863944,0.9975212478233336,2.5956609599069448e-08,0.0008737008802269212,6.466015827286605e-11,7.879368925943347e-06,0.9999999999689994,1.2897034984860056e-05,1.1776975483964298e-11,1.4052988441092493e-08,0.020343579499446707
3.0,46,0.049787068367863944,0.9975212478233336,1.3498701789767769e-08,0.001487541691656291,3.362643302418107e-11,5.677790487775441e-06,0.9999999999855006,1.1598695661030334e-05,2.2604127720259045e-11,7.416657368594157e-09,0.009884264982535609
3.0,47,0.049787068367863944,0.9975212478233336,1.651611544637834e-08,0.0015562173602753423,4.1143071275694944e-11,4.850134194965755e-06,0.9999999999888407,1.096942816114499e-05,1.85159993238122e-11,5.736435517608857e-09,0.011273007341815577
3.0,48,0.049787068367863944,0.9975212478233336,1.9686731130550402e-08,0.001724134234023768,4.904134902210097e-11,9.54639835757437e-06,0.9999999999634624,1.2721811037508246e-05,7.62532215845302e-12,8.546286415690703e-09,0.011513475731424555
3.0,49,0.049787068367863944,0.9975212478233336,9.507997714501229e-08,0.0024219608533028554,2.368524420470337e-10,1.4141071669273981e-05,0.9999999999142152,3.877906559779376e-05,7.38929789840703e-12,1.0276162337731064e-08,0.049550246789989746
3.0,50,0.049787068367863944,0.9975212478233336,9.826279127551956e-08,0.0016807595912501133,2.447811071770853e-10,1.7290061593303207e-05,0.9999999998951936,4.2097353961878525e-05,4.94620477014845e-12,1.9350135524058723e-08,0.06778474805531198
3.0,51,0.049787068367863944,0.9975212478233336,5.9058863932431945e-09,0.0026823226123569685,1.4712073526951068e-11,4.669498600670352e-06,0.9999999999902528,9.335682026989645e-06,1.5790573155773308e-11,3.1748967916067365e-09,0.004573237431209267
3.0,52,0.049787068367863944,0.9975212478233336,1.3896007115926444e-08,0.0015868069020038324,3.461615493553663e-11,6.122692938083843e-06,0.9999999999842011,9.455567890618438e-06,1.3233645277716095e-11,5.5401159498849475e-09,0.010033852786877545
3.0,53,0.049787068367863944,0.9975212478233336,1.3314207520653452e-06,0.005014212067056872,3.316684185117585e-09,5.072402914932742e-05,0.9999999990966908,0.00013429938470332914,2.1025084080667445e-12,1.794068912625894e-08,0.21687390881716134
3.0,54,0.049787068367863944,0.9975212478233336,1.6322802155724873e-08,0.0013939255836817124,4.0661511158432964e-11,7.061755964377925e-06,0.9999999999798579,1.2302179938084024e-05,1.2925194900254492e-11,6.720742728456692e-09,0.011761045390504349
3.0,55,0.049787068367863944,0.9975212478233336,1.4697285263595999e-08,0.0014142192235291882,3.661220806594549e-11,6.849557644696551e-06,0.9999999999811603,1.2164434562533799e-05,1.3342762872693257e-11,8.375135904257921e-09,0.010159394764003446
3.0,56,0.049787068367863944,0.9975212478233336,1.4086904480747947e-08,0.0008335872088387295,3.509169677310287e-11,6.203879257237321e-06,0.9999999999807688,1.044551493523116e-05,1.516919905168973e-11,1.3780172249902974e-08,0.02366268314767842
3.0,57,0.049787068367863944,0.9975212478233336,4.429308351201678e-08,0.0022219012111075334,1.1033789984574388e-10,1.0578959558454187e-05,0.9999999999474736,1.4050662184850182e-05,6.855829928332471e-12,8.931021443053736e-09,0.009887292956851118
3.0,58,0.049787068367863944,0.9975212478233336,2.7729455404953223e-08,0.0011544401083893063,6.907647042513885e-11,8.98006637411432e-06,0.9999999999634125,1.504446364408718e-05,6.4765010231875846e-12,1.0058017710453454e-08,0.01668182987866912
3.0,59,0.049787068367863944,0.9975212478233336,1.0301627126426026e-08,0.0012987155158845427,2.566224367303183e-11,4.642442190514472e-06,0.9999999999904924,9.999920337233625e-06,1.8703247735606805e-11,6.829208846155176e-09,0.011442755958599643
