e,budget,n_components,arm,density
-3.0,0,0,true,0.00042667878833998644
-2.99,0,0,true,0.0004382886537860633
-2.98,0,0,true,0.00045021442191903204
-2.97,0,0,true,0.0004624646884033329
-2.96,0,0,true,0.0004750482827901406
-2.95,0,0,true,0.0004879742748813831
-2.94,0,0,true,0.0005012519812669322
-2.93,0,0,true,0.0005148909720396618
-2.92,0,0,true,0.0005289010776932323
-2.91,0,0,true,0.0005432923962075495
-2.9,0,0,true,0.0005580753003270315
-2.89,0,0,true,0.0005732604450369046
-2.88,0,0,true,0.0005888587752429374
-2.87,0,0,true,0.0006048815336601302
-2.86,0,0,true,0.0006213402689160658
-2.85,0,0,true,0.000638246843874737
-2.84,0,0,true,0.0006556134441868788
-2.83,0,0,true,0.0006734525870729411
-2.82,0,0,true,0.0006917771303450562
-2.81,0,0,true,0.000710600281674482
-2.8,0,0,true,0.0007299356081112204
-2.79,0,0,true,0.0007497970458626536
-2.78,0,0,true,0.0007701989103382685
-2.77,0,0,true,0.0007911559064676789
-2.76,0,0,true,0.0008126831392994184
-2.75,0,0,true,0.0008347961248881086
-2.74,0,0,true,0.0008575108014778778
-2.73,0,0,true,0.0008808435409900739
-2.7199999999999998,0,0,true,0.0009048111608235508
-2.71,0,0,true,0.000929430935976048
-2.7,0,0,true,0.0009547206114953886
-2.69,0,0,true,0.0009806984152694687
-2.68,0,0,true,0.0010073830711642608
-2.67,0,0,true,0.0010347938125193112
-2.66,0,0,true,0.0010629503960104258
-2.65,0,0,true,0.001091873115889584
-2.64,0,0,true,0.0011215828186122944
-2.63,0,0,true,0.0011521009178629782
-2.62,0,0,true,0.0011834494099891742
-2.61,0,0,true,0.0012156508898557249
-2.6,0,0,true,0.0012487285671303288
-2.59,0,0,true,0.0012827062830122454
-2.58,0,0,true,0.0013176085274161642
-2.57,0,0,true,0.0013534604566236622
-2.56,0,0,true,0.0013902879114149362
-2.55,0,0,true,0.0014281174356939224
-2.54,0,0,true,0.0014669762956201668
-2.53,0,0,true,0.0015068924992613115
-2.52,0,0,true,0.0015478948167802846
-2.51,0,0,true,0.0015900128011718138
-2.5,0,0,true,0.001633276809563146
-2.49,0,0,true,0.001677718025094388
-2.48,0,0,true,0.0017233684793941798
-2.4699999999999998,0,0,true,0.0017702610756669412
-2.46,0,0,true,0.0018184296124083188
-2.45,0,0,true,0.0018679088077659285
-2.44,0,0,true,0.0019187343245629478
-2.4299999999999997,0,0,true,0.0019709427960025836
-2.42,0,0,true,0.0020245718520719757
-2.41,0,0,true,0.0020796601466645387
-2.4,0,0,true,0.002136247385440296
-2.39,0,0,true,0.0021943743544442806
-2.38,0,0,true,0.0022540829495036664
-2.37,0,0,true,0.0023154162064247517
-2.36,0,0,true,0.0023784183320116445
-2.35,0,0,true,0.0024431347359289072
-2.34,0,0,true,0.002509612063431234
-2.33,0,0,true,0.002577898228983651
-2.32,0,0,true,0.002648042450796557
-2.31,0,0,true,0.002720095286300418
-2.3,0,0,true,0.0027941086685857697
-2.29,0,0,true,0.0028701359438346877
-2.2800000000000002,0,0,true,0.002948231909770822
-2.27,0,0,true,0.003028452855155616
-2.26,0,0,true,0.0031108566003592098
-2.25,0,0,true,0.00319550253903529
-2.24,0,0,true,0.0032824516809299097
-2.23,0,0,true,0.0033717666958550997
-2.2199999999999998,0,0,true,0.003463511958859014
-2.21,0,0,true,0.0035577535966251545
-2.2,0,0,true,0.003654559535134105
-2.19,0,0,true,0.0037539995486221413
-2.1799999999999997,0,0,true,0.003856145309871963
-2.17,0,0,true,0.003961070441871875
-2.16,0,0,true,0.004068850570880591
-2.15,0,0,true,0.004179563380935914
-2.14,0,0,true,0.004293288669846576
-2.13,0,0,true,0.004410108406707671
-2.12,0,0,true,0.0045301067909809785
-2.11,0,0,true,0.004653370313182939
-2.1,0,0,true,0.004779987817223886
-2.09,0,0,true,0.004910050564443559
-2.08,0,0,true,0.00504365229938896
-2.07,0,0,true,0.0051808893173821
-2.06,0,0,true,0.0053218605339261415
-2.05,0,0,true,0.005466667556000183
-2.04,0,0,true,0.0056154147552938734
-2.0300000000000002,0,0,true,0.005768209343434798
-2.02,0,0,true,0.005925161449262764
-2.01,0,0,true,0.006086384198206668
-2.0,0,0,true,0.006251993793821263
-1.99,0,0,true,0.0064221096015425
-1.98,0,0,true,0.00659685423472183
-1.97,0,0,true,0.006776353643001481
-1.96,0,0,true,0.0069607372030944595
-1.95,0,0,true,0.0071501378120345915
-1.94,0,0,true,0.007344691982963955
-1.93,0,0,true,0.007544539943526623
-1.92,0,0,true,0.007749825736939689
-1.91,0,0,true,0.007960697325814463
-1.9,0,0,true,0.008177306698802586
-1.89,0,0,true,0.008399809980143952
-1.88,0,0,true,0.008628367542195483
-1.8699999999999999,0,0,true,0.008863144121021736
-1.8599999999999999,0,0,true,0.009104308935130706
-1.8499999999999999,0,0,true,0.009352035807440475
-1.84,0,0,true,0.00960650329056449
-1.83,0,0,true,0.009867894795505868
-1.82,0,0,true,0.01013639872385345
-1.81,0,0,true,0.01041220860357486
-1.8,0,0,true,0.010695523228504538
-1.79,0,0,true,0.010986546801627166
-1.78,0,0,true,0.011285489082259794
-1.77,0,0,true,0.011592565537238869
-1.76,0,0,true,0.011907997496220946
-1.75,0,0,true,0.012232012311209099
-1.74,0,0,true,0.012564843520420138
-1.73,0,0,true,0.012906731016610508
-1.72,0,0,true,0.013257921219982326
-1.71,0,0,true,0.013618667255794257
-1.7,0,0,true,0.013989229136805057
-1.69,0,0,true,0.014369873950681384
-1.68,0,0,true,0.014760876052505032
-1.67,0,0,true,0.015162517262518174
-1.66,0,0,true,0.01557508706924921
-1.65,0,0,true,0.015998882838165748
-1.64,0,0,true,0.016434210026004908
-1.63,0,0,true,0.016881382400935483
-1.6199999999999999,0,0,true,0.017340722268710838
-1.6099999999999999,0,0,true,0.017812560704975253
-1.5999999999999999,0,0,true,0.01829723779389129
-1.59,0,0,true,0.018795102873260295
-1.58,0,0,true,0.01930651478631246
-1.57,0,0,true,0.019831842140348128
-1.56,0,0,true,0.020371463572416672
-1.55,0,0,true,0.020925768022224397
-1.54,0,0,true,0.021495155012468375
-1.53,0,0,true,0.022080034936797985
-1.52,0,0,true,0.02268082935561181
-1.51,0,0,true,0.02329797129990336
-1.5,0,0,true,0.023931905583374047
-1.49,0,0,true,0.024583089123039026
-1.48,0,0,true,0.025251991268556505
-1.47,0,0,true,0.02593909414051802
-1.46,0,0,true,0.02664489297794367
-1.45,0,0,true,0.02736989649523258
-1.44,0,0,true,0.028114627248825887
-1.43,0,0,true,0.028879622013846636
-1.42,0,0,true,0.029665432170988014
-1.41,0,0,true,0.03047262410392862
-1.4,0,0,true,0.0313017796075615
-1.39,0,0,true,0.03215349630733094
-1.38,0,0,true,0.03302838808997941
-1.3699999999999999,0,0,true,0.03392708554601499
-1.3599999999999999,0,0,true,0.03485023642421831
-1.3499999999999999,0,0,true,0.03579850609851664
-1.3399999999999999,0,0,true,0.03677257804756134
-1.33,0,0,true,0.03777315434735474
-1.32,0,0,true,0.038800956177281354
-1.31,0,0,true,0.03985672433990778
-1.3,0,0,true,0.040941219794926785
-1.29,0,0,true,0.04205522420762948
-1.28,0,0,true,0.0431995405123016
-1.27,0,0,true,0.04437499349094969
-1.26,0,0,true,0.04558243036777418
-1.25,0,0,true,0.046822721419818136
-1.24,0,0,true,0.048096760604231736
-1.23,0,0,true,0.04940546620260423
-1.22,0,0,true,0.05074978148282835
-1.21,0,0,true,0.05213067537897391
-1.2,0,0,true,0.0535491431896605
-1.19,0,0,true,0.055006207295433
-1.18,0,0,true,0.05650291789565658
-1.17,0,0,true,0.058040353765462765
-1.16,0,0,true,0.05961962303329155
-1.15,0,0,true,0.061241863979590534
-1.14,0,0,true,0.06290824585724666
-1.13,0,0,true,0.06461996973434138
-1.1199999999999999,0,0,true,0.06637826935983739
-1.1099999999999999,0,0,true,0.06818441205282061
-1.0999999999999999,0,0,true,0.07003969961593794
-1.0899999999999999,0,0,true,0.07194546927368987
-1.08,0,0,true,0.07390309463625386
-1.07,0,0,true,0.07591398668953295
-1.06,0,0,true,0.07797959481214371
-1.05,0,0,true,0.08010140782007615
-1.04,0,0,true,0.08228095503977864
-1.03,0,0,true,0.0845198074104416
-1.02,0,0,true,0.08681957861627367
-1.01,0,0,true,0.08918192624958722
-1.0,0,0,true,0.09160855300553154
-0.9899999999999998,0,0,true,0.09410120790933385
-0.98,0,0,true,0.09666168757693377
-0.9699999999999998,0,0,true,0.09929183750991988
-0.96,0,0,true,0.1019935534257
-0.9500000000000002,0,0,true,0.104768782623867
-0.94,0,0,true,0.10761952538974186
-0.9300000000000002,0,0,true,0.11054783643610681
-0.9199999999999999,0,0,true,0.1135558263841694
-0.9100000000000001,0,0,true,0.11664566328482123
-0.8999999999999999,0,0,true,0.11981957418129208
-0.8900000000000001,0,0,true,0.1230798467143213
-0.8799999999999999,0,0,true,0.12642883077100828
-0.8700000000000001,0,0,true,0.12986894017852516
-0.8599999999999999,0,0,true,0.13340265444391763
-0.8500000000000001,0,0,true,0.1370325205412435
-0.8399999999999999,0,0,true,0.14076115474734102
-0.8300000000000001,0,0,true,0.14459124452754563
-0.8199999999999998,0,0,true,0.14852555047271981
-0.81,0,0,true,0.1525669082889861
-0.7999999999999998,0,0,true,0.15671823084160338
-0.79,0,0,true,0.16098251025445404
-0.7799999999999998,0,0,true,0.16536282006666056
-0.77,0,0,true,0.16986231744788033
-0.7599999999999998,0,0,true,0.1744842454738816
-0.75,0,0,true,0.17923193546403388
-0.7399999999999998,0,0,true,0.1841088093824051
-0.73,0,0,true,0.1891183823041881
-0.7199999999999998,0,0,true,0.19426426494924237
-0.71,0,0,true,0.1995501662845688
-0.6999999999999997,0,0,true,0.2049798961976017
-0.69,0,0,true,0.21055736824223673
-0.6800000000000002,0,0,true,0.21628660245958115
-0.6699999999999999,0,0,true,0.22217172827545406
-0.6600000000000001,0,0,true,0.22821698747672728
-0.6499999999999999,0,0,true,0.23442673726865454
-0.6400000000000001,0,0,true,0.24080545341538573
-0.6299999999999999,0,0,true,0.24735773346593903
-0.6200000000000001,0,0,true,0.25408830006794664
-0.6099999999999999,0,0,true,0.2610020043715712
-0.6000000000000001,0,0,true,0.2681038295260381
-0.5899999999999999,0,0,true,0.2753988942713126
-0.5800000000000001,0,0,true,0.2828924566275004
-0.5699999999999998,0,0,true,0.29058991768464254
-0.56,0,0,true,0.29849682549562356
-0.5499999999999998,0,0,true,0.30661887907501106
-0.54,0,0,true,0.3149619325066979
-0.5299999999999998,0,0,true,0.3235319991633175
-0.52,0,0,true,0.33233525604046377
-0.5099999999999998,0,0,true,0.3413780482088505
-0.5,0,0,true,0.3506668933876062
-0.48999999999999977,0,0,true,0.36020848664201516
-0.48,0,0,true,0.3700097052090759
-0.46999999999999975,0,0,true,0.38007761345437
-0.45999999999999996,0,0,true,0.39041946796379856
-0.44999999999999973,0,0,true,0.4010427227738716
-0.43999999999999995,0,0,true,0.41195503474430645
-0.43000000000000016,0,0,true,0.42316426907681903
-0.41999999999999993,0,0,true,0.43467850498407723
-0.41000000000000014,0,0,true,0.4465060415129049
-0.3999999999999999,0,0,true,0.45865540352593986
-0.3900000000000001,0,0,true,0.47113534784604355
-0.3799999999999999,0,0,true,0.48395486956790884
-0.3700000000000001,0,0,true,0.49712320854139486
-0.3599999999999999,0,0,true,0.510649856031284
-0.3500000000000001,0,0,true,0.5245445615582386
-0.33999999999999986,0,0,true,0.5388173399259094
-0.33000000000000007,0,0,true,0.553478478439241
-0.31999999999999984,0,0,true,0.5685385443191956
-0.31000000000000005,0,0,true,0.5840083923192206
-0.2999999999999998,0,0,true,0.5998991725489695
-0.29000000000000004,0,0,true,0.6162223385108943
-0.2799999999999998,0,0,true,0.632989655355523
-0.27,0,0,true,0.6502132083613514
-0.2599999999999998,0,0,true,0.6679054116454824
-0.25,0,0,true,0.6860790171112691
-0.23999999999999977,0,0,true,0.7047471236394337
-0.22999999999999998,0,0,true,0.7239231865292631
-0.21999999999999975,0,0,true,0.7436210271967104
-0.20999999999999996,0,0,true,0.7638548431363682
-0.19999999999999973,0,0,true,0.7846392181545179
-0.18999999999999995,0,0,true,0.8059891328806056
-0.18000000000000016,0,0,true,0.827919975564747
-0.16999999999999993,0,0,true,0.8504475531690209
-0.16000000000000014,0,0,true,0.8735881027605567
-0.1499999999999999,0,0,true,0.8973583032146342
-0.14000000000000012,0,0,true,0.9217752872362083
-0.1299999999999999,0,0,true,0.9468566537085547
-0.1200000000000001,0,0,true,0.9726204803779036
-0.10999999999999988,0,0,true,0.9990853368832361
-0.10000000000000009,0,0,true,1.0262702981406038
-0.08999999999999986,0,0,true,1.0541949580916496
-0.08000000000000007,0,0,true,1.0828794438262082
-0.06999999999999984,0,0,true,1.1123444300891954
-0.06000000000000005,0,0,true,1.1426111541822117
-0.04999999999999982,0,0,true,1.1737014312706353
-0.040000000000000036,0,0,true,1.2056376701071962
-0.029999999999999805,0,0,true,1.2384428891834112
-0.020000000000000018,0,0,true,1.272140733320471
-0.009999999999999787,0,0,true,1.3067554907115901
0.0,0,0,true,1.3423121104280484
0.010000000000000231,0,0,true,1.3067554907115884
0.020000000000000018,0,0,true,1.272140733320471
0.03000000000000025,0,0,true,1.2384428891834096
0.040000000000000036,0,0,true,1.2056376701071962
0.050000000000000266,0,0,true,1.1737014312706338
0.06000000000000005,0,0,true,1.1426111541822117
0.07000000000000028,0,0,true,1.112344430089194
0.08000000000000007,0,0,true,1.0828794438262082
0.08999999999999986,0,0,true,1.0541949580916496
0.10000000000000009,0,0,true,1.0262702981406038
0.10999999999999988,0,0,true,0.9990853368832361
0.1200000000000001,0,0,true,0.9726204803779036
0.1299999999999999,0,0,true,0.9468566537085547
0.14000000000000012,0,0,true,0.9217752872362083
0.1499999999999999,0,0,true,0.8973583032146342
0.16000000000000014,0,0,true,0.8735881027605567
0.16999999999999993,0,0,true,0.8504475531690209
0.18000000000000016,0,0,true,0.827919975564747
0.18999999999999995,0,0,true,0.8059891328806056
0.20000000000000018,0,0,true,0.784639218154517
0.20999999999999996,0,0,true,0.7638548431363682
0.2200000000000002,0,0,true,0.7436210271967095
0.22999999999999998,0,0,true,0.7239231865292631
0.2400000000000002,0,0,true,0.7047471236394329
0.25,0,0,true,0.6860790171112691
0.26000000000000023,0,0,true,0.6679054116454817
0.27,0,0,true,0.6502132083613514
0.28000000000000025,0,0,true,0.6329896553555223
0.29000000000000004,0,0,true,0.6162223385108943
0.30000000000000027,0,0,true,0.5998991725489689
0.31000000000000005,0,0,true,0.5840083923192206
0.3200000000000003,0,0,true,0.5685385443191949
0.33000000000000007,0,0,true,0.553478478439241
0.33999999999999986,0,0,true,0.5388173399259094
0.3500000000000001,0,0,true,0.5245445615582386
0.3599999999999999,0,0,true,0.510649856031284
0.3700000000000001,0,0,true,0.49712320854139486
0.3799999999999999,0,0,true,0.48395486956790884
0.3900000000000001,0,0,true,0.47113534784604355
0.3999999999999999,0,0,true,0.45865540352593986
0.41000000000000014,0,0,true,0.4465060415129049
0.41999999999999993,0,0,true,0.43467850498407723
0.43000000000000016,0,0,true,0.42316426907681903
0.43999999999999995,0,0,true,0.41195503474430645
0.4500000000000002,0,0,true,0.4010427227738711
0.45999999999999996,0,0,true,0.39041946796379856
0.4700000000000002,0,0,true,0.3800776134543696
0.48,0,0,true,0.3700097052090759
0.4900000000000002,0,0,true,0.3602084866420147
0.5,0,0,true,0.3506668933876062
0.5100000000000002,0,0,true,0.3413780482088501
0.52,0,0,true,0.33233525604046377
0.5300000000000002,0,0,true,0.32353199916331704
0.54,0,0,true,0.3149619325066979
0.5500000000000003,0,0,true,0.30661887907501073
0.56,0,0,true,0.29849682549562356
0.5700000000000003,0,0,true,0.2905899176846422
0.5800000000000001,0,0,true,0.2828924566275004
0.5899999999999999,0,0,true,0.2753988942713126
0.6000000000000001,0,0,true,0.2681038295260381
0.6099999999999999,0,0,true,0.2610020043715712
0.6200000000000001,0,0,true,0.25408830006794664
0.6299999999999999,0,0,true,0.24735773346593903
0.6400000000000001,0,0,true,0.24080545341538573
0.6499999999999999,0,0,true,0.23442673726865454
0.6600000000000001,0,0,true,0.22821698747672728
0.6699999999999999,0,0,true,0.22217172827545406
0.6800000000000002,0,0,true,0.21628660245958115
0.69,0,0,true,0.21055736824223673
0.7000000000000002,0,0,true,0.20497989619760149
0.71,0,0,true,0.1995501662845688
0.7200000000000002,0,0,true,0.1942642649492421
0.73,0,0,true,0.1891183823041881
0.7400000000000002,0,0,true,0.18410880938240487
0.75,0,0,true,0.17923193546403388
0.7600000000000002,0,0,true,0.1744842454738814
0.77,0,0,true,0.16986231744788033
0.7800000000000002,0,0,true,0.16536282006666037
0.79,0,0,true,0.16098251025445404
0.8000000000000003,0,0,true,0.1567182308416032
0.81,0,0,true,0.1525669082889861
0.8200000000000003,0,0,true,0.14852555047271968
0.8300000000000001,0,0,true,0.14459124452754563
0.8399999999999999,0,0,true,0.14076115474734102
0.8500000000000001,0,0,true,0.1370325205412435
0.8599999999999999,0,0,true,0.13340265444391763
0.8700000000000001,0,0,true,0.12986894017852516
0.8799999999999999,0,0,true,0.12642883077100828
0.8900000000000001,0,0,true,0.1230798467143213
0.8999999999999999,0,0,true,0.11981957418129208
0.9100000000000001,0,0,true,0.11664566328482123
0.9199999999999999,0,0,true,0.1135558263841694
0.9300000000000002,0,0,true,0.11054783643610681
0.94,0,0,true,0.10761952538974186
0.9500000000000002,0,0,true,0.104768782623867
0.96,0,0,true,0.1019935534257
0.9700000000000002,0,0,true,0.09929183750991975
0.98,0,0,true,0.09666168757693377
0.9900000000000002,0,0,true,0.09410120790933373
1.0,0,0,true,0.09160855300553154
1.0099999999999998,0,0,true,0.0891819262495873
1.0200000000000005,0,0,true,0.08681957861627354
1.0300000000000002,0,0,true,0.08451980741044157
1.04,0,0,true,0.08228095503977864
1.0499999999999998,0,0,true,0.08010140782007617
1.0600000000000005,0,0,true,0.0779795948121436
1.0700000000000003,0,0,true,0.0759139866895329
1.08,0,0,true,0.07390309463625386
1.0899999999999999,0,0,true,0.07194546927368987
1.0999999999999996,0,0,true,0.07003969961593798
1.1100000000000003,0,0,true,0.06818441205282051
1.12,0,0,true,0.06637826935983734
1.13,0,0,true,0.06461996973434138
1.1399999999999997,0,0,true,0.06290824585724669
1.1500000000000004,0,0,true,0.06124186397959048
1.1600000000000001,0,0,true,0.05961962303329149
1.17,0,0,true,0.058040353765462765
1.1799999999999997,0,0,true,0.05650291789565663
1.1900000000000004,0,0,true,0.05500620729543293
1.2000000000000002,0,0,true,0.05354914318966048
1.21,0,0,true,0.05213067537897391
1.2199999999999998,0,0,true,0.05074978148282838
1.2300000000000004,0,0,true,0.049405466202604165
1.2400000000000002,0,0,true,0.04809676060423172
1.25,0,0,true,0.046822721419818136
1.2599999999999998,0,0,true,0.04558243036777419
1.2700000000000005,0,0,true,0.04437499349094962
1.2800000000000002,0,0,true,0.043199540512301585
1.29,0,0,true,0.04205522420762948
1.2999999999999998,0,0,true,0.0409412197949268
1.3100000000000005,0,0,true,0.039856724339907744
1.3200000000000003,0,0,true,0.03880095617728131
1.33,0,0,true,0.03777315434735474
1.3399999999999999,0,0,true,0.03677257804756134
1.3500000000000005,0,0,true,0.03579850609851658
1.3600000000000003,0,0,true,0.034850236424218285
1.37,0,0,true,0.03392708554601496
1.38,0,0,true,0.03302838808997941
1.3899999999999997,0,0,true,0.03215349630733097
1.4000000000000004,0,0,true,0.03130177960756146
1.4100000000000001,0,0,true,0.030472624103928606
1.42,0,0,true,0.029665432170988014
1.4299999999999997,0,0,true,0.028879622013846664
1.4400000000000004,0,0,true,0.02811462724882585
1.4500000000000002,0,0,true,0.027369896495232564
1.46,0,0,true,0.02664489297794367
1.4699999999999998,0,0,true,0.02593909414051803
1.4800000000000004,0,0,true,0.025251991268556474
1.4900000000000002,0,0,true,0.024583089123039026
1.5,0,0,true,0.023931905583374047
1.5099999999999998,0,0,true,0.02329797129990336
1.5200000000000005,0,0,true,0.022680829355611793
1.5300000000000002,0,0,true,0.02208003493679796
1.54,0,0,true,0.021495155012468375
1.5499999999999998,0,0,true,0.020925768022224418
1.5600000000000005,0,0,true,0.020371463572416634
1.5700000000000003,0,0,true,0.019831842140348128
1.58,0,0,true,0.01930651478631246
1.5899999999999999,0,0,true,0.018795102873260295
1.6000000000000005,0,0,true,0.01829723779389126
1.6100000000000003,0,0,true,0.017812560704975222
1.62,0,0,true,0.017340722268710838
1.63,0,0,true,0.016881382400935483
1.6399999999999997,0,0,true,0.016434210026004908
1.6500000000000004,0,0,true,0.015998882838165734
1.6600000000000001,0,0,true,0.015575087069249196
1.67,0,0,true,0.015162517262518174
1.6799999999999997,0,0,true,0.014760876052505046
1.6900000000000004,0,0,true,0.014369873950681372
1.7000000000000002,0,0,true,0.013989229136805045
1.71,0,0,true,0.013618667255794257
1.7199999999999998,0,0,true,0.013257921219982337
1.7300000000000004,0,0,true,0.012906731016610487
1.7400000000000002,0,0,true,0.012564843520420138
1.75,0,0,true,0.012232012311209099
1.7599999999999998,0,0,true,0.011907997496220946
1.7700000000000005,0,0,true,0.01159256553723886
1.7800000000000002,0,0,true,0.011285489082259782
1.79,0,0,true,0.010986546801627166
1.7999999999999998,0,0,true,0.010695523228504547
1.8100000000000005,0,0,true,0.01041220860357485
1.8200000000000003,0,0,true,0.010136398723853442
1.83,0,0,true,0.009867894795505868
1.8399999999999999,0,0,true,0.009606503290564498
1.8500000000000005,0,0,true,0.009352035807440458
1.8600000000000003,0,0,true,0.009104308935130699
1.87,0,0,true,0.008863144121021729
1.88,0,0,true,0.008628367542195483
1.8899999999999997,0,0,true,0.008399809980143958
1.9000000000000004,0,0,true,0.008177306698802572
1.9100000000000001,0,0,true,0.007960697325814463
1.92,0,0,true,0.007749825736939689
1.9299999999999997,0,0,true,0.007544539943526623
1.9400000000000004,0,0,true,0.007344691982963948
1.9500000000000002,0,0,true,0.007150137812034585
1.96,0,0,true,0.0069607372030944595
1.9699999999999998,0,0,true,0.006776353643001487
1.9800000000000004,0,0,true,0.0065968542347218185
1.9900000000000002,0,0,true,0.0064221096015425
2.0,0,0,true,0.006251993793821263
2.01,0,0,true,0.006086384198206668
2.0200000000000005,0,0,true,0.005925161449262759
2.0300000000000002,0,0,true,0.005768209343434798
2.04,0,0,true,0.0056154147552938734
2.05,0,0,true,0.005466667556000183
2.0600000000000005,0,0,true,0.005321860533926137
2.0700000000000003,0,0,true,0.005180889317382096
2.08,0,0,true,0.00504365229938896
2.09,0,0,true,0.004910050564443559
2.1000000000000005,0,0,true,0.004779987817223877
2.1100000000000003,0,0,true,0.004653370313182935
2.12,0,0,true,0.0045301067909809785
2.13,0,0,true,0.004410108406707671
2.1399999999999997,0,0,true,0.004293288669846583
2.1500000000000004,0,0,true,0.004179563380935906
2.16,0,0,true,0.004068850570880591
2.17,0,0,true,0.003961070441871875
2.1799999999999997,0,0,true,0.003856145309871963
2.1900000000000004,0,0,true,0.003753999548622138
2.2,0,0,true,0.003654559535134105
2.21,0,0,true,0.0035577535966251545
2.2199999999999998,0,0,true,0.003463511958859014
2.2300000000000004,0,0,true,0.0033717666958550966
2.24,0,0,true,0.0032824516809299097
2.25,0,0,true,0.00319550253903529
2.26,0,0,true,0.0031108566003592098
2.2700000000000005,0,0,true,0.00302845285515561
2.2800000000000002,0,0,true,0.002948231909770822
2.29,0,0,true,0.0028701359438346877
2.3,0,0,true,0.0027941086685857697
2.3100000000000005,0,0,true,0.0027200952863004153
2.3200000000000003,0,0,true,0.0026480424507965526
2.33,0,0,true,0.002577898228983651
2.34,0,0,true,0.002509612063431234
2.3500000000000005,0,0,true,0.002443134735928905
2.3600000000000003,0,0,true,0.0023784183320116423
2.37,0,0,true,0.0023154162064247517
2.38,0,0,true,0.0022540829495036664
2.3899999999999997,0,0,true,0.0021943743544442828
2.4000000000000004,0,0,true,0.002136247385440294
2.41,0,0,true,0.0020796601466645387
2.42,0,0,true,0.0020245718520719757
2.4299999999999997,0,0,true,0.0019709427960025836
2.4400000000000004,0,0,true,0.001918734324562946
2.45,0,0,true,0.0018679088077659285
2.46,0,0,true,0.0018184296124083188
2.4699999999999998,0,0,true,0.0017702610756669412
2.4800000000000004,0,0,true,0.0017233684793941783
2.49,0,0,true,0.001677718025094388
2.5,0,0,true,0.001633276809563146
2.51,0,0,true,0.0015900128011718138
2.5200000000000005,0,0,true,0.001547894816780282
2.5300000000000002,0,0,true,0.00150689249926131
2.54,0,0,true,0.0014669762956201668
2.55,0,0,true,0.0014281174356939224
2.5600000000000005,0,0,true,0.001390287911414935
2.5700000000000003,0,0,true,0.0013534604566236598
2.58,0,0,true,0.0013176085274161642
2.59,0,0,true,0.0012827062830122454
2.6000000000000005,0,0,true,0.0012487285671303277
2.6100000000000003,0,0,true,0.0012156508898557238
2.62,0,0,true,0.0011834494099891742
2.63,0,0,true,0.0011521009178629782
2.6399999999999997,0,0,true,0.0011215828186122952
2.6500000000000004,0,0,true,0.001091873115889583
2.66,0,0,true,0.0010629503960104258
2.67,0,0,true,0.0010347938125193112
2.6799999999999997,0,0,true,0.0010073830711642628
2.6900000000000004,0,0,true,0.000980698415269467
2.7,0,0,true,0.0009547206114953886
2.71,0,0,true,0.000929430935976048
2.7199999999999998,0,0,true,0.0009048111608235508
2.7300000000000004,0,0,true,0.0008808435409900731
2.74,0,0,true,0.0008575108014778778
2.75,0,0,true,0.0008347961248881086
2.76,0,0,true,0.0008126831392994184
2.7700000000000005,0,0,true,0.0007911559064676781
2.7800000000000002,0,0,true,0.0007701989103382677
2.79,0,0,true,0.0007497970458626536
2.8,0,0,true,0.0007299356081112204
2.8100000000000005,0,0,true,0.0007106002816744806
2.8200000000000003,0,0,true,0.0006917771303450556
2.83,0,0,true,0.0006734525870729411
2.84,0,0,true,0.0006556134441868788
2.8500000000000005,0,0,true,0.0006382468438747364
2.8600000000000003,0,0,true,0.0006213402689160652
2.87,0,0,true,0.0006048815336601302
2.88,0,0,true,0.0005888587752429374
2.8899999999999997,0,0,true,0.0005732604450369051
2.9000000000000004,0,0,true,0.0005580753003270309
2.91,0,0,true,0.0005432923962075495
2.92,0,0,true,0.0005289010776932323
2.9299999999999997,0,0,true,0.0005148909720396627
2.9400000000000004,0,0,true,0.0005012519812669313
2.95,0,0,true,0.0004879742748813831
2.96,0,0,true,0.0004750482827901406
2.9699999999999998,0,0,true,0.00046246468840333336
2.9800000000000004,0,0,true,0.00045021442191903204
2.99,0,0,true,0.0004382886537860633
3.0,0,0,true,0.00042667878833998644
-3.0,128,4,fitted,3.3751029372408066e-05
-2.99,128,4,fitted,3.581838057871228e-05
-2.98,128,4,fitted,3.800433677599899e-05
-2.97,128,4,fitted,4.0315186293960025e-05
-2.96,128,4,fitted,4.2757519258239316e-05
-2.95,128,4,fitted,4.533824023652856e-05
-2.94,128,4,fitted,4.806458131301066e-05
-2.93,128,4,fitted,5.094411560025092e-05
-2.92,128,4,fitted,5.398477119754236e-05
-2.91,128,4,fitted,5.71948456045812e-05
-2.9,128,4,fitted,6.058302059921206e-05
-2.89,128,4,fitted,6.415837758780494e-05
-2.88,128,4,fitted,6.793041343664596e-05
-2.87,128,4,fitted,7.190905679249367e-05
-2.86,128,4,fitted,7.610468490022304e-05
-2.85,128,4,fitted,8.052814092519577e-05
-2.84,128,4,fitted,8.519075178770914e-05
-2.83,128,4,fitted,9.010434651653576e-05
-2.82,128,4,fitted,9.528127512822131e-05
-2.81,128,4,fitted,0.00010073442803840134
-2.8,128,4,fitted,0.00010647725601099599
-2.79,128,4,fitted,0.00011252379065066323
-2.78,128,4,fitted,0.00011888866544342408
-2.77,128,4,fitted,0.0001255871373498268
-2.76,128,4,fitted,0.00013263510895447292
-2.75,128,4,fitted,0.00014004915117511214
-2.74,128,4,fitted,0.00014784652653389367
-2.73,128,4,fitted,0.00015604521299266441
-2.7199999999999998,128,4,fitted,0.00016466392835350462
-2.71,128,4,fitted,0.0001737221552249262
-2.7,128,4,fitted,0.00018324016655336045
-2.69,128,4,fitted,0.00019323905171871828
-2.68,128,4,fitted,0.00020374074319192385
-2.67,128,4,fitted,0.00021476804375139964
-2.66,128,4,fitted,0.00022634465425449158
-2.65,128,4,fitted,0.00023849520195882843
-2.64,128,4,fitted,0.0002512452693875215
-2.63,128,4,fitted,0.00026462142373103267
-2.62,128,4,fitted,0.0002786512467773504
-2.61,128,4,fitted,0.0002933633653609494
-2.6,128,4,fitted,0.000308787482319729
-2.59,128,4,fitted,0.00032495440794786735
-2.58,128,4,fitted,0.00034189609193115936
-2.57,128,4,fitted,0.00035964565575004776
-2.56,128,4,fitted,0.00037823742553410466
-2.55,128,4,fitted,0.0003977069653502794
-2.54,128,4,fitted,0.00041809111090565607
-2.53,128,4,fitted,0.00043942800364397597
-2.52,128,4,fitted,0.00046175712521349
-2.51,128,4,fitted,0.00048511933228213963
-2.5,128,4,fitted,0.0005095568916743058
-2.49,128,4,fitted,0.0005351135158016969
-2.48,128,4,fitted,0.0005618343983591328
-2.4699999999999998,128,4,fitted,0.0005897662502542047
-2.46,128,4,fitted,0.0006189573357379493
-2.45,128,4,fitted,0.0006494575087018099
-2.44,128,4,fitted,0.0006813182491042217
-2.4299999999999997,128,4,fitted,0.0007145926994882809
-2.42,128,4,fitted,0.0007493357015499668
-2.41,128,4,fitted,0.0007856038327144177
-2.4,128,4,fitted,0.0008234554426757553
-2.39,128,4,fitted,0.000862950689853943
-2.38,128,4,fitted,0.0009041515777201678
-2.37,128,4,fitted,0.0009471219909401101
-2.36,128,4,fitted,0.0009919277312825491
-2.35,128,4,fitted,0.0010386365532385857
-2.34,128,4,fitted,0.0010873181992948353
-2.33,128,4,fitted,0.0011380444348018108
-2.32,128,4,fitted,0.0011908890823768364
-2.31,128,4,fitted,0.0012459280557786676
-2.3,128,4,fitted,0.00130323939318924
-2.29,128,4,fitted,0.001362903289835818
-2.2800000000000002,128,4,fitted,0.0014250021298851476
-2.27,128,4,fitted,0.0014896205175392002
-2.26,128,4,fitted,0.0015568453072604266
-2.25,128,4,fitted,0.0016267656330527188
-2.24,128,4,fitted,0.0016994729367226101
-2.23,128,4,fitted,0.0017750609950437403
-2.2199999999999998,128,4,fitted,0.0018536259457461494
-2.21,128,4,fitted,0.0019352663122506747
-2.2,128,4,fitted,0.0020200830270675056
-2.19,128,4,fitted,0.002108179453776877
-2.1799999999999997,128,4,fitted,0.002199661407509006
-2.17,128,4,fitted,0.0022946371738396974
-2.16,128,4,fitted,0.0023932175260174306
-2.15,128,4,fitted,0.0024955157404374837
-2.14,128,4,fitted,0.00260164761027854
-2.13,128,4,fitted,0.0027117314572175136
-2.12,128,4,fitted,0.00282588814113855
-2.11,128,4,fitted,0.0029442410677533158
-2.1,128,4,fitted,0.003066916194050378
-2.09,128,4,fitted,0.0031940420314934465
-2.08,128,4,fitted,0.003325749646889712
-2.07,128,4,fitted,0.003462172660852337
-2.06,128,4,fitted,0.003603447243783575
-2.05,128,4,fitted,0.003749712109308863
-2.04,128,4,fitted,0.0039011085050957937
-2.0300000000000002,128,4,fitted,0.004057780200996924
-2.02,128,4,fitted,0.004219873474460396
-2.01,128,4,fitted,0.004387537093158674
-2.0,128,4,fitted,0.004560922294792628
-1.99,128,4,fitted,0.004740182764036005
-1.98,128,4,fitted,0.004925474606594162
-1.97,128,4,fitted,0.005116956320361024
-1.96,128,4,fitted,0.005314788763669169
-1.95,128,4,fitted,0.005519135120640356
-1.94,128,4,fitted,0.005730160863657628
-1.93,128,4,fitted,0.005948033712995255
-1.92,128,4,fitted,0.006172923593659639
-1.91,128,4,fitted,0.006405002589512945
-1.9,128,4,fitted,0.006644444894771594
-1.89,128,4,fitted,0.006891426762994215
-1.88,128,4,fitted,0.00714612645369839
-1.8699999999999999,128,4,fitted,0.007408724176772369
-1.8599999999999999,128,4,fitted,0.00767940203487755
-1.8499999999999999,128,4,fitted,0.007958343964069551
-1.84,128,4,fitted,0.00824573567290082
-1.83,128,4,fitted,0.008541764580305918
-1.82,128,4,fitted,0.008846619752611615
-1.81,128,4,fitted,0.009160491840059402
-1.8,128,4,fitted,0.009483573013275839
-1.79,128,4,fitted,0.009816056900179185
-1.78,128,4,fitted,0.010158138523866897
-1.77,128,4,fitted,0.010510014242089758
-1.76,128,4,fitted,0.01087188168898363
-1.75,128,4,fitted,0.011243939719800321
-1.74,128,4,fitted,0.011626388359453996
-1.73,128,4,fitted,0.012019428755780326
-1.72,128,4,fitted,0.012423263138491198
-1.71,128,4,fitted,0.01283809478489927
-1.7,128,4,fitted,0.013264127993584039
-1.69,128,4,fitted,0.013701568067273755
-1.68,128,4,fitted,0.014150621306327146
-1.67,128,4,fitted,0.014611495014313428
-1.66,128,4,fitted,0.015084397517310989
-1.65,128,4,fitted,0.015569538198672206
-1.64,128,4,fitted,0.016067127551135426
-1.63,128,4,fitted,0.016577377248304763
-1.6199999999999999,128,4,fitted,0.017100500237663685
-1.6099999999999999,128,4,fitted,0.01763671085743912
-1.5999999999999999,128,4,fitted,0.018186224979789282
-1.59,128,4,fitted,0.018749260182949107
-1.58,128,4,fitted,0.01932603595513293
-1.57,128,4,fitted,0.019916773933162702
-1.56,128,4,fitted,0.0205216981789628
-1.55,128,4,fitted,0.021141035497236095
-1.54,128,4,fitted,0.021775015797811804
-1.53,128,4,fitted,0.022423872506331138
-1.52,128,4,fitted,0.0230878430271107
-1.51,128,4,fitted,0.02376716926219551
-1.5,128,4,fitted,0.02446209819078042
-1.49,128,4,fitted,0.025172882513339975
-1.48,128,4,fitted,0.025899781364959677
-1.47,128,4,fitted,0.026643061102504403
-1.46,128,4,fitted,0.02740299617038957
-1.45,128,4,fitted,0.028179870049835742
-1.44,128,4,fitted,0.02897397629658374
-1.43,128,4,fitted,0.029785619672123422
-1.42,128,4,fitted,0.030615117373540546
-1.41,128,4,fitted,0.031462800367110105
-1.4,128,4,fitted,0.032329014830757244
-1.39,128,4,fitted,0.03321412371046446
-1.38,128,4,fitted,0.03411850839562266
-1.3699999999999999,128,4,fitted,0.03504257051819914
-1.3599999999999999,128,4,fitted,0.03598673388042417
-1.3499999999999999,128,4,fitted,0.03695144651547459
-1.3399999999999999,128,4,fitted,0.03793718288535305
-1.33,128,4,fitted,0.03894444621982193
-1.32,128,4,fitted,0.03997377099984583
-1.31,128,4,fitted,0.04102572558852042
-1.3,128,4,fitted,0.04210091501191813
-1.29,128,4,fitted,0.043199983891651625
-1.28,128,4,fitted,0.04432361953024633
-1.27,128,4,fitted,0.04547255514961598
-1.26,128,4,fitted,0.04664757328204691
-1.25,128,4,fitted,0.04784950931211502
-1.24,128,4,fitted,0.049079255166881455
-1.23,128,4,fitted,0.05033776315053395
-1.22,128,4,fitted,0.051626049918362685
-1.21,128,4,fitted,0.052945200583577046
-1.2,128,4,fitted,0.05429637294898553
-1.19,128,4,fitted,0.05568080185397294
-1.18,128,4,fitted,0.057099803625520626
-1.17,128,4,fitted,0.05855478062022652
-1.16,128,4,fitted,0.06004722584239712
-1.15,128,4,fitted,0.061578727621307436
-1.14,128,4,fitted,0.0631509743286617
-1.13,128,4,fitted,0.06476575911514575
-1.1199999999999999,128,4,fitted,0.06642498464274943
-1.1099999999999999,128,4,fitted,0.06813066778726233
-1.0999999999999999,128,4,fitted,0.06988494428302212
-1.0899999999999999,128,4,fitted,0.07169007327963334
-1.08,128,4,fitted,0.07354844177798914
-1.07,128,4,fitted,0.07546256891053749
-1.06,128,4,fitted,0.07743511002835078
-1.05,128,4,fitted,0.0794688605552082
-1.04,128,4,fitted,0.08156675956659581
-1.03,128,4,fitted,0.08373189304930302
-1.02,128,4,fitted,0.08596749679515889
-1.01,128,4,fitted,0.08827695888044171
-1.0,128,4,fitted,0.0906638216806293
-0.9899999999999998,128,4,fitted,0.09313178336846953
-0.98,128,4,fitted,0.09568469884186297
-0.9699999999999998,128,4,fitted,0.0983265800267982
-0.96,128,4,fitted,0.10106159549958572
-0.9500000000000002,128,4,fitted,0.10389406937194366
-0.94,128,4,fitted,0.10682847938210759
-0.9300000000000002,128,4,fitted,0.10986945413511892
-0.9199999999999999,128,4,fitted,0.11302176943580895
-0.9100000000000001,128,4,fitted,0.11629034365876491
-0.8999999999999999,128,4,fitted,0.1196802321007868
-0.8900000000000001,128,4,fitted,0.12319662026301811
-0.8799999999999999,128,4,fitted,0.12684481601211609
-0.8700000000000001,128,4,fitted,0.1306302405725076
-0.8599999999999999,128,4,fitted,0.13455841830501158
-0.8500000000000001,128,4,fitted,0.1386349652308747
-0.8399999999999999,128,4,fitted,0.14286557626462196
-0.8300000000000001,128,4,fitted,0.14725601112403292
-0.8199999999999998,128,4,fitted,0.15181207889106846
-0.81,128,4,fitted,0.15653962120364956
-0.7999999999999998,128,4,fitted,0.1614444940648715
-0.79,128,4,fitted,0.1665325482634662
-0.7799999999999998,128,4,fitted,0.17180960840714415
-0.77,128,4,fitted,0.17728145057877376
-0.7599999999999998,128,4,fitted,0.182953778634233
-0.75,128,4,fitted,0.188832199170094
-0.7399999999999998,128,4,fitted,0.19492219519910756
-0.73,128,4,fitted,0.20122909858163118
-0.7199999999999998,128,4,fitted,0.207758061271704
-0.71,128,4,fitted,0.2145140254472972
-0.6999999999999997,128,4,fitted,0.22150169260535824
-0.69,128,4,fitted,0.22872549171348674
-0.6800000000000002,128,4,fitted,0.2361895465214247
-0.6699999999999999,128,4,fitted,0.24389764214686485
-0.6600000000000001,128,4,fitted,0.2518531910613477
-0.6499999999999999,128,4,fitted,0.26005919861311716
-0.6400000000000001,128,4,fitted,0.2685182282346224
-0.6299999999999999,128,4,fitted,0.27723236649285454
-0.6200000000000001,128,4,fitted,0.2862031881506998
-0.6099999999999999,128,4,fitted,0.29543172141697865
-0.6000000000000001,128,4,fitted,0.304918413571612
-0.5899999999999999,128,4,fitted,0.3146630971604117
-0.5800000000000001,128,4,fitted,0.324664956961132
-0.5699999999999998,128,4,fitted,0.3349224979286336
-0.56,128,4,fitted,0.3454335143321123
-0.5499999999999998,128,4,fitted,0.3561950603013284
-0.54,128,4,fitted,0.3672034220014538
-0.5299999999999998,128,4,fitted,0.37845409165754945
-0.52,128,4,fitted,0.389941743649611
-0.5099999999999998,128,4,fitted,0.40166021289762055
-0.5,128,4,fitted,0.4136024757529388
-0.48999999999999977,128,4,fitted,0.4257606336077333
-0.48,128,4,fitted,0.43812589942780855
-0.46999999999999975,128,4,fitted,0.4506885874062751
-0.45999999999999996,128,4,fitted,0.4634381059258259
-0.44999999999999973,128,4,fitted,0.4763629540061143
-0.43999999999999995,128,4,fitted,0.48945072139971796
-0.43000000000000016,128,4,fitted,0.5026880924856046
-0.41999999999999993,128,4,fitted,0.5160608540927794
-0.41000000000000014,128,4,fitted,0.52955390736908
-0.3999999999999999,128,4,fitted,0.5431512837908884
-0.3900000000000001,128,4,fitted,0.5568361653889294
-0.3799999999999999,128,4,fitted,0.5705909092435155
-0.3700000000000001,128,4,fitted,0.5843970762795546
-0.3599999999999999,128,4,fitted,0.5982354643676443
-0.3500000000000001,128,4,fitted,0.6120861457126334
-0.33999999999999986,128,4,fitted,0.6259285084854259
-0.33000000000000007,128,4,fitted,0.6397413026275818
-0.31999999999999984,128,4,fitted,0.6535026897317288
-0.31000000000000005,128,4,fitted,0.667190296874005
-0.2999999999999998,128,4,fitted,0.6807812742480304
-0.29000000000000004,128,4,fitted,0.6942523564233113
-0.2799999999999998,128,4,fitted,0.7075799270248819
-0.27,128,4,fitted,0.720740086605414
-0.2599999999999998,128,4,fitted,0.7337087234563683
-0.25,128,4,fitted,0.7464615870810534
-0.23999999999999977,128,4,fitted,0.7589743640300615
-0.22999999999999998,128,4,fitted,0.7712227557785218
-0.21999999999999975,128,4,fitted,0.7831825583052813
-0.20999999999999996,128,4,fitted,0.7948297430165283
-0.19999999999999973,128,4,fitted,0.80614053864085
-0.18999999999999995,128,4,fitted,0.8170915137092406
-0.18000000000000016,128,4,fitted,0.8276596592224867
-0.16999999999999993,128,4,fitted,0.8378224710996072
-0.16000000000000014,128,4,fitted,0.8475580319948558
-0.1499999999999999,128,4,fitted,0.8568450920672364
-0.14000000000000012,128,4,fitted,0.8656631482856053
-0.1299999999999999,128,4,fitted,0.8739925218543427
-0.1200000000000001,128,4,fitted,0.8818144333492168
-0.10999999999999988,128,4,fitted,0.8891110751605453
-0.10000000000000009,128,4,fitted,0.8958656808509573
-0.08999999999999986,128,4,fitted,0.9020625910480393
-0.08000000000000007,128,4,fitted,0.9076873155077556
-0.06999999999999984,128,4,fitted,0.9127265910027633
-0.06000000000000005,128,4,fitted,0.9171684347104186
-0.04999999999999982,128,4,fitted,0.9210021927983243
-0.040000000000000036,128,4,fitted,0.9242185839304892
-0.029999999999999805,128,4,fitted,0.9268097374444637
-0.020000000000000018,128,4,fitted,0.9287692259788997
-0.009999999999999787,128,4,fitted,0.930092092361756
0.0,128,4,fitted,0.9307748706015235
0.010000000000000231,128,4,fitted,0.9308156008572136
0.020000000000000018,128,4,fitted,0.9302138382971419
0.03000000000000025,128,4,fitted,0.9289706557915488
0.040000000000000036,128,4,fitted,0.9270886404195148
0.050000000000000266,128,4,fitted,0.9245718838062373
0.06000000000000005,128,4,fitted,0.9214259663422479
0.07000000000000028,128,4,fitted,0.9176579353712992
0.08000000000000007,128,4,fitted,0.9132762774681933
0.08999999999999986,128,4,fitted,0.9082908849614939
0.10000000000000009,128,4,fitted,0.9027130168886127
0.10999999999999988,128,4,fitted,0.8965552546019563
0.1200000000000001,128,4,fitted,0.8898314522744277
0.1299999999999999,128,4,fitted,0.8825566825804076
0.14000000000000012,128,4,fitted,0.8747471778541518
0.1499999999999999,128,4,fitted,0.8664202670512239
0.16000000000000014,128,4,fitted,0.857594308859898
0.16999999999999993,128,4,fitted,0.8482886213283559
0.18000000000000016,128,4,fitted,0.8385234083897702
0.18999999999999995,128,4,fitted,0.8283196836809947
0.20000000000000018,128,4,fitted,0.817699192061423
0.20999999999999996,128,4,fitted,0.8066843292466592
0.2200000000000002,128,4,fitted,0.7952980599768563
0.22999999999999998,128,4,fitted,0.7835638351420223
0.2400000000000002,128,4,fitted,0.7715055082861685
0.25,128,4,fitted,0.7591472519090586
0.26000000000000023,128,4,fitted,0.7465134739784467
0.27,128,4,fitted,0.7336287350572683
0.28000000000000025,128,4,fitted,0.7205176664392814
0.29000000000000004,128,4,fitted,0.7072048896733616
0.30000000000000027,128,4,fitted,0.6937149378410807
0.31000000000000005,128,4,fitted,0.6800721789346136
0.3200000000000003,128,4,fitted,0.6663007416624673
0.33000000000000007,128,4,fitted,0.6524244439893372
0.33999999999999986,128,4,fitted,0.6384667246936047
0.3500000000000001,128,4,fitted,0.6244505782019633
0.3599999999999999,128,4,fitted,0.610398492935462
0.3700000000000001,128,4,fitted,0.5963323933751836
0.3799999999999999,128,4,fitted,0.5822735860290463
0.3900000000000001,128,4,fitted,0.5682427094539603
0.3999999999999999,128,4,fitted,0.5542596884601382
0.41000000000000014,128,4,fitted,0.540343692596795
0.41999999999999993,128,4,fitted,0.5265130989911528
0.43000000000000016,128,4,fitted,0.5127854595856158
0.43999999999999995,128,4,fitted,0.4991774727915551
0.4500000000000002,128,4,fitted,0.48570495955235227
0.45999999999999996,128,4,fitted,0.4723828437835288
0.4700000000000002,128,4,fitted,0.4592251371339194
0.48,128,4,fitted,0.4462449279892431
0.4900000000000002,128,4,fitted,0.4334543746180362
0.5,128,4,fitted,0.4208647023400211
0.5100000000000002,128,4,fitted,0.4084862045785235
0.52,128,4,fitted,0.39632824764175145
0.5300000000000002,128,4,fitted,0.38439927906253085
0.54,128,4,fitted,0.3727068393126413
0.5500000000000003,128,4,fitted,0.36125757669610925
0.56,128,4,fitted,0.35005726521584163
0.5700000000000003,128,4,fitted,0.3391108251996954
0.5800000000000001,128,4,fitted,0.3284223464655875
0.5899999999999999,128,4,fitted,0.3179951138004149
0.6000000000000001,128,4,fitted,0.30783163452443685
0.6099999999999999,128,4,fitted,0.2979336679112465
0.6200000000000001,128,4,fitted,0.28830225623349676
0.6299999999999999,128,4,fitted,0.27893775720609515
0.6400000000000001,128,4,fitted,0.2698398776014962
0.6499999999999999,128,4,fitted,0.2610077078160056
0.6600000000000001,128,4,fitted,0.2524397571714682
0.6699999999999999,128,4,fitted,0.2441339897433465
0.6800000000000002,128,4,fitted,0.23608786051380337
0.69,128,4,fitted,0.2282983516569726
0.7000000000000002,128,4,fitted,0.22076200877292607
0.71,128,4,fitted,0.21347497689691927
0.7200000000000002,128,4,fitted,0.20643303612110223
0.73,128,4,fitted,0.19963163667701714
0.7400000000000002,128,4,fitted,0.19306593333865935
0.75,128,4,fitted,0.18673081901764538
0.7600000000000002,128,4,fitted,0.18062095743392317
0.77,128,4,fitted,0.1747308147574602
0.7800000000000002,128,4,fitted,0.16905469012828792
0.79,128,4,fitted,0.16358674497415276
0.8000000000000003,128,4,fitted,0.1583210310566758
0.81,128,4,fitted,0.15325151718834704
0.8200000000000003,128,4,fitted,0.14837211457374821
0.8300000000000001,128,4,fitted,0.1436767007391073
0.8399999999999999,128,4,fitted,0.13915914202452895
0.8500000000000001,128,4,fitted,0.13481331462302654
0.8599999999999999,128,4,fitted,0.13063312415971529
0.8700000000000001,128,4,fitted,0.12661252381320884
0.8799999999999999,128,4,fitted,0.12274553098936704
0.8900000000000001,128,4,fitted,0.11902624256502273
0.8999999999999999,128,4,fitted,0.11544884872620116
0.9100000000000001,128,4,fitted,0.11200764543158015
0.9199999999999999,128,4,fitted,0.10869704553756832
0.9300000000000002,128,4,fitted,0.10551158862635913
0.94,128,4,fitted,0.1024459495827042
0.9500000000000002,128,4,fitted,0.0994949459689047
0.96,128,4,fitted,0.09665354425071068
0.9700000000000002,128,4,fitted,0.09391686492941512
0.98,128,4,fitted,0.0912801866375012
0.9900000000000002,128,4,fitted,0.08873894925673277
1.0,128,4,fitted,0.08628875611863232
1.0099999999999998,128,4,fitted,0.08392537534786716
1.0200000000000005,128,4,fitted,0.08164474040922001
1.0300000000000002,128,4,fitted,0.07944294991856768
1.04,128,4,fitted,0.07731626677767175
1.0499999999999998,128,4,fitted,0.07526111669163991
1.0600000000000005,128,4,fitted,0.07327408612665692
1.0700000000000003,128,4,fitted,0.07135191976406954
1.08,128,4,fitted,0.06949151750514926
1.0899999999999999,128,4,fitted,0.06768993107890395
1.0999999999999996,128,4,fitted,0.06594436030317292
1.1100000000000003,128,4,fitted,0.06425214904696801
1.12,128,4,fitted,0.06261078093963507
1.13,128,4,fitted,0.06101787486993049
1.1399999999999997,128,4,fitted,0.05947118031557277
1.1500000000000004,128,4,fitted,0.057968572541245766
1.1600000000000001,128,4,fitted,0.0565080477004392
1.17,128,4,fitted,0.05508771787391446
1.1799999999999997,128,4,fitted,0.05370580607501847
1.1900000000000004,128,4,fitted,0.052360641249528384
1.2000000000000002,128,4,fitted,0.05105065329523341
1.21,128,4,fitted,0.049774368124039375
1.2199999999999998,128,4,fitted,0.048530402787047365
1.2300000000000004,128,4,fitted,0.04731746068079962
1.2400000000000002,128,4,fitted,0.04613432685073031
1.25,128,4,fitted,0.04497986340579779
1.2599999999999998,128,4,fitted,0.04385300505632642
1.2700000000000005,128,4,fitted,0.042752754785239655
1.2800000000000002,128,4,fitted,0.04167817966113927
1.29,128,4,fitted,0.0406284068000666
1.2999999999999998,128,4,fitted,0.03960261948128264
1.3100000000000005,128,4,fitted,0.038600053421013004
1.3200000000000003,128,4,fitted,0.037619993206829114
1.33,128,4,fitted,0.03666176889416989
1.3399999999999999,128,4,fitted,0.03572475276545181
1.3500000000000005,128,4,fitted,0.034808356251258436
1.3600000000000003,128,4,fitted,0.03391202701224814
1.37,128,4,fitted,0.03303524617965864
1.38,128,4,fitted,0.032177525751622776
1.3899999999999997,128,4,fitted,0.03133840614192728
1.4000000000000004,128,4,fitted,0.0305174538773493
1.4100000000000001,128,4,fitted,0.029714259439283745
1.42,128,4,fitted,0.028928435245022574
1.4299999999999997,128,4,fitted,0.028159613763765787
1.4400000000000004,128,4,fitted,0.027407445762218284
1.4500000000000002,128,4,fitted,0.026671598674462036
1.46,128,4,fitted,0.025951755090675648
1.4699999999999998,128,4,fitted,0.025247611359206446
1.4800000000000004,128,4,fitted,0.02455887629647076
1.4900000000000002,128,4,fitted,0.023885269999169456
1.5,128,4,fitted,0.023226522753347436
1.5099999999999998,128,4,fitted,0.02258237403489994
1.5200000000000005,128,4,fitted,0.021952571596223748
1.5300000000000002,128,4,fitted,0.021336870633832276
1.54,128,4,fitted,0.020735033031889546
1.5499999999999998,128,4,fitted,0.020146826676772766
1.5600000000000005,128,4,fitted,0.019572024837937192
1.5700000000000003,128,4,fitted,0.019010405610533253
1.58,128,4,fitted,0.018461751415407866
1.5899999999999999,128,4,fitted,0.01792584855231184
1.6000000000000005,128,4,fitted,0.017402486802325205
1.6100000000000003,128,4,fitted,0.016891459075707285
1.62,128,4,fitted,0.01639256110157066
1.63,128,4,fitted,0.015905591155972443
1.6399999999999997,128,4,fitted,0.01543034982520484
1.6500000000000004,128,4,fitted,0.014966639801254783
1.6600000000000001,128,4,fitted,0.01451426570658512
1.67,128,4,fitted,0.014073033945566561
1.6799999999999997,128,4,fitted,0.013642752580063481
1.6900000000000004,128,4,fitted,0.01322323122684106
1.7000000000000002,128,4,fitted,0.01281428097462247
1.71,128,4,fitted,0.012415714318776548
1.7199999999999998,128,4,fitted,0.012027345111764344
1.7300000000000004,128,4,fitted,0.011648988527610553
1.7400000000000002,128,4,fitted,0.011280461038799398
1.75,128,4,fitted,0.010921580404118773
1.7599999999999998,128,4,fitted,0.010572165666095843
1.7700000000000005,128,4,fitted,0.010232037156777925
1.7800000000000002,128,4,fitted,0.009901016510717925
1.79,128,4,fitted,0.009578926684121117
1.7999999999999998,128,4,fitted,0.009265591979203347
1.8100000000000005,128,4,fitted,0.00896083807289522
1.8200000000000003,128,4,fitted,0.008664492049108154
1.83,128,4,fitted,0.008376382433851477
1.8399999999999999,128,4,fitted,0.008096339232560186
1.8500000000000005,128,4,fitted,0.00782419396905586
1.8600000000000003,128,4,fitted,0.0075597797256233565
1.87,128,4,fitted,0.007302931183739814
1.88,128,4,fitted,0.00705348466504387
1.8899999999999997,128,4,fitted,0.006811278172178421
1.9000000000000004,128,4,fitted,0.006576151429183419
1.9100000000000001,128,4,fitted,0.006347945921154259
1.92,128,4,fitted,0.006126504932916457
1.9299999999999997,128,4,fitted,0.005911673586501003
1.9400000000000004,128,4,fitted,0.005703298877233527
1.9500000000000002,128,4,fitted,0.005501229708278331
1.96,128,4,fitted,0.00530531692350239
1.9699999999999998,128,4,fitted,0.0051154133385474835
1.9800000000000004,128,4,fitted,0.004931373770018246
1.9900000000000002,128,4,fitted,0.0047530550627128115
2.0,128,4,fitted,0.004580316114838719
2.01,128,4,fitted,0.004413017901172371
2.0200000000000005,128,4,fitted,0.004251023494133013
2.0300000000000002,128,4,fitted,0.004094198082754795
2.04,128,4,fitted,0.003942408989550707
2.05,128,4,fitted,0.0037955256852723745
2.0600000000000005,128,4,fitted,0.00365341980157764
2.0700000000000003,128,4,fitted,0.0035159651416259157
2.08,128,4,fitted,0.0033830376886274643
2.09,128,4,fitted,0.0032545156123792796
2.1000000000000005,128,4,fitted,0.0031302792738247967
2.1100000000000003,128,4,fitted,0.0030102112276795484
2.12,128,4,fitted,0.0028941962231684667
2.13,128,4,fitted,0.002782121202924225
2.1399999999999997,128,4,fitted,0.002673875300098478
2.1500000000000004,128,4,fitted,0.0025693498337404728
2.16,128,4,fitted,0.002468438302499493
2.17,128,4,fitted,0.002371036376708948
2.1799999999999997,128,4,fitted,0.002277041888911615
2.1900000000000004,128,4,fitted,0.0021863548228860863
2.2,128,4,fitted,0.0020988773012355
2.21,128,4,fitted,0.002014513571599777
2.2199999999999998,128,4,fitted,0.0019331699915531605
2.2300000000000004,128,4,fitted,0.0018547550122485605
2.24,128,4,fitted,0.0017791791608702525
2.25,128,4,fitted,0.0017063550219560155
2.26,128,4,fitted,0.0016361972176494961
2.2700000000000005,128,4,fitted,0.00156862238694282
2.2800000000000002,128,4,fitted,0.0015035491639688824
2.29,128,4,fitted,0.001440898155401806
2.3,128,4,fitted,0.0013805919170232976
2.3100000000000005,128,4,fitted,0.0013225549295115008
2.3200000000000003,128,4,fitted,0.0012667135735079378
2.33,128,4,fitted,0.0012129961040169676
2.34,128,4,fitted,0.0011613326241910354
2.3500000000000005,128,4,fitted,0.0011116550585537235
2.3600000000000003,128,4,fitted,0.001063897125711321
2.37,128,4,fitted,0.0010179943106022786
2.38,128,4,fitted,0.0009738838363326976
2.3899999999999997,128,4,fitted,0.0009315046356444314
2.4000000000000004,128,4,fitted,0.0008907973220611385
2.41,128,4,fitted,0.0008517041607561423
2.42,128,4,fitted,0.0008141690391844977
2.4299999999999997,128,4,fitted,0.000778137437520335
2.4400000000000004,128,4,fitted,0.0007435563989390022
2.45,128,4,fitted,0.0007103744997821546
2.46,128,4,fitted,0.0006785418196424497
2.4699999999999998,128,4,fitted,0.0006480099114031517
2.4800000000000004,128,4,fitted,0.000618731771266434
2.49,128,4,fitted,0.0005906618088028189
2.5,128,4,fitted,0.0005637558170527245
2.51,128,4,fitted,0.0005379709427097885
2.5200000000000005,128,4,fitted,0.0005132656564141597
2.5300000000000002,128,4,fitted,0.0004895997231826808
2.54,128,4,fitted,0.00046693417300146316
2.55,128,4,fitted,0.0004452312716051319
2.5600000000000005,128,4,fitted,0.00042445449146563083
2.5700000000000003,128,4,fitted,0.0004045684830122766
2.58,128,4,fitted,0.00038553904610344675
2.59,128,4,fitted,0.0003673331017691171
2.6000000000000005,128,4,fitted,0.0003499186642422287
2.6100000000000003,128,4,fitted,0.00033326481329571625
2.62,128,4,fitted,0.00031734166690087053
2.63,128,4,fitted,0.00030212035422162535
2.6399999999999997,128,4,fitted,0.00028757298895825084
2.6500000000000004,128,4,fitted,0.0002736726430528862
2.66,128,4,fitted,0.00026039332076833755
2.67,128,4,fitted,0.0002477099331505434
2.6799999999999997,128,4,fitted,0.00023559827288418842
2.6900000000000004,128,4,fitted,0.0002240349895499775
2.7,128,4,fitted,0.00021299756529120505
2.71,128,4,fitted,0.00020246429089636233
2.7199999999999998,128,4,fitted,0.00019241424230372205
2.7300000000000004,128,4,fitted,0.0001828272575329893
2.74,128,4,fitted,0.00017368391404836648
2.75,128,4,fitted,0.00016496550655659863
2.76,128,4,fitted,0.00015665402524288712
2.7700000000000005,128,4,fitted,0.00014873213444683658
2.7800000000000002,128,4,fitted,0.0001411831517799715
2.79,128,4,fitted,0.00013399102768570342
2.8,128,4,fitted,0.00012714032544206133
2.8100000000000005,128,4,fitted,0.0001206162016069023
2.8200000000000003,128,4,fitted,0.0001144043869047915
2.83,128,4,fitted,0.00010849116755421543
2.84,128,4,fitted,0.0001028633670333188
2.8500000000000005,128,4,fitted,9.7508328281881e-05
2.8600000000000003,128,4,fitted,9.241389633682124e-05
2.87,128,4,fitted,8.756840139810383e-05
2.88,128,4,fitted,8.296064232154494e-05
2.8899999999999997,128,4,fitted,7.857987053464465e-05
2.9000000000000004,128,4,fitted,7.441577437124298e-05
2.91,128,4,fitted,7.045846382048169e-05
2.92,128,4,fitted,6.66984556852569e-05
2.9299999999999997,128,4,fitted,6.312665914508936e-05
2.9400000000000004,128,4,fitted,5.97343617180786e-05
2.95,128,4,fitted,5.651321561638686e-05
2.96,128,4,fitted,5.345522448948296e-05
2.9699999999999998,128,4,fitted,5.055273054919723e-05
2.9800000000000004,128,4,fitted,4.779840207045522e-05
2.99,128,4,fitted,4.5185221261414676e-05
3.0,128,4,fitted,4.270647249658499e-05
-3.0,128,8,fitted,0.0009295178656271075
-2.99,128,8,fitted,0.0009515949484518524
-2.98,128,8,fitted,0.0009741189178991152
-2.97,128,8,fitted,0.0009970968363785233
-2.96,128,8,fitted,0.0010205358331387966
-2.95,128,8,fitted,0.0010444431040457244
-2.94,128,8,fitted,0.0010688259113464244
-2.93,128,8,fitted,0.001093691583420105
-2.92,128,8,fitted,0.001119047514515663
-2.91,128,8,fitted,0.0011449011644763718
-2.9,128,8,fitted,0.0011712600584520417
-2.89,128,8,fitted,0.001198131786598958
-2.88,128,8,fitted,0.0012255240037680316
-2.87,128,8,fitted,0.0012534444291815144
-2.86,128,8,fitted,0.00128190084609877
-2.85,128,8,fitted,0.0013109011014715234
-2.84,128,8,fitted,0.0013404531055891224
-2.83,128,8,fitted,0.0013705648317143145
-2.82,128,8,fitted,0.0014012443157101434
-2.81,128,8,fitted,0.001432499655658529
-2.8,128,8,fitted,0.001464339011471226
-2.79,128,8,fitted,0.0014967706044938095
-2.78,128,8,fitted,0.0015298027171034717
-2.77,128,8,fitted,0.0015634436923013758
-2.76,128,8,fitted,0.0015977019333004666
-2.75,128,8,fitted,0.001632585903109587
-2.74,128,8,fitted,0.001668104124114941
-2.73,128,8,fitted,0.0017042651776598848
-2.7199999999999998,128,8,fitted,0.0017410777036242179
-2.71,128,8,fitted,0.001778550400004169
-2.7,128,8,fitted,0.0018166920224943774
-2.69,128,8,fitted,0.0018555113840732934
-2.68,128,8,fitted,0.001895017354593502
-2.67,128,8,fitted,0.0019352188603786453
-2.66,128,8,fitted,0.00197612488382871
-2.65,128,8,fitted,0.002017744463035636
-2.64,128,8,fitted,0.0020600866914113375
-2.63,128,8,fitted,0.002103160717330469
-2.62,128,8,fitted,0.0021469757437903776
-2.61,128,8,fitted,0.0021915410280910395
-2.6,128,8,fitted,0.0022368658815378976
-2.59,128,8,fitted,0.002282959669170902
-2.58,128,8,fitted,0.002329831809523272
-2.57,128,8,fitted,0.0023774917744139195
-2.56,128,8,fitted,0.0024259490887777718
-2.55,128,8,fitted,0.002475213330538694
-2.54,128,8,fitted,0.0025252941305301314
-2.53,128,8,fitted,0.002576201172469139
-2.52,128,8,fitted,0.0026279441929899405
-2.51,128,8,fitted,0.0026805329817438757
-2.5,128,8,fitted,0.0027339773815731406
-2.49,128,8,fitted,0.0027882872887665944
-2.48,128,8,fitted,0.002843472653406605
-2.4699999999999998,128,8,fitted,0.0028995434798168873
-2.46,128,8,fitted,0.0029565098271222144
-2.45,128,8,fitted,0.0030143818099320203
-2.44,128,8,fitted,0.0030731695991610434
-2.4299999999999997,128,8,fitted,0.0031328834230014793
-2.42,128,8,fitted,0.0031935335680626275
-2.41,128,8,fitted,0.0032551303806954406
-2.4,128,8,fitted,0.003317684268521221
-2.39,128,8,fitted,0.0033812057021855345
-2.38,128,8,fitted,0.003445705217360533
-2.37,128,8,fitted,0.003511193417021024
-2.36,128,8,fitted,0.003577680974022235
-2.35,128,8,fitted,0.0036451786340097356
-2.34,128,8,fitted,0.003713697218695086
-2.33,128,8,fitted,0.003783247629533821
-2.32,128,8,fitted,0.003853840851846012
-2.31,128,8,fitted,0.0039254879594232475
-2.3,128,8,fitted,0.003998200119670229
-2.29,128,8,fitted,0.004071988599333395
-2.2800000000000002,128,8,fitted,0.00414686477087408
-2.27,128,8,fitted,0.004222840119548812
-2.26,128,8,fitted,0.004299926251265158
-2.25,128,8,fitted,0.004378134901287649
-2.24,128,8,fitted,0.0044574779438750845
-2.23,128,8,fitted,0.004537967402937618
-2.2199999999999998,128,8,fitted,0.004619615463809937
-2.21,128,8,fitted,0.00470243448624524
-2.2,128,8,fitted,0.004786437018743735
-2.19,128,8,fitted,0.004871635814339175
-2.1799999999999997,128,8,fitted,0.004958043847977435
-2.17,128,8,fitted,0.005045674335632474
-2.16,128,8,fitted,0.005134540755316975
-2.15,128,8,fitted,0.005224656870158061
-2.14,128,8,fitted,0.00531603675372229
-2.13,128,8,fitted,0.00540869481778907
-2.12,128,8,fitted,0.005502645842787303
-2.11,128,8,fitted,0.005597905011127275
-2.1,128,8,fitted,0.005694487943677503
-2.09,128,8,fitted,0.005792410739655773
-2.08,128,8,fitted,0.005891690020223645
-2.07,128,8,fitted,0.00599234297609575
-2.06,128,8,fitted,0.0060943874194976395
-2.05,128,8,fitted,0.0061978418408308025
-2.04,128,8,fitted,0.006302725470428527
-2.0300000000000002,128,8,fitted,0.006409058345813923
-2.02,128,8,fitted,0.0065168613848994505
-2.01,128,8,fitted,0.006626156465597673
-2.0,128,8,fitted,0.0067369665123442595
-1.99,128,8,fitted,0.006849315590067366
-1.98,128,8,fitted,0.006963229006172008
-1.97,128,8,fitted,0.007078733421144253
-1.96,128,8,fitted,0.007195856968417515
-1.95,128,8,fitted,0.007314629384182492
-1.94,128,8,fitted,0.0074350821478627585
-1.93,128,8,fitted,0.007557248634020224
-1.92,128,8,fitted,0.007681164276497807
-1.91,128,8,fitted,0.007806866745651763
-1.9,128,8,fitted,0.007934396139571658
-1.89,128,8,fitted,0.0080637951902334
-1.88,128,8,fitted,0.008195109485578446
-1.8699999999999999,128,8,fitted,0.008328387708561535
-1.8599999999999999,128,8,fitted,0.008463681894258513
-1.8499999999999999,128,8,fitted,0.008601047706176234
-1.84,128,8,fitted,0.008740544732956395
-1.83,128,8,fitted,0.008882236806715968
-1.82,128,8,fitted,0.009026192344316487
-1.81,128,8,fitted,0.009172484712904206
-1.8,128,8,fitted,0.009321192621111704
-1.79,128,8,fitted,0.00947240053735861
-1.78,128,8,fitted,0.009626199136734986
-1.77,128,8,fitted,0.00978268577799412
-1.76,128,8,fitted,0.009941965012222524
-1.75,128,8,fitted,0.01010414912479253
-1.74,128,8,fitted,0.010269358712236968
-1.73,128,8,fitted,0.010437723295715056
-1.72,128,8,fitted,0.010609381972763657
-1.71,128,8,fitted,0.010784484109046916
-1.7,128,8,fitted,0.010963190071830543
-1.69,128,8,fitted,0.011145672006912594
-1.68,128,8,fitted,0.011332114660740621
-1.67,128,8,fitted,0.011522716249434274
-1.66,128,8,fitted,0.011717689376412245
-1.65,128,8,fitted,0.01191726200029133
-1.64,128,8,fitted,0.012121678454683735
-1.63,128,8,fitted,0.012331200521463541
-1.6199999999999999,128,8,fitted,0.012546108559006015
-1.6099999999999999,128,8,fitted,0.01276670268682071
-1.5999999999999999,128,8,fitted,0.012993304027902098
-1.59,128,8,fitted,0.013226256010007188
-1.58,128,8,fitted,0.01346592572693859
-1.57,128,8,fitted,0.013712705360761236
-1.56,128,8,fitted,0.013967013665712041
-1.55,128,8,fitted,0.014229297514371927
-1.54,128,8,fitted,0.014500033506458303
-1.53,128,8,fitted,0.01477972964036302
-1.52,128,8,fitted,0.015068927047303372
-1.51,128,8,fitted,0.015368201787673553
-1.5,128,8,fitted,0.015678166708877624
-1.49,128,8,fitted,0.01599947336359431
-1.48,128,8,fitted,0.016332813987066097
-1.47,128,8,fitted,0.016678923531621426
-1.46,128,8,fitted,0.01703858175622761
-1.45,128,8,fitted,0.01741261536843386
-1.44,128,8,fitted,0.017801900215598326
-1.43,128,8,fitted,0.018207363521800267
-1.42,128,8,fitted,0.01862998616631853
-1.41,128,8,fitted,0.019070804999011294
-1.4,128,8,fitted,0.019530915187359582
-1.39,128,8,fitted,0.020011472589339788
-1.38,128,8,fitted,0.020513696145668798
-1.3699999999999999,128,8,fitted,0.021038870284321592
-1.3599999999999999,128,8,fitted,0.021588347329555543
-1.3499999999999999,128,8,fitted,0.022163549906991827
-1.3399999999999999,128,8,fitted,0.022765973335602173
-1.33,128,8,fitted,0.023397187996733716
-1.32,128,8,fitted,0.024058841669576107
-1.31,128,8,fitted,0.02475266182173802
-1.3,128,8,fitted,0.025480457842858052
-1.29,128,8,fitted,0.026244123208429823
-1.28,128,8,fitted,0.027045637560279116
-1.27,128,8,fitted,0.027887068689394334
-1.26,128,8,fitted,0.028770574406086546
-1.25,128,8,fitted,0.029698404281745944
-1.24,128,8,fitted,0.030672901245772922
-1.23,128,8,fitted,0.031696503020600196
-1.22,128,8,fitted,0.032771743377092856
-1.21,128,8,fitted,0.0339012531920215
-1.2,128,8,fitted,0.03508776128875703
-1.19,128,8,fitted,0.036334095041839404
-1.18,128,8,fitted,0.03764318072563466
-1.17,128,8,fitted,0.03901804358692005
-1.16,128,8,fitted,0.040461807620934515
-1.15,128,8,fitted,0.04197769503020741
-1.14,128,8,fitted,0.043569025345338505
-1.13,128,8,fitted,0.04523921418685557
-1.1199999999999999,128,8,fitted,0.046991771647327436
-1.1099999999999999,128,8,fitted,0.048830300273068825
-1.0999999999999999,128,8,fitted,0.050758492625043346
-1.0899999999999999,128,8,fitted,0.05278012839896082
-1.08,128,8,fitted,0.05489907108507985
-1.07,128,8,fitted,0.057119264148872806
-1.06,128,8,fitted,0.059444726714491365
-1.05,128,8,fitted,0.06187954873389636
-1.04,128,8,fitted,0.06442788562558296
-1.03,128,8,fitted,0.06709395236805282
-1.02,128,8,fitted,0.06988201703455499
-1.01,128,8,fitted,0.0727963937571455
-1.0,128,8,fitted,0.0758414351097976
-0.9899999999999998,128,8,fitted,0.07902152390213633
-0.98,128,8,fitted,0.08234106437736824
-0.9699999999999998,128,8,fitted,0.08580447281013269
-0.96,128,8,fitted,0.08941616750230556
-0.9500000000000002,128,8,fitted,0.09318055817725042
-0.94,128,8,fitted,0.09710203477560995
-0.9300000000000002,128,8,fitted,0.10118495565847997
-0.9199999999999999,128,8,fitted,0.10543363522668885
-0.9100000000000001,128,8,fitted,0.10985233096790153
-0.8999999999999999,128,8,fitted,0.11444522994640074
-0.8900000000000001,128,8,fitted,0.11921643475361159
-0.8799999999999999,128,8,fitted,0.12416994894077127
-0.8700000000000001,128,8,fitted,0.1293096619585328
-0.8599999999999999,128,8,fitted,0.13463933363177744
-0.8500000000000001,128,8,fitted,0.14016257820141495
-0.8399999999999999,128,8,fitted,0.14588284796852233
-0.8300000000000001,128,8,fitted,0.15180341657972943
-0.8199999999999998,128,8,fitted,0.1579273619963462
-0.81,128,8,fitted,0.16425754919325922
-0.7999999999999998,128,8,fitted,0.17079661263715057
-0.79,128,8,fitted,0.1775469385970167
-0.7799999999999998,128,8,fitted,0.1845106473433413
-0.77,128,8,fitted,0.19168957529550587
-0.7599999999999998,128,8,fitted,0.19908525718015674
-0.75,128,8,fitted,0.20669890826618945
-0.7399999999999998,128,8,fitted,0.21453140674481008
-0.73,128,8,fitted,0.22258327632569175
-0.7199999999999998,128,8,fitted,0.23085466912261446
-0.71,128,8,fitted,0.23934534890405254
-0.6999999999999997,128,8,fitted,0.2480546747860234
-0.69,128,8,fitted,0.2569815854460131
-0.6800000000000002,128,8,fitted,0.2661245839380327
-0.6699999999999999,128,8,fitted,0.2754817231897032
-0.6600000000000001,128,8,fitted,0.2850505922628009
-0.6499999999999999,128,8,fitted,0.2948283034588258
-0.6400000000000001,128,8,fitted,0.3048114803508916
-0.6299999999999999,128,8,fitted,0.3149962468225888
-0.6200000000000001,128,8,fitted,0.3253782171933707
-0.6099999999999999,128,8,fitted,0.3359524875085149
-0.6000000000000001,128,8,fitted,0.3467136280697354
-0.5899999999999999,128,8,fitted,0.35765567728014497
-0.5800000000000001,128,8,fitted,0.3687721368743824
-0.5699999999999998,128,8,fitted,0.380055968601451
-0.56,128,8,fitted,0.39149959242402177
-0.5499999999999998,128,8,fitted,0.4030948862937901
-0.54,128,8,fitted,0.414833187557803
-0.5299999999999998,128,8,fitted,0.4267052960456351
-0.52,128,8,fitted,0.43870147888177796
-0.5099999999999998,128,8,fitted,0.45081147706175545
-0.5,128,8,fitted,0.46302451382418097
-0.48999999999999977,128,8,fitted,0.47532930484438235
-0.48,128,8,fitted,0.487714070268233
-0.46999999999999975,128,8,fitted,0.5001665485975982
-0.45999999999999996,128,8,fitted,0.5126740124312338
-0.44999999999999973,128,8,fitted,0.5252232860572312
-0.43999999999999995,128,8,fitted,0.5378007648850825
-0.43000000000000016,128,8,fitted,0.5503924366973165
-0.41999999999999993,128,8,fitted,0.5629839046923449
-0.41000000000000014,128,8,fitted,0.5755604122818079
-0.3999999999999999,128,8,fitted,0.5881068695972913
-0.3900000000000001,128,8,fitted,0.6006078816528617
-0.3799999999999999,128,8,fitted,0.613047778101527
-0.3700000000000001,128,8,fitted,0.6254106445154344
-0.3599999999999999,128,8,fitted,0.6376803551115193
-0.3500000000000001,128,8,fitted,0.6498406068363564
-0.33999999999999986,128,8,fitted,0.6618749547162937
-0.33000000000000007,128,8,fitted,0.6737668483715151
-0.31999999999999984,128,8,fitted,0.6854996695856274
-0.31000000000000005,128,8,fitted,0.697056770815637
-0.2999999999999998,128,8,fitted,0.7084215145209427
-0.29000000000000004,128,8,fitted,0.7195773131841304
-0.2799999999999998,128,8,fitted,0.7305076698910782
-0.27,128,8,fitted,0.7411962193331131
-0.2599999999999998,128,8,fitted,0.7516267690897922
-0.25,128,8,fitted,0.761783341047321
-0.23999999999999977,128,8,fitted,0.7716502128047156
-0.22999999999999998,128,8,fitted,0.7812119589175599
-0.21999999999999975,128,8,fitted,0.7904534918276821
-0.20999999999999996,128,8,fitted,0.7993601023262195
-0.19999999999999973,128,8,fitted,0.8079174993974549
-0.18999999999999995,128,8,fitted,0.816111849291426
-0.18000000000000016,128,8,fitted,0.8239298136746996
-0.16999999999999993,128,8,fitted,0.83135858671082
-0.16000000000000014,128,8,fitted,0.8383859309248157
-0.1499999999999999,128,8,fitted,0.8450002117097631
-0.14000000000000012,128,8,fitted,0.8511904303377194
-0.1299999999999999,128,8,fitted,0.8569462553424098
-0.1200000000000001,128,8,fitted,0.8622580521467582
-0.10999999999999988,128,8,fitted,0.8671169108147638
-0.10000000000000009,128,8,fitted,0.8715146718142472
-0.08999999999999986,128,8,fitted,0.8754439496846267
-0.08000000000000007,128,8,fitted,0.8788981545120683
-0.06999999999999984,128,8,fitted,0.8818715111230847
-0.06000000000000005,128,8,fitted,0.8843590759168328
-0.04999999999999982,128,8,fitted,0.8863567512660028
-0.040000000000000036,128,8,fitted,0.8878612974261791
-0.029999999999999805,128,8,fitted,0.8888703419038955
-0.020000000000000018,128,8,fitted,0.8893823862441982
-0.009999999999999787,128,8,fitted,0.8893968102093561
0.0,128,8,fitted,0.888913873331322
0.010000000000000231,128,8,fitted,0.8879347138316196
0.020000000000000018,128,8,fitted,0.8864613449134373
0.03000000000000025,128,8,fitted,0.8844966484417868
0.040000000000000036,128,8,fitted,0.8820443660385805
0.050000000000000266,128,8,fitted,0.8791090876303373
0.06000000000000005,128,8,fitted,0.8756962374968675
0.07000000000000028,128,8,fitted,0.8718120578796803
0.08000000000000007,128,8,fitted,0.867463590218926
0.08999999999999986,128,8,fitted,0.8626586540973835
0.10000000000000009,128,8,fitted,0.8574058239792895
0.10999999999999988,128,8,fitted,0.8517144038406053
0.1200000000000001,128,8,fitted,0.8455943997956132
0.1299999999999999,128,8,fitted,0.8390564908324841
0.14000000000000012,128,8,fitted,0.8321119977775648
0.1499999999999999,128,8,fitted,0.8247728506146876
0.16000000000000014,128,8,fitted,0.8170515542916054
0.16999999999999993,128,8,fitted,0.808961153150855
0.18000000000000016,128,8,fitted,0.8005151941267772
0.18999999999999995,128,8,fitted,0.7917276888541591
0.20000000000000018,128,8,fitted,0.7826130748369382
0.20999999999999996,128,8,fitted,0.7731861758276601
0.2200000000000002,128,8,fitted,0.7634621615698429
0.22999999999999998,128,8,fitted,0.7534565070561636
0.2400000000000002,128,8,fitted,0.7431849514553377
0.25,128,8,fitted,0.7326634568598527
0.26000000000000023,128,8,fitted,0.7219081670052099
0.27,128,8,fitted,0.7109353661091946
0.28000000000000025,128,8,fitted,0.6997614379768087
0.29000000000000004,128,8,fitted,0.6884028255130233
0.30000000000000027,128,8,fitted,0.6768759907813529
0.31000000000000005,128,8,fitted,0.6651973757415485
0.3200000000000003,128,8,fitted,0.6533833637944104
0.33000000000000007,128,8,fitted,0.6414502422559427
0.33999999999999986,128,8,fitted,0.6294141658767733
0.3500000000000001,128,8,fitted,0.6172911215160841
0.3599999999999999,128,8,fitted,0.6050968940721781
0.3700000000000001,128,8,fitted,0.5928470337643764
0.3799999999999999,128,8,fitted,0.580556824853222
0.3900000000000001,128,8,fitted,0.5682412558779567
0.3999999999999999,128,8,fitted,0.5559149914820973
0.41000000000000014,128,8,fitted,0.5435923458895748
0.41999999999999993,128,8,fitted,0.5312872580855066
0.43000000000000016,128,8,fitted,0.5190132687471607
0.43999999999999995,128,8,fitted,0.5067834989622187
0.4500000000000002,128,8,fitted,0.4946106307629654
0.45999999999999996,128,8,fitted,0.4825068894967069
0.4700000000000002,128,8,fitted,0.47048402804445755
0.48,128,8,fitted,0.4585533128919009
0.4900000000000002,128,8,fitted,0.44672551204874755
0.5,128,8,fitted,0.43501088480503136
0.5100000000000002,128,8,fitted,0.4234191733055226
0.52,128,8,fitted,0.41195959591644593
0.5300000000000002,128,8,fitted,0.4006408423519743
0.54,128,8,fitted,0.3894710705216815
0.5500000000000003,128,8,fitted,0.37845790505416976
0.56,128,8,fitted,0.36760843744659405
0.5700000000000003,128,8,fitted,0.3569292277846667
0.5800000000000001,128,8,fitted,0.34642630797308777
0.5899999999999999,128,8,fitted,0.3361051864120967
0.6000000000000001,128,8,fitted,0.32597085405209686
0.6099999999999999,128,8,fitted,0.3160277917549787
0.6200000000000001,128,8,fitted,0.30627997888791914
0.6299999999999999,128,8,fitted,0.2967309030730586
0.6400000000000001,128,8,fitted,0.2873835710144961
0.6499999999999999,128,8,fitted,0.27824052032258195
0.6600000000000001,128,8,fitted,0.26930383225441307
0.6699999999999999,128,8,fitted,0.2605751452888386
0.6800000000000002,128,8,fitted,0.2520556694540532
0.69,128,8,fitted,0.24374620132607253
0.7000000000000002,128,8,fitted,0.23564713961693387
0.71,128,8,fitted,0.22775850127242828
0.7200000000000002,128,8,fitted,0.2200799380004244
0.73,128,8,fitted,0.21261075315247377
0.7400000000000002,128,8,fitted,0.20534991888326043
0.75,128,8,fitted,0.1982960935146627
0.7600000000000002,128,8,fitted,0.19144763903359846
0.77,128,8,fitted,0.18480263865550745
0.7800000000000002,128,8,fitted,0.17835891438816148
0.79,128,8,fitted,0.1721140445335555
0.8000000000000003,128,8,fitted,0.1660653810688049
0.81,128,8,fitted,0.16021006685031822
0.8200000000000003,128,8,fitted,0.15454505258892343
0.8300000000000001,128,8,fitted,0.14906711354715738
0.8399999999999999,128,8,fitted,0.14377286591347904
0.8500000000000001,128,8,fitted,0.13865878281179222
0.8599999999999999,128,8,fitted,0.13372120990827652
0.8700000000000001,128,8,fitted,0.1289563805811466
0.8799999999999999,128,8,fitted,0.12436043062256413
0.8900000000000001,128,8,fitted,0.11992941244546804
0.8999999999999999,128,8,fitted,0.11565930877160147
0.9100000000000001,128,8,fitted,0.11154604578042027
0.9199999999999999,128,8,fitted,0.10758550570191777
0.9300000000000002,128,8,fitted,0.10377353883961923
0.94,128,8,fitted,0.10010597501313259
0.9500000000000002,128,8,fitted,0.09657863441262549
0.96,128,8,fitted,0.09318733786047428
0.9700000000000002,128,8,fitted,0.0899279164780421
0.98,128,8,fitted,0.08679622075812994
0.9900000000000002,128,8,fitted,0.08378812904605729
1.0,128,8,fitted,0.08089955543460653
1.0099999999999998,128,8,fitted,0.078126457080163
1.0200000000000005,128,8,fitted,0.0754648409493373
1.0300000000000002,128,8,fitted,0.07291077000713672
1.04,128,8,fitted,0.07046036885937437
1.0499999999999998,128,8,fitted,0.06810982886347394
1.0600000000000005,128,8,fitted,0.06585541272312466
1.0700000000000003,128,8,fitted,0.06369345858339692
1.08,128,8,fitted,0.06162038364392032
1.0899999999999999,128,8,fitted,0.05963268730858395
1.0999999999999996,128,8,fitted,0.05772695389091954
1.1100000000000003,128,8,fitted,0.055899854894903456
1.12,128,8,fitted,0.05414815089135338
1.13,128,8,fitted,0.05246869301040781
1.1399999999999997,128,8,fitted,0.050858424070779826
1.1500000000000004,128,8,fitted,0.04931437936655736
1.1600000000000001,128,8,fitted,0.04783368713230822
1.17,128,8,fitted,0.04641356870713078
1.1799999999999997,128,8,fitted,0.04505133841809135
1.1900000000000004,128,8,fitted,0.04374440320319872
1.2000000000000002,128,8,fitted,0.042490261993708936
1.21,128,8,fitted,0.041286504875121345
1.2199999999999998,128,8,fitted,0.04013081204574239
1.2300000000000004,128,8,fitted,0.039020952591146164
1.2400000000000002,128,8,fitted,0.03795478309227528
1.25,128,8,fitted,0.03693024608429261
1.2599999999999998,128,8,fitted,0.03594536838263485
1.2700000000000005,128,8,fitted,0.03499825929202427
1.2800000000000002,128,8,fitted,0.0340871087134841
1.29,128,8,fitted,0.033210185163671274
1.2999999999999998,128,8,fitted,0.03236583372010175
1.3100000000000005,128,8,fitted,0.03155247390509323
1.3200000000000003,128,8,fitted,0.03076859752050215
1.33,128,8,fitted,0.030012766444582638
1.3399999999999999,128,8,fitted,0.029283610401555138
1.3500000000000005,128,8,fitted,0.028579824713738055
1.3600000000000003,128,8,fitted,0.02790016804537726
1.37,128,8,fitted,0.02724346014660236
1.38,128,8,fitted,0.02660857960525368
1.3899999999999997,128,8,fitted,0.025994461613655442
1.4000000000000004,128,8,fitted,0.025400095756766883
1.4100000000000001,128,8,fitted,0.024824523827521785
1.42,128,8,fitted,0.024266837674569663
1.4299999999999997,128,8,fitted,0.023726177087063142
1.4400000000000004,128,8,fitted,0.023201727720590662
1.4500000000000002,128,8,fitted,0.022692719067838908
1.46,128,8,fitted,0.02219842247707947
1.4699999999999998,128,8,fitted,0.02171814922111555
1.4800000000000004,128,8,fitted,0.021251248618890314
1.4900000000000002,128,8,fitted,0.020797106211555075
1.5,128,8,fitted,0.020355141994416976
1.5099999999999998,128,8,fitted,0.019924808705837453
1.5200000000000005,128,8,fitted,0.019505590173827234
1.5300000000000002,128,8,fitted,0.01909699972078714
1.54,128,8,fitted,0.01869857862656997
1.5499999999999998,128,8,fitted,0.018309894649791412
1.5600000000000005,128,8,fitted,0.017930540607091237
1.5700000000000003,128,8,fitted,0.017560133009843985
1.58,128,8,fitted,0.017198310757635622
1.5899999999999999,128,8,fitted,0.01684473388766246
1.6000000000000005,128,8,fitted,0.016499082379064944
1.6100000000000003,128,8,fitted,0.016161055011085827
1.62,128,8,fitted,0.015830368273834203
1.63,128,8,fitted,0.01550675533034679
1.6399999999999997,128,8,fitted,0.015189965028560432
1.6500000000000004,128,8,fitted,0.01487976096174818
1.6600000000000001,128,8,fitted,0.014575920575921449
1.67,128,8,fitted,0.014278234322662453
1.6799999999999997,128,8,fitted,0.013986504855825074
1.6900000000000004,128,8,fitted,0.013700546270524257
1.7000000000000002,128,8,fitted,0.013420183382826403
1.71,128,8,fitted,0.013145251048552787
1.7199999999999998,128,8,fitted,0.012875593519615777
1.7300000000000004,128,8,fitted,0.012611063836320683
1.7400000000000002,128,8,fitted,0.01235152325408604
1.75,128,8,fitted,0.01209684070305905
1.7599999999999998,128,8,fitted,0.011846892279132378
1.7700000000000005,128,8,fitted,0.01160156076490059
1.7800000000000002,128,8,fitted,0.011360735179130627
1.79,128,8,fitted,0.0111243103533588
1.7999999999999998,128,8,fitted,0.010892186534268107
1.8100000000000005,128,8,fitted,0.010664269010541221
1.8200000000000003,128,8,fitted,0.010440467762928871
1.83,128,8,fitted,0.010220697136317257
1.8399999999999999,128,8,fitted,0.01000487553262416
1.8500000000000005,128,8,fitted,0.009792925123398147
1.8600000000000003,128,8,fitted,0.009584771581041377
1.87,128,8,fitted,0.009380343827621249
1.88,128,8,fitted,0.009179573800281782
1.8899999999999997,128,8,fitted,0.008982396232309103
1.9000000000000004,128,8,fitted,0.00878874844894934
1.9100000000000001,128,8,fitted,0.008598570177119819
1.92,128,8,fitted,0.00841180336819557
1.9299999999999997,128,8,fitted,0.008228392033094181
1.9400000000000004,128,8,fitted,0.008048282088920658
1.9500000000000002,128,8,fitted,0.007871421216472267
1.96,128,8,fitted,0.007697758727939576
1.9699999999999998,128,8,fitted,0.007527245444175651
1.9800000000000004,128,8,fitted,0.007359833580938752
1.9900000000000002,128,8,fitted,0.00719547664354675
2.0,128,8,fitted,0.007034129329412227
2.01,128,8,fitted,0.006875747437957469
2.0200000000000005,128,8,fitted,0.00672028778743637
2.0300000000000002,128,8,fitted,0.006567708138217882
2.04,128,8,fitted,0.006417967122110671
2.05,128,8,fitted,0.006271024177333948
2.0600000000000005,128,8,fitted,0.006126839488761851
2.0700000000000003,128,8,fitted,0.00598537393309129
2.08,128,8,fitted,0.005846589028603598
2.09,128,8,fitted,0.0057104468892104285
2.1000000000000005,128,8,fitted,0.005576910182492626
2.1100000000000003,128,8,fitted,0.005445942091458603
2.12,128,8,fitted,0.005317506279765093
2.13,128,8,fitted,0.005191566860159223
2.1399999999999997,128,8,fitted,0.005068088365915162
2.1500000000000004,128,8,fitted,0.004947035725052699
2.16,128,8,fitted,0.00482837423713829
2.17,128,8,fitted,0.00471206955248105
2.1799999999999997,128,8,fitted,0.004598087653548258
2.1900000000000004,128,8,fitted,0.004486394838435385
2.2,128,8,fitted,0.004376957706236166
2.21,128,8,fitted,0.00426974314416764
2.2199999999999998,128,8,fitted,0.004164718316314446
2.2300000000000004,128,8,fitted,0.0040618506538648135
2.24,128,8,fitted,0.003961107846718974
2.25,128,8,fitted,0.0038624578363579175
2.26,128,8,fitted,0.003765868809867923
2.2700000000000005,128,8,fitted,0.0036713091950224194
2.2800000000000002,128,8,fitted,0.0035787476563294224
2.29,128,8,fitted,0.0034881530919582725
2.3,128,8,fitted,0.003399494631465311
2.3100000000000005,128,8,fitted,0.003312741634242962
2.3200000000000003,128,8,fitted,0.003227863688621855
2.33,128,8,fitted,0.0031448306115599615
2.34,128,8,fitted,0.0030636124488573517
2.3500000000000005,128,8,fitted,0.0029841794758389594
2.3600000000000003,128,8,fitted,0.002906502198451814
2.37,128,8,fitted,0.002830551354726594
2.38,128,8,fitted,0.002756297916557032
2.3899999999999997,128,8,fitted,0.0026837130917536723
2.4000000000000004,128,8,fitted,0.0026127683263316393
2.41,128,8,fitted,0.0025434353069949474
2.42,128,8,fitted,0.002475685963782422
2.4299999999999997,128,8,fitted,0.0024094924728431076
2.4400000000000004,128,8,fitted,0.002344827259311171
2.45,128,8,fitted,0.0022816630002527485
2.46,128,8,fitted,0.0022199726276591987
2.4699999999999998,128,8,fitted,0.0021597293314633607
2.4800000000000004,128,8,fitted,0.002100906562557206
2.49,128,8,fitted,0.0020434780357911483
2.5,128,8,fitted,0.0019874177329368323
2.51,128,8,fitted,0.001932699905597054
2.5200000000000005,128,8,fitted,0.001879299078047686
2.5300000000000002,128,8,fitted,0.0018271900499981265
2.54,128,8,fitted,0.0017763478992579432
2.55,128,8,fitted,0.001726747984298812
2.5600000000000005,128,8,fitted,0.0016783659467018638
2.5700000000000003,128,8,fitted,0.001631177713481808
2.58,128,8,fitted,0.0015851594992800928
2.59,128,8,fitted,0.0015402878084205189
2.6000000000000005,128,8,fitted,0.001496539436821482
2.6100000000000003,128,8,fitted,0.0014538914737599932
2.62,128,8,fitted,0.0014123213034833281
2.63,128,8,fitted,0.001371806606665047
2.6399999999999997,128,8,fitted,0.0013323253617027
2.6500000000000004,128,8,fitted,0.001293855845855266
2.66,128,8,fitted,0.0012563766362189833
2.67,128,8,fitted,0.001219866610540736
2.6799999999999997,128,8,fitted,0.0011843049478687992
2.6900000000000004,128,8,fitted,0.0011496711290411377
2.7,128,8,fitted,0.001115944937011963
2.71,128,8,fitted,0.001083106457017632
2.7199999999999998,128,8,fitted,0.0010511360765834226
2.7300000000000004,128,8,fitted,0.0010200144853729962
2.74,128,8,fitted,0.0009897226748827562
2.75,128,8,fitted,0.000960241937983518
2.76,128,8,fitted,0.0009315538683123035
2.7700000000000005,128,8,fitted,0.0009036403595171797
2.7800000000000002,128,8,fitted,0.0008764836043583929
2.79,128,8,fitted,0.0008500660936691468
2.8,128,8,fitted,0.0008243706151796602
2.8100000000000005,128,8,fitted,0.0007993802522081818
2.8200000000000003,128,8,fitted,0.0007750783822228738
2.83,128,8,fitted,0.0007514486752784951
2.84,128,8,fitted,0.0007284750923320212
2.8500000000000005,128,8,fitted,0.0007061418834413322
2.8600000000000003,128,8,fitted,0.0006844335858512238
2.87,128,8,fitted,0.0006633350219710083
2.88,128,8,fitted,0.0006428312972480701
2.8899999999999997,128,8,fitted,0.0006229077979417077
2.9000000000000004,128,8,fitted,0.0006035501888016558
2.91,128,8,fitted,0.0005847444106556664
2.92,128,8,fitted,0.0005664766779105127
2.9299999999999997,128,8,fitted,0.0005487334759708097
2.9400000000000004,128,8,fitted,0.0005315015585799698
2.95,128,8,fitted,0.000514767945087621
2.96,128,8,fitted,0.0004985199176477388
2.9699999999999998,128,8,fitted,0.00048274501835175146
2.9800000000000004,128,8,fitted,0.00046743104630077076
2.99,128,8,fitted,0.0004525660546210807
3.0,128,8,fitted,0.00043813834742692883
-3.0,512,4,fitted,0.00041427848452465745
-2.99,512,4,fitted,0.0004293310471849197
-2.98,512,4,fitted,0.0004448752360961873
-2.97,512,4,fitted,0.00046092494387549863
-2.96,512,4,fitted,0.0004774943771609542
-2.95,512,4,fitted,0.0004945980610953413
-2.94,512,4,fitted,0.0005122508437941619
-2.93,512,4,fitted,0.0005304679007955232
-2.92,512,4,fitted,0.0005492647394893884
-2.91,512,4,fitted,0.0005686572035236312
-2.9,512,4,fitted,0.0005886614771843912
-2.89,512,4,fitted,0.0006092940897481937
-2.88,512,4,fitted,0.0006305719198033528
-2.87,512,4,fitted,0.000652512199538149
-2.86,512,4,fitted,0.0006751325189933556
-2.85,512,4,fitted,0.0006984508302766557
-2.84,512,4,fitted,0.0007224854517365913
-2.83,512,4,fitted,0.0007472550720936768
-2.82,512,4,fitted,0.0007727787545264052
-2.81,512,4,fitted,0.0007990759407098899
-2.8,512,4,fitted,0.0008261664548049904
-2.79,512,4,fitted,0.000854070507395792
-2.78,512,4,fitted,0.0008828086993734611
-2.77,512,4,fitted,0.0009124020257644724
-2.76,512,4,fitted,0.0009428718795014302
-2.75,512,4,fitted,0.0009742400551346734
-2.74,512,4,fitted,0.0010065287524830796
-2.73,512,4,fitted,0.0010397605802224836
-2.7199999999999998,512,4,fitted,0.0010739585594103506
-2.71,512,4,fitted,0.0011091461269454098
-2.7,512,4,fitted,0.0011453471389611006
-2.69,512,4,fitted,0.0011825858741518526
-2.68,512,4,fitted,0.0012208870370313209
-2.67,512,4,fitted,0.001260275761121949
-2.66,512,4,fitted,0.0013007776120752663
-2.65,512,4,fitted,0.0013424185907226335
-2.64,512,4,fitted,0.0013852251360562257
-2.63,512,4,fitted,0.0014292241281403076
-2.62,512,4,fitted,0.00147444289095297
-2.61,512,4,fitted,0.0015209091951587947
-2.6,512,4,fitted,0.0015686512608130128
-2.59,512,4,fitted,0.0016176977599980298
-2.58,512,4,fitted,0.0016680778193933394
-2.57,512,4,fitted,0.0017198210227801194
-2.56,512,4,fitted,0.001772957413481998
-2.55,512,4,fitted,0.0018275174967437389
-2.54,512,4,fitted,0.0018835322420498067
-2.53,512,4,fitted,0.001941033085385059
-2.52,512,4,fitted,0.0020000519314399903
-2.51,512,4,fitted,0.0020606211557633006
-2.5,512,4,fitted,0.0021227736068646893
-2.49,512,4,fitted,0.0021865426082711987
-2.48,512,4,fitted,0.002251961960540518
-2.4699999999999998,512,4,fitted,0.0023190659432350334
-2.46,512,4,fitted,0.002387889316860679
-2.45,512,4,fitted,0.0024584673247748504
-2.44,512,4,fitted,0.0025308356950679593
-2.4299999999999997,512,4,fitted,0.002605030642423471
-2.42,512,4,fitted,0.0026810888699615723
-2.41,512,4,fitted,0.002759047571071867
-2.4,512,4,fitted,0.0028389444312407895
-2.39,512,4,fitted,0.0029208176298797274
-2.38,512,4,fitted,0.0030047058421602143
-2.37,512,4,fitted,0.003090648240862647
-2.36,512,4,fitted,0.003178684498245649
-2.35,512,4,fitted,0.003268854787943107
-2.34,512,4,fitted,0.0033611997868966815
-2.33,512,4,fitted,0.0034557606773315554
-2.32,512,4,fitted,0.003552579148783909
-2.31,512,4,fitted,0.003651697400188694
-2.3,512,4,fitted,0.003753158142037034
-2.29,512,4,fitted,0.003857004598612701
-2.2800000000000002,512,4,fitted,0.003963280510317954
-2.27,512,4,fitted,0.004072030136099294
-2.26,512,4,fitted,0.004183298255984465
-2.25,512,4,fitted,0.004297130173742672
-2.24,512,4,fitted,0.004413571719680664
-2.23,512,4,fitted,0.004532669253588198
-2.2199999999999998,512,4,fitted,0.0046544696678473135
-2.21,512,4,fitted,0.004779020390720931
-2.2,512,4,fitted,0.004906369389837381
-2.19,512,4,fitted,0.005036565175888781
-2.1799999999999997,512,4,fitted,0.005169656806562725
-2.17,512,4,fitted,0.005305693890728398
-2.16,512,4,fitted,0.0054447265929000455
-2.15,512,4,fitted,0.00558680563800294
-2.14,512,4,fitted,0.005731982316469296
-2.13,512,4,fitted,0.005880308489694497
-2.12,512,4,fitted,0.006031836595886635
-2.11,512,4,fitted,0.006186619656346409
-2.1,512,4,fitted,0.006344711282217584
-2.09,512,4,fitted,0.0065061656817532515
-2.08,512,4,fitted,0.006671037668147417
-2.07,512,4,fitted,0.006839382667987355
-2.06,512,4,fitted,0.007011256730387922
-2.05,512,4,fitted,0.007186716536876185
-2.04,512,4,fitted,0.007365819412101978
-2.0300000000000002,512,4,fitted,0.007548623335458866
-2.02,512,4,fitted,0.007735186953709132
-2.01,512,4,fitted,0.007925569594716946
-2.0,512,4,fitted,0.008119831282405716
-1.99,512,4,fitted,0.008318032753068185
-1.98,512,4,fitted,0.008520235473172063
-1.97,512,4,fitted,0.00872650165882004
-1.96,512,4,fitted,0.008936894297039606
-1.95,512,4,fitted,0.009151477169097835
-1.94,512,4,fitted,0.009370314876056383
-1.93,512,4,fitted,0.009593472866805347
-1.92,512,4,fitted,0.009821017468839045
-1.91,512,4,fitted,0.010053015922064508
-1.9,512,4,fitted,0.010289536415962584
-1.89,512,4,fitted,0.010530648130454347
-1.88,512,4,fitted,0.010776421280859951
-1.8699999999999999,512,4,fitted,0.011026927167375633
-1.8599999999999999,512,4,fitted,0.011282238229534919
-1.8499999999999999,512,4,fitted,0.011542428106165114
-1.84,512,4,fitted,0.011807571701397096
-1.83,512,4,fitted,0.012077745257338532
-1.82,512,4,fitted,0.012353026434075034
-1.81,512,4,fitted,0.012633494397723119
-1.8,512,4,fitted,0.012919229917321737
-1.79,512,4,fitted,0.013210315471416129
-1.78,512,4,fitted,0.013506835365259526
-1.77,512,4,fitted,0.01380887585963356
-1.76,512,4,fitted,0.014116525312369028
-1.75,512,4,fitted,0.014429874333732788
-1.74,512,4,fitted,0.014749015956936435
-1.73,512,4,fitted,0.015074045825115416
-1.72,512,4,fitted,0.01540506239622615
-1.71,512,4,fitted,0.015742167167410375
-1.7,512,4,fitted,0.01608546492048338
-1.69,512,4,fitted,0.016435063990312613
-1.68,512,4,fitted,0.016791076557968184
-1.67,512,4,fitted,0.01715361897064372
-1.66,512,4,fitted,0.0175228120904673
-1.65,512,4,fitted,0.017898781674444763
-1.64,512,4,fitted,0.018281658787903044
-1.63,512,4,fitted,0.018671580253926953
-1.6199999999999999,512,4,fitted,0.019068689141410168
-1.6099999999999999,512,4,fitted,0.0194731352944666
-1.5999999999999999,512,4,fitted,0.019885075906074055
-1.59,512,4,fitted,0.020304676138943854
-1.58,512,4,fitted,0.020732109796729296
-1.57,512,4,fitted,0.02116756004879921
-1.56,512,4,fitted,0.02161122021191012
-1.55,512,4,fitted,0.022063294592209882
-1.54,512,4,fitted,0.022523999391094188
-1.53,512,4,fitted,0.022993563678515704
-1.52,512,4,fitted,0.0234722304374081
-1.51,512,4,fitted,0.02396025768293615
-1.5,512,4,fitted,0.024457919660311248
-1.49,512,4,fitted,0.02496550812492156
-1.48,512,4,fitted,0.025483333708510244
-1.47,512,4,fitted,0.02601172737509572
-1.46,512,4,fitted,0.026551041970257573
-1.45,512,4,fitted,0.02710165386731139
-1.44,512,4,fitted,0.027663964713759284
-1.43,512,4,fitted,0.028238403281229937
-1.42,512,4,fitted,0.028825427421906698
-1.41,512,4,fitted,0.029425526134184456
-1.4,512,4,fitted,0.030039221739989172
-1.39,512,4,fitted,0.03066707217583859
-1.38,512,4,fitted,0.0313096733993118
-1.3699999999999999,512,4,fitted,0.031967661912129894
-1.3599999999999999,512,4,fitted,0.03264171740052286
-1.3499999999999999,512,4,fitted,0.03333256549297097
-1.3399999999999999,512,4,fitted,0.03404098063475469
-1.33,512,4,fitted,0.03476778907802799
-1.32,512,4,fitted,0.03551387198533982
-1.31,512,4,fitted,0.036280168643668745
-1.3,512,4,fitted,0.037067679785103114
-1.29,512,4,fitted,0.03787747100929315
-1.28,512,4,fitted,0.03871067630172284
-1.27,512,4,fitted,0.03956850164069586
-1.26,512,4,fitted,0.0404522286847058
-1.25,512,4,fitted,0.041363218530562726
-1.24,512,4,fitted,0.04230291553128389
-1.23,512,4,fitted,0.04327285116132279
-1.22,512,4,fitted,0.044274647915217104
-1.21,512,4,fitted,0.04531002322418159
-1.2,512,4,fitted,0.04638079337356762
-1.19,512,4,fitted,0.04748887740245709
-1.18,512,4,fitted,0.04863630096496868
-1.17,512,4,fitted,0.0498252001311309
-1.16,512,4,fitted,0.05105782510343363
-1.15,512,4,fitted,0.05233654382341544
-1.14,512,4,fitted,0.05366384544088941
-1.13,512,4,fitted,0.0550423436166704
-1.1199999999999999,512,4,fitted,0.056474779627951305
-1.1099999999999999,512,4,fitted,0.057964025243803674
-1.0999999999999999,512,4,fitted,0.059513085336661706
-1.0899999999999999,512,4,fitted,0.06112510019410479
-1.08,512,4,fitted,0.06280334749380231
-1.07,512,4,fitted,0.06455124390314027
-1.06,512,4,fitted,0.06637234626383223
-1.05,512,4,fitted,0.06827035232074946
-1.04,512,4,fitted,0.07024910095330128
-1.03,512,4,fitted,0.07231257186698228
-1.02,512,4,fitted,0.0744648847021955
-1.01,512,4,fitted,0.0767102975171812
-1.0,512,4,fitted,0.07905320460185047
-0.9899999999999998,512,4,fitted,0.08149813357956073
-0.98,512,4,fitted,0.0840497417543962
-0.9699999999999998,512,4,fitted,0.08671281166235138
-0.96,512,4,fitted,0.08949224578597047
-0.9500000000000002,512,4,fitted,0.09239306039350056
-0.94,512,4,fitted,0.09542037846546941
-0.9300000000000002,512,4,fitted,0.09857942167382791
-0.9199999999999999,512,4,fitted,0.10187550138141079
-0.9100000000000001,512,4,fitted,0.1053140086324648
-0.8999999999999999,512,4,fitted,0.10890040310840556
-0.8900000000000001,512,4,fitted,0.11264020102675984
-0.8799999999999999,512,4,fitted,0.11653896196547474
-0.8700000000000001,512,4,fitted,0.12060227459938029
-0.8599999999999999,512,4,fitted,0.12483574134062404
-0.8500000000000001,512,4,fitted,0.12924496188029408
-0.8399999999999999,512,4,fitted,0.1338355156342526
-0.8300000000000001,512,4,fitted,0.13861294310234987
-0.8199999999999998,512,4,fitted,0.14358272615670675
-0.81,512,4,fitted,0.1487502672815727
-0.7999999999999998,512,4,fitted,0.15412086779440903
-0.79,512,4,fitted,0.15969970508522813
-0.7799999999999998,512,4,fitted,0.1654918089188606
-0.77,512,4,fitted,0.17150203685262944
-0.7599999999999998,512,4,fitted,0.17773504882989272
-0.75,512,4,fitted,0.1841952810179755
-0.7399999999999998,512,4,fitted,0.19088691896715454
-0.73,512,4,fitted,0.1978138701754668
-0.7199999999999998,512,4,fitted,0.20497973615220136
-0.71,512,4,fitted,0.21238778408086753
-0.6999999999999997,512,4,fitted,0.22004091819022545
-0.69,512,4,fitted,0.2279416509494789
-0.6800000000000002,512,4,fitted,0.23609207421097275
-0.6699999999999999,512,4,fitted,0.2444938304305711
-0.6600000000000001,512,4,fitted,0.2531480841023108
-0.6499999999999999,512,4,fitted,0.26205549354982327
-0.6400000000000001,512,4,fitted,0.2712161832223297
-0.6299999999999999,512,4,fitted,0.28062971664771175
-0.6200000000000001,512,4,fitted,0.29029507019911266
-0.6099999999999999,512,4,fitted,0.30021060783475023
-0.6000000000000001,512,4,fitted,0.31037405697297604
-0.5899999999999999,512,4,fitted,0.3207824856661329
-0.5800000000000001,512,4,fitted,0.3314322812372955
-0.5699999999999998,512,4,fitted,0.3423191305435821
-0.56,512,4,fitted,0.35343800202825104
-0.5499999999999998,512,4,fitted,0.3647831297213254
-0.54,512,4,fitted,0.37634799934486396
-0.5299999999999998,512,4,fitted,0.38812533667433813
-0.52,512,4,fitted,0.4001070983017195
-0.5099999999999998,512,4,fitted,0.4122844649389774
-0.5,512,4,fitted,0.42464783739257994
-0.48999999999999977,512,4,fitted,0.4371868353304483
-0.48,512,4,fitted,0.4498902989525093
-0.46999999999999975,512,4,fitted,0.46274629366468717
-0.45999999999999996,512,4,fitted,0.4757421178437865
-0.44999999999999973,512,4,fitted,0.48886431376741823
-0.43999999999999995,512,4,fitted,0.5020986817688311
-0.43000000000000016,512,4,fitted,0.5154302976614451
-0.41999999999999993,512,4,fitted,0.5288435334619663
-0.41000000000000014,512,4,fitted,0.5423220814244093
-0.3999999999999999,512,4,fitted,0.5558489813801701
-0.3900000000000001,512,4,fitted,0.569406651361597
-0.3799999999999999,512,4,fitted,0.5829769214684486
-0.3700000000000001,512,4,fitted,0.5965410709182349
-0.3599999999999999,512,4,fitted,0.6100798682029271
-0.3500000000000001,512,4,fitted,0.6235736142559107
-0.33999999999999986,512,4,fitted,0.6370021885145848
-0.33000000000000007,512,4,fitted,0.6503450977456744
-0.31999999999999984,512,4,fitted,0.6635815274824022
-0.31000000000000005,512,4,fitted,0.6766903959051357
-0.2999999999999998,512,4,fitted,0.689650409980269
-0.29000000000000004,512,4,fitted,0.7024401236558981
-0.2799999999999998,512,4,fitted,0.7150379978975734
-0.27,512,4,fitted,0.7274224623330419
-0.2599999999999998,512,4,fitted,0.7395719782616964
-0.25,512,4,fitted,0.7514651027723735
-0.23999999999999977,512,4,fitted,0.7630805537024729
-0.22999999999999998,512,4,fitted,0.774397275162019
-0.21999999999999975,512,4,fitted,0.7853945033385217
-0.20999999999999996,512,4,fitted,0.7960518322922256
-0.19999999999999973,512,4,fitted,0.8063492794467904
-0.18999999999999995,512,4,fitted,0.8162673504775295
-0.18000000000000016,512,4,fitted,0.8257871032982368
-0.16999999999999993,512,4,fitted,0.8348902108482483
-0.16000000000000014,512,4,fitted,0.8435590223838507
-0.1499999999999999,512,4,fitted,0.8517766229823996
-0.14000000000000012,512,4,fitted,0.8595268909735454
-0.1299999999999999,512,4,fitted,0.8667945530198119
-0.1200000000000001,512,4,fitted,0.8735652365783205
-0.10999999999999988,512,4,fitted,0.8798255194867318
-0.10000000000000009,512,4,fitted,0.8855629764293538
-0.08999999999999986,512,4,fitted,0.8907662220538363
-0.08000000000000007,512,4,fitted,0.8954249505247771
-0.06999999999999984,512,4,fitted,0.8995299713178837
-0.06000000000000005,512,4,fitted,0.9030732410768778
-0.04999999999999982,512,4,fitted,0.9060478913750664
-0.040000000000000036,512,4,fitted,0.9084482522442062
-0.029999999999999805,512,4,fitted,0.9102698713549255
-0.020000000000000018,512,4,fitted,0.9115095287553059
-0.009999999999999787,512,4,fitted,0.9121652470971783
0.0,512,4,fitted,0.9122362973030685
0.010000000000000231,512,4,fitted,0.9117231996503918
0.020000000000000018,512,4,fitted,0.910627720273286
0.03000000000000025,512,4,fitted,0.908952863106216
0.040000000000000036,512,4,fitted,0.906702857317049
0.050000000000000266,512,4,fitted,0.9038831403004876
0.06000000000000005,512,4,fitted,0.900500336325454
0.07000000000000028,512,4,fitted,0.8965622309520536
0.08000000000000007,512,4,fitted,0.8920777413549833
0.08999999999999986,512,4,fitted,0.8870568827105554
0.10000000000000009,512,4,fitted,0.8815107308237404
0.10999999999999988,512,4,fitted,0.8754513811896812
0.1200000000000001,512,4,fitted,0.8688919047008798
0.1299999999999999,512,4,fitted,0.8618463002266155
0.14000000000000012,512,4,fitted,0.8543294443050075
0.1499999999999999,512,4,fitted,0.8463570382004538
0.16000000000000014,512,4,fitted,0.8379455525898314
0.16999999999999993,512,4,fitted,0.8291121701498558
0.18000000000000016,512,4,fitted,0.8198747263252544
0.18999999999999995,512,4,fitted,0.8102516485629551
0.20000000000000018,512,4,fitted,0.8002618943012502
0.20999999999999996,512,4,fitted,0.7899248880049263
0.2200000000000002,512,4,fitted,0.7792604575376135
0.22999999999999998,512,4,fitted,0.7682887701611872
0.2400000000000002,512,4,fitted,0.7570302684489117
0.25,512,4,fitted,0.745505606394308
0.26000000000000023,512,4,fitted,0.7337355859913797
0.27,512,4,fitted,0.7217410945540721
0.28000000000000025,512,4,fitted,0.7095430430335842
0.29000000000000004,512,4,fitted,0.6971623055816583
0.30000000000000027,512,4,fitted,0.6846196605961714
0.31000000000000005,512,4,fitted,0.6719357334725137
0.3200000000000003,512,4,fitted,0.6591309412703064
0.33000000000000007,512,4,fitted,0.6462254394902717
0.33999999999999986,512,4,fitted,0.6332390711404656
0.3500000000000001,512,4,fitted,0.6201913182549069
0.3599999999999999,512,4,fitted,0.6071012560108721
0.3700000000000001,512,4,fitted,0.5939875095739754
0.3799999999999999,512,4,fitted,0.5808682137827424
0.3900000000000001,512,4,fitted,0.5677609757667601
0.3999999999999999,512,4,fitted,0.5546828405748904
0.41000000000000014,512,4,fitted,0.5416502598724382
0.41999999999999993,512,4,fitted,0.5286790637488388
0.43000000000000016,512,4,fitted,0.5157844356603132
0.43999999999999995,512,4,fitted,0.5029808905153134
0.4500000000000002,512,4,fitted,0.4902822558943559
0.45999999999999996,512,4,fitted,0.47770165638029416
0.4700000000000002,512,4,fitted,0.4652515009601079
0.48,512,4,fitted,0.4529434734451457
0.4900000000000002,512,4,fitted,0.4407885258433343
0.5,512,4,fitted,0.4287968746043972
0.5100000000000002,512,4,fitted,0.416977999647485
0.52,512,4,fitted,0.40534064607001724
0.5300000000000002,512,4,fitted,0.3938928284268457
0.54,512,4,fitted,0.3826418374602485
0.5500000000000003,512,4,fitted,0.37159424915361583
0.56,512,4,fitted,0.36075593597515954
0.5700000000000003,512,4,fitted,0.35013208017240566
0.5800000000000001,512,4,fitted,0.33972718897376775
0.5899999999999999,512,4,fitted,0.3295451115499787
0.6000000000000001,512,4,fitted,0.3195890575857019
0.6099999999999999,512,4,fitted,0.30986161731010375
0.6200000000000001,512,4,fitted,0.3003647828345872
0.6299999999999999,512,4,fitted,0.29109997064621357
0.6400000000000001,512,4,fitted,0.28206804510648525
0.6499999999999999,512,4,fitted,0.2732693428071582
0.6600000000000001,512,4,fitted,0.2647036976374641
0.6699999999999999,512,4,fitted,0.2563704664205736
0.6800000000000002,512,4,fitted,0.24826855498119343
0.69,512,4,fitted,0.24039644451087885
0.7000000000000002,512,4,fitted,0.2327522181028171
0.71,512,4,fitted,0.2253335873335294
0.7200000000000002,512,4,fitted,0.2181379187749899
0.73,512,4,fitted,0.21116226032710594
0.7400000000000002,512,4,fitted,0.20440336726719704
0.75,512,4,fitted,0.19785772792007233
0.7600000000000002,512,4,fitted,0.191521588859406
0.77,512,4,fitted,0.18539097955836398
0.7800000000000002,512,4,fitted,0.17946173641471966
0.79,512,4,fitted,0.17372952608303271
0.8000000000000003,512,4,fitted,0.16818986805373307
0.81,512,4,fitted,0.1628381564261788
0.8200000000000003,512,4,fitted,0.15766968082983226
0.8300000000000001,512,4,fitted,0.15267964645464854
0.8399999999999999,512,4,fitted,0.14786319315850105
0.8500000000000001,512,4,fitted,0.14321541362600138
0.8599999999999999,512,4,fitted,0.13873137055933518
0.8700000000000001,512,4,fitted,0.1344061128877307
0.8799999999999999,512,4,fitted,0.13023469098788396
0.8900000000000001,512,4,fitted,0.1262121709130396
0.8999999999999999,512,4,fitted,0.12233364763349616
0.9100000000000001,512,4,fitted,0.11859425729601308
0.9199999999999999,512,4,fitted,0.11498918851397857
0.9300000000000002,512,4,fitted,0.1115136927042085
0.94,512,4,fitted,0.10816309348992173
0.9500000000000002,512,4,fitted,0.10493279519274037
0.96,512,4,fitted,0.10181829043953339
0.9700000000000002,512,4,fitted,0.09881516691252912
0.98,512,4,fitted,0.09591911327340784
0.9900000000000002,512,4,fitted,0.09312592429402371
1.0,512,4,fitted,0.09043150522804305
1.0099999999999998,512,4,fitted,0.08783187545909957
1.0200000000000005,512,4,fitted,0.08532317146210242
1.0300000000000002,512,4,fitted,0.08290164911508052
1.04,512,4,fitted,0.08056368539943023
1.0499999999999998,512,4,fitted,0.07830577952668188
1.0600000000000005,512,4,fitted,0.07612455352990129
1.0700000000000003,512,4,fitted,0.07401675235764515
1.08,512,4,fitted,0.07197924350798365
1.0899999999999999,512,4,fitted,0.07000901623953174
1.0999999999999996,512,4,fitted,0.06810318039568372
1.1100000000000003,512,4,fitted,0.06625896487736423
1.12,512,4,fitted,0.06447371579859569
1.13,512,4,fitted,0.06274489435805458
1.1399999999999997,512,4,fitted,0.06107007445857357
1.1500000000000004,512,4,fitted,0.0594469401052396
1.1600000000000001,512,4,fitted,0.057873282611374685
1.17,512,4,fitted,0.056346997640261826
1.1799999999999997,512,4,fitted,0.05486608210902404
1.1900000000000004,512,4,fitted,0.05342863097957288
1.2000000000000002,512,4,fitted,0.05203283396004385
1.21,512,4,fitted,0.05067697213862493
1.2199999999999998,512,4,fitted,0.04935941457018606
1.2300000000000004,512,4,fitted,0.04807861483462271
1.2400000000000002,512,4,fitted,0.04683310758436273
1.25,512,4,fitted,0.045621505097041784
1.2599999999999998,512,4,fitted,0.04444249384795351
1.2700000000000005,512,4,fitted,0.0432948311155117
1.2800000000000002,512,4,fitted,0.0421773416316475
1.29,512,4,fitted,0.04108891428779226
1.2999999999999998,512,4,fitted,0.04002849890588553
1.3100000000000005,512,4,fitted,0.038995103082683585
1.3200000000000003,512,4,fitted,0.037987789114544854
1.33,512,4,fitted,0.03700567100882364
1.3399999999999999,512,4,fitted,0.03604791158702432
1.3500000000000005,512,4,fitted,0.03511371968394412
1.3600000000000003,512,4,fitted,0.03420234744617405
1.37,512,4,fitted,0.03331308773252649
1.38,512,4,fitted,0.03244527161821993
1.3899999999999997,512,4,fitted,0.031598266003968194
1.4000000000000004,512,4,fitted,0.030771471330498706
1.4100000000000001,512,4,fitted,0.029964319398456757
1.42,512,4,fitted,0.029176271293136744
1.4299999999999997,512,4,fitted,0.028406815413021994
1.4400000000000004,512,4,fitted,0.02765546560069932
1.4500000000000002,512,4,fitted,0.026921759374351532
1.46,512,4,fitted,0.026205256257708896
1.4699999999999998,512,4,fitted,0.025505536206065438
1.4800000000000004,512,4,fitted,0.024822198125726003
1.4900000000000002,512,4,fitted,0.024154858484051772
1.5,512,4,fitted,0.023503150007105227
1.5099999999999998,512,4,fitted,0.022866720461765317
1.5200000000000005,512,4,fitted,0.022245231519078906
1.5300000000000002,512,4,fitted,0.021638357695541573
1.54,512,4,fitted,0.021045785368949847
1.5499999999999998,512,4,fitted,0.020467211865442494
1.5600000000000005,512,4,fitted,0.01990234461434113
1.5700000000000003,512,4,fitted,0.0193509003674149
1.58,512,4,fitted,0.018812604479222856
1.5899999999999999,512,4,fitted,0.018287190245233974
1.6000000000000005,512,4,fitted,0.01777439829448101
1.6100000000000003,512,4,fitted,0.017273976033574917
1.62,512,4,fitted,0.016785677138984153
1.63,512,4,fitted,0.016309261094572015
1.6399999999999997,512,4,fitted,0.015844492771477786
1.6500000000000004,512,4,fitted,0.015391142047527916
1.6600000000000001,512,4,fitted,0.014948983463467607
1.67,512,4,fitted,0.014517795913409803
1.6799999999999997,512,4,fitted,0.014097362367009822
1.6900000000000004,512,4,fitted,0.013687469620983697
1.7000000000000002,512,4,fitted,0.013287908077701405
1.71,512,4,fitted,0.01289847154869686
1.7199999999999998,512,4,fitted,0.012518957081049352
1.7300000000000004,512,4,fitted,0.012149164804699577
1.7400000000000002,512,4,fitted,0.011788897798872603
1.75,512,4,fitted,0.01143796197588543
1.7599999999999998,512,4,fitted,0.011096165980721304
1.7700000000000005,512,4,fitted,0.010763321104852577
1.7800000000000002,512,4,fitted,0.010439241212892268
1.79,512,4,fitted,0.010123742680748015
1.7999999999999998,512,4,fitted,0.009816644344043907
1.8100000000000005,512,4,fitted,0.009517767455661824
1.8200000000000003,512,4,fitted,0.009226935651338232
1.83,512,4,fitted,0.008943974922331548
1.8399999999999999,512,4,fitted,0.008668713594251963
1.8500000000000005,512,4,fitted,0.008400982311217105
1.8600000000000003,512,4,fitted,0.00814061402456616
1.87,512,4,fitted,0.007887443985429177
1.88,512,4,fitted,0.007641309740510473
1.8899999999999997,512,4,fitted,0.007402051130501847
1.9000000000000004,512,4,fitted,0.00716951029059603
1.9100000000000001,512,4,fitted,0.00694353165262162
1.92,512,4,fitted,0.006723961948367998
1.9299999999999997,512,4,fitted,0.006510650213713903
1.9400000000000004,512,4,fitted,0.006303447793213977
1.9500000000000002,512,4,fitted,0.006102208344836839
1.96,512,4,fitted,0.0059067878445834155
1.9699999999999998,512,4,fitted,0.005717044590748067
1.9800000000000004,512,4,fitted,0.005532839207615066
1.9900000000000002,512,4,fitted,0.0053540346484116895
2.0,512,4,fitted,0.005180496197364678
2.01,512,4,fitted,0.005012091470731298
2.0200000000000005,512,4,fitted,0.004848690416697432
2.0300000000000002,512,4,fitted,0.004690165314055489
2.04,512,4,fitted,0.004536390769592688
2.05,512,4,fitted,0.004387243714137184
2.0600000000000005,512,4,fitted,0.004242603397223948
2.0700000000000003,512,4,fitted,0.004102351380356114
2.08,512,4,fitted,0.003966371528849125
2.09,512,4,fitted,0.0038345500022564667
2.1000000000000005,512,4,fitted,0.003706775243384661
2.1100000000000003,512,4,fitted,0.0035829379659143012
2.12,512,4,fitted,0.003462931140650946
2.13,512,4,fitted,0.003346649980436695
2.1399999999999997,512,4,fitted,0.0032339919237586385
2.1500000000000004,512,4,fitted,0.0031248566170954143
2.16,512,4,fitted,0.0030191458960473353
2.17,512,4,fitted,0.0029167637652988947
2.1799999999999997,512,4,fitted,0.0028176163774655764
2.1900000000000004,512,4,fitted,0.002721612010879059
2.2,512,4,fitted,0.0026286610463668266
2.21,512,4,fitted,0.00253867594308345
2.2199999999999998,512,4,fitted,0.002451571213451993
2.2300000000000004,512,4,fitted,0.0023672633972742713
2.24,512,4,fitted,0.0022856710350691984
2.25,512,4,fitted,0.002206714640698106
2.26,512,4,fitted,0.0021303166733359037
2.2700000000000005,512,4,fitted,0.0020564015088460493
2.2800000000000002,512,4,fitted,0.001984895410616745
2.29,512,4,fitted,0.0019157264999145542
2.3,512,4,fitted,0.0018488247258107464
2.3100000000000005,512,4,fitted,0.0017841218347341458
2.3200000000000003,512,4,fitted,0.001721551339702998
2.33,512,4,fitted,0.0016610484892867013
2.34,512,4,fitted,0.001602550236346836
2.3500000000000005,512,4,fitted,0.0015459952066050303
2.3600000000000003,512,4,fitted,0.0014913236670836354
2.37,512,4,fitted,0.0014384774944632313
2.38,512,4,fitted,0.0013874001433993458
2.3899999999999997,512,4,fitted,0.0013380366148387792
2.4000000000000004,512,4,fitted,0.0012903334243741305
2.41,512,4,fitted,0.0012442385706732876
2.42,512,4,fitted,0.0011997015040186867
2.4299999999999997,512,4,fitted,0.0011566730949894586
2.4400000000000004,512,4,fitted,0.0011151056033175744
2.45,512,4,fitted,0.0010749526469474462
2.46,512,4,fitted,0.0010361691713265014
2.4699999999999998,512,4,fitted,0.0009987114189526833
2.4800000000000004,512,4,fitted,0.0009625368992029415
2.49,512,4,fitted,0.0009276043584652221
2.5,512,4,fitted,0.0008938737505947252
2.51,512,4,fitted,0.0008613062077137376
2.5200000000000005,512,4,fitted,0.0008298640113726767
2.5300000000000002,512,4,fitted,0.0007995105640885592
2.54,512,4,fitted,0.0007702103612756093
2.55,512,4,fitted,0.0007419289635813924
2.5600000000000005,512,4,fitted,0.0007146329696404237
2.5700000000000003,512,4,fitted,0.0006882899892559849
2.58,512,4,fitted,0.0006628686170195536
2.59,512,4,fitted,0.0006383384063761557
2.6000000000000005,512,4,fitted,0.0006146698441427153
2.6100000000000003,512,4,fitted,0.000591834325485453
2.62,512,4,fitted,0.0005698041293612875
2.63,512,4,fitted,0.0005485523944272705
2.6399999999999997,512,4,fitted,0.000528053095421092
2.6500000000000004,512,4,fitted,0.0005082810200148232
2.66,512,4,fitted,0.0004892117461432346
2.67,512,4,fitted,0.0004708216198071964
2.6799999999999997,512,4,fitted,0.0004530877333519736
2.6900000000000004,512,4,fitted,0.00043598790421947174
2.7,512,4,fitted,0.0004195006541728666
2.71,512,4,fitted,0.0004036051889914056
2.7199999999999998,512,4,fitted,0.00038828137863262415
2.7300000000000004,512,4,fitted,0.0003735097378586652
2.74,512,4,fitted,0.00035927140732289913
2.75,512,4,fitted,0.00034554813511256626
2.76,512,4,fitted,0.0003323222587427917
2.7700000000000005,512,4,fitted,0.00031957668759686434
2.7800000000000002,512,4,fitted,0.0003072948858073849
2.79,512,4,fitted,0.0002954608555725054
2.8,512,4,fitted,0.0002840591209012502
2.8100000000000005,512,4,fitted,0.0002730747117815971
2.8200000000000003,512,4,fitted,0.00026249314876479685
2.83,512,4,fitted,0.00025230042795917727
2.84,512,4,fitted,0.00024248300642652507
2.8500000000000005,512,4,fitted,0.00023302778797395127
2.8600000000000003,512,4,fitted,0.00022392210933404048
2.87,512,4,fitted,0.00021515372672594143
2.88,512,4,fitted,0.00020671080278999695
2.8899999999999997,512,4,fitted,0.00019858189388841313
2.9000000000000004,512,4,fitted,0.00019075593776442677
2.91,512,4,fitted,0.0001832222415523895
2.92,512,4,fitted,0.00017597047013116125
2.9299999999999997,512,4,fitted,0.00016899063481321292
2.9400000000000004,512,4,fitted,0.0001622730823618284
2.95,512,4,fitted,0.00015580848432883635
2.96,512,4,fitted,0.00014958782670531102
2.9699999999999998,512,4,fitted,0.00014360239987775596
2.9800000000000004,512,4,fitted,0.00013784378888231138
2.99,512,4,fitted,0.00013230386394960905
3.0,512,4,fitted,0.00012697477133295594
-3.0,512,8,fitted,0.0004495219799434422
-2.99,512,8,fitted,0.00046376200122925454
-2.98,512,8,fitted,0.00047840087784840847
-2.97,512,8,fitted,0.000493447997246063
-2.96,512,8,fitted,0.0005089129118355325
-2.95,512,8,fitted,0.0005248053402930771
-2.94,512,8,fitted,0.0005411351688187788
-2.93,512,8,fitted,0.0005579124523622898
-2.92,512,8,fitted,0.0005751474158123116
-2.91,512,8,fitted,0.0005928504551486022
-2.9,512,8,fitted,0.0006110321385554198
-2.89,512,8,fitted,0.0006297032074952474
-2.88,512,8,fitted,0.0006488745777417395
-2.87,512,8,fitted,0.0006685573403708119
-2.86,512,8,fitted,0.0006887627627088689
-2.85,512,8,fitted,0.000709502289237157
-2.84,512,8,fitted,0.0007307875424513305
-2.83,512,8,fitted,0.0007526303236752978
-2.82,512,8,fitted,0.0007750426138285374
-2.81,512,8,fitted,0.0007980365741460608
-2.8,512,8,fitted,0.0008216245468503353
-2.79,512,8,fitted,0.0008458190557744724
-2.78,512,8,fitted,0.0008706328069361441
-2.77,512,8,fitted,0.0008960786890617003
-2.76,512,8,fitted,0.0009221697740601233
-2.75,512,8,fitted,0.0009489193174464842
-2.74,512,8,fitted,0.0009763407587147563
-2.73,512,8,fitted,0.001004447721659899
-2.7199999999999998,512,8,fitted,0.0010332540146492928
-2.71,512,8,fitted,0.0010627736308437506
-2.7,512,8,fitted,0.0010930207483684955
-2.69,512,8,fitted,0.0011240097304346494
-2.68,512,8,fitted,0.0011557551254119966
-2.67,512,8,fitted,0.0011882716668540016
-2.66,512,8,fitted,0.0012215742734762549
-2.65,512,8,fitted,0.0012556780490898286
-2.64,512,8,fitted,0.0012905982824912405
-2.63,512,8,fitted,0.0013263504473111011
-2.62,512,8,fitted,0.0013629502018237599
-2.61,512,8,fitted,0.00140041338872073
-2.6,512,8,fitted,0.0014387560348509683
-2.59,512,8,fitted,0.0014779943509316074
-2.58,512,8,fitted,0.0015181447312331308
-2.57,512,8,fitted,0.00155922375324357
-2.56,512,8,fitted,0.0016012481773167854
-2.55,512,8,fitted,0.0016442349463106128
-2.54,512,8,fitted,0.0016882011852211868
-2.53,512,8,fitted,0.0017331642008206363
-2.52,512,8,fitted,0.001779141481305991
-2.51,512,8,fitted,0.0018261506959681513
-2.5,512,8,fitted,0.0018742096948905725
-2.49,512,8,fitted,0.0019233365086884816
-2.48,512,8,fitted,0.001973549348300431
-2.4699999999999998,512,8,fitted,0.0020248666048453038
-2.46,512,8,fitted,0.0020773068495591645
-2.45,512,8,fitted,0.0021308888338278102
-2.44,512,8,fitted,0.002185631489332354
-2.4299999999999997,512,8,fitted,0.0022415539283269846
-2.42,512,8,fitted,0.0022986754440697935
-2.41,512,8,fitted,0.0023570155114295624
-2.4,512,8,fitted,0.002416593787693573
-2.39,512,8,fitted,0.002477430113603792
-2.38,512,8,fitted,0.0025395445146513896
-2.37,512,8,fitted,0.002602957202662131
-2.36,512,8,fitted,0.002667688577708283
-2.35,512,8,fitted,0.0027337592303857193
-2.34,512,8,fitted,0.002801189944498427
-2.33,512,8,fitted,0.0028700017001962535
-2.32,512,8,fitted,0.00294021567761575
-2.31,512,8,fitted,0.0030118532610782078
-2.3,512,8,fitted,0.003084936043903676
-2.29,512,8,fitted,0.003159485833904556
-2.2800000000000002,512,8,fitted,0.0032355246596278684
-2.27,512,8,fitted,0.003313074777420825
-2.26,512,8,fitted,0.0033921586794005364
-2.25,512,8,fitted,0.003472799102415286
-2.24,512,8,fitted,0.003555019038091686
-2.23,512,8,fitted,0.0036388417440696547
-2.2199999999999998,512,8,fitted,0.0037242907565350368
-2.21,512,8,fitted,0.0038113899041684147
-2.2,512,8,fitted,0.003900163323637617
-2.19,512,8,fitted,0.003990635476771173
-2.1799999999999997,512,8,fitted,0.0040828311695603825
-2.17,512,8,fitted,0.0041767755731486125
-2.16,512,8,fitted,0.004272494246978051
-2.15,512,8,fitted,0.0043700131642766685
-2.14,512,8,fitted,0.004469358740081067
-2.13,512,8,fitted,0.004570557862005124
-2.12,512,8,fitted,0.004673637923978585
-2.11,512,8,fitted,0.004778626863195799
-2.1,512,8,fitted,0.00488555320053071
-2.09,512,8,fitted,0.004994446084691868
-2.08,512,8,fitted,0.005105335340409102
-2.07,512,8,fitted,0.005218251520962859
-2.06,512,8,fitted,0.0053332259653870295
-2.05,512,8,fitted,0.005450290860697344
-2.04,512,8,fitted,0.005569479309519212
-2.0300000000000002,512,8,fitted,0.005690825403512091
-2.02,512,8,fitted,0.00581436430301134
-2.01,512,8,fitted,0.0059401323233336115
-2.0,512,8,fitted,0.00606816702821785
-1.99,512,8,fitted,0.006198507330901093
-1.98,512,8,fitted,0.006331193603356072
-1.97,512,8,fitted,0.006466267794246983
-1.96,512,8,fitted,0.006603773556189338
-1.95,512,8,fitted,0.006743756382931136
-1.94,512,8,fitted,0.006886263757103834
-1.93,512,8,fitted,0.007031345309224666
-1.92,512,8,fitted,0.0071790529886647395
-1.91,512,8,fitted,0.007329441247331711
-1.9,512,8,fitted,0.007482567236850115
-1.89,512,8,fitted,0.007638491020057843
-1.88,512,8,fitted,0.007797275797672416
-1.8699999999999999,512,8,fitted,0.007958988151016802
-1.8599999999999999,512,8,fitted,0.008123698301730025
-1.8499999999999999,512,8,fitted,0.008291480389423941
-1.84,512,8,fitted,0.008462412768282896
-1.83,512,8,fitted,0.008636578323638327
-1.82,512,8,fitted,0.00881406480958479
-1.81,512,8,fitted,0.00899496520873755
-1.8,512,8,fitted,0.009179378115264538
-1.79,512,8,fitted,0.00936740814235627
-1.78,512,8,fitted,0.009559166355327142
-1.77,512,8,fitted,0.009754770731568382
-1.76,512,8,fitted,0.009954346648598233
-1.75,512,8,fitted,0.010158027401476939
-1.74,512,8,fitted,0.010365954750873013
-1.73,512,8,fitted,0.01057827950308275
-1.72,512,8,fitted,0.010795162123316143
-1.71,512,8,fitted,0.011016773383568962
-1.7,512,8,fitted,0.011243295046402717
-1.69,512,8,fitted,0.011474920585949658
-1.68,512,8,fitted,0.01171185594745069
-1.67,512,8,fitted,0.011954320346616067
-1.66,512,8,fitted,0.012202547110075533
-1.65,512,8,fitted,0.012456784558151355
-1.64,512,8,fitted,0.012717296931147327
-1.63,512,8,fitted,0.01298436536029601
-1.6199999999999999,512,8,fitted,0.013258288884446478
-1.6099999999999999,512,8,fitted,0.013539385513503213
-1.5999999999999999,512,8,fitted,0.013827993339544441
-1.59,512,8,fitted,0.01412447169645307
-1.58,512,8,fitted,0.014429202368785587
-1.57,512,8,fitted,0.014742590850482393
-1.56,512,8,fitted,0.015065067653887173
-1.55,512,8,fitted,0.015397089669391408
-1.54,512,8,fitted,0.01573914157585265
-1.53,512,8,fitted,0.016091737301751514
-1.52,512,8,fitted,0.016455421536850715
-1.51,512,8,fitted,0.016830771293900332
-1.5,512,8,fitted,0.01721839751969534
-1.49,512,8,fitted,0.017618946754534494
-1.48,512,8,fitted,0.018033102838852535
-1.47,512,8,fitted,0.018461588665500905
-1.46,512,8,fitted,0.018905167975834247
-1.45,512,8,fitted,0.019364647197421786
-1.44,512,8,fitted,0.019840877320842918
-1.43,512,8,fitted,0.020334755812645728
-1.42,512,8,fitted,0.020847228561145115
-1.41,512,8,fitted,0.021379291851314423
-1.4,512,8,fitted,0.021931994364580192
-1.39,512,8,fitted,0.022506439198866038
-1.38,512,8,fitted,0.023103785903746902
-1.3699999999999999,512,8,fitted,0.023725252525072134
-1.3599999999999999,512,8,fitted,0.0243721176528939
-1.3499999999999999,512,8,fitted,0.02504572246599912
-1.3399999999999999,512,8,fitted,0.025747472765788076
-1.33,512,8,fitted,0.02647884099167408
-1.32,512,8,fitted,0.02724136820959669
-1.31,512,8,fitted,0.028036666064648323
-1.3,512,8,fitted,0.028866418688213238
-1.29,512,8,fitted,0.029732384549409914
-1.28,512,8,fitted,0.03063639824001757
-1.27,512,8,fitted,0.03158037218145497
-1.26,512,8,fitted,0.03256629824177159
-1.25,512,8,fitted,0.0335962492500066
-1.24,512,8,fitted,0.03467238039467858
-1.23,512,8,fitted,0.03579693049258749
-1.22,512,8,fitted,0.03697222311354842
-1.21,512,8,fitted,0.03820066754613537
-1.2,512,8,fitted,0.03948475958899967
-1.19,512,8,fitted,0.040827082151844885
-1.18,512,8,fitted,0.04223030564969392
-1.17,512,8,fitted,0.04369718817368044
-1.16,512,8,fitted,0.0452305754212391
-1.15,512,8,fitted,0.04683340036826613
-1.14,512,8,fitted,0.04850868266557555
-1.13,512,8,fitted,0.050259527741796074
-1.1199999999999999,512,8,fitted,0.052089125594742755
-1.1099999999999999,512,8,fitted,0.054000749253263515
-1.0999999999999999,512,8,fitted,0.05599775289160808
-1.0899999999999999,512,8,fitted,0.05808356957850346
-1.08,512,8,fitted,0.06026170864334924
-1.07,512,8,fitted,0.06253575264227618
-1.06,512,8,fitted,0.06490935390724491
-1.05,512,8,fitted,0.0673862306619084
-1.04,512,8,fitted,0.06997016268861993
-1.03,512,8,fitted,0.07266498653175034
-1.02,512,8,fitted,0.07547459022338239
-1.01,512,8,fitted,0.078402907518483
-1.0,512,8,fitted,0.08145391162781922
-0.9899999999999998,512,8,fitted,0.08463160843818225
-0.98,512,8,fitted,0.08794002921091959
-0.9699999999999998,512,8,fitted,0.09138322275135002
-0.96,512,8,fitted,0.09496524704334583
-0.9500000000000002,512,8,fitted,0.09869016034522302
-0.94,512,8,fitted,0.10256201174506424
-0.9300000000000002,512,8,fitted,0.10658483117572798
-0.9199999999999999,512,8,fitted,0.11076261889205917
-0.9100000000000001,512,8,fitted,0.11509933441519773
-0.8999999999999999,512,8,fitted,0.11959888495140727
-0.8900000000000001,512,8,fitted,0.12426511329546819
-0.8799999999999999,512,8,fitted,0.12910178523143773
-0.8700000000000001,512,8,fitted,0.13411257644641914
-0.8599999999999999,512,8,fitted,0.13930105897594086
-0.8500000000000001,512,8,fitted,0.14467068720256634
-0.8399999999999999,512,8,fitted,0.15022478343247378
-0.8300000000000001,512,8,fitted,0.1559665230778992
-0.8199999999999998,512,8,fitted,0.1618989194765656
-0.81,512,8,fitted,0.16802480838245307
-0.7999999999999998,512,8,fitted,0.17434683216554744
-0.79,512,8,fitted,0.18086742376145115
-0.7799999999999998,512,8,fitted,0.18758879041500806
-0.77,512,8,fitted,0.19451289726528465
-0.7599999999999998,512,8,fitted,0.20164145082242688
-0.75,512,8,fitted,0.20897588238996964
-0.7399999999999998,512,8,fitted,0.21651733148917995
-0.73,512,8,fitted,0.2242666293448572
-0.7199999999999998,512,8,fitted,0.23222428249475854
-0.71,512,8,fitted,0.2403904565873563
-0.6999999999999997,512,8,fitted,0.2487649604350307
-0.69,512,8,fitted,0.257347230391949
-0.6800000000000002,512,8,fitted,0.2661363151278391
-0.6699999999999999,512,8,fitted,0.2751308608705353
-0.6600000000000001,512,8,fitted,0.2843290971915964
-0.6499999999999999,512,8,fitted,0.29372882341041673
-0.6400000000000001,512,8,fitted,0.30332739569304124
-0.6299999999999999,512,8,fitted,0.31312171492238755
-0.6200000000000001,512,8,fitted,0.32310821541667223
-0.6099999999999999,512,8,fitted,0.3332828545726154
-0.6000000000000001,512,8,fitted,0.3436411035093381
-0.5899999999999999,512,8,fitted,0.3541779387878644
-0.5800000000000001,512,8,fitted,0.3648878352796744
-0.5699999999999998,512,8,fitted,0.37576476025592453
-0.56,512,8,fitted,0.3868021687666429
-0.5499999999999998,512,8,fitted,0.3979930003765182
-0.54,512,8,fitted,0.4093296773207284
-0.5299999999999998,512,8,fitted,0.42080410414069974
-0.52,512,8,fitted,0.43240766885564613
-0.5099999999999998,512,8,fitted,0.4441312457213253
-0.5,512,8,fitted,0.45596519962256277
-0.48999999999999977,512,8,fitted,0.4678993921408587
-0.48,512,8,fitted,0.4799231893327001
-0.46999999999999975,512,8,fitted,0.49202547124819873
-0.45999999999999996,512,8,fitted,0.5041946432132475
-0.44999999999999973,512,8,fitted,0.5164186488916954
-0.43999999999999995,512,8,fitted,0.5286849851369686
-0.43000000000000016,512,8,fitted,0.5409807186352847
-0.41999999999999993,512,8,fitted,0.5532925043350103
-0.41000000000000014,512,8,fitted,0.5656066056489486
-0.3999999999999999,512,8,fitted,0.5779089164083846
-0.3900000000000001,512,8,fitted,0.5901849845395947
-0.3799999999999999,512,8,fitted,0.6024200374253561
-0.3700000000000001,512,8,fitted,0.614599008905694
-0.3599999999999999,512,8,fitted,0.6267065678638746
-0.3500000000000001,512,8,fitted,0.6387271483353624
-0.33999999999999986,512,8,fitted,0.6506449810693443
-0.33000000000000007,512,8,fitted,0.6624441264643423
-0.31999999999999984,512,8,fitted,0.6741085087916076
-0.31000000000000005,512,8,fitted,0.6856219516123201
-0.2999999999999998,512,8,fitted,0.69696821428727
-0.29000000000000004,512,8,fitted,0.7081310294706178
-0.2799999999999998,512,8,fitted,0.7190941414726739
-0.27,512,8,fitted,0.7298413453703266
-0.2599999999999998,512,8,fitted,0.7403565267379599
-0.25,512,8,fitted,0.7506237018663491
-0.23999999999999977,512,8,fitted,0.7606270583322681
-0.22999999999999998,512,8,fitted,0.7703509957773045
-0.21999999999999975,512,8,fitted,0.7797801667508168
-0.20999999999999996,512,8,fitted,0.7888995174689882
-0.19999999999999973,512,8,fitted,0.7976943283396832
-0.18999999999999995,512,8,fitted,0.8061502541012139
-0.18000000000000016,512,8,fitted,0.81425336342229
-0.16999999999999993,512,8,fitted,0.8219901778102903
-0.16000000000000014,512,8,fitted,0.8293477096756396
-0.1499999999999999,512,8,fitted,0.8363134994014736
-0.14000000000000012,512,8,fitted,0.8428756512699151
-0.1299999999999999,512,8,fitted,0.8490228680992365
-0.1200000000000001,512,8,fitted,0.854744484449834
-0.10999999999999988,512,8,fitted,0.8600304982614007
-0.10000000000000009,512,8,fitted,0.8648716007888211
-0.08999999999999986,512,8,fitted,0.8692592047102099
-0.08000000000000007,512,8,fitted,0.8731854702870696
-0.06999999999999984,512,8,fitted,0.8766433294637824
-0.06000000000000005,512,8,fitted,0.8796265078014934
-0.04999999999999982,512,8,fitted,0.882129544149903
-0.040000000000000036,512,8,fitted,0.8841478079694631
-0.029999999999999805,512,8,fitted,0.885677514225984
-0.020000000000000018,512,8,fitted,0.8867157357895883
-0.009999999999999787,512,8,fitted,0.8872604132803236
0.0,512,8,fitted,0.8873103623134132
0.010000000000000231,512,8,fitted,0.8868652781081374
0.020000000000000018,512,8,fitted,0.88592573743553
0.03000000000000025,512,8,fitted,0.8844931978914665
0.040000000000000036,512,8,fitted,0.8825699944932033
0.050000000000000266,512,8,fitted,0.8801593336089526
0.06000000000000005,512,8,fitted,0.87726528424158
0.07000000000000028,512,8,fitted,0.873892766698918
0.08000000000000007,512,8,fitted,0.8700475386944676
0.08999999999999986,512,8,fitted,0.8657361789332809
0.10000000000000009,512,8,fitted,0.8609660682486104
0.10999999999999988,512,8,fitted,0.8557453683653268
0.1200000000000001,512,8,fitted,0.8500829983761461
0.1299999999999999,512,8,fitted,0.843988609026299
0.14000000000000012,512,8,fitted,0.8374725549113481
0.1499999999999999,512,8,fitted,0.8305458647013967
0.16000000000000014,512,8,fitted,0.8232202095128558
0.16999999999999993,512,8,fitted,0.8155078695562359
0.18000000000000016,512,8,fitted,0.8074216991950324
0.18999999999999995,512,8,fitted,0.7989750905566892
0.20000000000000018,512,8,fitted,0.7901819358417699
0.20999999999999996,512,8,fitted,0.7810565884818857
0.2200000000000002,512,8,fitted,0.7716138233005201
0.22999999999999998,512,8,fitted,0.7618687958337379
0.2400000000000002,512,8,fitted,0.751837000969753
0.25,512,8,fitted,0.7415342310675609
0.26000000000000023,512,8,fitted,0.7309765337152146
0.27,512,8,fitted,0.7201801692879461
0.28000000000000025,512,8,fitted,0.7091615684651172
0.29000000000000004,512,8,fitted,0.6979372898630412
0.30000000000000027,512,8,fitted,0.6865239779379746
0.31000000000000005,512,8,fitted,0.6749383213101571
0.3200000000000003,512,8,fitted,0.6631970116556098
0.33000000000000007,512,8,fitted,0.6513167033076137
0.33999999999999986,512,8,fitted,0.6393139737043332
0.3500000000000001,512,8,fitted,0.6272052848130536
0.3599999999999999,512,8,fitted,0.6150069456549064
0.3700000000000001,512,8,fitted,0.6027350760469088
0.3799999999999999,512,8,fitted,0.5904055716706361
0.3900000000000001,512,8,fitted,0.5780340705689115
0.3999999999999999,512,8,fitted,0.5656359211636732
0.41000000000000014,512,8,fitted,0.5532261518795921
0.41999999999999993,512,8,fitted,0.5408194424492597
0.43000000000000016,512,8,fitted,0.5284300969667546
0.43999999999999995,512,8,fitted,0.516072018747329
0.4500000000000002,512,8,fitted,0.5037586870417339
0.45999999999999996,512,8,fitted,0.491503135644537
0.4700000000000002,512,8,fitted,0.4793179334265753
0.48,512,8,fitted,0.4672151668126177
0.4900000000000002,512,8,fitted,0.4552064242163184
0.5,512,8,fitted,0.4433027824357782
0.5100000000000002,512,8,fitted,0.43151479500442846
0.52,512,8,fitted,0.41985248248367674
0.5300000000000002,512,8,fitted,0.4083253246757135
0.54,512,8,fitted,0.39694225472724226
0.5500000000000003,512,8,fitted,0.3857116550875718
0.56,512,8,fitted,0.37464135527763925
0.5700000000000003,512,8,fitted,0.3637386314200424
0.5800000000000001,512,8,fitted,0.35301020747417045
0.5899999999999999,512,8,fitted,0.3424622581149508
0.6000000000000001,512,8,fitted,0.33210041318870026
0.6099999999999999,512,8,fitted,0.32192976367499193
0.6200000000000001,512,8,fitted,0.31195486907940256
0.6299999999999999,512,8,fitted,0.30217976617848574
0.6400000000000001,512,8,fitted,0.2926079790352693
0.6499999999999999,512,8,fitted,0.28324253020110035
0.6600000000000001,512,8,fitted,0.2740859530176369
0.6699999999999999,512,8,fitted,0.2651403049313194
0.6800000000000002,512,8,fitted,0.2564071817316299
0.69,512,8,fitted,0.24788773262394878
0.7000000000000002,512,8,fitted,0.23958267604773636
0.71,512,8,fitted,0.23149231615118035
0.7200000000000002,512,8,fitted,0.22361655983423673
0.73,512,8,fitted,0.21595493427323398
0.7400000000000002,512,8,fitted,0.20850660484178418
0.75,512,8,fitted,0.20127039334471997
0.7600000000000002,512,8,fitted,0.19424479648403714
0.77,512,8,fitted,0.18742800447842756
0.7800000000000002,512,8,fitted,0.18081791976082684
0.79,512,8,fitted,0.1744121756815258
0.8000000000000003,512,8,fitted,0.1682081551476999
0.81,512,8,fitted,0.16220300913374136
0.8200000000000003,512,8,fitted,0.1563936750004345
0.8300000000000001,512,8,fitted,0.15077689456483806
0.8399999999999999,512,8,fitted,0.14534923186663312
0.8500000000000001,512,8,fitted,0.140107090580697
0.8599999999999999,512,8,fitted,0.1350467310296969
0.8700000000000001,512,8,fitted,0.13016428675456262
0.8799999999999999,512,8,fitted,0.12545578060477627
0.8900000000000001,512,8,fitted,0.12091714031445133
0.8999999999999999,512,8,fitted,0.11654421353419539
0.9100000000000001,512,8,fitted,0.1123327822926797
0.9199999999999999,512,8,fitted,0.108278576865715
0.9300000000000002,512,8,fitted,0.1043772890343843
0.94,512,8,fitted,0.10062458471744502
0.9500000000000002,512,8,fitted,0.09701611596672234
0.96,512,8,fitted,0.09354753231760603
0.9700000000000002,512,8,fitted,0.09021449148998133
0.98,512,8,fitted,0.08701266943799957
0.9900000000000002,512,8,fitted,0.08393776974998159
1.0,512,8,fitted,0.08098553240247738
1.0099999999999998,512,8,fitted,0.07815174187503582
1.0200000000000005,512,8,fitted,0.07543223463460244
1.0300000000000002,512,8,fitted,0.07282290600062774
1.04,512,8,fitted,0.07031971640394893
1.0499999999999998,512,8,fitted,0.0679186970543107
1.0600000000000005,512,8,fitted,0.06561595503299184
1.0700000000000003,512,8,fitted,0.06340767782843826
1.08,512,8,fitted,0.06129013733404502
1.0899999999999999,512,8,fitted,0.059259693328310714
1.0999999999999996,512,8,fitted,0.05731279645848429
1.1100000000000003,512,8,fitted,0.055445990749568894
1.12,512,8,fitted,0.05365591566113108
1.13,512,8,fitted,0.051939307714794096
1.1399999999999997,512,8,fitted,0.050293001715591895
1.1500000000000004,512,8,fitted,0.048713931590512696
1.1600000000000001,512,8,fitted,0.047199130867597264
1.17,512,8,fitted,0.04574573281886832
1.1799999999999997,512,8,fitted,0.044350970290178426
1.1900000000000004,512,8,fitted,0.04301217524076556
1.2000000000000002,512,8,fitted,0.04172677801492418
1.21,512,8,fitted,0.04049230636772933
1.2199999999999998,512,8,fitted,0.03930638426621397
1.2300000000000004,512,8,fitted,0.03816673048678891
1.2400000000000002,512,8,fitted,0.03707115702903425
1.25,512,8,fitted,0.03601756736527384
1.2599999999999998,512,8,fitted,0.035003954544593804
1.2700000000000005,512,8,fitted,0.03402839916917215
1.2800000000000002,512,8,fitted,0.033089067259972564
1.29,512,8,fitted,0.032184208028015256
1.2999999999999998,512,8,fitted,0.03131215156658842
1.3100000000000005,512,8,fitted,0.03047130647890008
1.3200000000000003,512,8,fitted,0.02966015745480844
1.33,512,8,fitted,0.0288772628094043
1.3399999999999999,512,8,fitted,0.028121251995366373
1.3500000000000005,512,8,fitted,0.02739082310016259
1.3600000000000003,512,8,fitted,0.02668474033834211
1.37,512,8,fitted,0.026001831548348377
1.38,512,8,fitted,0.02534098570249437
1.3899999999999997,512,8,fitted,0.02470115043797097
1.4000000000000004,512,8,fitted,0.024081329616018617
1.4100000000000001,512,8,fitted,0.02348058091567798
1.42,512,8,fitted,0.02289801346784931
1.4299999999999997,512,8,fitted,0.022332785534737887
1.4400000000000004,512,8,fitted,0.021784102239138035
1.4500000000000002,512,8,fitted,0.021251213347419296
1.46,512,8,fitted,0.020733411109519394
1.4699999999999998,512,8,fitted,0.02023002815872516
1.4800000000000004,512,8,fitted,0.019740435473529175
1.4900000000000002,512,8,fitted,0.019264040403391712
1.5,512,8,fitted,0.018800284759809195
1.5099999999999998,512,8,fitted,0.018348642973696528
1.5200000000000005,512,8,fitted,0.01790862031972455
1.5300000000000002,512,8,fitted,0.017479751207920436
1.54,512,8,fitted,0.01706159754253277
1.5499999999999998,512,8,fitted,0.016653747147886835
1.5600000000000005,512,8,fitted,0.016255812260704324
1.5700000000000003,512,8,fitted,0.015867428088138173
1.58,512,8,fitted,0.015488251430572496
1.5899999999999999,512,8,fitted,0.015117959368062303
1.6000000000000005,512,8,fitted,0.014756248009131986
1.6100000000000003,512,8,fitted,0.014402831300518983
1.62,512,8,fitted,0.014057439896333688
1.63,512,8,fitted,0.013719820085012107
1.6399999999999997,512,8,fitted,0.013389732772357315
1.6500000000000004,512,8,fitted,0.013066952518903123
1.6600000000000001,512,8,fitted,0.01275126662978447
1.67,512,8,fitted,0.012442474295262665
1.6799999999999997,512,8,fitted,0.012140385780031213
1.6900000000000004,512,8,fitted,0.011844821659414426
1.7000000000000002,512,8,fitted,0.011555612100569258
1.71,512,8,fitted,0.011272596186806564
1.7199999999999998,512,8,fitted,0.010995621283163464
1.7300000000000004,512,8,fitted,0.010724542441379116
1.7400000000000002,512,8,fitted,0.010459221842454767
1.75,512,8,fitted,0.010199528275011745
1.7599999999999998,512,8,fitted,0.009945336647699823
1.7700000000000005,512,8,fitted,0.009696527533949693
1.7800000000000002,512,8,fitted,0.009452986747409327
1.79,512,8,fitted,0.009214604946451687
1.7999999999999998,512,8,fitted,0.00898127726619239
1.8100000000000005,512,8,fitted,0.008752902976507337
1.8200000000000003,512,8,fitted,0.008529385164594401
1.83,512,8,fitted,0.00831063044067694
1.8399999999999999,512,8,fitted,0.008096548665502412
1.8500000000000005,512,8,fitted,0.007887052698343517
1.8600000000000003,512,8,fitted,0.007682058164264755
1.87,512,8,fitted,0.007481483239470849
1.88,512,8,fitted,0.007285248453608121
1.8899999999999997,512,8,fitted,0.007093276507941925
1.9000000000000004,512,8,fitted,0.006905492108385543
1.9100000000000001,512,8,fitted,0.0067218218124064965
1.92,512,8,fitted,0.006542193888885436
1.9299999999999997,512,8,fitted,0.006366538190051102
1.9400000000000004,512,8,fitted,0.0061947860346609936
1.9500000000000002,512,8,fitted,0.00602687010164259
1.96,512,8,fitted,0.005862724333453048
1.9699999999999998,512,8,fitted,0.00570228384845758
1.9800000000000004,512,8,fitted,0.00554548486166624
1.9900000000000002,512,8,fitted,0.005392264613207813
2.0,512,8,fitted,0.005242561303955909
2.01,512,8,fitted,0.005096314037758049
2.0200000000000005,512,8,fitted,0.004953462769751667
2.0300000000000002,512,8,fitted,0.0048139482602833645
2.04,512,8,fitted,0.004677712033977729
2.05,512,8,fitted,0.004544696343531634
2.0600000000000005,512,8,fitted,0.0044148441378367214
2.0700000000000003,512,8,fitted,0.004288099034059363
2.08,512,8,fitted,0.004164405293331573
2.09,512,8,fitted,0.004043707799730151
2.1000000000000005,512,8,fitted,0.0039259520422429495
2.1100000000000003,512,8,fitted,0.0038110840994422203
2.12,512,8,fitted,0.0036990506266044096
2.13,512,8,fitted,0.0035897988450344924
2.1399999999999997,512,8,fitted,0.00348327653337009
2.1500000000000004,512,8,fitted,0.0033794320206570957
2.16,512,8,fitted,0.0032782141810039707
2.17,512,8,fitted,0.0031795724296360623
2.1799999999999997,512,8,fitted,0.0030834567201852357
2.1900000000000004,512,8,fitted,0.0029898175430624514
2.2,512,8,fitted,0.0028986059247730813
2.21,512,8,fitted,0.0028097734280456907
2.2199999999999998,512,8,fitted,0.0027232721526557462
2.2300000000000004,512,8,fitted,0.002639054736835156
2.24,512,8,fitted,0.00255707435916793
2.25,512,8,fitted,0.00247728474088054
2.26,512,8,fitted,0.0023996401484437796
2.2700000000000005,512,8,fitted,0.0023240953964101174
2.2800000000000002,512,8,fitted,0.0022506058504175993
2.29,512,8,fitted,0.0021791274302976837
2.3,512,8,fitted,0.0021096166132305878
2.3100000000000005,512,8,fitted,0.0020420304368970843
2.3200000000000003,512,8,fitted,0.0019763265025810927
2.33,512,8,fitted,0.0019124629781820178
2.34,512,8,fitted,0.0018503986011005357
2.3500000000000005,512,8,fitted,0.001790092680965429
2.3600000000000003,512,8,fitted,0.001731505102173131
2.37,512,8,fitted,0.0016745963262150138
2.38,512,8,fitted,0.0016193273937709948
2.3899999999999997,512,8,fitted,0.0015656599265508667
2.4000000000000004,512,8,fitted,0.0015135561288677109
2.41,512,8,fitted,0.0014629787889303214
2.42,512,8,fitted,0.0014138912798439026
2.4299999999999997,512,8,fitted,0.0013662575603106456
2.4400000000000004,512,8,fitted,0.001320042175023651
2.45,512,8,fitted,0.0012752102547496538
2.46,512,8,fitted,0.0012317275160975752
2.4699999999999998,512,8,fitted,0.0011895602609716428
2.4800000000000004,512,8,fitted,0.00114867537570906
2.49,512,8,fitted,0.0011090403299036434
2.5,512,8,fitted,0.001070623174917856
2.51,512,8,fitted,0.0010333925420869042
2.5200000000000005,512,8,fitted,0.0009973176406193407
2.5300000000000002,512,8,fitted,0.000962368255199599
2.54,512,8,fitted,0.0009285147432985272
2.55,512,8,fitted,0.0008957280321988078
2.5600000000000005,512,8,fitted,0.000863979615742617
2.5700000000000003,512,8,fitted,0.0008332415508094809
2.58,512,8,fitted,0.0008034864535326877
2.59,512,8,fitted,0.0007746874952630901
2.6000000000000005,512,8,fitted,0.0007468183982893626
2.6100000000000003,512,8,fitted,0.0007198534313241475
2.62,512,8,fitted,0.0006937674047656739
2.63,512,8,fitted,0.0006685356657447012
2.6399999999999997,512,8,fitted,0.000644134092966702
2.6500000000000004,512,8,fitted,0.0006205390913593303
2.66,512,8,fitted,0.0005977275865352975
2.67,512,8,fitted,0.0005756770190807502
2.6799999999999997,512,8,fitted,0.0005543653386793239
2.6900000000000004,512,8,fitted,0.0005337709980819264
2.7,512,8,fitted,0.0005138729469323174
2.71,512,8,fitted,0.000494650625458399
2.7199999999999998,512,8,fitted,0.0004760839580391036
2.7300000000000004,512,8,fitted,0.00045815334665657
2.74,512,8,fitted,0.0004408396642432065
2.75,512,8,fitted,0.0004241242479330324
2.76,512,8,fitted,0.0004079888922265758
2.7700000000000005,512,8,fitted,0.0003924158420783568
2.7800000000000002,512,8,fitted,0.00037738778591583715
2.79,512,8,fitted,0.000362887848598458
2.8,512,8,fitted,0.000348899584325231
2.8100000000000005,512,8,fitted,0.0003354069694990637
2.8200000000000003,512,8,fitted,0.0003223943955558108
2.83,512,8,fitted,0.0003098466617657673
2.84,512,8,fitted,0.0002977489680151278
2.8500000000000005,512,8,fitted,0.00028608690757463313
2.8600000000000003,512,8,fitted,0.0002748464598624262
2.87,512,8,fitted,0.00026401398320784696
2.88,512,8,fitted,0.00025357620762268384
2.8899999999999997,512,8,fitted,0.00024352022758611684
2.9000000000000004,512,8,fitted,0.00023383349484934436
2.91,512,8,fitted,0.00022450381126564573
2.92,512,8,fitted,0.0002155193216513538
2.9299999999999997,512,8,fitted,0.0002068685066829991
2.9400000000000004,512,8,fitted,0.00019854017583560636
2.95,512,8,fitted,0.000190523460366906
2.96,512,8,fitted,0.00018280780635195792
2.9699999999999998,512,8,fitted,0.0001753829677724766
2.9800000000000004,512,8,fitted,0.00016823899966488296
2.99,512,8,fitted,0.00016136625133090018
3.0,512,8,fitted,0.0001547553596142658
-3.0,2048,4,fitted,6.275599629810504e-05
-2.99,2048,4,fitted,6.627698307309819e-05
-2.98,2048,4,fitted,6.998185773580474e-05
-2.97,2048,4,fitted,7.387941461820343e-05
-2.96,2048,4,fitted,7.797882307308948e-05
-2.95,2048,4,fitted,8.228964103534603e-05
-2.94,2048,4,fitted,8.682182895019039e-05
-2.93,2048,4,fitted,9.15857640721967e-05
-2.92,2048,4,fitted,9.659225513859876e-05
-2.91,2048,4,fitted,0.00010185255742005282
-2.9,2048,4,fitted,0.0001073783881517052
-2.89,2048,4,fitted,0.00011318194234703634
-2.88,2048,4,fitted,0.00011927590899657712
-2.87,2048,4,fitted,0.0001256734876531646
-2.86,2048,4,fitted,0.0001323884054049847
-2.85,2048,4,fitted,0.00013943493423717416
-2.84,2048,4,fitted,0.00014682790878228397
-2.83,2048,4,fitted,0.00015458274445937073
-2.82,2048,4,fitted,0.00016271545600096896
-2.81,2048,4,fitted,0.00017124267636661002
-2.8,2048,4,fitted,0.00018018167604098086
-2.79,2048,4,fitted,0.00018955038271417497
-2.78,2048,4,fitted,0.00019936740134085784
-2.77,2048,4,fitted,0.00020965203457447778
-2.76,2048,4,fitted,0.00022042430357197248
-2.75,2048,4,fitted,0.0002317049691636532
-2.74,2048,4,fitted,0.00024351555338222408
-2.73,2048,4,fitted,0.00025587836134408147
-2.7199999999999998,2048,4,fitted,0.00026881650347522213
-2.71,2048,4,fitted,0.00028235391807326205
-2.7,2048,4,fitted,0.00029651539419615696
-2.69,2048,4,fitted,0.0003113265948673444
-2.68,2048,4,fitted,0.00032681408058607295
-2.67,2048,4,fitted,0.00034300533313075265
-2.66,2048,4,fitted,0.00035992877964212324
-2.65,2048,4,fitted,0.00037761381697208737
-2.64,2048,4,fitted,0.00039609083628294907
-2.63,2048,4,fitted,0.00041539124788079985
-2.62,2048,4,fitted,0.00043554750626563445
-2.61,2048,4,fitted,0.0004565931353797178
-2.6,2048,4,fitted,0.00047856275403454436
-2.59,2048,4,fitted,0.0005014921014956211
-2.58,2048,4,fitted,0.0005254180632030498
-2.57,2048,4,fitted,0.0005503786966047538
-2.56,2048,4,fitted,0.0005764132570779279
-2.55,2048,4,fitted,0.0006035622239130808
-2.54,2048,4,fitted,0.0006318673263337545
-2.53,2048,4,fitted,0.0006613715695237763
-2.52,2048,4,fitted,0.0006921192606325775
-2.51,2048,4,fitted,0.0007241560347278869
-2.5,2048,4,fitted,0.000757528880663735
-2.49,2048,4,fitted,0.0007922861668304741
-2.48,2048,4,fitted,0.0008284776667521725
-2.4699999999999998,2048,4,fitted,0.0008661545844954575
-2.46,2048,4,fitted,0.000905369579852615
-2.45,2048,4,fitted,0.0009461767932603799
-2.44,2048,4,fitted,0.000988631870414671
-2.4299999999999997,2048,4,fitted,0.0010327919865401787
-2.42,2048,4,fitted,0.0010787158702725455
-2.41,2048,4,fitted,0.0011264638271095673
-2.4,2048,4,fitted,0.0011760977623867038
-2.39,2048,4,fitted,0.001227681203731026
-2.38,2048,4,fitted,0.0012812793229465772
-2.37,2048,4,fitted,0.0013369589572830418
-2.36,2048,4,fitted,0.0013947886300385984
-2.35,2048,4,fitted,0.0014548385704468204
-2.34,2048,4,fitted,0.0015171807327966852
-2.33,2048,4,fitted,0.001581888814733701
-2.32,2048,4,fitted,0.0016490382746896224
-2.31,2048,4,fitted,0.0017187063483873708
-2.3,2048,4,fitted,0.0017909720643673563
-2.29,2048,4,fitted,0.0018659162584807357
-2.2800000000000002,2048,4,fitted,0.0019436215872949676
-2.27,2048,4,fitted,0.002024172540356687
-2.26,2048,4,fitted,0.0021076554512568626
-2.25,2048,4,fitted,0.002194158507443326
-2.24,2048,4,fitted,0.0022837717587259154
-2.23,2048,4,fitted,0.0023765871244199677
-2.2199999999999998,2048,4,fitted,0.0024726983990744863
-2.21,2048,4,fitted,0.0025722012567322376
-2.2,2048,4,fitted,0.002675193253670019
-2.19,2048,4,fitted,0.002781773829568752
-2.1799999999999997,2048,4,fitted,0.0028920443070646843
-2.17,2048,4,fitted,0.003006107889634968
-2.16,2048,4,fitted,0.0031240696577730987
-2.15,2048,4,fitted,0.0032460365634123583
-2.14,2048,4,fitted,0.0033721174225584765
-2.13,2048,4,fitted,0.003502422906096213
-2.12,2048,4,fitted,0.003637065528738352
-2.11,2048,4,fitted,0.0037761596360902185
-2.1,2048,4,fitted,0.003919821389807581
-2.09,2048,4,fitted,0.004068168750831571
-2.08,2048,4,fitted,0.0042213214606901285
-2.07,2048,4,fitted,0.004379401020862687
-2.06,2048,4,fitted,0.004542530670211971
-2.05,2048,4,fitted,0.004710835360495555
-2.04,2048,4,fitted,0.004884441729978589
-2.0300000000000002,2048,4,fitted,0.0050634780751796496
-2.02,2048,4,fitted,0.005248074320792325
-2.01,2048,4,fitted,0.005438361987837489
-2.0,2048,4,fitted,0.00563447416011446
-1.99,2048,4,fitted,0.0058365454490335355
-1.98,2048,4,fitted,0.006044711956928052
-1.97,2048,4,fitted,0.0062591112389614074
-1.96,2048,4,fitted,0.006479882263762749
-1.95,2048,4,fitted,0.0067071653729451515
-1.94,2048,4,fitted,0.006941102239681863
-1.93,2048,4,fitted,0.007181835826539558
-1.92,2048,4,fitted,0.0074295103427929055
-1.91,2048,4,fitted,0.007684271201471878
-1.9,2048,4,fitted,0.007946264976422774
-1.89,2048,4,fitted,0.008215639359695145
-1.88,2048,4,fitted,0.008492543119600961
-1.8699999999999999,2048,4,fitted,0.008777126059828238
-1.8599999999999999,2048,4,fitted,0.009069538980030406
-1.8499999999999999,2048,4,fitted,0.009369933638354012
-1.84,2048,4,fitted,0.009678462716411446
-1.83,2048,4,fitted,0.009995279787252778
-1.82,2048,4,fitted,0.010320539286940471
-1.81,2048,4,fitted,0.010654396490384377
-1.8,2048,4,fitted,0.010997007492150556
-1.79,2048,4,fitted,0.011348529193017296
-1.78,2048,4,fitted,0.01170911929311482
-1.77,2048,4,fitted,0.012078936292551896
-1.76,2048,4,fitted,0.012458139500502376
-1.75,2048,4,fitted,0.012846889053798863
-1.74,2048,4,fitted,0.013245345946157519
-1.73,2048,4,fitted,0.01365367206923938
-1.72,2048,4,fitted,0.014072030266837694
-1.71,2048,4,fitted,0.014500584403569149
-1.7,2048,4,fitted,0.014939499449538094
-1.69,2048,4,fitted,0.015388941582537964
-1.68,2048,4,fitted,0.01584907830945207
-1.67,2048,4,fitted,0.016320078608616926
-1.66,2048,4,fitted,0.016802113095015378
-1.65,2048,4,fitted,0.017295354210272944
-1.64,2048,4,fitted,0.01779997643953931
-1.63,2048,4,fitted,0.01831615655744716
-1.6199999999999999,2048,4,fitted,0.01884407390545212
-1.6099999999999999,2048,4,fitted,0.01938391070296955
-1.5999999999999999,2048,4,fitted,0.019935852394836567
-1.59,2048,4,fitted,0.02050008803773911
-1.58,2048,4,fitted,0.021076810728354607
-1.57,2048,4,fitted,0.02166621807606848
-1.56,2048,4,fitted,0.02226851272322831
-1.55,2048,4,fitted,0.022883902915999642
-1.54,2048,4,fitted,0.02351260312898296
-1.53,2048,4,fitted,0.024154834746840152
-1.52,2048,4,fitted,0.02481082680625893
-1.51,2048,4,fitted,0.025480816801655027
-1.5,2048,4,fitted,0.026165051558071837
-1.49,2048,4,fitted,0.02686378817478375
-1.48,2048,4,fitted,0.027577295043142096
-1.47,2048,4,fitted,0.02830585294221803
-1.46,2048,4,fitted,0.029049756215793338
-1.45,2048,4,fitted,0.02980931403422621
-1.44,2048,4,fitted,0.030584851744671605
-1.43,2048,4,fitted,0.031376712313062854
-1.42,2048,4,fitted,0.03218525786115992
-1.41,2048,4,fitted,0.03301087130183843
-1.4,2048,4,fitted,0.03385395807562778
-1.39,2048,4,fitted,0.034714947991306117
-1.38,2048,4,fitted,0.035594297173119745
-1.3699999999999999,2048,4,fitted,0.03649249011691276
-1.3599999999999999,2048,4,fitted,0.03741004185712718
-1.3499999999999999,2048,4,fitted,0.03834750024626016
-1.3399999999999999,2048,4,fitted,0.039305448347942154
-1.33,2048,4,fitted,0.04028450694432351
-1.32,2048,4,fitted,0.04128533715792662
-1.31,2048,4,fitted,0.042308643187530866
-1.3,2048,4,fitted,0.043355175157009686
-1.29,2048,4,fitted,0.04442573207532696
-1.28,2048,4,fitted,0.04552116490512514
-1.27,2048,4,fitted,0.04664237973649606
-1.26,2048,4,fitted,0.04779034106161757
-1.25,2048,4,fitted,0.04896607514496244
-1.24,2048,4,fitted,0.0501706734827419
-1.23,2048,4,fitted,0.05140529634413242
-1.22,2048,4,fitted,0.05267117638565308
-1.21,2048,4,fitted,0.053969622328812736
-1.2,2048,4,fitted,0.055302022689831594
-1.19,2048,4,fitted,0.056669849548865524
-1.18,2048,4,fitted,0.05807466234472373
-1.17,2048,4,fitted,0.059518111679577254
-1.16,2048,4,fitted,0.06100194311661072
-1.15,2048,4,fitted,0.06252800095197833
-1.14,2048,4,fitted,0.06409823194079446
-1.13,2048,4,fitted,0.06571468895522556
-1.1199999999999999,2048,4,fitted,0.06737953455106256
-1.1099999999999999,2048,4,fitted,0.06909504441745132
-1.0999999999999999,2048,4,fitted,0.07086361068275111
-1.0899999999999999,2048,4,fitted,0.07268774504779252
-1.08,2048,4,fitted,0.07457008171612503
-1.07,2048,4,fitted,0.0765133800891981
-1.06,2048,4,fitted,0.07852052719281863
-1.05,2048,4,fitted,0.08059453979969171
-1.04,2048,4,fitted,0.08273856621139286
-1.03,2048,4,fitted,0.08495588766175924
-1.02,2048,4,fitted,0.08724991930244085
-1.01,2048,4,fitted,0.08962421073024042
-1.0,2048,4,fitted,0.09208244601491067
-0.9899999999999998,2048,4,fitted,0.09462844318529318
-0.98,2048,4,fitted,0.09726615313108977
-0.9699999999999998,2048,4,fitted,0.09999965787718307
-0.96,2048,4,fitted,0.10283316818727867
-0.9500000000000002,2048,4,fitted,0.1057710204537628
-0.94,2048,4,fitted,0.10881767283105802
-0.9300000000000002,2048,4,fitted,0.11197770057045521
-0.9199999999999999,2048,4,fitted,0.11525579051541164
-0.9100000000000001,2048,4,fitted,0.11865673471764526
-0.8999999999999999,2048,4,fitted,0.12218542313606642
-0.8900000000000001,2048,4,fitted,0.12584683538265035
-0.8799999999999999,2048,4,fitted,0.1296460314818216
-0.8700000000000001,2048,4,fitted,0.1335881416127695
-0.8599999999999999,2048,4,fitted,0.13767835480738985
-0.8500000000000001,2048,4,fitted,0.14192190658022283
-0.8399999999999999,2048,4,fitted,0.14632406547087687
-0.8300000000000001,2048,4,fitted,0.15089011848395356
-0.8199999999999998,2048,4,fitted,0.15562535541646305
-0.81,2048,4,fitted,0.16053505206809304
-0.7999999999999998,2048,4,fitted,0.16562445233551074
-0.79,2048,4,fitted,0.17089874919807163
-0.7799999999999998,2048,4,fitted,0.17636306460891799
-0.77,2048,4,fitted,0.18202242831240825
-0.7599999999999998,2048,4,fitted,0.18788175561614626
-0.75,2048,4,fitted,0.19394582415350023
-0.7399999999999998,2048,4,fitted,0.20021924968044086
-0.73,2048,4,fitted,0.20670646095868256
-0.7199999999999998,2048,4,fitted,0.21341167378551082
-0.71,2048,4,fitted,0.22033886423920593
-0.6999999999999997,2048,4,fitted,0.22749174121764676
-0.69,2048,4,fitted,0.23487371835637477
-0.6800000000000002,2048,4,fitted,0.2424878854211323
-0.6699999999999999,2048,4,fitted,0.25033697927852455
-0.6600000000000001,2048,4,fitted,0.25842335455698606
-0.6499999999999999,2048,4,fitted,0.2667489541185658
-0.6400000000000001,2048,4,fitted,0.27531527947008666
-0.6299999999999999,2048,4,fitted,0.28412336124997595
-0.6200000000000001,2048,4,fitted,0.29317372993434004
-0.6099999999999999,2048,4,fitted,0.30246638691268923
-0.6000000000000001,2048,4,fitted,0.31200077608993093
-0.5899999999999999,2048,4,fitted,0.32177575617686727
-0.5800000000000001,2048,4,fitted,0.33178957383627616
-0.5699999999999998,2048,4,fitted,0.3420398378557524
-0.56,2048,4,fitted,0.35252349452166276
-0.5499999999999998,2048,4,fitted,0.36323680437086286
-0.54,2048,4,fitted,0.3741753204980559
-0.5299999999999998,2048,4,fitted,0.38533386859690194
-0.52,2048,4,fitted,0.3967065289120383
-0.5099999999999998,2048,4,fitted,0.40828662027711105
-0.5,2048,4,fitted,0.4200666864105897
-0.48999999999999977,2048,4,fitted,0.43203848463662775
-0.48,2048,4,fitted,0.44419297719238093
-0.46999999999999975,2048,4,fitted,0.45652032527612996
-0.45999999999999996,2048,4,fitted,0.4690098859821183
-0.44999999999999973,2048,4,fitted,0.48165021225836
-0.43999999999999995,2048,4,fitted,0.4944290560126585
-0.43000000000000016,2048,4,fitted,0.5073333744798829
-0.41999999999999993,2048,4,fitted,0.5203493399500567
-0.41000000000000014,2048,4,fitted,0.5334623529421993
-0.3999999999999999,2048,4,fitted,0.5466570588931046
-0.3900000000000001,2048,4,fitted,0.5599173684134087
-0.3799999999999999,2048,4,fitted,0.5732264811455521
-0.3700000000000001,2048,4,fitted,0.5865669132395351
-0.3599999999999999,2048,4,fitted,0.5999205284429556
-0.3500000000000001,2048,4,fitted,0.6132685727816651
-0.33999999999999986,2048,4,fitted,0.6265917127867394
-0.33000000000000007,2048,4,fitted,0.6398700772023366
-0.31999999999999984,2048,4,fitted,0.6530833020876737
-0.31000000000000005,2048,4,fitted,0.6662105792047978
-0.2999999999999998,2048,4,fitted,0.6792307075623534
-0.29000000000000004,2048,4,fitted,0.6921221479641742
-0.2799999999999998,2048,4,fitted,0.7048630803905251
-0.27,2048,4,fitted,0.7174314640192592
-0.2599999999999998,2048,4,fitted,0.7298050996742745
-0.25,2048,4,fitted,0.7419616944695405
-0.23999999999999977,2048,4,fitted,0.7538789283988558
-0.22999999999999998,2048,4,fitted,0.7655345226044583
-0.21999999999999975,2048,4,fitted,0.7769063090418982
-0.20999999999999996,2048,4,fitted,0.7879723012442187
-0.19999999999999973,2048,4,fitted,0.7987107658757495
-0.18999999999999995,2048,4,fitted,0.8091002947546794
-0.18000000000000016,2048,4,fitted,0.8191198770143093
-0.16999999999999993,2048,4,fitted,0.8287489710654479
-0.16000000000000014,2048,4,fitted,0.8379675760170289
-0.1499999999999999,2048,4,fitted,0.8467563022086853
-0.14000000000000012,2048,4,fitted,0.8550964405078032
-0.1299999999999999,2048,4,fitted,0.8629700300245806
-0.1200000000000001,2048,4,fitted,0.8703599239017916
-0.10999999999999988,2048,4,fitted,0.8772498528414052
-0.10000000000000009,2048,4,fitted,0.8836244860378304
-0.08999999999999986,2048,4,fitted,0.8894694891974398
-0.08000000000000007,2048,4,fitted,0.8947715793360158
-0.06999999999999984,2048,4,fitted,0.8995185760599094
-0.06000000000000005,2048,4,fitted,0.9036994490528333
-0.04999999999999982,2048,4,fitted,0.9073043615083288
-0.040000000000000036,2048,4,fitted,0.9103247092678503
-0.029999999999999805,2048,4,fitted,0.912753155446061
-0.020000000000000018,2048,4,fitted,0.9145836603481223
-0.009999999999999787,2048,4,fitted,0.9158115065083816
0.0,2048,4,fitted,0.9164333187057235
0.010000000000000231,2048,4,fitted,0.916447078837793
0.020000000000000018,2048,4,fitted,0.9158521355641169
0.03000000000000025,2048,4,fitted,0.9146492086566733
0.040000000000000036,2048,4,fitted,0.9128403880254625
0.050000000000000266,2048,4,fitted,0.9104291274159293
0.06000000000000005,2048,4,fitted,0.907420232804456
0.07000000000000028,2048,4,fitted,0.9038198455473873
0.08000000000000007,2048,4,fitted,0.8996354203679402
0.08999999999999986,2048,4,fitted,0.8948756982937074
0.10000000000000009,2048,4,fitted,0.8895506746850581
0.10999999999999988,2048,4,fitted,0.8836715625213964
0.1200000000000001,2048,4,fitted,0.8772507511377552
0.1299999999999999,2048,4,fitted,0.8703017606284156
0.14000000000000012,2048,4,fitted,0.8628391921569634
0.1499999999999999,2048,4,fitted,0.8548786744333006
0.16000000000000014,2048,4,fitted,0.8464368066374244
0.16999999999999993,2048,4,fitted,0.8375310980872366
0.18000000000000016,2048,4,fitted,0.8281799049630064
0.18999999999999995,2048,4,fitted,0.8184023644144488
0.20000000000000018,2048,4,fitted,0.8082183263874596
0.20999999999999996,2048,4,fitted,0.7976482835164491
0.2200000000000002,2048,4,fitted,0.78671329943479
0.22999999999999998,2048,4,fitted,0.7754349358602053
0.2400000000000002,2048,4,fitted,0.7638351788138956
0.25,2048,4,fitted,0.7519363643319226
0.26000000000000023,2048,4,fitted,0.739761104024789
0.27,2048,4,fitted,0.7273322108364304
0.28000000000000025,2048,4,fitted,0.7146726253469003
0.29000000000000004,2048,4,fitted,0.7018053429541253
0.30000000000000027,2048,4,fitted,0.6887533422591675
0.31000000000000005,2048,4,fitted,0.6755395149667257
0.3200000000000003,2048,4,fitted,0.6621865975981105
0.33000000000000007,2048,4,fitted,0.6487171052979241
0.33999999999999986,2048,4,fitted,0.6351532679981621
0.3500000000000001,2048,4,fitted,0.6215169691847267
0.3599999999999999,2048,4,fitted,0.6078296874914475
0.3700000000000001,2048,4,fitted,0.5941124413258638
0.3799999999999999,2048,4,fitted,0.5803857367094345
0.3900000000000001,2048,4,fitted,0.5666695184925717
0.3999999999999999,2048,4,fitted,0.5529831250822702
0.41000000000000014,2048,4,fitted,0.5393452467971241
0.41999999999999993,2048,4,fitted,0.5257738879415318
0.43000000000000016,2048,4,fitted,0.5122863326678836
0.43999999999999995,2048,4,fitted,0.49889911467282766
0.4500000000000002,2048,4,fitted,0.4856279907513187
0.45999999999999996,2048,4,fitted,0.47248791821036357
0.4700000000000002,2048,4,fitted,0.4594930361231868
0.48,2048,4,fitted,0.44665665038421065
0.4900000000000002,2048,4,fitted,0.43399122250576194
0.5,2048,4,fitted,0.42150836207902903
0.5100000000000002,2048,4,fitted,0.40921882280444455
0.52,2048,4,fitted,0.3971325019806004
0.5300000000000002,2048,4,fitted,0.38525844332592685
0.54,2048,4,fitted,0.3736048429938953
0.5500000000000003,2048,4,fitted,0.36217905863034594
0.56,2048,4,fitted,0.3509876213108457
0.5700000000000003,2048,4,fitted,0.34003625018667083
0.5800000000000001,2048,4,fitted,0.32932986966018357
0.5899999999999999,2048,4,fitted,0.3188726289039367
0.6000000000000001,2048,4,fitted,0.30866792353287764
0.6099999999999999,2048,4,fitted,0.2987184192354215
0.6200000000000001,2048,4,fitted,0.2890260771669409
0.6299999999999999,2048,4,fitted,0.27959218090833976
0.6400000000000001,2048,4,fitted,0.2704173647927207
0.6499999999999999,2048,4,fitted,0.2615016434047708
0.6600000000000001,2048,4,fitted,0.25284444206018397
0.6699999999999999,2048,4,fitted,0.24444462807626915
0.6800000000000002,2048,4,fitted,0.23630054264965514
0.69,2048,4,fitted,0.22841003316274094
0.7000000000000002,2048,4,fitted,0.22077048574704816
0.71,2048,4,fitted,0.21337885793893502
0.7200000000000002,2048,4,fitted,0.20623171127104056
0.73,2048,4,fitted,0.19932524365134718
0.7400000000000002,2048,4,fitted,0.19265532139069907
0.75,2048,4,fitted,0.18621751074899778
0.7600000000000002,2048,4,fitted,0.18000710887993776
0.77,2048,4,fitted,0.17401917406404482
0.7800000000000002,2048,4,fitted,0.16824855512978018
0.79,2048,4,fitted,0.16268991997256654
0.8000000000000003,2048,4,fitted,0.1573377830916394
0.81,2048,4,fitted,0.15218653207461988
0.8200000000000003,2048,4,fitted,0.14723045296952042
0.8300000000000001,2048,4,fitted,0.1424637544935306
0.8399999999999999,2048,4,fitted,0.137880591037274
0.8500000000000001,2048,4,fitted,0.13347508443228331
0.8599999999999999,2048,4,fitted,0.12924134445812352
0.8700000000000001,2048,4,fitted,0.12517348807388456
0.8799999999999999,2048,4,fitted,0.1212656573666385
0.8900000000000001,2048,4,fitted,0.11751203621685358
0.8999999999999999,2048,4,fitted,0.11390686568770172
0.9100000000000001,2048,4,fitted,0.11044445815161955
0.9199999999999999,2048,4,fitted,0.10711921017342295
0.9300000000000002,2048,4,fitted,0.10392561417467884
0.94,2048,4,fitted,0.1008582689089422
0.9500000000000002,2048,4,fitted,0.09791188878183604
0.96,2048,4,fitted,0.0950813120538288
0.9700000000000002,2048,4,fitted,0.09236150796691749
0.98,2048,4,fitted,0.08974758283930745
0.9900000000000002,2048,4,fitted,0.08723478517456779
1.0,2048,4,fitted,0.08481850983368774
1.0099999999999998,2048,4,fitted,0.08249430131995125
1.0200000000000005,2048,4,fitted,0.08025785622763584
1.0300000000000002,2048,4,fitted,0.07810502490622759
1.04,2048,4,fitted,0.07603181239216147
1.0499999999999998,2048,4,fitted,0.07403437866007945
1.0600000000000005,2048,4,fitted,0.07210903824525025
1.0700000000000003,2048,4,fitted,0.07025225928817014
1.08,2048,4,fitted,0.06846066205146265
1.0899999999999999,2048,4,fitted,0.06673101695807253
1.0999999999999996,2048,4,fitted,0.0650602421983999
1.1100000000000003,2048,4,fitted,0.06344540095250029
1.12,2048,4,fitted,0.061883698271790744
1.13,2048,4,fitted,0.06037247766288263
1.1399999999999997,2048,4,fitted,0.05890921741423622
1.1500000000000004,2048,4,fitted,0.057491526704311374
1.1600000000000001,2048,4,fitted,0.056117141527807265
1.17,2048,4,fitted,0.05478392047444995
1.1799999999999997,2048,4,fitted,0.0534898403926312
1.1900000000000004,2048,4,fitted,0.05223299196802672
1.2000000000000002,2048,4,fitted,0.05101157524515941
1.21,2048,4,fitted,0.04982389511772291
1.2199999999999998,2048,4,fitted,0.04866835681137006
1.2300000000000004,2048,4,fitted,0.04754346138059565
1.2400000000000002,2048,4,fitted,0.046447801239329074
1.25,2048,4,fitted,0.04538005574289546
1.2599999999999998,2048,4,fitted,0.044338986837123784
1.2700000000000005,2048,4,fitted,0.04332343478857052
1.2800000000000002,2048,4,fitted,0.04233231400810603
1.29,2048,4,fitted,0.04136460897846964
1.2999999999999998,2048,4,fitted,0.04041937029485468
1.3100000000000005,2048,4,fitted,0.039495710826124006
1.3200000000000003,2048,4,fitted,0.03859280200289462
1.33,2048,4,fitted,0.03770987023745666
1.3399999999999999,2048,4,fitted,0.03684619347931596
1.3500000000000005,2048,4,fitted,0.036001097909060024
1.3600000000000003,2048,4,fitted,0.03517395477225273
1.37,2048,4,fitted,0.03436417735415217
1.38,2048,4,fitted,0.03357121809522555
1.3899999999999997,2048,4,fitted,0.03279456584669177
1.4000000000000004,2048,4,fitted,0.03203374326466167
1.4100000000000001,2048,4,fitted,0.031288304340860565
1.42,2048,4,fitted,0.030557832067401224
1.4299999999999997,2048,4,fitted,0.02984193623263224
1.4400000000000004,2048,4,fitted,0.029140251344701336
1.4500000000000002,2048,4,fitted,0.028452434679152566
1.46,2048,4,fitted,0.027778164446607762
1.4699999999999998,2048,4,fitted,0.027117138076369396
1.4800000000000004,2048,4,fitted,0.026469070611611942
1.4900000000000002,2048,4,fitted,0.02583369321170683
1.5,2048,4,fitted,0.025210751757139598
1.5099999999999998,2048,4,fitted,0.024600005552432094
1.5200000000000005,2048,4,fitted,0.024001226122464126
1.5300000000000002,2048,4,fitted,0.02341419609760402
1.54,2048,4,fitted,0.022838708183094514
1.5499999999999998,2048,4,fitted,0.02227456420820371
1.5600000000000005,2048,4,fitted,0.02172157425072996
1.5700000000000003,2048,4,fitted,0.021179555832548748
1.58,2048,4,fitted,0.02064833318200055
1.5899999999999999,2048,4,fitted,0.02012773655904462
1.6000000000000005,2048,4,fitted,0.019617601639235687
1.6100000000000003,2048,4,fitted,0.019117768952723803
1.62,2048,4,fitted,0.018628083374623877
1.63,2048,4,fitted,0.01814839366325488
1.6399999999999997,2048,4,fitted,0.01767855204290197
1.6500000000000004,2048,4,fitted,0.017218413827911686
1.6600000000000001,2048,4,fitted,0.01676783708508662
1.67,2048,4,fitted,0.016326682331500874
1.6799999999999997,2048,4,fitted,0.015894812265012444
1.6900000000000004,2048,4,fitted,0.015472091524898755
1.7000000000000002,2048,4,fitted,0.015058386480190452
1.71,2048,4,fitted,0.014653565043421688
1.7199999999999998,2048,4,fitted,0.014257496507656483
1.7300000000000004,2048,4,fitted,0.013870051404784445
1.7400000000000002,2048,4,fitted,0.01349110138321067
1.75,2048,4,fitted,0.013120519103188484
1.7599999999999998,2048,4,fitted,0.01275817814816473
1.7700000000000005,2048,4,fitted,0.01240395295062041
1.7800000000000002,2048,4,fitted,0.012057718730998944
1.79,2048,4,fitted,0.011719351448416801
1.7999999999999998,2048,4,fitted,0.011388727761950114
1.8100000000000005,2048,4,fitted,0.011065725001381803
1.8200000000000003,2048,4,fitted,0.010750221146382155
1.83,2048,4,fitted,0.01044209481317615
1.8399999999999999,2048,4,fitted,0.01014122524782926
1.8500000000000005,2048,4,fitted,0.009847492325353922
1.8600000000000003,2048,4,fitted,0.009560776553907177
1.87,2048,4,fitted,0.009280959083411835
1.88,2048,4,fitted,0.009007921717992948
1.8899999999999997,2048,4,fitted,0.008741546931674764
1.9000000000000004,2048,4,fitted,0.008481717886834396
1.9100000000000001,2048,4,fitted,0.008228318454954954
1.92,2048,4,fitted,0.00798123323926394
1.9299999999999997,2048,4,fitted,0.007740347598883147
1.9400000000000004,2048,4,fitted,0.007505547674152604
1.9500000000000002,2048,4,fitted,0.0072767204128254504
1.96,2048,4,fitted,0.007053753596861362
1.9699999999999998,2048,4,fitted,0.006836535869575479
1.9800000000000004,2048,4,fitted,0.006624956762925376
1.9900000000000002,2048,4,fitted,0.006418906724743216
2.0,2048,4,fitted,0.006218277145741707
2.01,2048,4,fitted,0.0060229603861432935
2.0200000000000005,2048,4,fitted,0.005832849801799686
2.0300000000000002,2048,4,fitted,0.0056478397696859955
2.04,2048,4,fitted,0.005467825712668561
2.05,2048,4,fitted,0.005292704123459935
2.0600000000000005,2048,4,fitted,0.005122372587686403
2.0700000000000003,2048,4,fitted,0.004956729806005352
2.08,2048,4,fitted,0.0047956756152195005
2.09,2048,4,fitted,0.004639111008345067
2.1000000000000005,2048,4,fitted,0.004486938153598599
2.1100000000000003,2048,4,fitted,0.004339060412275351
2.12,2048,4,fitted,0.004195382355498417
2.13,2048,4,fitted,0.004055809779824533
2.1399999999999997,2048,4,fitted,0.0039202497216974195
2.1500000000000004,2048,4,fitted,0.0037886104707448064
2.16,2048,4,fitted,0.003660801581919646
2.17,2048,4,fitted,0.003536733886489725
2.1799999999999997,2048,4,fitted,0.0034163195018838428
2.1900000000000004,2048,4,fitted,0.0032994718404053647
2.2,2048,4,fitted,0.003186105616827061
2.21,2048,4,fitted,0.003076136854883324
2.2199999999999998,2048,4,fitted,0.0029694828926782966
2.2300000000000004,2048,4,fitted,0.0028660623870300135
2.24,2048,4,fitted,0.002765795316772552
2.25,2048,4,fitted,0.0026686029850393686
2.26,2048,4,fitted,0.0025744080205525083
2.2700000000000005,2048,4,fitted,0.00248313437794316
2.2800000000000002,2048,4,fitted,0.0023947073371300633
2.29,2048,4,fitted,0.0023090535017829036
2.3,2048,4,fitted,0.002226100796898589
2.3100000000000005,2048,4,fitted,0.0021457784655186103
2.3200000000000003,2048,4,fitted,0.0020680170646161897
2.33,2048,4,fitted,0.001992748460182053
2.34,2048,4,fitted,0.001919905821538065
2.3500000000000005,2048,4,fitted,0.0018494236149078208
2.3600000000000003,2048,4,fitted,0.001781237596273507
2.37,2048,4,fitted,0.0017152848035481463
2.38,2048,4,fitted,0.001651503548092418
2.3899999999999997,2048,4,fitted,0.0015898334056049144
2.4000000000000004,2048,4,fitted,0.0015302152064145904
2.41,2048,4,fitted,0.0014725910252039328
2.42,2048,4,fitted,0.001416904170190917
2.4299999999999997,2048,4,fitted,0.0013630991717977646
2.4400000000000004,2048,4,fitted,0.0013111217708338702
2.45,2048,4,fitted,0.0012609189062200844
2.46,2048,4,fitted,0.0012124387022809503
2.4699999999999998,2048,4,fitted,0.001165630455631219
2.4800000000000004,2048,4,fitted,0.0011204446216823386
2.49,2048,4,fitted,0.0010768328007942432
2.5,2048,4,fitted,0.0010347477240971606
2.51,2048,4,fitted,0.0009941432390077622
2.5200000000000005,2048,4,fitted,0.0009549742944633079
2.5300000000000002,2048,4,fitted,0.0009171969258970204
2.54,2048,4,fitted,0.0008807682399772179
2.55,2048,4,fitted,0.0008456463991323481
2.5600000000000005,2048,4,fitted,0.0008117906058833378
2.5700000000000003,2048,4,fitted,0.000779161087004184
2.58,2048,4,fitted,0.0007477190775310585
2.59,2048,4,fitted,0.0007174268046397049
2.6000000000000005,2048,4,fitted,0.0006882474714102177
2.6100000000000003,2048,4,fitted,0.0006601452404977684
2.62,2048,4,fitted,0.0006330852177271937
2.63,2048,4,fitted,0.0006070334356288468
2.6399999999999997,2048,4,fitted,0.0005819568369324323
2.6500000000000004,2048,4,fitted,0.0005578232580350158
2.66,2048,4,fitted,0.0005346014124588099
2.67,2048,4,fitted,0.0005122608743136905
2.6799999999999997,2048,4,fitted,0.0004907720617789265
2.6900000000000004,2048,4,fitted,0.0004701062206179301
2.7,2048,4,fitted,0.00045023540773933183
2.71,2048,4,fitted,0.00043113247481706997
2.7199999999999998,2048,4,fitted,0.00041277105198168825
2.7300000000000004,2048,4,fitted,0.00039512553159442833
2.74,2048,4,fitted,0.0003781710521152033
2.75,2048,4,fitted,0.0003618834820749632
2.76,2048,4,fitted,0.00034623940416249544
2.7700000000000005,2048,4,fitted,0.0003312160994351263
2.7800000000000002,2048,4,fitted,0.00031679153166232573
2.79,2048,4,fitted,0.0003029443318106861
2.8,2048,4,fitted,0.0002896537826782931
2.8100000000000005,2048,4,fitted,0.000276899803685995
2.8200000000000003,2048,4,fitted,0.00026466293583262996
2.83,2048,4,fitted,0.0002529243268207944
2.84,2048,4,fitted,0.00024166571635931698
2.8500000000000005,2048,4,fitted,0.00023086942164813235
2.8600000000000003,2048,4,fitted,0.00022051832305085346
2.87,2048,4,fitted,0.00021059584995989722
2.88,2048,4,fitted,0.00020108596685865162
2.8899999999999997,2048,4,fitted,0.000191973159584744
2.9000000000000004,2048,4,fitted,0.00018324242179811365
2.91,2048,4,fitted,0.0001748792416572191
2.92,2048,4,fitted,0.00016686958870633636
2.9299999999999997,2048,4,fitted,0.00015919990097658702
2.9400000000000004,2048,4,fitted,0.00015185707230297476
2.95,2048,4,fitted,0.00014482843985939912
2.96,2048,4,fitted,0.0001381017719132943
2.9699999999999998,2048,4,fitted,0.00013166525580125376
2.9800000000000004,2048,4,fitted,0.0001255074861266965
2.99,2048,4,fitted,0.00011961745318036445
3.0,2048,4,fitted,0.00011398453158416072
-3.0,2048,8,fitted,0.0004185870178019859
-2.99,2048,8,fitted,0.0004330883893993512
-2.98,2048,8,fitted,0.0004480378420421953
-2.97,2048,8,fitted,0.0004634471729186434
-2.96,2048,8,fitted,0.00047932841737441774
-2.95,2048,8,fitted,0.0004956938512853898
-2.94,2048,8,fitted,0.0005125559933691067
-2.93,2048,8,fitted,0.000529927607431706
-2.92,2048,8,fitted,0.0005478217045466226
-2.91,2048,8,fitted,0.0005662515451613982
-2.9,2048,8,fitted,0.000585230641128897
-2.89,2048,8,fitted,0.0006047727576591357
-2.88,2048,8,fitted,0.0006248919151879478
-2.87,2048,8,fitted,0.0006456023911586081
-2.86,2048,8,fitted,0.0006669187217125584
-2.85,2048,8,fitted,0.0006888557032853
-2.84,2048,8,fitted,0.0007114283941035349
-2.83,2048,8,fitted,0.0007346521155795711
-2.82,2048,8,fitted,0.0007585424535990491
-2.81,2048,8,fitted,0.000783115259697971
-2.8,2048,8,fitted,0.0008083866521250808
-2.79,2048,8,fitted,0.0008343730167855827
-2.78,2048,8,fitted,0.0008610910080622682
-2.77,2048,8,fitted,0.0008885575495100635
-2.76,2048,8,fitted,0.0009167898344201274
-2.75,2048,8,fitted,0.0009458053262495848
-2.74,2048,8,fitted,0.0009756217589131118
-2.73,2048,8,fitted,0.0010062571369325892
-2.7199999999999998,2048,8,fitted,0.0010377297354411449
-2.71,2048,8,fitted,0.0010700581000380074
-2.7,2048,8,fitted,0.0011032610464906812
-2.69,2048,8,fitted,0.001137357660281061
-2.68,2048,8,fitted,0.0011723672959922733
-2.67,2048,8,fitted,0.0012083095765331913
-2.66,2048,8,fitted,0.001245204392197683
-2.65,2048,8,fitted,0.0012830718995559722
-2.64,2048,8,fitted,0.0013219325201755709
-2.63,2048,8,fitted,0.0013618069391696372
-2.62,2048,8,fitted,0.0014027161035707577
-2.61,2048,8,fitted,0.0014446812205285893
-2.6,2048,8,fitted,0.0014877237553299995
-2.59,2048,8,fitted,0.001531865429240883
-2.58,2048,8,fitted,0.0015771282171690639
-2.57,2048,8,fitted,0.0016235343451483392
-2.56,2048,8,fitted,0.0016711062876440452
-2.55,2048,8,fitted,0.0017198667646812298
-2.54,2048,8,fitted,0.001769838738796995
-2.53,2048,8,fitted,0.0018210454118193192
-2.52,2048,8,fitted,0.0018735102214753271
-2.51,2048,8,fitted,0.0019272568378328177
-2.5,2048,8,fitted,0.001982309159579634
-2.49,2048,8,fitted,0.0020386913101465057
-2.48,2048,8,fitted,0.0020964276336798665
-2.4699999999999998,2048,8,fitted,0.0021555426908723696
-2.46,2048,8,fitted,0.002216061254659962
-2.45,2048,8,fitted,0.0022780083057956655
-2.44,2048,8,fitted,0.0023414090283116334
-2.4299999999999997,2048,8,fitted,0.002406288804882558
-2.42,2048,8,fitted,0.00247267321210518
-2.41,2048,8,fitted,0.0025405880157103895
-2.4,2048,8,fitted,0.0026100591657262913
-2.39,2048,8,fitted,0.002681112791612789
-2.38,2048,8,fitted,0.0027537751973903996
-2.37,2048,8,fitted,0.0028280728567883382
-2.36,2048,8,fitted,0.0029040324084397317
-2.35,2048,8,fitted,0.0029816806511542985
-2.34,2048,8,fitted,0.0030610445393021374
-2.33,2048,8,fitted,0.003142151178345209
-2.32,2048,8,fitted,0.003225027820556774
-2.31,2048,8,fitted,0.0033097018609725376
-2.3,2048,8,fitted,0.003396200833621477
-2.29,2048,8,fitted,0.0034845524080882387
-2.2800000000000002,2048,8,fitted,0.0035747843864639126
-2.27,2048,8,fitted,0.003666924700746505
-2.26,2048,8,fitted,0.0037610014107578218
-2.25,2048,8,fitted,0.003857042702648968
-2.24,2048,8,fitted,0.003955076888072529
-2.23,2048,8,fitted,0.004055132404105782
-2.2199999999999998,2048,8,fitted,0.00415723781401599
-2.21,2048,8,fitted,0.004261421808966013
-2.2,2048,8,fitted,0.004367713210765861
-2.19,2048,8,fitted,0.0044761409757839874
-2.1799999999999997,2048,8,fitted,0.004586734200140518
-2.17,2048,8,fitted,0.004699522126313713
-2.16,2048,8,fitted,0.0048145341513004345
-2.15,2048,8,fitted,0.0049317998364814646
-2.14,2048,8,fitted,0.00505134891935323
-2.13,2048,8,fitted,0.005173211327298752
-2.12,2048,8,fitted,0.0052974171935823685
-2.11,2048,8,fitted,0.005423996875765516
-2.1,2048,8,fitted,0.0055529809767537125
-2.09,2048,8,fitted,0.005684400368699034
-2.08,2048,8,fitted,0.005818286219996604
-2.07,2048,8,fitted,0.005954670025629165
-2.06,2048,8,fitted,0.006093583641129456
-2.05,2048,8,fitted,0.0062350593204472254
-2.04,2048,8,fitted,0.006379129758024853
-2.0300000000000002,2048,8,fitted,0.0065258281354041965
-2.02,2048,8,fitted,0.006675188172706086
-2.01,2048,8,fitted,0.006827244185344022
-2.0,2048,8,fitted,0.0069820311463542895
-1.99,2048,8,fitted,0.0071395847547463375
-1.98,2048,8,fitted,0.007299941510299583
-1.97,2048,8,fitted,0.007463138795256283
-1.96,2048,8,fitted,0.007629214963384124
-1.95,2048,8,fitted,0.007798209436907241
-1.94,2048,8,fitted,0.007970162811830148
-1.93,2048,8,fitted,0.00814511697220592
-1.92,2048,8,fitted,0.00832311521392741
-1.91,2048,8,fitted,0.008504202378648634
-1.9,2048,8,fitted,0.008688424998472754
-1.89,2048,8,fitted,0.008875831452072967
-1.88,2048,8,fitted,0.009066472132943397
-1.8699999999999999,2048,8,fitted,0.009260399630508566
-1.8599999999999999,2048,8,fitted,0.009457668924852097
-1.8499999999999999,2048,8,fitted,0.009658337595858255
-1.84,2048,8,fitted,0.0098624660475932
-1.83,2048,8,fitted,0.010070117748786876
-1.82,2048,8,fitted,0.010281359490310785
-1.81,2048,8,fitted,0.010496261660581704
-1.8,2048,8,fitted,0.010714898539856665
-1.79,2048,8,fitted,0.010937348614419525
-1.78,2048,8,fitted,0.011163694911695166
-1.77,2048,8,fitted,0.011394025357362555
-1.76,2048,8,fitted,0.011628433155573058
-1.75,2048,8,fitted,0.011867017193415536
-1.74,2048,8,fitted,0.012109882470803825
-1.73,2048,8,fitted,0.012357140556996122
-1.72,2048,8,fitted,0.012608910074988483
-1.71,2048,8,fitted,0.012865317215056496
-1.7,2048,8,fitted,0.013126496278749317
-1.69,2048,8,fitted,0.013392590254668994
-1.68,2048,8,fitted,0.01366375142739475
-1.67,2048,8,fitted,0.013940142020936283
-1.66,2048,8,fitted,0.014221934878121748
-1.65,2048,8,fitted,0.01450931417734491
-1.64,2048,8,fitted,0.014802476188111046
-1.63,2048,8,fitted,0.015101630066832359
-1.6199999999999999,2048,8,fitted,0.015406998694330364
-1.6099999999999999,2048,8,fitted,0.015718819556504404
-1.5999999999999999,2048,8,fitted,0.01603734566962134
-1.59,2048,8,fitted,0.016362846551671244
-1.58,2048,8,fitted,0.016695609241216776
-1.57,2048,8,fitted,0.017035939365138385
-1.56,2048,8,fitted,0.017384162256644728
-1.55,2048,8,fitted,0.017740624124873886
-1.54,2048,8,fitted,0.018105693277358403
-1.53,2048,8,fitted,0.01847976139656224
-1.52,2048,8,fitted,0.018863244871621273
-1.51,2048,8,fitted,0.019256586186328636
-1.5,2048,8,fitted,0.01966025536430196
-1.49,2048,8,fitted,0.02007475147214912
-1.48,2048,8,fitted,0.020500604181312363
-1.47,2048,8,fitted,0.02093837538911546
-1.46,2048,8,fitted,0.02138866089936412
-1.45,2048,8,fitted,0.02185209216265457
-1.44,2048,8,fitted,0.022329338076328042
-1.43,2048,8,fitted,0.022821106843767872
-1.42,2048,8,fitted,0.023328147892470414
-1.41,2048,8,fitted,0.02385125385002869
-1.4,2048,8,fitted,0.02439126257684843
-1.39,2048,8,fitted,0.024949059254066867
-1.38,2048,8,fitted,0.02552557852476617
-1.3699999999999999,2048,8,fitted,0.026121806686162385
-1.3599999999999999,2048,8,fitted,0.026738783930007257
-1.3499999999999999,2048,8,fitted,0.027377606627963062
-1.3399999999999999,2048,8,fitted,0.028039429658198306
-1.33,2048,8,fitted,0.028725468768904104
-1.32,2048,8,fitted,0.029437002973846955
-1.31,2048,8,fitted,0.03017537697445205
-1.3,2048,8,fitted,0.030942003602253708
-1.29,2048,8,fitted,0.03173836627485337
-1.28,2048,8,fitted,0.03256602145779407
-1.27,2048,8,fitted,0.03342660112399149
-1.26,2048,8,fitted,0.034321815201558345
-1.25,2048,8,fitted,0.03525345400002043
-1.24,2048,8,fitted,0.036223390604053524
-1.23,2048,8,fitted,0.037233583222969366
-1.22,2048,8,fitted,0.038286077483251406
-1.21,2048,8,fitted,0.039383008650488875
-1.2,2048,8,fitted,0.04052660376608474
-1.19,2048,8,fitted,0.041719183683122975
-1.18,2048,8,fitted,0.04296316498478006
-1.17,2048,8,fitted,0.044261061767656706
-1.16,2048,8,fitted,0.04561548727139791
-1.15,2048,8,fitted,0.04702915533496751
-1.14,2048,8,fitted,0.04850488165895361
-1.13,2048,8,fitted,0.05004558485231508
-1.1199999999999999,2048,8,fitted,0.05165428724104056
-1.1099999999999999,2048,8,fitted,0.053334115415293475
-1.0999999999999999,2048,8,fitted,0.05508830049076683
-1.0899999999999999,2048,8,fitted,0.05692017805918102
-1.08,2048,8,fitted,0.058833187802137435
-1.07,2048,8,fitted,0.06083087274190278
-1.06,2048,8,fitted,0.06291687810215284
-1.05,2048,8,fitted,0.06509494975126702
-1.04,2048,8,fitted,0.06736893220044331
-1.03,2048,8,fitted,0.06974276612871537
-1.02,2048,8,fitted,0.07222048540690942
-1.01,2048,8,fitted,0.07480621359269278
-1.0,2048,8,fitted,0.0775041598691513
-0.9899999999999998,2048,8,fitted,0.0803186143998025
-0.98,2048,8,fitted,0.08325394307361773
-0.9699999999999998,2048,8,fitted,0.08631458161450457
-0.96,2048,8,fitted,0.08950502903079403
-0.9500000000000002,2048,8,fitted,0.09282984038161377
-0.94,2048,8,fitted,0.09629361883859357
-0.9300000000000002,2048,8,fitted,0.09990100702317943
-0.9199999999999999,2048,8,fitted,0.10365667760191774
-0.9100000000000001,2048,8,fitted,0.10756532312441577
-0.8999999999999999,2048,8,fitted,0.11163164509131993
-0.8900000000000001,2048,8,fitted,0.11586034224253951
-0.8799999999999999,2048,8,fitted,0.12025609805913394
-0.8700000000000001,2048,8,fitted,0.12482356747572211
-0.8599999999999999,2048,8,fitted,0.12956736280401354
-0.8500000000000001,2048,8,fitted,0.13449203887204766
-0.8399999999999999,2048,8,fitted,0.13960207738799996
-0.8300000000000001,2048,8,fitted,0.14490187054191564
-0.8199999999999998,2048,8,fitted,0.15039570386349901
-0.81,2048,8,fitted,0.15608773835905176
-0.7999999999999998,2048,8,fitted,0.1619819919558566
-0.79,2048,8,fitted,0.16808232028765857
-0.7799999999999998,2048,8,fitted,0.17439239686045044
-0.77,2048,8,fitted,0.18091569264342322
-0.7599999999999998,2048,8,fitted,0.18765545513573859
-0.75,2048,8,fitted,0.19461468696561607
-0.7399999999999998,2048,8,fitted,0.20179612408413755
-0.73,2048,8,fitted,0.20920221362204772
-0.7199999999999998,2048,8,fitted,0.2168350914837038
-0.71,2048,8,fitted,0.22469655975808345
-0.6999999999999997,2048,8,fitted,0.23278806403243035
-0.69,2048,8,fitted,0.24111067069957745
-0.6800000000000002,2048,8,fitted,0.24966504435526715
-0.6699999999999999,2048,8,fitted,0.2584514253867685
-0.6600000000000001,2048,8,fitted,0.26746960785877516
-0.6499999999999999,2048,8,fitted,0.27671891780688723
-0.6400000000000001,2048,8,fitted,0.2861981920528569
-0.6299999999999999,2048,8,fitted,0.29590575765923177
-0.6200000000000001,2048,8,fitted,0.3058394121439214
-0.6099999999999999,2048,8,fitted,0.315996404577587
-0.6000000000000001,2048,8,fitted,0.32637341768848016
-0.5899999999999999,2048,8,fitted,0.33696655110047
-0.5800000000000001,2048,8,fitted,0.3477713058303798
-0.5699999999999998,2048,8,fitted,0.3587825701704489
-0.56,2048,8,fitted,0.3699946070806215
-0.5499999999999998,2048,8,fitted,0.3814010432135048
-0.54,2048,8,fitted,0.3929948596921118
-0.5299999999999998,2048,8,fitted,0.40476838475699045
-0.52,2048,8,fitted,0.41671328839492183
-0.5099999999999998,2048,8,fitted,0.42882057905614407
-0.5,2048,8,fitted,0.44108060256091125
-0.48999999999999977,2048,8,fitted,0.45348304328925254
-0.48,2048,8,fitted,0.46601692773993597
-0.46999999999999975,2048,8,fitted,0.47867063053601794
-0.45999999999999996,2048,8,fitted,0.49143188294485973
-0.44999999999999973,2048,8,fitted,0.5042877839702894
-0.43999999999999995,2048,8,fitted,0.5172248140635733
-0.43000000000000016,2048,8,fitted,0.5302288514882321
-0.41999999999999993,2048,8,fitted,0.5432851913614025
-0.41000000000000014,2048,8,fitted,0.5563785673815828
-0.3999999999999999,2048,8,fitted,0.56949317623921
-0.3900000000000001,2048,8,fitted,0.5826127046926679
-0.3799999999999999,2048,8,fitted,0.5957203592781661
-0.3700000000000001,2048,8,fitted,0.608798898607429
-0.3599999999999999,2048,8,fitted,0.6218306681925196
-0.3500000000000001,2048,8,fitted,0.6347976377223353
-0.33999999999999986,2048,8,fitted,0.6476814407006046
-0.33000000000000007,2048,8,fitted,0.6604634163405396
-0.31999999999999984,2048,8,fitted,0.6731246535968849
-0.31000000000000005,2048,8,fitted,0.6856460372019388
-0.2999999999999998,2048,8,fitted,0.6980082955584345
-0.29000000000000004,2048,8,fitted,0.7101920503289145
-0.2799999999999998,2048,8,fitted,0.7221778675486764
-0.27,2048,8,fitted,0.7339463100774448
-0.2599999999999998,2048,8,fitted,0.7454779911938922
-0.25,2048,8,fitted,0.7567536291269247
-0.23999999999999977,2048,8,fitted,0.7677541023085188
-0.22999999999999998,2048,8,fitted,0.7784605051247574
-0.21999999999999975,2048,8,fitted,0.7888542039348059
-0.20999999999999996,2048,8,fitted,0.7989168931218216
-0.19999999999999973,2048,8,fitted,0.8086306509353731
-0.18999999999999995,2048,8,fitted,0.8179779948818302
-0.18000000000000016,2048,8,fitted,0.8269419364174848
-0.16999999999999993,2048,8,fitted,0.8355060346988457
-0.16000000000000014,2048,8,fitted,0.8436544491456978
-0.1499999999999999,2048,8,fitted,0.8513719905751098
-0.14000000000000012,2048,8,fitted,0.8586441706686132
-0.1299999999999999,2048,8,fitted,0.8654572495402957
-0.1200000000000001,2048,8,fitted,0.8717982811804539
-0.10999999999999988,2048,8,fitted,0.8776551565578161
-0.10000000000000009,2048,8,fitted,0.8830166441730082
-0.08999999999999986,2048,8,fitted,0.8878724278669635
-0.08000000000000007,2048,8,fitted,0.8922131417002138
-0.06999999999999984,2048,8,fitted,0.8960304017324404
-0.06000000000000005,2048,8,fitted,0.899316834546185
-0.04999999999999982,2048,8,fitted,0.9020661023741638
-0.040000000000000036,2048,8,fitted,0.9042729247060626
-0.029999999999999805,2048,8,fitted,0.9059330962679656
-0.020000000000000018,2048,8,fitted,0.907043501285494
-0.009999999999999787,2048,8,fitted,0.9076021239602793
0.0,2048,8,fitted,0.9076080551083654
0.010000000000000231,2048,8,fitted,0.9070614949284579
0.020000000000000018,2048,8,fitted,0.9059637518874567
0.03000000000000025,2048,8,fitted,0.9043172377302985
0.040000000000000036,2048,8,fitted,0.9021254586406834
0.050000000000000266,2048,8,fitted,0.8993930025986071
0.06000000000000005,2048,8,fitted,0.8961255229996699
0.07000000000000028,2048,8,fitted,0.8923297186197301
0.08000000000000007,2048,8,fitted,0.8880133100265307
0.08999999999999986,2048,8,fitted,0.8831850125572791
0.10000000000000009,2048,8,fitted,0.8778545059977636
0.10999999999999988,2048,8,fitted,0.8720324011142712
0.1200000000000001,2048,8,fitted,0.8657302032042734
0.1299999999999999,2048,8,fitted,0.8589602728454848
0.14000000000000012,2048,8,fitted,0.8517357840353417
0.1499999999999999,2048,8,fitted,0.844070679924208
0.16000000000000014,2048,8,fitted,0.8359796263555348
0.16999999999999993,2048,8,fitted,0.8274779634348159
0.18000000000000016,2048,8,fitted,0.8185816553563756
0.18999999999999995,2048,8,fitted,0.809307238722843
0.20000000000000018,2048,8,fitted,0.7996717695965035
0.20999999999999996,2048,8,fitted,0.7896927695246645
0.2200000000000002,2048,8,fitted,0.7793881707826171
0.22999999999999998,2048,8,fitted,0.7687762610778561
0.2400000000000002,2048,8,fitted,0.7578756279578259
0.25,2048,8,fitted,0.7467051031607623
0.26000000000000023,2048,8,fitted,0.7352837071451017
0.27,2048,8,fitted,0.7236305940276215
0.28000000000000025,2048,8,fitted,0.7117649971538732
0.29000000000000004,2048,8,fitted,0.6997061755167937
0.30000000000000027,2048,8,fitted,0.6874733612305454
0.31000000000000005,2048,8,fitted,0.6750857082568843
0.3200000000000003,2048,8,fitted,0.662562242570614
0.33000000000000007,2048,8,fitted,0.6499218139391962
0.33999999999999986,2048,8,fitted,0.6371830494793086
0.3500000000000001,2048,8,fitted,0.6243643091402921
0.3599999999999999,2048,8,fitted,0.6114836432510105
0.3700000000000001,2048,8,fitted,0.5985587522528121
0.3799999999999999,2048,8,fitted,0.5856069487271508
0.3900000000000001,2048,8,fitted,0.5726451218120082
0.3999999999999999,2048,8,fitted,0.5596897040867959
0.41000000000000014,2048,8,fitted,0.5467566409908444
0.41999999999999993,2048,8,fitted,0.5338613628261616
0.43000000000000016,2048,8,fitted,0.5210187593808038
0.43999999999999995,2048,8,fitted,0.5082431571951841
0.4500000000000002,2048,8,fitted,0.49554829947988044
0.45999999999999996,2048,8,fitted,0.48294732868022294
0.4700000000000002,2048,8,fitted,0.4704527716700712
0.48,2048,8,fitted,0.45807652754493455
0.4900000000000002,2048,8,fitted,0.44582985797286634
0.5,2048,8,fitted,0.43372338005058003
0.5100000000000002,2048,8,fitted,0.4217670616018752
0.52,2048,8,fitted,0.4099702188459272
0.5300000000000002,2048,8,fitted,0.3983415163541652
0.54,2048,8,fitted,0.3868889692065103
0.5500000000000003,2048,8,fitted,0.37561994725054426
0.56,2048,8,fitted,0.3645411813608878
0.5700000000000003,2048,8,fitted,0.3536587715905451
0.5800000000000001,2048,8,fitted,0.34297819710136235
0.5899999999999999,2048,8,fitted,0.3325043277569054
0.6000000000000001,2048,8,fitted,0.3222414372581064
0.6099999999999999,2048,8,fitted,0.3121932176998266
0.6200000000000001,2048,8,fitted,0.3023627954250942
0.6299999999999999,2048,8,fitted,0.2927527480531418
0.6400000000000001,2048,8,fitted,0.28336512255743324
0.6499999999999999,2048,8,fitted,0.2742014542706679
0.6600000000000001,2048,8,fitted,0.2652627866951485
0.6699999999999999,2048,8,fitted,0.2565496919989601
0.6800000000000002,2048,8,fitted,0.24806229208098635
0.69,2048,8,fitted,0.23980028009093798
0.7000000000000002,2048,8,fitted,0.23176294229414468
0.71,2048,8,fitted,0.2239491801749137
0.7200000000000002,2048,8,fitted,0.2163575326766441
0.73,2048,8,fitted,0.20898619848164715
0.7400000000000002,2048,8,fitted,0.2018330582386263
0.75,2048,8,fitted,0.1948956966510497
0.7600000000000002,2048,8,fitted,0.18817142434507905
0.77,2048,8,fitted,0.18165729944133302
0.7800000000000002,2048,8,fitted,0.17535014876043853
0.79,2048,8,fitted,0.16924658859809993
0.8000000000000003,2048,8,fitted,0.16334304501117125
0.81,2048,8,fitted,0.15763577356199193
0.8200000000000003,2048,8,fitted,0.15212087847393546
0.8300000000000001,2048,8,fitted,0.14679433115675392
0.8399999999999999,2048,8,fitted,0.14165198806578977
0.8500000000000001,2048,8,fitted,0.13668960786450163
0.8599999999999999,2048,8,fitted,0.13190286786493322
0.8700000000000001,2048,8,fitted,0.1272873797257603
0.8799999999999999,2048,8,fitted,0.12283870439235232
0.8900000000000001,2048,8,fitted,0.1185523662678442
0.8999999999999999,2048,8,fitted,0.11442386660855788
0.9100000000000001,2048,8,fitted,0.11044869614118265
0.9199999999999999,2048,8,fitted,0.1066223469029586
0.9300000000000002,2048,8,fitted,0.10294032330965444
0.94,2048,8,fitted,0.09939815245943195
0.9500000000000002,2048,8,fitted,0.09599139368369738
0.96,2048,8,fitted,0.09271564735880047
0.9700000000000002,2048,8,fitted,0.08956656299491064
0.98,2048,8,fitted,0.08653984662062755
0.9900000000000002,2048,8,fitted,0.08363126748382896
1.0,2048,8,fitted,0.08083666409097356
1.0099999999999998,2048,8,fitted,0.07815194960852766
1.0200000000000005,2048,8,fitted,0.07557311665141611
1.0300000000000002,2048,8,fitted,0.07309624148439489
1.04,2048,8,fitted,0.0707174876630246
1.0499999999999998,2048,8,fitted,0.068433109141515
1.0600000000000005,2048,8,fitted,0.06623945287509347
1.0700000000000003,2048,8,fitted,0.06413296094477
1.08,2048,8,fitted,0.062110172232413066
1.0899999999999999,2048,8,fitted,0.06016772367395258
1.0999999999999996,2048,8,fitted,0.05830235111827356
1.1100000000000003,2048,8,fitted,0.0565108898189952
1.12,2048,8,fitted,0.05479027458584235
1.13,2048,8,fitted,0.053137539621723136
1.1399999999999997,2048,8,fitted,0.05154981807095164
1.1500000000000004,2048,8,fitted,0.05002434130328927
1.1600000000000001,2048,8,fitted,0.048558437957656894
1.17,2048,8,fitted,0.04714953276848146
1.1799999999999997,2048,8,fitted,0.04579514519671569
1.1900000000000004,2048,8,fitted,0.04449288788659782
1.2000000000000002,2048,8,fitted,0.04324046496822603
1.21,2048,8,fitted,0.042035670225004484
1.2199999999999998,2048,8,fitted,0.040876385143995525
1.2300000000000004,2048,8,fitted,0.03976057686617693
1.2400000000000002,2048,8,fitted,0.038686296052577805
1.25,2048,8,fitted,0.03765167468124239
1.2599999999999998,2048,8,fitted,0.036654923788967245
1.2700000000000005,2048,8,fitted,0.035694331170764634
1.2800000000000002,2048,8,fitted,0.03476825904904011
1.29,2048,8,fitted,0.03387514172353019
1.2999999999999998,2048,8,fitted,0.033013483212136666
1.3100000000000005,2048,8,fitted,0.032181854891912415
1.3200000000000003,2048,8,fitted,0.03137889314861043
1.33,2048,8,fitted,0.03060329704239654
1.3399999999999999,2048,8,fitted,0.029853825996557122
1.3500000000000005,2048,8,fitted,0.029129297515296904
1.3600000000000003,2048,8,fitted,0.028428584936029216
1.37,2048,8,fitted,0.02775061522090397
1.38,2048,8,fitted,0.027094366791704703
1.3899999999999997,2048,8,fitted,0.026458867411666375
1.4000000000000004,2048,8,fitted,0.025843192117228568
1.4100000000000001,2048,8,fitted,0.02524646120223754
1.42,2048,8,fitted,0.02466783825664549
1.4299999999999997,2048,8,fitted,0.024106528261329415
1.4400000000000004,2048,8,fitted,0.023561775740256634
1.4500000000000002,2048,8,fitted,0.023032862970865563
1.46,2048,8,fitted,0.022519108253201428
1.4699999999999998,2048,8,fitted,0.022019864238051197
1.4800000000000004,2048,8,fitted,0.021534516314052517
1.4900000000000002,2048,8,fitted,0.021062481053512702
1.5,2048,8,fitted,0.020603204716458687
1.5099999999999998,2048,8,fitted,0.020156161812250953
1.5200000000000005,2048,8,fitted,0.019720853717926937
1.5300000000000002,2048,8,fitted,0.019296807352295785
1.54,2048,8,fitted,0.018883573904680734
1.5499999999999998,2048,8,fitted,0.01848072761710084
1.5600000000000005,2048,8,fitted,0.018087864618593685
1.5700000000000003,2048,8,fitted,0.017704601810308626
1.58,2048,8,fitted,0.01733057579994105
1.5899999999999999,2048,8,fitted,0.016965441884033653
1.6000000000000005,2048,8,fitted,0.01660887307663671
1.6100000000000003,2048,8,fitted,0.01626055918279757
1.62,2048,8,fitted,0.01592020591533614
1.63,2048,8,fitted,0.015587534053360398
1.6399999999999997,2048,8,fitted,0.015262278640978644
1.6500000000000004,2048,8,fitted,0.014944188224676472
1.6600000000000001,2048,8,fitted,0.014633024127843166
1.67,2048,8,fitted,0.014328559760953458
1.6799999999999997,2048,8,fitted,0.01403057996593809
1.6900000000000004,2048,8,fitted,0.01373888039330554
1.7000000000000002,2048,8,fitted,0.01345326691061175
1.71,2048,8,fitted,0.01317355504090969
1.7199999999999998,2048,8,fitted,0.012899569429849858
1.7300000000000004,2048,8,fitted,0.012631143340141612
1.7400000000000002,2048,8,fitted,0.012368118172127083
1.75,2048,8,fitted,0.01211034300926052
1.7599999999999998,2048,8,fitted,0.011857674187329427
1.7700000000000005,2048,8,fitted,0.011609974886295539
1.7800000000000002,2048,8,fitted,0.011367114743677105
1.79,2048,8,fitted,0.011128969488435638
1.7999999999999998,2048,8,fitted,0.010895420594373208
1.8100000000000005,2048,8,fitted,0.010666354952086734
1.8200000000000003,2048,8,fitted,0.010441664558566943
1.83,2048,8,fitted,0.010221246223568877
1.8399999999999999,2048,8,fitted,0.010005001291920012
1.8500000000000005,2048,8,fitted,0.00979283538096913
1.8600000000000003,2048,8,fitted,0.009584658132415916
1.87,2048,8,fitted,0.009380382977796163
1.88,2048,8,fitted,0.00917992691693194
1.8899999999999997,2048,8,fitted,0.008983210308688448
1.9000000000000004,2048,8,fitted,0.00879015667341101
1.9100000000000001,2048,8,fitted,0.008600692506445908
1.92,2048,8,fitted,0.00841474710217758
1.9299999999999997,2048,8,fitted,0.008232252388042796
1.9400000000000004,2048,8,fitted,0.008053142768008588
1.9500000000000002,2048,8,fitted,0.007877354975026302
1.96,2048,8,fitted,0.007704827931998017
1.9699999999999998,2048,8,fitted,0.007535502620814986
1.9800000000000004,2048,8,fitted,0.007369321959049262
1.9900000000000002,2048,8,fitted,0.007206230683900826
2.0,2048,8,fitted,0.007046175243021942
2.01,2048,8,fitted,0.006889103691859933
2.0200000000000005,2048,8,fitted,0.006734965597176751
2.0300000000000002,2048,8,fitted,0.006583711946421216
2.04,2048,8,fitted,0.0064352950626454485
2.05,2048,8,fitted,0.006289668524672854
2.0600000000000005,2048,8,fitted,0.006146787092238918
2.0700000000000003,2048,8,fitted,0.006006606635840341
2.08,2048,8,fitted,0.00586908407104055
2.09,2048,8,fitted,0.0057341772969926146
2.1000000000000005,2048,8,fitted,0.005601845138951746
2.1100000000000003,2048,8,fitted,0.005472047294561121
2.12,2048,8,fitted,0.005344744283704947
2.13,2048,8,fitted,0.005219897401733194
2.1399999999999997,2048,8,fitted,0.0050974686758714395
2.1500000000000004,2048,8,fitted,0.004977420824638687
2.16,2048,8,fitted,0.004859717220104458
2.17,2048,8,fitted,0.00474432185282453
2.1799999999999997,2048,8,fitted,0.004631199299302777
2.1900000000000004,2048,8,fitted,0.00452031469183359
2.2,2048,8,fitted,0.0044116336905866815
2.21,2048,8,fitted,0.004305122457802519
2.2199999999999998,2048,8,fitted,0.004200747633973337
2.2300000000000004,2048,8,fitted,0.004098476315890438
2.24,2048,8,fitted,0.003998276036444542
2.25,2048,8,fitted,0.0039001147460712418
2.26,2048,8,fitted,0.0038039607957392266
2.2700000000000005,2048,8,fitted,0.0037097829213836556
2.2800000000000002,2048,8,fitted,0.003617550229692118
2.29,2048,8,fitted,0.0035272321851550145
2.3,2048,8,fitted,0.003438798598296879
2.3100000000000005,2048,8,fitted,0.0033522196150090632
2.3200000000000003,2048,8,fitted,0.003267465706908486
2.33,2048,8,fitted,0.0031845076626507607
2.34,2048,8,fitted,0.003103316580129978
2.3500000000000005,2048,8,fitted,0.003023863859500701
2.3600000000000003,2048,8,fitted,0.002946121196961275
2.37,2048,8,fitted,0.002870060579240605
2.38,2048,8,fitted,0.0027956542787339034
2.3899999999999997,2048,8,fitted,0.0027228748492356307
2.4000000000000004,2048,8,fitted,0.0026516951222207877
2.41,2048,8,fitted,0.002582088203628472
2.42,2048,8,fitted,0.002514027471104057
2.4299999999999997,2048,8,fitted,0.002447486571659047
2.4400000000000004,2048,8,fitted,0.002382439419709816
2.45,2048,8,fitted,0.002318860195458903
2.46,2048,8,fitted,0.002256723343584479
2.4699999999999998,2048,8,fitted,0.0021960035722059673
2.4800000000000004,2048,8,fitted,0.0021366758520954842
2.49,2048,8,fitted,0.0020787154161068916
2.5,2048,8,fitted,0.0020220977587958383
2.51,2048,8,fitted,0.0019667986362061477
2.5200000000000005,2048,8,fitted,0.0019127940657992914
2.5300000000000002,2048,8,fitted,0.001860060326505453
2.54,2048,8,fitted,0.001808573958876012
2.55,2048,8,fitted,0.0017583117653188613
2.5600000000000005,2048,8,fitted,0.001709250810399174
2.5700000000000003,2048,8,fitted,0.0016613684211896208
2.58,2048,8,fitted,0.001614642187655163
2.59,2048,8,fitted,0.0015690499630588157
2.6000000000000005,2048,8,fitted,0.0015245698643757736
2.6100000000000003,2048,8,fitted,0.0014811802727043902
2.62,2048,8,fitted,0.0014388598336634282
2.63,2048,8,fitted,0.0013975874577660196
2.6399999999999997,2048,8,fitted,0.0013573423207615743
2.6500000000000004,2048,8,fitted,0.0013181038639377247
2.66,2048,8,fitted,0.001279851794375236
2.67,2048,8,fitted,0.0012425660851494392
2.6799999999999997,2048,8,fitted,0.001206226975472587
2.6900000000000004,2048,8,fitted,0.0011708149707720479
2.7,2048,8,fitted,0.0011363108426999857
2.71,2048,8,fitted,0.001102695629070636
2.7199999999999998,2048,8,fitted,0.0010699506337219665
2.7300000000000004,2048,8,fitted,0.0010380574262988977
2.74,2048,8,fitted,0.0010069978419558103
2.75,2048,8,fitted,0.0009767539809764502
2.76,2048,8,fitted,0.0009473082083098339
2.7700000000000005,2048,8,fitted,0.0009186431530210592
2.7800000000000002,2048,8,fitted,0.0008907417076563502
2.79,2048,8,fitted,0.0008635870275219277
2.8,2048,8,fitted,0.0008371625298766976
2.8100000000000005,2048,8,fitted,0.0008114518930389361
2.8200000000000003,2048,8,fitted,0.0007864390554074899
2.83,2048,8,fitted,0.0007621082143981764
2.84,2048,8,fitted,0.0007384438252963775
2.8500000000000005,2048,8,fitted,0.0007154306000269387
2.8600000000000003,2048,8,fitted,0.0006930535058427309
2.87,2048,8,fitted,0.0006712977639333367
2.88,2048,8,fitted,0.0006501488479555602
2.8899999999999997,2048,8,fitted,0.000629592482487506
2.9000000000000004,2048,8,fitted,0.0006096146414081486
2.91,2048,8,fitted,0.0005902015462044169
2.92,2048,8,fitted,0.0005713396642078782
2.9299999999999997,2048,8,fitted,0.0005530157067632474
2.9400000000000004,2048,8,fitted,0.0005352166273309674
2.95,2048,8,fitted,0.000517929619526204
2.96,2048,8,fitted,0.0005011421150966186
2.9699999999999998,2048,8,fitted,0.0004848417818413675
2.9800000000000004,2048,8,fitted,0.0004690165214737708
2.99,2048,8,fitted,0.0004536544674301496
3.0,2048,8,fitted,0.0004387439826273199
