seed,n_obs,t,arm,omega_hat_deg,omega_err_deg,tv_to_truth,mass_near_pm_omega,spread,moved_from_uniform,is_flat,mode_psi_deg,n_iters,min_loglik_increase,final_loglik
123393400,32,0.05,joint,28.65108656731886,1.3489134326811394,0.7960487383653009,0.9999999999999994,0.12254834020687444,0.9687499999999711,False,28.125000000000007,200,5.386395315554182e-06,113.10921868215934
123393400,32,0.05,marginal,90.0,60.00000000000001,0.984375,0.0625,0.9999999999999999,0.0,True,,1,0.0,-353.23611830789207
123393400,32,0.0725,joint,28.335268092727322,1.6647319072726752,0.7869209334880151,0.9999999999996669,0.12003569526087454,0.968749999999666,False,28.125000000000007,200,3.67364805242687e-10,35.13212503202918
123393400,32,0.0725,marginal,90.0,60.00000000000001,0.984375,0.0625,0.9999999999999999,0.0,True,,1,0.0,-372.31565804875004
123393400,32,0.1053,joint,29.466852728446153,0.5331472715538438,0.5038808520631285,0.9954388692855288,0.12887764037257476,0.9711086543327632,False,-30.937499999999996,200,4.9971193934794655e-05,-26.441097388216203
123393400,32,0.1053,marginal,90.0,60.00000000000001,0.984375,0.0625,0.9999999999999999,0.0,True,,1,0.0,-363.99258031790356
123393400,32,0.1527,joint,28.146735916962374,1.8532640830376244,0.9922716733273287,1.0,0.11815200466214659,0.9766466726857217,False,-28.125000000000007,200,2.4378619002618507e-05,-123.04999119200511
123393400,32,0.1527,marginal,90.0,60.00000000000001,0.984375,0.0625,0.9999999999999999,0.0,True,,1,0.0,-390.810472066904
123393400,32,0.2216,joint,29.24117608353183,0.7588239164681674,0.6031373922171424,1.0,0.12725667634351778,0.9687499996939515,False,28.125000000000007,200,4.799436226221587e-07,-172.97863874025703
123393400,32,0.2216,marginal,90.0,60.00000000000001,0.984375,0.0625,0.9999999999999999,0.0,True,,1,0.0,-377.1836986808122
123393400,32,0.3215,joint,29.45251725385404,0.547482746145956,0.5279940954983403,1.0,0.12947551150192604,0.984371019387906,False,28.125000000000007,200,5.051574589742813e-07,-245.0825135050837
123393400,32,0.3215,marginal,90.0,60.00000000000001,0.984375,0.0625,0.9999999999999999,0.0,True,,1,0.0,-379.4519867560065
123393400,32,0.4665,joint,29.368409264169614,0.6315907358303848,0.7223845277567434,0.9664725039646085,0.13154371698496758,0.9528624872833353,False,28.125000000000007,200,6.618526072088571e-06,-267.11162454458884
123393400,32,0.4665,marginal,90.0,60.00000000000001,0.984375,0.0625,0.9999999999999999,0.0,True,,1,0.0,-342.76088933727124
123393400,32,0.6769,joint,47.737796255312354,17.737796255312357,0.6261947758224834,0.8429294462786352,0.3781351881474453,0.9190002377805395,False,28.125000000000007,200,0.00022004103010431209,-337.0077087618163
123393400,32,0.6769,marginal,90.0,60.00000000000001,0.984375,0.0625,0.9999999999999999,0.0,True,,1,0.0,-374.4088270164026
123393400,32,0.9821,joint,44.877527045974304,14.87752704597431,0.9335752820398509,0.3564342244800661,0.3693737889318023,0.8837532444840179,False,33.749999999999986,200,0.00024872393004216065,-380.57720995153215
123393400,32,0.9821,marginal,90.0,60.00000000000001,0.984375,0.0625,0.9999999999999999,0.0,True,,1,0.0,-391.94562004871284
123393400,32,1.425,joint,62.87009369850222,32.87009369850222,0.966983825729073,0.34581260871092184,0.5706711886275027,0.8697650275901665,False,-25.31249999999999,200,0.000383333174170275,-404.2396793741617
123393400,32,1.425,marginal,90.0,60.00000000000001,0.984375,0.0625,0.9999999999999999,0.0,True,,1,0.0,-407.8714377717118
123393400,32,2.0676,joint,111.01096399537953,81.01096399537954,0.9836675546335084,0.09734915365132302,0.7617262639536773,0.7409969018345508,False,168.75,200,0.00046946285272042587,-408.18949417335693
123393400,32,2.0676,marginal,90.0,60.00000000000001,0.984375,0.0625,0.9999999999999999,0.0,True,,1,0.0,-409.29941884249047
123393400,32,3.0,joint,98.19182098876387,68.19182098876387,0.9894959446646021,0.04324380749081666,0.8893944433696132,0.27721756873474734,False,-140.625,200,0.000334544388579161,-374.2219267878337
123393400,32,3.0,marginal,90.0,60.00000000000001,0.984375,0.0625,0.9999999999999999,0.0,True,,1,0.0,-374.30491418271214
123393400,128,0.05,joint,29.998558825708237,0.0014411742917612097,0.320583014785115,0.9967463798206218,0.13392947755872098,0.9654953793570769,False,-30.937499999999996,200,3.121553618257167e-06,491.4175531955624
123393400,128,0.05,marginal,90.0,60.00000000000001,0.984375,0.0625,0.9999999999999999,0.0,True,,1,0.0,-1560.5673618272633
123393400,128,0.0725,joint,29.490233983617102,0.5097660163828944,0.514583686993504,0.9999999999999989,0.1297439260483032,0.9687498915965409,False,28.125000000000007,200,5.538959158002399e-08,135.49937259555105
123393400,128,0.0725,marginal,90.0,60.00000000000001,0.984375,0.0625,0.9999999999999999,0.0,True,,1,0.0,-1631.3026900536618
123393400,128,0.1053,joint,30.550666277023623,0.5506662770236258,0.3204391845855506,0.9900829817194099,0.14216342836244578,0.9588110709461954,False,-30.937499999999996,200,3.01519147427598e-06,-54.1427301145886
123393400,128,0.1053,marginal,90.0,60.00000000000001,0.984375,0.0625,0.9999999999999999,0.0,True,,1,0.0,-1590.969053571217
123393400,128,0.1527,joint,29.7625697243153,0.2374302756846986,0.41848162210036544,0.9999999999616636,0.13213530665094264,0.9683844414913698,False,-30.937499999999996,200,3.3362054182362044e-05,-337.65256166510756
123393400,128,0.1527,marginal,90.0,60.00000000000001,0.984375,0.0625,0.9999999999999999,0.0,True,,1,0.0,-1601.5396569662144
123393400,128,0.2216,joint,30.21035837605385,0.21035837605385269,0.5298809132511701,0.9866410205208503,0.1396515323162829,0.9397660205208245,False,-30.937499999999996,200,0.00011105742214567726,-737.9630601870108
123393400,128,0.2216,marginal,90.0,60.00000000000001,0.984375,0.0625,0.9999999999999999,0.0,True,,1,0.0,-1619.4624832089596
123393400,128,0.3215,joint,29.599061872775003,0.4009381272249934,0.5820907886586622,0.999970088334291,0.13067404249251735,0.960244527295337,False,-28.125000000000007,200,6.295071011663822e-05,-945.530190267602
123393400,128,0.3215,marginal,90.0,60.00000000000001,0.984375,0.0625,0.9999999999999999,0.0,True,,1,0.0,-1563.9777404207289
123393400,128,0.4665,joint,31.47325527066815,1.4732552706681543,0.6431177175670835,0.941084623391141,0.1579807084186864,0.9340819374217353,False,-28.125000000000007,200,0.0003039616544810997,-1185.354387308992
123393400,128,0.4665,marginal,90.0,60.00000000000001,0.984375,0.0625,0.9999999999999999,0.0,True,,1,0.0,-1582.3888667936835
123393400,128,0.6769,joint,32.235993867002286,2.235993867002288,0.47550337236072066,0.9606372444517777,0.16260391904845384,0.9306633938870169,False,-30.937499999999996,200,0.00024295152888953453,-1465.4130756223922
123393400,128,0.6769,marginal,90.0,60.00000000000001,0.984375,0.0625,0.9999999999999999,0.0,True,,1,0.0,-1656.9217132653505
123393400,128,0.9821,joint,36.30623972813378,6.306239728133781,0.612537889196288,0.825669367237521,0.2233614178240365,0.8670932152092939,False,30.937499999999996,200,0.0011657175741675019,-1579.945865689544
123393400,128,0.9821,marginal,90.0,60.00000000000001,0.984375,0.0625,0.9999999999999999,0.0,True,,1,0.0,-1626.573084500868
123393400,128,1.425,joint,47.919094799370285,17.91909479937029,0.8018267684818386,0.5873335632031202,0.39467364819641515,0.7471631461056798,False,-30.937499999999996,200,0.001424571105872019,-1494.6986863763464
123393400,128,1.425,marginal,90.0,60.00000000000001,0.984375,0.0625,0.9999999999999999,0.0,True,,1,0.0,-1504.687684793313
123393400,128,2.0676,joint,60.79694797392653,30.796947973926528,0.9673224593418004,0.13867081890555094,0.5325282967662746,0.6359568177550878,False,-109.6875,200,0.002451955612968959,-1515.3497347029959
123393400,128,2.0676,marginal,90.0,60.00000000000001,0.984375,0.0625,0.9999999999999999,0.0,True,,1,0.0,-1517.3380004637372
123393400,128,3.0,joint,93.69266884077433,63.69266884077434,0.9881300241762185,0.04874040725280701,0.9408229336577486,0.1635072650997813,False,-106.875,200,0.0005272350904306222,-1570.7286378892761
123393400,128,3.0,marginal,90.0,60.00000000000001,0.984375,0.0625,0.9999999999999999,0.0,True,,1,0.0,-1570.834603774082
123393400,256,0.05,joint,30.41838458248498,0.4183845824849804,0.2706640974974138,0.9999999674788329,0.13786138354826283,0.9609090341060254,False,-30.937499999999996,200,3.0395767794288986e-05,991.3078335844069
123393400,256,0.05,marginal,90.0,60.00000000000001,0.984375,0.0625,0.9999999999999999,0.0,True,,1,0.0,-3003.7545340230004
123393400,256,0.0725,joint,30.23359882024758,0.23359882024757986,0.3476529715733106,0.9999999499807668,0.13627095116601506,0.9602987626047366,False,-30.937499999999996,200,0.0001212674670796332,467.8614155077081
123393400,256,0.0725,marginal,90.0,60.00000000000001,0.984375,0.0625,0.9999999999999999,0.0,True,,1,0.0,-3034.5979965118768
123393400,256,0.1053,joint,30.105351644154226,0.10535164415422926,0.29799705593449105,0.9982896372000449,0.13531366187437055,0.953638045348864,False,-30.937499999999996,200,0.00021254622919286703,-169.94681498331585
123393400,256,0.1053,marginal,90.0,60.00000000000001,0.984375,0.0625,0.9999999999999999,0.0,True,,1,0.0,-3034.055241190991
123393400,256,0.1527,joint,30.38001884991613,0.3800188499161326,0.2178831582051765,0.9999999999986953,0.13741950015712512,0.9609235613185838,False,-30.937499999999996,200,0.0006618159450226813,-805.85164613659
123393400,256,0.1527,marginal,90.0,60.00000000000001,0.984375,0.0625,0.9999999999999999,0.0,True,,1,0.0,-3082.431346020514
123393400,256,0.2216,joint,30.260193902526943,0.2601939025269468,0.23762737207595086,0.9911986702858523,0.1365862060170887,0.9541384399405882,False,-30.937499999999996,200,0.0004261675730958814,-1419.2728292582929
123393400,256,0.2216,marginal,90.0,60.00000000000001,0.984375,0.0625,0.9999999999999999,0.0,True,,1,0.0,-3079.320821470664
123393400,256,0.3215,joint,30.735275147265963,0.735275147265965,0.5062980351664981,0.9610101961754312,0.14559485898033564,0.9216076540706021,False,-30.937499999999996,200,0.0009642562647513842,-2033.8615503334881
123393400,256,0.3215,marginal,90.0,60.00000000000001,0.984375,0.0625,0.9999999999999999,0.0,True,,1,0.0,-3154.081654218708
123393400,256,0.4665,joint,32.006419734520826,2.0064197345208314,0.5031879653054274,0.9525770694999558,0.16332899712326332,0.9006341410638827,False,-30.937499999999996,200,0.0007588267026221729,-2460.5921172992057
123393400,256,0.4665,marginal,90.0,60.00000000000001,0.984375,0.0625,0.9999999999999999,0.0,True,,1,0.0,-3112.311682958396
123393400,256,0.6769,joint,34.74063431765705,4.740634317657051,0.44443371582194413,0.9170562809535707,0.20377796824933414,0.8956144452085161,False,-30.937499999999996,200,0.0014252971959649585,-2818.0805562224105
123393400,256,0.6769,marginal,90.0,60.00000000000001,0.984375,0.0625,0.9999999999999999,0.0,True,,1,0.0,-3116.11238578146
123393400,256,0.9821,joint,38.29161059080267,8.291610590802673,0.7328788413632721,0.8132654078261706,0.2566196969202704,0.848226318602096,False,-28.125000000000007,200,0.0010494695657143893,-3034.5461518579023
123393400,256,0.9821,marginal,90.0,60.00000000000001,0.984375,0.0625,0.9999999999999999,0.0,True,,1,0.0,-3127.059901485466
123393400,256,1.425,joint,52.869589874442646,22.869589874442646,0.815658711916281,0.5375013822778156,0.42681378081659094,0.7635923739729518,False,30.937499999999996,200,0.0020348398288660974,-3027.327864321395
123393400,256,1.425,marginal,90.0,60.00000000000001,0.984375,0.0625,0.9999999999999999,0.0,True,,1,0.0,-3042.1712739788
123393400,256,2.0676,joint,61.323927370493564,31.323927370493564,0.8713449913010561,0.4743926834214741,0.5924839490474096,0.6271754265096574,False,-28.125000000000007,200,0.005305826724907092,-3073.6891833092136
123393400,256,2.0676,marginal,90.0,60.00000000000001,0.984375,0.0625,0.9999999999999999,0.0,True,,1,0.0,-3077.9598582796275
123393400,256,3.0,joint,89.39144335532711,59.39144335532712,0.9842775711723936,0.06112700524895824,0.9338255565645962,0.14954613909079884,False,-42.18750000000001,200,0.0007510187215302722,-3141.130324183753
123393400,256,3.0,marginal,90.0,60.00000000000001,0.984375,0.0625,0.9999999999999999,0.0,True,,1,0.0,-3141.2974953897465
123393400,512,0.05,joint,29.85382857712873,0.14617142287126766,0.40983870402418177,0.9950119287503804,0.13304379456180004,0.9637606510063934,False,30.937499999999996,200,1.5711972537246766e-05,2141.5015910207585
123393400,512,0.05,marginal,90.0,60.00000000000001,0.984375,0.0625,0.9999999999999999,0.0,True,,1,0.0,-6006.250826215724
123393400,512,0.0725,joint,29.984301830332743,0.01569816966725386,0.3609258544303096,0.9900093898992761,0.13418499275775408,0.9570767766246886,False,30.937499999999996,200,0.00012622303961506987,804.7762971945767
123393400,512,0.0725,marginal,90.0,60.00000000000001,0.984375,0.0625,0.9999999999999999,0.0,True,,1,0.0,-6069.96873046351
123393400,512,0.1053,joint,30.03696833288765,0.03696833288765379,0.3203925195692428,0.999999958904155,0.1345135203559935,0.9686412711374518,False,30.937499999999996,200,6.890562832495561e-05,-395.71243157416546
123393400,512,0.1053,marginal,90.0,60.00000000000001,0.984375,0.0625,0.9999999999999999,0.0,True,,1,0.0,-6168.500284389605
123393400,512,0.1527,joint,30.088330781882377,0.08833078188237967,0.32884316799522184,0.9977695189378204,0.1351252695529649,0.9664057499686824,False,30.937499999999996,200,8.678216636326397e-05,-1664.5598144210312
123393400,512,0.1527,marginal,90.0,60.00000000000001,0.984375,0.0625,0.9999999999999999,0.0,True,,1,0.0,-6110.055666351186
123393400,512,0.2216,joint,30.12199231846086,0.12199231846086186,0.38671535779011057,0.9926402918632666,0.13661414188756904,0.9590812867920127,False,30.937499999999996,200,0.0006142375996205374,-2790.674683629626
123393400,512,0.2216,marginal,90.0,60.00000000000001,0.984375,0.0625,0.9999999999999999,0.0,True,,1,0.0,-6165.755087237207
123393400,512,0.3215,joint,30.175091795535142,0.17509179553514465,0.49805466343613025,0.9766753593870012,0.13831462042978127,0.9496773846884057,False,30.937499999999996,200,0.0007805206546436239,-4042.337635686826
123393400,512,0.3215,marginal,90.0,60.00000000000001,0.984375,0.0625,0.9999999999999999,0.0,True,,1,0.0,-6244.274040033293
123393400,512,0.4665,joint,30.471407466538636,0.4714074665386392,0.43278024448297825,0.9816600278222318,0.1414962823425574,0.9353815255258182,False,-30.937499999999996,200,0.0015968528705343488,-4866.046141128117
123393400,512,0.4665,marginal,90.0,60.00000000000001,0.984375,0.0625,0.9999999999999999,0.0,True,,1,0.0,-6202.840162169212
123393400,512,0.6769,joint,30.040150657597692,0.04015065759769408,0.4864984868211917,0.9854276818467584,0.13713185876979295,0.9229276818467584,False,-30.937499999999996,200,0.0026346136455686064,-5569.635845919511
123393400,512,0.6769,marginal,90.0,60.00000000000001,0.984375,0.0625,0.9999999999999999,0.0,True,,1,0.0,-6190.245368544672
123393400,512,0.9821,joint,35.64339403072591,5.6433940307259105,0.5504770963249763,0.925202701886022,0.20417255379712296,0.8974209417911715,False,-30.937499999999996,200,0.0035410557811701437,-5862.739522257876
123393400,512,0.9821,marginal,90.0,60.00000000000001,0.984375,0.0625,0.9999999999999999,0.0,True,,1,0.0,-6080.437049644784
123393400,512,1.425,joint,43.7849016082535,13.784901608253499,0.7680099797059604,0.6952442658706988,0.3345362053695219,0.7866980831567492,False,-28.125000000000007,200,0.0052349307561598835,-6125.278302846207
123393400,512,1.425,marginal,90.0,60.00000000000001,0.984375,0.0625,0.9999999999999999,0.0,True,,1,0.0,-6166.227867134169
123393400,512,2.0676,joint,47.150541099466245,17.150541099466245,0.9267545600404554,0.2642268038237881,0.24929995198057475,0.6349334308605095,False,36.5625,200,0.008823098167340504,-6219.292239912712
123393400,512,2.0676,marginal,90.0,60.00000000000001,0.984375,0.0625,0.9999999999999999,0.0,True,,1,0.0,-6226.639952340947
123393400,512,3.0,joint,87.97679662157712,57.97679662157714,0.9859915251438174,0.055167221150605496,0.8867049797947608,0.10661708023281272,False,-98.4375,200,0.0009139570174738765,-6096.002443366736
123393400,512,3.0,marginal,90.0,60.00000000000001,0.984375,0.0625,0.9999999999999999,0.0,True,,1,0.0,-6096.196320448782
123393400,1024,0.05,joint,29.803116590695947,0.1968834093040524,0.40333853657651725,0.9999999999999994,0.13251356633567146,0.9687487671691297,False,30.937499999999996,200,4.41583961219294e-06,4003.5243831866164
123393400,1024,0.05,marginal,90.0,60.00000000000001,0.984375,0.0625,0.9999999999999999,0.0,True,,1,0.0,-12052.118387716602
123393400,1024,0.0725,joint,30.065192532554946,0.06519253255494924,0.3063726312971672,0.9987327421952531,0.13478143519212815,0.9674699142870713,False,-30.937499999999996,200,3.2057778298622e-05,1682.9247080307127
123393400,1024,0.0725,marginal,90.0,60.00000000000001,0.984375,0.0625,0.9999999999999999,0.0,True,,1,0.0,-12286.252441823412
123393400,1024,0.1053,joint,30.020901187250747,0.020901187250747712,0.3268774794143501,0.9999999971194784,0.13438700714530738,0.9682617291966159,False,-30.937499999999996,200,0.0003611148991922164,-726.2537477431692
123393400,1024,0.1053,marginal,90.0,60.00000000000001,0.984375,0.0625,0.9999999999999999,0.0,True,,1,0.0,-12395.784705695925
123393400,1024,0.1527,joint,30.040990658629465,0.04099065862946689,0.37186381747194774,0.9964629491650021,0.13513614947708297,0.9575537661475633,False,-30.937499999999996,200,0.0010442337265885726,-2990.5258863817785
123393400,1024,0.1527,marginal,90.0,60.00000000000001,0.984375,0.0625,0.9999999999999999,0.0,True,,1,0.0,-12414.355298411749
123393400,1024,0.2216,joint,29.867944239590216,0.13205576040978095,0.42762612356555213,0.9888734006143473,0.13324415522637711,0.9485792548135782,False,30.937499999999996,200,0.0016809698618089897,-5624.639716198582
123393400,1024,0.2216,marginal,90.0,60.00000000000001,0.984375,0.0625,0.9999999999999999,0.0,True,,1,0.0,-12452.531929093178
123393400,1024,0.3215,joint,29.989967295575354,0.01003270442464409,0.3689075106452808,0.9989167640529077,0.13427250092987975,0.9565837284414395,False,-30.937499999999996,200,0.0022011371638654964,-7936.6424397561095
123393400,1024,0.3215,marginal,90.0,60.00000000000001,0.984375,0.0625,0.9999999999999999,0.0,True,,1,0.0,-12571.592823937002
123393400,1024,0.4665,joint,30.43644813146566,0.436448131465663,0.40824685226165813,0.9909948666219948,0.14095463425271404,0.9390839958620527,False,-30.937499999999996,200,0.0034069687135342974,-9795.272837429398
123393400,1024,0.4665,marginal,90.0,60.00000000000001,0.984375,0.0625,0.9999999999999999,0.0,True,,1,0.0,-12546.368243682511
123393400,1024,0.6769,joint,31.003096352954636,1.0030963529546366,0.5454553957634316,0.9838718377142637,0.14960741109661224,0.9331857112605466,False,-28.125000000000007,200,0.0026743442394945305,-10978.953358300512
123393400,1024,0.6769,marginal,90.0,60.00000000000001,0.984375,0.0625,0.9999999999999999,0.0,True,,1,0.0,-12251.415484849866
123393400,1024,0.9821,joint,31.37562747904696,1.3756274790469611,0.5926111188436933,0.9605317133161384,0.15644643242022238,0.8980317133161383,False,-30.937499999999996,200,0.005502947711647721,-11937.50958880888
123393400,1024,0.9821,marginal,90.0,60.00000000000001,0.984375,0.0625,0.9999999999999999,0.0,True,,1,0.0,-12369.127060697308
123393400,1024,1.425,joint,32.64679456755215,2.6467945675521483,0.7269026627179542,0.7871322677391104,0.1678040064325549,0.8470407552076755,False,30.937499999999996,200,0.005828774095789413,-12294.280865377325
123393400,1024,1.425,marginal,90.0,60.00000000000001,0.984375,0.0625,0.9999999999999999,0.0,True,,1,0.0,-12383.904386919517
123393400,1024,2.0676,joint,54.23093909166564,24.230939091665647,0.9377283946393684,0.26751709159431014,0.5113149052024388,0.4476817673120843,False,25.31249999999999,200,0.014716331799718319,-12272.017773511057
123393400,1024,2.0676,marginal,90.0,60.00000000000001,0.984375,0.0625,0.9999999999999999,0.0,True,,1,0.0,-12278.642973324431
123393400,1024,3.0,joint,89.54791598270333,59.547915982703344,0.9837116015724585,0.0640358674018176,0.992310044640835,0.055993095834925385,False,73.125,200,0.00041912733104254585,-12558.009893154132
123393400,1024,3.0,marginal,90.0,60.00000000000001,0.984375,0.0625,0.9999999999999999,0.0,True,,1,0.0,-12558.088227081698
123393400,2048,0.05,joint,30.05253348028397,0.0525334802839725,0.31471408946270985,0.9999999999999977,0.13465916639974385,0.9686816152750231,False,30.937499999999996,200,0.00018471997827873565,7879.338578263701
123393400,2048,0.05,marginal,90.0,60.00000000000001,0.984375,0.0625,0.9999999999999999,0.0,True,,1,0.0,-24807.0661504194
123393400,2048,0.0725,joint,30.125663449777132,0.12566344977713453,0.2895103018404369,0.9999997841621809,0.13528600533830692,0.9682240986592772,False,30.937499999999996,200,0.000596692681483546,3413.207510169486
123393400,2048,0.0725,marginal,90.0,60.00000000000001,0.984375,0.0625,0.9999999999999999,0.0,True,,1,0.0,-24900.863280609206
123393400,2048,0.1053,joint,30.075623291969247,0.07562329196924894,0.30800749357490637,0.9999999999526219,0.13485130184616023,0.967895968858912,False,-30.937499999999996,200,0.0008334174312949472,-1616.303833286389
123393400,2048,0.1053,marginal,90.0,60.00000000000001,0.984375,0.0625,0.9999999999999999,0.0,True,,1,0.0,-25355.92293319529
123393400,2048,0.1527,joint,30.1591370979791,0.15913709797910522,0.2837532714215658,0.9996933098236096,0.13559009764433982,0.9662767761535915,False,30.937499999999996,200,0.0012615151590580354,-6450.7465047873975
123393400,2048,0.1527,marginal,90.0,60.00000000000001,0.984375,0.0625,0.9999999999999999,0.0,True,,1,0.0,-25313.094079224
123393400,2048,0.2216,joint,30.134323095491006,0.1343230954910073,0.2863025729261386,0.9999999716406667,0.13536237466197198,0.9675365598407379,False,-30.937499999999996,200,0.0014658970339951338,-11251.871755122347
123393400,2048,0.2216,marginal,90.0,60.00000000000001,0.984375,0.0625,0.9999999999999999,0.0,True,,1,0.0,-25393.5980716406
123393400,2048,0.3215,joint,30.14073315051206,0.14073315051206134,0.3579519362195349,0.9986569597277462,0.13603097370350203,0.9505694150845682,False,30.937499999999996,200,0.0033418030870961957,-15999.335360990583
123393400,2048,0.3215,marginal,90.0,60.00000000000001,0.984375,0.0625,0.9999999999999999,0.0,True,,1,0.0,-25485.125556903004
123393400,2048,0.4665,joint,30.355714666042164,0.35571466604216534,0.41358778567877197,0.9954096441209193,0.13857656247941397,0.9425905766122615,False,30.937499999999996,200,0.005172740879061166,-19792.21776814167
123393400,2048,0.4665,marginal,90.0,60.00000000000001,0.984375,0.0625,0.9999999999999999,0.0,True,,1,0.0,-25137.108069349295
123393400,2048,0.6769,joint,30.251423624062486,0.25142362406248675,0.43337867270171004,0.9905509295198758,0.13793033963731127,0.9326970625902984,False,30.937499999999996,200,0.008815313565719407,-22334.397261542093
123393400,2048,0.6769,marginal,90.0,60.00000000000001,0.984375,0.0625,0.9999999999999999,0.0,True,,1,0.0,-25035.35975695584
123393400,2048,0.9821,joint,31.239165894582985,1.2391658945829862,0.5702998884868213,0.9431270960822835,0.15231802369436487,0.8964207629409793,False,-30.937499999999996,200,0.008772299897827907,-24168.040849439876
123393400,2048,0.9821,marginal,90.0,60.00000000000001,0.984375,0.0625,0.9999999999999999,0.0,True,,1,0.0,-24993.22642931867
123393400,2048,1.425,joint,31.81943572720635,1.8194357272063544,0.7648092635817851,0.796469012814218,0.16248394602774785,0.8445115286120352,False,28.125000000000007,200,0.012806397022359306,-24664.635183016147
123393400,2048,1.425,marginal,90.0,60.00000000000001,0.984375,0.0625,0.9999999999999999,0.0,True,,1,0.0,-24840.36009690395
123393400,2048,2.0676,joint,66.48796352149425,36.48796352149425,0.931722348765873,0.25098144215853685,0.6396041036328632,0.3689967870000108,False,-30.937499999999996,200,0.022404830164305167,-24820.693714610992
123393400,2048,2.0676,marginal,90.0,60.00000000000001,0.984375,0.0625,0.9999999999999999,0.0,True,,1,0.0,-24829.341741493474
123393400,2048,3.0,joint,90.94053399824965,60.94053399824965,0.9850051361954737,0.05981590900171125,0.9832996579235814,0.0472429671320507,False,149.0625,200,0.0006506797726615332,-24524.600914134593
123393400,2048,3.0,marginal,90.0,60.00000000000001,0.984375,0.0625,0.9999999999999999,0.0,True,,1,0.0,-24524.730005697274
123393400,4096,0.05,joint,30.080987661260725,0.08098766126072543,0.30495212503155944,0.9999307304447057,0.13490553198707067,0.968679610907359,False,-30.937499999999996,200,2.0560426492011175e-05,16355.69735864464
123393400,4096,0.05,marginal,90.0,60.00000000000001,0.984375,0.0625,0.9999999999999999,0.0,True,,1,0.0,-48621.83851280229
123393400,4096,0.0725,joint,30.08705941109316,0.08705941109316197,0.30239213823857714,0.9999999999997876,0.13495572080962503,0.9687427573287137,False,-30.937499999999996,200,8.154575243679574e-05,6718.119891983432
123393400,4096,0.0725,marginal,90.0,60.00000000000001,0.984375,0.0625,0.9999999999999999,0.0,True,,1,0.0,-48962.94003972446
123393400,4096,0.1053,joint,30.106865947774704,0.10686594777470602,0.29556645473798066,0.9999999742956013,0.13512226460910814,0.9686204692210848,False,-30.937499999999996,200,0.0006205646982380131,-2993.681608150181
123393400,4096,0.1053,marginal,90.0,60.00000000000001,0.984375,0.0625,0.9999999999999999,0.0,True,,1,0.0,-49647.706507280964
123393400,4096,0.1527,joint,29.988703157280206,0.011296842719790557,0.3384034834804984,0.9999999989884348,0.13409674646287517,0.968150815339766,False,30.937499999999996,200,0.0019954412873630645,-12811.695793835699
123393400,4096,0.1527,marginal,90.0,60.00000000000001,0.984375,0.0625,0.9999999999999999,0.0,True,,1,0.0,-50002.83098760069
123393400,4096,0.2216,joint,30.062958252474154,0.06295825247415497,0.32368157583479185,0.9996901918067246,0.13476762373487117,0.9622994719758698,False,30.937499999999996,200,0.005962857747363159,-23037.83803898804
123393400,4096,0.2216,marginal,90.0,60.00000000000001,0.984375,0.0625,0.9999999999999999,0.0,True,,1,0.0,-50130.05252984326
123393400,4096,0.3215,joint,29.9980659861774,0.001934013822596218,0.3549361498251691,0.9996865683655884,0.13425972717334045,0.951173918556283,False,-30.937499999999996,200,0.007583869712107116,-31582.103006947524
123393400,4096,0.3215,marginal,90.0,60.00000000000001,0.984375,0.0625,0.9999999999999999,0.0,True,,1,0.0,-50123.918163270806
123393400,4096,0.4665,joint,30.076259385396643,0.07625938539664537,0.37986940035278927,0.9984224460617411,0.1350296006202394,0.9432004273423432,False,-30.937499999999996,200,0.011095692781964317,-38848.68079823283
123393400,4096,0.4665,marginal,90.0,60.00000000000001,0.984375,0.0625,0.9999999999999999,0.0,True,,1,0.0,-49940.92761895647
123393400,4096,0.6769,joint,30.218614209346157,0.21861420934615947,0.4966225140737181,0.9861611222862987,0.1394275885991092,0.924094459828809,False,30.937499999999996,200,0.01358706087921746,-44854.630015007744
123393400,4096,0.6769,marginal,90.0,60.00000000000001,0.984375,0.0625,0.9999999999999999,0.0,True,,1,0.0,-49997.980918729896
123393400,4096,0.9821,joint,30.07105935527409,0.07105935527409371,0.5761197439987256,0.9630374845434154,0.13822386777765294,0.9005374845434154,False,-30.937499999999996,200,0.02234863611374749,-48035.19018994781
123393400,4096,0.9821,marginal,90.0,60.00000000000001,0.984375,0.0625,0.9999999999999999,0.0,True,,1,0.0,-49686.08009023829
123393400,4096,1.425,joint,33.29376896702211,3.293768967022111,0.7574845545138589,0.7610506313979033,0.18792270691522228,0.804627057564027,False,30.937499999999996,200,0.02099202292447444,-48866.964757534035
123393400,4096,1.425,marginal,90.0,60.00000000000001,0.984375,0.0625,0.9999999999999999,0.0,True,,1,0.0,-49155.003685691714
123393400,4096,2.0676,joint,50.88789314139115,20.887893141391157,0.9081142512224709,0.33871709949851814,0.43818187668038155,0.4852086885071962,False,30.937499999999996,200,0.06146654355688952,-49364.308422892675
123393400,4096,2.0676,marginal,90.0,60.00000000000001,0.984375,0.0625,0.9999999999999999,0.0,True,,1,0.0,-49391.92161844573
123393400,4096,3.0,joint,88.69191855752116,58.69191855752118,0.9842992133305988,0.06322125689888343,0.9660184943686381,0.03255181292800213,False,56.250000000000014,200,0.000639587982732337,-49128.0418869214
123393400,4096,3.0,marginal,90.0,60.00000000000001,0.984375,0.0625,0.9999999999999999,0.0,True,,1,0.0,-49128.17683400226
295485566,32,0.05,joint,30.38362187652005,0.38362187652005136,0.3977645500657821,0.9999999999999999,0.1375529485430922,0.9687494050270058,False,-30.937499999999996,200,9.48850527038303e-08,141.33453087249293
295485566,32,0.05,marginal,90.0,60.00000000000001,0.984375,0.0625,0.9999999999999999,0.0,True,,1,0.0,-418.4615011087976
295485566,32,0.0725,joint,30.365657144440117,0.3656571444401189,0.4277136864519616,0.9999999425710886,0.13740488199325973,0.9678094693011476,False,-30.937499999999996,200,1.557949809694037e-05,51.649093500330665
295485566,32,0.0725,marginal,90.0,60.00000000000001,0.984375,0.0625,0.9999999999999999,0.0,True,,1,0.0,-408.5283665694319
295485566,32,0.1053,joint,29.868779378471515,0.13122062152848155,0.5121697787617665,0.999482130612545,0.13388313859134016,0.9485907900601263,False,30.937499999999996,200,5.018834205294809e-05,-4.150740933773289
295485566,32,0.1053,marginal,90.0,60.00000000000001,0.984375,0.0625,0.9999999999999999,0.0,True,,1,0.0,-421.5516984516449
295485566,32,0.1527,joint,30.77147814893713,0.7714781489371328,0.3805347127358657,0.9989180511675689,0.14047564809075286,0.9666310069105559,False,-30.937499999999996,200,1.725422461618109e-05,-98.75778454268155
295485566,32,0.1527,marginal,90.0,60.00000000000001,0.984375,0.0625,0.9999999999999999,0.0,True,,1,0.0,-422.8417323796963
295485566,32,0.2216,joint,32.29941127999412,2.2994112799941226,0.8861343012977185,0.8628054041681368,0.174482041111804,0.9320736408262071,False,28.125000000000007,200,8.034379470700515e-05,-166.64251525162564
295485566,32,0.2216,marginal,90.0,60.00000000000001,0.984375,0.0625,0.9999999999999999,0.0,True,,1,0.0,-377.901150193651
295485566,32,0.3215,joint,30.868608970521752,0.8686089705217532,0.7212213868841648,0.8509024899390121,0.1514394523636412,0.9443900026994297,False,30.937499999999996,200,2.944296954865422e-05,-280.89780000439157
295485566,32,0.3215,marginal,90.0,60.00000000000001,0.984375,0.0625,0.9999999999999999,0.0,True,,1,0.0,-437.4150803461936
295485566,32,0.4665,joint,31.6379986958192,1.6379986958192,0.21182597357717467,0.8527301002109573,0.16285923704626426,0.9433507099098,False,30.937499999999996,200,7.339785776139252e-05,-285.62197305798014
295485566,32,0.4665,marginal,90.0,60.00000000000001,0.984375,0.0625,0.9999999999999999,0.0,True,,1,0.0,-378.7436091524366
295485566,32,0.6769,joint,37.1614363816416,7.161436381641605,0.5039578014213908,0.8152204218692175,0.22874986807357967,0.9152225207902595,False,30.937499999999996,200,0.0001960204439228619,-366.96913878415336
295485566,32,0.6769,marginal,90.0,60.00000000000001,0.984375,0.0625,0.9999999999999999,0.0,True,,1,0.0,-398.8288346186663
295485566,32,0.9821,joint,42.65972613711838,12.659726137118387,0.5651356107220311,0.7453453099106666,0.3142006028366332,0.896155229549532,False,30.937499999999996,200,0.0004934536189011851,-345.021395110859
295485566,32,0.9821,marginal,90.0,60.00000000000001,0.984375,0.0625,0.9999999999999999,0.0,True,,1,0.0,-364.0350381952092
295485566,32,1.425,joint,45.76404727693994,15.764047276939944,0.6299919800101259,0.7522916830768374,0.3548486856314672,0.8664668765927559,False,30.937499999999996,200,0.00040272397552598704,-424.8560851277399
295485566,32,1.425,marginal,90.0,60.00000000000001,0.984375,0.0625,0.9999999999999999,0.0,True,,1,0.0,-429.4631773825871
295485566,32,2.0676,joint,56.501324442736355,26.501324442736358,0.9804561758208791,0.21221248694089456,0.19197052285037552,0.8728527863338389,False,-22.5,200,0.0005740697269516204,-373.5337079755262
295485566,32,2.0676,marginal,90.0,60.00000000000001,0.984375,0.0625,0.9999999999999999,0.0,True,,1,0.0,-375.5549575452907
295485566,32,3.0,joint,116.55363462537625,86.55363462537626,0.9913687141164516,0.03202716772011745,0.4780465174216537,0.4339859490830894,False,-126.5625,200,0.0007041022554972187,-374.5210073479899
295485566,32,3.0,marginal,90.0,60.00000000000001,0.984375,0.0625,0.9999999999999999,0.0,True,,1,0.0,-374.6891666470564
295485566,128,0.05,joint,30.51138855192469,0.5113885519246931,0.114807847168028,0.9999999974883172,0.13868511310478326,0.9584628554402079,False,30.937499999999996,200,0.00028497236382918345,477.34972231105803
295485566,128,0.05,marginal,90.0,60.00000000000001,0.984375,0.0625,0.9999999999999999,0.0,True,,1,0.0,-1520.9246702023129
295485566,128,0.0725,joint,30.984162950091566,0.9841629500915698,0.12246192024226227,0.9873677647397547,0.14334393166758697,0.9570472100409225,False,30.937499999999996,200,0.0001667501670681304,269.2837798640878
295485566,128,0.0725,marginal,90.0,60.00000000000001,0.984375,0.0625,0.9999999999999999,0.0,True,,1,0.0,-1512.9664191241982
295485566,128,0.1053,joint,30.686377397797852,0.6863773977978531,0.21727255164770046,0.999999998338215,0.1402246884424424,0.9609374865146662,False,30.937499999999996,200,5.145085715696496e-06,-63.96232363466139
295485566,128,0.1053,marginal,90.0,60.00000000000001,0.984375,0.0625,0.9999999999999999,0.0,True,,1,0.0,-1559.4035262601028
295485566,128,0.1527,joint,30.82242788931961,0.8224278893196117,0.050005193117010266,0.9999871589931617,0.14129067975239973,0.9720078941350845,False,30.937499999999996,200,0.0001427482986287032,-348.691809122287
295485566,128,0.1527,marginal,90.0,60.00000000000001,0.984375,0.0625,0.9999999999999999,0.0,True,,1,0.0,-1487.8998208138585
295485566,128,0.2216,joint,31.049503054585998,1.0495030545860013,0.22972401564254463,0.9940734513249381,0.146119409265002,0.9502989655626644,False,30.937499999999996,200,0.000231011746564036,-711.1755561813366
295485566,128,0.2216,marginal,90.0,60.00000000000001,0.984375,0.0625,0.9999999999999999,0.0,True,,1,0.0,-1563.0931334390737
295485566,128,0.3215,joint,30.78572436324973,0.7857243632497339,0.28788000821663884,0.946452103658908,0.14149070288649745,0.9433270846720345,False,-30.937499999999996,200,0.00039729203149363457,-1022.3140027443735
295485566,128,0.3215,marginal,90.0,60.00000000000001,0.984375,0.0625,0.9999999999999999,0.0,True,,1,0.0,-1606.360596571139
295485566,128,0.4665,joint,30.153952722281836,0.15395272228183823,0.4738390519544293,0.9944121449269339,0.13722768196410728,0.9515715836649037,False,-30.937499999999996,200,0.00020747696771650226,-1225.6464131454145
295485566,128,0.4665,marginal,90.0,60.00000000000001,0.984375,0.0625,0.9999999999999999,0.0,True,,1,0.0,-1579.9145021281631
295485566,128,0.6769,joint,33.81952225194286,3.819522251942859,0.7113023813527297,0.8577943668877129,0.18286867849109556,0.8804286557063193,False,28.125000000000007,200,0.0009616750157874776,-1399.2296940409192
295485566,128,0.6769,marginal,90.0,60.00000000000001,0.984375,0.0625,0.9999999999999999,0.0,True,,1,0.0,-1572.7883974205863
295485566,128,0.9821,joint,37.078533348367614,7.078533348367617,0.5537169182308364,0.9042797454271584,0.22769926543038055,0.8828847153603545,False,-30.937499999999996,200,0.0010373860504842014,-1483.2917394183805
295485566,128,0.9821,marginal,90.0,60.00000000000001,0.984375,0.0625,0.9999999999999999,0.0,True,,1,0.0,-1549.1995918879961
295485566,128,1.425,joint,82.5341131509309,52.53411315093091,0.9073308007877801,0.2681694615863249,0.5976877163158816,0.7297722257719438,False,36.5625,200,0.0014964047572902928,-1468.8683094455046
295485566,128,1.425,marginal,90.0,60.00000000000001,0.984375,0.0625,0.9999999999999999,0.0,True,,1,0.0,-1474.274090192443
295485566,128,2.0676,joint,46.1739593636778,16.173959363677806,0.973207632936653,0.10971101039152652,0.21986738877376322,0.6896353939435417,False,-45.0,200,0.0019278362556178763,-1541.2774734786512
295485566,128,2.0676,marginal,90.0,60.00000000000001,0.984375,0.0625,0.9999999999999999,0.0,True,,1,0.0,-1543.8457378504872
295485566,128,3.0,joint,91.89261657212514,61.89261657212513,0.9759884411281265,0.09060729919697863,0.9505783941828078,0.12651843467280788,False,-33.749999999999986,200,0.00029235260944915353,-1535.1187271440317
295485566,128,3.0,marginal,90.0,60.00000000000001,0.984375,0.0625,0.9999999999999999,0.0,True,,1,0.0,-1535.1797754127888
295485566,256,0.05,joint,30.200840792793944,0.2008407927939475,0.25092519824932985,0.9972473171565112,0.13599262105996612,0.965990961286684,False,-30.937499999999996,200,4.120718017475156e-06,1003.5697707769054
295485566,256,0.05,marginal,90.0,60.00000000000001,0.984375,0.0625,0.9999999999999999,0.0,True,,1,0.0,-2990.3840204717662
295485566,256,0.0725,joint,30.08708606306567,0.08708606306567179,0.2957013564952103,0.9956996503758746,0.13503246259798685,0.9643596409324007,False,-30.937499999999996,200,3.6039227325090906e-05,474.3440308733468
295485566,256,0.0725,marginal,90.0,60.00000000000001,0.984375,0.0625,0.9999999999999999,0.0,True,,1,0.0,-2959.406561361465
295485566,256,0.1053,joint,30.113870404624727,0.11387040462473087,0.26625435519563523,0.9928449028108856,0.1353210935626078,0.9595134611197214,False,-30.937499999999996,200,0.00024727863802809225,-265.0867439017521
295485566,256,0.1053,marginal,90.0,60.00000000000001,0.984375,0.0625,0.9999999999999999,0.0,True,,1,0.0,-3044.145633790157
295485566,256,0.1527,joint,30.286195494965373,0.28619549496537483,0.20980408662470496,0.9940124587099395,0.13678416173859742,0.9627616444632361,False,-30.937499999999996,200,5.260604416434944e-05,-726.5070403509285
295485566,256,0.1527,marginal,90.0,60.00000000000001,0.984375,0.0625,0.9999999999999999,0.0,True,,1,0.0,-2952.187344049357
295485566,256,0.2216,joint,30.232728264935115,0.23272826493511894,0.2499570710154984,0.9999654753702367,0.13620818834795723,0.967763312898344,False,-30.937499999999996,200,6.849271085229702e-05,-1354.4506080818805
295485566,256,0.2216,marginal,90.0,60.00000000000001,0.984375,0.0625,0.9999999999999999,0.0,True,,1,0.0,-3058.5637113840744
295485566,256,0.3215,joint,30.783119257417468,0.7831192574174687,0.11237939346033018,0.977492925768806,0.14311256722626853,0.9521725606192919,False,-30.937499999999996,200,0.0006114782120221207,-1988.6955561057441
295485566,256,0.3215,marginal,90.0,60.00000000000001,0.984375,0.0625,0.9999999999999999,0.0,True,,1,0.0,-3087.8644423537353
295485566,256,0.4665,joint,30.192860675713096,0.19286067571309695,0.5782545885500134,0.9912143426125066,0.13776746630903458,0.9359315000046262,False,-30.937499999999996,200,0.00021147304187252303,-2346.6383045455955
295485566,256,0.4665,marginal,90.0,60.00000000000001,0.984375,0.0625,0.9999999999999999,0.0,True,,1,0.0,-3013.9554525965796
295485566,256,0.6769,joint,32.058061131546154,2.058061131546155,0.6788490226519532,0.8830920253532906,0.16431745387526286,0.8902833264517065,False,-28.125000000000007,200,0.001805121278266597,-2745.7056992194393
295485566,256,0.6769,marginal,90.0,60.00000000000001,0.984375,0.0625,0.9999999999999999,0.0,True,,1,0.0,-3054.4087932527086
295485566,256,0.9821,joint,35.6864502322517,5.686450232251703,0.7374548665151017,0.6877403155253299,0.20849800703634336,0.8014879367303598,False,-30.937499999999996,200,0.0010930982580248383,-3078.0163131154018
295485566,256,0.9821,marginal,90.0,60.00000000000001,0.984375,0.0625,0.9999999999999999,0.0,True,,1,0.0,-3167.632730379016
295485566,256,1.425,joint,49.1081023897111,19.108102389711103,0.8965846473358382,0.44911877263050326,0.42262546360271414,0.7168528045224998,False,25.31249999999999,200,0.0016429284723926685,-3118.6462358403287
295485566,256,1.425,marginal,90.0,60.00000000000001,0.984375,0.0625,0.9999999999999999,0.0,True,,1,0.0,-3131.944379575162
295485566,256,2.0676,joint,69.82992893598205,39.82992893598206,0.9852243623940155,0.05790627059022252,0.4831946684924868,0.6065028548167574,False,-45.0,200,0.004943630513480457,-3124.4275198461683
295485566,256,2.0676,marginal,90.0,60.00000000000001,0.984375,0.0625,0.9999999999999999,0.0,True,,1,0.0,-3127.979396423783
295485566,256,3.0,joint,93.36122313505182,63.36122313505182,0.9899509290059967,0.04175370069202579,0.9267716612413383,0.1319532496186338,False,8.437499999999996,200,0.0007510857685701922,-3036.5587832580986
295485566,256,3.0,marginal,90.0,60.00000000000001,0.984375,0.0625,0.9999999999999999,0.0,True,,1,0.0,-3036.7305339223126
295485566,512,0.05,joint,30.01624661968483,0.016246619684830314,0.3094492333047984,0.9963399314273083,0.1344596654131861,0.9649900225564338,False,30.937499999999996,200,4.8017171593528474e-05,2045.4455840029555
295485566,512,0.05,marginal,90.0,60.00000000000001,0.984375,0.0625,0.9999999999999999,0.0,True,,1,0.0,-6276.258139512753
295485566,512,0.0725,joint,29.83809290547798,0.16190709452201915,0.3959259994900529,0.9995809896095345,0.13286484226590412,0.9683282418213164,False,30.937499999999996,200,3.2807085972308414e-06,945.7997664717677
295485566,512,0.0725,marginal,90.0,60.00000000000001,0.984375,0.0625,0.9999999999999999,0.0,True,,1,0.0,-6319.256365890653
295485566,512,0.1053,joint,29.71682322823098,0.2831767717690196,0.4340200282619222,0.9999999999999738,0.1317688493276853,0.9687491894779042,False,30.937499999999996,200,1.3777437857243058e-06,-250.97269598921451
295485566,512,0.1053,marginal,90.0,60.00000000000001,0.984375,0.0625,0.9999999999999999,0.0,True,,1,0.0,-6269.008592554832
295485566,512,0.1527,joint,30.1014004223712,0.1014004223712004,0.29743408870518356,0.9999998502375841,0.13504447993450275,0.9686653247699025,False,30.937499999999996,200,6.738180718457443e-05,-1615.2610992293044
295485566,512,0.1527,marginal,90.0,60.00000000000001,0.984375,0.0625,0.9999999999999999,0.0,True,,1,0.0,-6351.9648941059395
295485566,512,0.2216,joint,29.718255720376494,0.28174427962350485,0.4500483127061915,0.9999588088335155,0.1318275848521442,0.9530680775194824,False,30.937499999999996,200,6.073315216781339e-05,-2860.1680065748674
295485566,512,0.2216,marginal,90.0,60.00000000000001,0.984375,0.0625,0.9999999999999999,0.0,True,,1,0.0,-6395.930997457264
295485566,512,0.3215,joint,29.847039592038037,0.15296040796195942,0.38818607864542654,0.9999999935602267,0.13287641852413112,0.9684893653164901,False,30.937499999999996,200,0.00015345608653660747,-3996.5818794174306
295485566,512,0.3215,marginal,90.0,60.00000000000001,0.984375,0.0625,0.9999999999999999,0.0,True,,1,0.0,-6387.294668100124
295485566,512,0.4665,joint,30.240364921306895,0.24036492130689757,0.2974211453158949,0.989516482357965,0.1366290955273567,0.9464351678345737,False,30.937499999999996,200,0.0025794356315600453,-4916.263386058576
295485566,512,0.4665,marginal,90.0,60.00000000000001,0.984375,0.0625,0.9999999999999999,0.0,True,,1,0.0,-6273.387942102832
295485566,512,0.6769,joint,30.3531368291132,0.35313682911320204,0.43376962394645946,0.9926724764608691,0.14027553582888486,0.9375493831799342,False,30.937499999999996,200,0.0027383361466490896,-5564.141866410664
295485566,512,0.6769,marginal,90.0,60.00000000000001,0.984375,0.0625,0.9999999999999999,0.0,True,,1,0.0,-6176.563640606663
295485566,512,0.9821,joint,30.73640857933812,0.7364085793381243,0.5352100257382968,0.9696888892361835,0.14502739017178434,0.9071888892361836,False,-30.937499999999996,200,0.0031673926487201243,-5845.50078135182
295485566,512,0.9821,marginal,90.0,60.00000000000001,0.984375,0.0625,0.9999999999999999,0.0,True,,1,0.0,-6068.4804996938265
295485566,512,1.425,joint,38.63867615102923,8.638676151029234,0.7089683004534552,0.8183873538672692,0.25341841461775994,0.8529636931517787,False,30.937499999999996,200,0.00429530140991119,-6214.424141003381
295485566,512,1.425,marginal,90.0,60.00000000000001,0.984375,0.0625,0.9999999999999999,0.0,True,,1,0.0,-6263.768493548512
295485566,512,2.0676,joint,101.87423301335498,71.87423301335497,0.9632318131072577,0.12883034790720432,0.7902634700257472,0.4240124959276095,False,-36.5625,200,0.0060817247485829284,-6044.932888199474
295485566,512,2.0676,marginal,90.0,60.00000000000001,0.984375,0.0625,0.9999999999999999,0.0,True,,1,0.0,-6048.134893405304
295485566,512,3.0,joint,91.81908818149117,61.81908818149118,0.9834232076911347,0.0661054912698254,0.9171940895882151,0.094067457975165,False,140.62499999999997,200,0.0006649642100455821,-6118.890746912549
295485566,512,3.0,marginal,90.0,60.00000000000001,0.984375,0.0625,0.9999999999999999,0.0,True,,1,0.0,-6119.028139634723
295485566,1024,0.05,joint,29.91870710721736,0.08129289278263616,0.3622549505556202,0.9999999999999968,0.13350686096259357,0.96874124060145,False,-30.937499999999996,200,1.8799717508954927e-05,4108.958290240496
295485566,1024,0.05,marginal,90.0,60.00000000000001,0.984375,0.0625,0.9999999999999999,0.0,True,,1,0.0,-12131.289253994491
295485566,1024,0.0725,joint,30.00700446884162,0.007004468841625637,0.33100928115325945,0.9999999999919212,0.134267584994892,0.9686659132380531,False,30.937499999999996,200,9.240066242455214e-05,1597.6439649512913
295485566,1024,0.0725,marginal,90.0,60.00000000000001,0.984375,0.0625,0.9999999999999999,0.0,True,,1,0.0,-12224.358518843277
295485566,1024,0.1053,joint,30.0498654300011,0.04986543000109884,0.3198574106602392,0.9995838211922035,0.13466354621683052,0.9682876707207249,False,-30.937499999999996,200,7.625206217198865e-05,-690.6440473233818
295485566,1024,0.1053,marginal,90.0,60.00000000000001,0.984375,0.0625,0.9999999999999999,0.0,True,,1,0.0,-12341.945044039694
295485566,1024,0.1527,joint,30.021238898883823,0.021238898883824364,0.33089419375649354,0.9989947994518983,0.1344031756435562,0.9676914228767447,False,-30.937499999999996,200,0.00010768852280307328,-3095.765419833252
295485566,1024,0.1527,marginal,90.0,60.00000000000001,0.984375,0.0625,0.9999999999999999,0.0,True,,1,0.0,-12446.242954430481
295485566,1024,0.2216,joint,30.06717701105218,0.06717701105218303,0.30999530418950505,0.9999999999515986,0.1347858297745823,0.9683541828985369,False,30.937499999999996,200,0.00042015002145490143,-5515.708365427492
295485566,1024,0.2216,marginal,90.0,60.00000000000001,0.984375,0.0625,0.9999999999999999,0.0,True,,1,0.0,-12320.519537995307
295485566,1024,0.3215,joint,30.237330062551173,0.23733006255117384,0.3305711374456741,0.9988052723271338,0.136352749811958,0.9519238867598689,False,-30.937499999999996,200,0.0012916468831463135,-7938.888612145274
295485566,1024,0.3215,marginal,90.0,60.00000000000001,0.984375,0.0625,0.9999999999999999,0.0,True,,1,0.0,-12471.343571481875
295485566,1024,0.4665,joint,29.869159194364364,0.13084080563563222,0.42510021317620644,0.9730390885052097,0.133505660464578,0.9185549109852806,False,30.937499999999996,200,0.004036956603158615,-9650.902761815385
295485566,1024,0.4665,marginal,90.0,60.00000000000001,0.984375,0.0625,0.9999999999999999,0.0,True,,1,0.0,-12433.522766811213
295485566,1024,0.6769,joint,30.870275271669463,0.8702752716694663,0.5462643854500526,0.9779038314572905,0.1503322132117615,0.9154038314572905,False,-30.937499999999996,200,0.004601147760695312,-11174.085880971645
295485566,1024,0.6769,marginal,90.0,60.00000000000001,0.984375,0.0625,0.9999999999999999,0.0,True,,1,0.0,-12406.91581094472
295485566,1024,0.9821,joint,32.66122794563651,2.661227945636511,0.6316301520384258,0.8589130302265139,0.17400680350099962,0.854256846725719,False,30.937499999999996,200,0.0038954774408921367,-11677.251390314097
295485566,1024,0.9821,marginal,90.0,60.00000000000001,0.984375,0.0625,0.9999999999999999,0.0,True,,1,0.0,-12055.179296699376
295485566,1024,1.425,joint,34.91051031172718,4.910510311727182,0.7720153174503239,0.7490665824987046,0.20885037477973267,0.8069126395059796,False,28.125000000000007,200,0.0057294330163131235,-12213.313492757752
295485566,1024,1.425,marginal,90.0,60.00000000000001,0.984375,0.0625,0.9999999999999999,0.0,True,,1,0.0,-12301.39967139282
295485566,1024,2.0676,joint,45.93827003221109,15.938270032211097,0.9168373004511852,0.31118582573952647,0.3918924803823355,0.5259914020861934,False,33.749999999999986,200,0.015146996960538672,-12561.464938554438
295485566,1024,2.0676,marginal,90.0,60.00000000000001,0.984375,0.0625,0.9999999999999999,0.0,True,,1,0.0,-12571.803521098187
295485566,1024,3.0,joint,89.64263371341656,59.642633713416565,0.9799018482931807,0.07864001862879785,0.9687596338928552,0.05900763354698792,False,-33.749999999999986,200,0.0005723703634430422,-12485.075365650537
295485566,1024,3.0,marginal,90.0,60.00000000000001,0.984375,0.0625,0.9999999999999999,0.0,True,,1,0.0,-12485.19228810234
295485566,2048,0.05,joint,30.160630207556675,0.1606302075566758,0.28453810222630627,0.9996411251161026,0.13572467582832004,0.9683908067885665,False,30.937499999999996,200,9.240466170012951e-06,7681.879269104162
295485566,2048,0.05,marginal,90.0,60.00000000000001,0.984375,0.0625,0.9999999999999999,0.0,True,,1,0.0,-24411.75814177969
295485566,2048,0.0725,joint,30.048178182795954,0.048178182795955427,0.31621774887967724,0.999999999999998,0.13462159189258505,0.9687424064580475,False,30.937499999999996,200,3.712003990585799e-05,3486.6853945725843
295485566,2048,0.0725,marginal,90.0,60.00000000000001,0.984375,0.0625,0.9999999999999999,0.0,True,,1,0.0,-24592.432703707727
295485566,2048,0.1053,joint,30.14051409990283,0.14051409990283273,0.2832117035931173,0.9999995075345667,0.13541456301906907,0.9683566853063608,False,30.937499999999996,200,0.0004296808149319986,-1297.0213625390186
295485566,2048,0.1053,marginal,90.0,60.00000000000001,0.984375,0.0625,0.9999999999999999,0.0,True,,1,0.0,-24817.271825261967
295485566,2048,0.1527,joint,30.18220699238449,0.18220699238449317,0.26245961114994454,0.9990428180782527,0.1358340006111015,0.9674962786247931,False,30.937499999999996,200,0.0006444086684496142,-6327.709243033405
295485566,2048,0.1527,marginal,90.0,60.00000000000001,0.984375,0.0625,0.9999999999999999,0.0,True,,1,0.0,-24844.980696560502
295485566,2048,0.2216,joint,29.99168252947926,0.008317470520736812,0.34809921522372944,0.9999997720663436,0.13414665360344924,0.9627088217881308,False,30.937499999999996,200,0.003099355864833342,-11537.904155666278
295485566,2048,0.2216,marginal,90.0,60.00000000000001,0.984375,0.0625,0.9999999999999999,0.0,True,,1,0.0,-24974.74779537335
295485566,2048,0.3215,joint,30.075598936073373,0.07559893607337372,0.3374021078573456,0.998822540981976,0.13502223172931715,0.9544862900997423,False,-30.937499999999996,200,0.004378912541142199,-16089.737472610019
295485566,2048,0.3215,marginal,90.0,60.00000000000001,0.984375,0.0625,0.9999999999999999,0.0,True,,1,0.0,-25127.53262278905
295485566,2048,0.4665,joint,30.28199508884957,0.2819950888495732,0.40758935956286274,0.9873768851297435,0.1379547178400724,0.9352713706469635,False,30.937499999999996,200,0.007798589536832878,-19605.46734153409
295485566,2048,0.4665,marginal,90.0,60.00000000000001,0.984375,0.0625,0.9999999999999999,0.0,True,,1,0.0,-24931.59605450167
295485566,2048,0.6769,joint,30.89235477096365,0.8923547709636529,0.4096556729477922,0.9901755771678216,0.14556040700280604,0.9282970253659946,False,-30.937499999999996,200,0.00906615845815395,-22239.80848158556
295485566,2048,0.6769,marginal,90.0,60.00000000000001,0.984375,0.0625,0.9999999999999999,0.0,True,,1,0.0,-24655.163052972996
295485566,2048,0.9821,joint,29.4165508117762,0.583449188223796,0.6561845411417289,0.9725088382723567,0.1300070072350903,0.9116424877923239,False,-28.125000000000007,200,0.009492404529737541,-23800.495344003044
295485566,2048,0.9821,marginal,90.0,60.00000000000001,0.984375,0.0625,0.9999999999999999,0.0,True,,1,0.0,-24645.043259445047
295485566,2048,1.425,joint,34.533087477759274,4.533087477759278,0.7653521384699259,0.7249625020083859,0.203756675452059,0.7882017603018588,False,30.937499999999996,200,0.009638267110858578,-24558.5177907537
295485566,2048,1.425,marginal,90.0,60.00000000000001,0.984375,0.0625,0.9999999999999999,0.0,True,,1,0.0,-24703.928849020846
295485566,2048,2.0676,joint,54.94572627136726,24.945726271367267,0.9367122275263318,0.24070392866989604,0.4434043237249369,0.4435954143191455,False,-30.937499999999996,200,0.0232355890366307,-24758.15669664901
295485566,2048,2.0676,marginal,90.0,60.00000000000001,0.984375,0.0625,0.9999999999999999,0.0,True,,1,0.0,-24769.23611740606
295485566,2048,3.0,joint,90.60635040937329,60.606350409373306,0.9842357719447307,0.062171789447491965,0.9563393648537598,0.039764008051404204,False,-129.375,200,0.0005188666000321973,-24770.66684621283
295485566,2048,3.0,marginal,90.0,60.00000000000001,0.984375,0.0625,0.9999999999999999,0.0,True,,1,0.0,-24770.782368868415
295485566,4096,0.05,joint,30.06694962501787,0.06694962501787301,0.3108530673587595,0.9999261546989968,0.13480154236701303,0.9686704790716667,False,-30.937499999999996,200,4.3774098230642267e-05,15984.730550296727
295485566,4096,0.05,marginal,90.0,60.00000000000001,0.984375,0.0625,0.9999999999999999,0.0,True,,1,0.0,-49286.88458164703
295485566,4096,0.0725,joint,30.06710003147591,0.06710003147591224,0.31438439833441184,0.9996994249982966,0.13485086941606117,0.9683322953367275,False,-30.937499999999996,200,0.0004044087609145208,6591.38339665508
295485566,4096,0.0725,marginal,90.0,60.00000000000001,0.984375,0.0625,0.9999999999999999,0.0,True,,1,0.0,-49592.097020871384
295485566,4096,0.1053,joint,30.025280502821488,0.02528050282148985,0.3242770529409179,0.9999999979682491,0.13442462878376682,0.9686637164429617,False,-30.937499999999996,200,0.0003569635414351069,-3069.5379371579324
295485566,4096,0.1053,marginal,90.0,60.00000000000001,0.984375,0.0625,0.9999999999999999,0.0,True,,1,0.0,-49874.57387455119
295485566,4096,0.1527,joint,30.019355822764773,0.019355822764776723,0.32647186840471226,0.9999999999921747,0.13437374469133456,0.9687123422393333,False,-30.937499999999996,200,0.0002833591315720696,-12495.283851303688
295485566,4096,0.1527,marginal,90.0,60.00000000000001,0.984375,0.0625,0.9999999999999999,0.0,True,,1,0.0,-50093.47557856054
295485566,4096,0.2216,joint,30.067251459115365,0.06725145911536821,0.31421441232947434,0.9999031299008966,0.13484404173472642,0.9662460926000926,False,-30.937499999999996,200,0.0034466101678845007,-23049.83964137634
295485566,4096,0.2216,marginal,90.0,60.00000000000001,0.984375,0.0625,0.9999999999999999,0.0,True,,1,0.0,-50491.219809520095
295485566,4096,0.3215,joint,30.060525377223293,0.06052537722329348,0.3497808646118059,0.9993908543849288,0.13516667548639005,0.9589223005271589,False,-30.937499999999996,200,0.008172764763003215,-31779.64525023268
295485566,4096,0.3215,marginal,90.0,60.00000000000001,0.984375,0.0625,0.9999999999999999,0.0,True,,1,0.0,-50391.19949594942
295485566,4096,0.4665,joint,30.04304970695186,0.043049706951862235,0.36681113505089497,0.9975263430680705,0.13501648010889444,0.9483488122211529,False,-30.937499999999996,200,0.01399593483802164,-38929.04794501996
295485566,4096,0.4665,marginal,90.0,60.00000000000001,0.984375,0.0625,0.9999999999999999,0.0,True,,1,0.0,-49934.67969910143
295485566,4096,0.6769,joint,30.692548401872724,0.6925484018727278,0.5057471105266672,0.9867426556826551,0.14350356286997568,0.9242426556826554,False,30.937499999999996,200,0.01051524092326872,-44801.251340865
295485566,4096,0.6769,marginal,90.0,60.00000000000001,0.984375,0.0625,0.9999999999999999,0.0,True,,1,0.0,-49837.675393797974
295485566,4096,0.9821,joint,30.895923415264807,0.895923415264809,0.5538584512289977,0.9713810263100271,0.14633835397936845,0.910094915472098,False,-30.937499999999996,200,0.021873064542887732,-47832.145832010996
295485566,4096,0.9821,marginal,90.0,60.00000000000001,0.984375,0.0625,0.9999999999999999,0.0,True,,1,0.0,-49622.767423828365
295485566,4096,1.425,joint,32.21077329906576,2.210773299065762,0.7411163449714494,0.7702174070786552,0.16484679232040966,0.8316894992996815,False,30.937499999999996,200,0.019438015115156304,-49212.703155472365
295485566,4096,1.425,marginal,90.0,60.00000000000001,0.984375,0.0625,0.9999999999999999,0.0,True,,1,0.0,-49540.67045571437
295485566,4096,2.0676,joint,47.582064095169706,17.58206409516971,0.9149058508939113,0.3248155287928536,0.4004746146331951,0.49191090866077836,False,30.937499999999996,200,0.06487161521363305,-48777.42015648487
295485566,4096,2.0676,marginal,90.0,60.00000000000001,0.984375,0.0625,0.9999999999999999,0.0,True,,1,0.0,-48805.41784732449
295485566,4096,3.0,joint,88.43684297629927,58.43684297629928,0.9839413363730805,0.0638515383497184,0.9614069322851697,0.03060490801816162,False,-47.81249999999999,200,0.0005760298226960003,-48981.49679781185
295485566,4096,3.0,marginal,90.0,60.00000000000001,0.984375,0.0625,0.9999999999999999,0.0,True,,1,0.0,-48981.60849707034
325160077,32,0.05,joint,29.673607178219303,0.3263928217806953,0.9999985066144674,0.9253837926529894,0.13363486439489602,0.9765582584151704,False,28.125000000000007,200,4.1106298453996715e-07,100.12357113707164
325160077,32,0.05,marginal,90.0,60.00000000000001,0.984375,0.0625,0.9999999999999999,0.0,True,,1,0.0,-391.4304150888504
325160077,32,0.0725,joint,30.085699192504816,0.08569919250481924,0.9947112405394574,0.9429200248218444,0.13599662882617725,0.9712737382551266,False,28.125000000000007,200,2.0279201827122506e-05,57.409237028622634
325160077,32,0.0725,marginal,90.0,60.00000000000001,0.984375,0.0625,0.9999999999999999,0.0,True,,1,0.0,-388.6231200209312
325160077,32,0.1053,joint,30.287308249441008,0.28730824944101113,0.8750593863436935,0.9400415007254102,0.13859636900160133,0.9687498106280785,False,-33.749999999999986,200,3.079249744075696e-08,-10.586228727045109
325160077,32,0.1053,marginal,90.0,60.00000000000001,0.984375,0.0625,0.9999999999999999,0.0,True,,1,0.0,-400.3304766151065
325160077,32,0.1527,joint,29.960407179014876,0.03959282098512357,0.9999675820961301,0.9331360347313934,0.13559298360164596,0.969917147670766,False,28.125000000000007,200,1.7668773665491244e-05,-112.69514247410676
325160077,32,0.1527,marginal,90.0,60.00000000000001,0.984375,0.0625,0.9999999999999999,0.0,True,,1,0.0,-411.73836819383695
325160077,32,0.2216,joint,30.552303794725812,0.5523037947258163,0.837322659270648,0.9491040674896469,0.14409006022999982,0.9492139496306445,False,-33.749999999999986,200,7.592935898514952e-05,-216.348220221595
325160077,32,0.2216,marginal,90.0,60.00000000000001,0.984375,0.0625,0.9999999999999999,0.0,True,,1,0.0,-409.3811183218695
325160077,32,0.3215,joint,28.763958343675384,1.2360416563246144,0.278915983641233,0.9323914692708317,0.13186922390126132,0.9537420168068269,False,-30.937499999999996,200,7.234342325546095e-05,-237.54222330032403
325160077,32,0.3215,marginal,90.0,60.00000000000001,0.984375,0.0625,0.9999999999999999,0.0,True,,1,0.0,-393.88055895117395
325160077,32,0.4665,joint,30.26247707443457,0.26247707443457297,0.9576798750940659,0.8409989591384667,0.1469250477879791,0.9369430739268639,False,-33.749999999999986,200,0.00017820241077970422,-298.01329943303085
325160077,32,0.4665,marginal,90.0,60.00000000000001,0.984375,0.0625,0.9999999999999999,0.0,True,,1,0.0,-399.1617514844019
325160077,32,0.6769,joint,33.217006656389444,3.2170066563894437,0.9988209456522552,0.7434669763206941,0.18623334799410063,0.9396666104958369,False,28.125000000000007,200,0.00022992918877662305,-360.4112737218169
325160077,32,0.6769,marginal,90.0,60.00000000000001,0.984375,0.0625,0.9999999999999999,0.0,True,,1,0.0,-401.1129711960017
325160077,32,0.9821,joint,42.754732150304655,12.754732150304653,0.8598558916130257,0.7309934778723505,0.3068046817519916,0.8724316539434931,False,-33.749999999999986,200,0.0002540838046911631,-369.4099892586454
325160077,32,0.9821,marginal,90.0,60.00000000000001,0.984375,0.0625,0.9999999999999999,0.0,True,,1,0.0,-389.5124985667207
325160077,32,1.425,joint,49.81225230167931,19.812252301679308,0.8052995134136172,0.5553910327375526,0.3515530093972149,0.8817845818118905,False,-30.937499999999996,200,0.0003579373818638487,-392.0696836382548
325160077,32,1.425,marginal,90.0,60.00000000000001,0.984375,0.0625,0.9999999999999999,0.0,True,,1,0.0,-397.2014394560265
325160077,32,2.0676,joint,124.16790749161386,94.16790749161387,0.9994657398450231,0.0034121360177880836,0.37982058943089503,0.8292277257028337,False,-163.125,200,0.0005169499208932393,-355.2216861813989
325160077,32,2.0676,marginal,90.0,60.00000000000001,0.984375,0.0625,0.9999999999999999,0.0,True,,1,0.0,-356.7771898059907
325160077,32,3.0,joint,75.03586545012767,45.03586545012767,0.9682046709278919,0.12787566258190683,0.4754708690127306,0.4178217990428136,False,75.9375,200,0.000768135289320071,-393.11414124153714
325160077,32,3.0,marginal,90.0,60.00000000000001,0.984375,0.0625,0.9999999999999999,0.0,True,,1,0.0,-393.2924767230804
325160077,128,0.05,joint,29.59324746679793,0.40675253320206717,0.4806491706906021,0.9997051307541374,0.13072851260369334,0.9683990501655677,False,-30.937499999999996,200,1.0439563595809886e-05,504.9016986216098
325160077,128,0.05,marginal,90.0,60.00000000000001,0.984375,0.0625,0.9999999999999999,0.0,True,,1,0.0,-1498.3786736977913
325160077,128,0.0725,joint,29.652168254343216,0.34783174565677966,0.4796663122435973,0.9999998567972814,0.13124931067155854,0.9569092822777856,False,-30.937499999999996,200,2.2264675124006317e-05,239.35758665268344
325160077,128,0.0725,marginal,90.0,60.00000000000001,0.984375,0.0625,0.9999999999999999,0.0,True,,1,0.0,-1485.4457054181823
325160077,128,0.1053,joint,29.70663723070827,0.29336276929172705,0.5121132437101981,0.9945829417627989,0.13196279942481481,0.9543008043595996,False,-30.937499999999996,200,0.00016010365001761784,-98.76722285193807
325160077,128,0.1053,marginal,90.0,60.00000000000001,0.984375,0.0625,0.9999999999999999,0.0,True,,1,0.0,-1513.220375874395
325160077,128,0.1527,joint,28.804840581130144,1.1951594188698542,0.7509211069718379,0.9999999924070195,0.12394097397758708,0.9613852742629164,False,-28.125000000000007,200,0.00010170342630999585,-388.7987276274386
325160077,128,0.1527,marginal,90.0,60.00000000000001,0.984375,0.0625,0.9999999999999999,0.0,True,,1,0.0,-1515.4697898859763
325160077,128,0.2216,joint,29.81801157730846,0.18198842269153767,0.39792606029625016,0.9999999995820812,0.13264186907705922,0.9686682827799584,False,-30.937499999999996,200,0.00012334294797256007,-698.6756476074629
325160077,128,0.2216,marginal,90.0,60.00000000000001,0.984375,0.0625,0.9999999999999999,0.0,True,,1,0.0,-1529.8114916493364
325160077,128,0.3215,joint,29.24219600180847,0.7578039981915274,0.8310774418254913,0.9711478632449886,0.12957521194374577,0.9409545315037162,False,28.125000000000007,200,0.00036444461920837057,-962.6694068421768
325160077,128,0.3215,marginal,90.0,60.00000000000001,0.984375,0.0625,0.9999999999999999,0.0,True,,1,0.0,-1500.6146540115997
325160077,128,0.4665,joint,29.36790490403688,0.6320950959631174,0.6848076221302719,0.8613823199965822,0.1311088484940628,0.929990728495968,False,-28.125000000000007,200,0.0005292915582231217,-1279.5121266407716
325160077,128,0.4665,marginal,90.0,60.00000000000001,0.984375,0.0625,0.9999999999999999,0.0,True,,1,0.0,-1590.9785029378922
325160077,128,0.6769,joint,32.68469162055562,2.6846916205556237,0.2897716963432062,0.8729957915162327,0.16718913773127597,0.8953606475816442,False,30.937499999999996,200,0.001779581685013909,-1422.6427044479824
325160077,128,0.6769,marginal,90.0,60.00000000000001,0.984375,0.0625,0.9999999999999999,0.0,True,,1,0.0,-1589.4175817218304
325160077,128,0.9821,joint,36.052232139083536,6.052232139083539,0.6842449755633886,0.8492354360281156,0.22421428715616365,0.8735001090919718,False,-33.749999999999986,200,0.0013175770859561453,-1452.7090885220205
325160077,128,0.9821,marginal,90.0,60.00000000000001,0.984375,0.0625,0.9999999999999999,0.0,True,,1,0.0,-1520.5095161371794
325160077,128,1.425,joint,32.7052610008643,2.7052610008643017,0.7944987885981554,0.8587226036362745,0.16752118638610414,0.8687777104803767,False,-28.125000000000007,200,0.0012110679947454628,-1487.4302897379782
325160077,128,1.425,marginal,90.0,60.00000000000001,0.984375,0.0625,0.9999999999999999,0.0,True,,1,0.0,-1505.6067760496362
325160077,128,2.0676,joint,75.92371094496556,45.92371094496557,0.9687215711191453,0.1723551866996393,0.5517876046998744,0.6998843270126479,False,-25.31249999999999,200,0.0017392862819178845,-1566.7169281701695
325160077,128,2.0676,marginal,90.0,60.00000000000001,0.984375,0.0625,0.9999999999999999,0.0,True,,1,0.0,-1570.0488688606065
325160077,128,3.0,joint,87.85873743321743,57.858737433217435,0.9762854520385194,0.09312068774481722,0.9453769175086999,0.16102686776178665,False,112.50000000000003,200,0.0004711743893039966,-1484.1290028470846
325160077,128,3.0,marginal,90.0,60.00000000000001,0.984375,0.0625,0.9999999999999999,0.0,True,,1,0.0,-1484.232058572628
325160077,256,0.05,joint,30.194434928949065,0.1944349289490667,0.2651945012751561,0.9999915837497552,0.13581011288779132,0.9682407411381945,False,30.937499999999996,200,5.353529081730812e-05,1033.916667620321
325160077,256,0.05,marginal,90.0,60.00000000000001,0.984375,0.0625,0.9999999999999999,0.0,True,,1,0.0,-2932.9508262448
325160077,256,0.0725,joint,30.320334349544442,0.3203343495444447,0.25645245024385616,0.9939691114862539,0.1371284708039513,0.9623038120482545,False,30.937499999999996,200,6.481363845978194e-05,381.79950244587474
325160077,256,0.0725,marginal,90.0,60.00000000000001,0.984375,0.0625,0.9999999999999999,0.0,True,,1,0.0,-3054.8700456636625
325160077,256,0.1053,joint,30.263095333285477,0.2630953332854797,0.2463652091029998,0.9999995449437261,0.13639800040657568,0.9645844704482085,False,30.937499999999996,200,0.00010394785192602285,-201.73617032327536
325160077,256,0.1053,marginal,90.0,60.00000000000001,0.984375,0.0625,0.9999999999999999,0.0,True,,1,0.0,-3087.0401813726207
325160077,256,0.1527,joint,29.740515590445547,0.2594844095544522,0.42297128354609,0.9923814257431267,0.13221240910130527,0.960135965540486,False,30.937499999999996,200,0.00013913896179928997,-800.7663448021397
325160077,256,0.1527,marginal,90.0,60.00000000000001,0.984375,0.0625,0.9999999999999999,0.0,True,,1,0.0,-3037.2051259456566
325160077,256,0.2216,joint,29.85172886701216,0.14827113298783828,0.34566675646979006,0.992342002533376,0.13262442280645093,0.956257546096799,False,30.937499999999996,200,0.0006372096352151857,-1384.2111028964346
325160077,256,0.2216,marginal,90.0,60.00000000000001,0.984375,0.0625,0.9999999999999999,0.0,True,,1,0.0,-3074.6217193803705
325160077,256,0.3215,joint,30.81060349638928,0.810603496389283,0.20369869923366302,0.9891439436049514,0.14336068159601945,0.9570538608306998,False,30.937499999999996,200,0.0004302765773900319,-1929.5044538981113
325160077,256,0.3215,marginal,90.0,60.00000000000001,0.984375,0.0625,0.9999999999999999,0.0,True,,1,0.0,-3156.0157291053633
325160077,256,0.4665,joint,30.039375247840987,0.039375247840990314,0.42756970760375274,0.9908526128507629,0.1341784730709098,0.9368140589220214,False,30.937499999999996,200,0.002150328253264888,-2460.332101706187
325160077,256,0.4665,marginal,90.0,60.00000000000001,0.984375,0.0625,0.9999999999999999,0.0,True,,1,0.0,-3070.8373057119215
325160077,256,0.6769,joint,32.50873453155092,2.5087345315509233,0.5417782982000604,0.9516334682231059,0.17006066482409576,0.9011299427872451,False,30.937499999999996,200,0.0015851799880692852,-2737.808508193439
325160077,256,0.6769,marginal,90.0,60.00000000000001,0.984375,0.0625,0.9999999999999999,0.0,True,,1,0.0,-3077.2658893803728
325160077,256,0.9821,joint,32.48359193716221,2.4835919371622106,0.681242453488142,0.8167133141864568,0.15484864501357654,0.8738719991167089,False,-28.125000000000007,200,0.0014412330933737394,-2959.8934888107833
325160077,256,0.9821,marginal,90.0,60.00000000000001,0.984375,0.0625,0.9999999999999999,0.0,True,,1,0.0,-3070.4176362218927
325160077,256,1.425,joint,50.05105491352008,20.051054913520087,0.797206138379674,0.7059056380036215,0.4258182617495405,0.8119513494677839,False,28.125000000000007,200,0.002326525783246325,-3142.363417314792
325160077,256,1.425,marginal,90.0,60.00000000000001,0.984375,0.0625,0.9999999999999999,0.0,True,,1,0.0,-3166.560121237212
325160077,256,2.0676,joint,70.75347502594256,40.75347502594256,0.9764294478434368,0.09099846320930942,0.7167942891424259,0.6049196524099243,False,-39.37499999999999,200,0.005936048730291077,-3019.8942034169986
325160077,256,2.0676,marginal,90.0,60.00000000000001,0.984375,0.0625,0.9999999999999999,0.0,True,,1,0.0,-3023.5121797433626
325160077,256,3.0,joint,88.54655830781795,58.546558307817946,0.9817023119326784,0.07118971685563227,0.9809994372555255,0.10409195639152624,False,-129.375,200,0.00038143728306749836,-3174.5976313329074
325160077,256,3.0,marginal,90.0,60.00000000000001,0.984375,0.0625,0.9999999999999999,0.0,True,,1,0.0,-3174.6739607410873
325160077,512,0.05,joint,30.056277041348146,0.05627704134814742,0.31332394286380283,0.9999999999999998,0.13469125684232697,0.9687498849379383,False,-30.937499999999996,200,3.339941940794233e-07,1945.4406285585005
325160077,512,0.05,marginal,90.0,60.00000000000001,0.984375,0.0625,0.9999999999999999,0.0,True,,1,0.0,-6156.962649930579
325160077,512,0.0725,joint,29.88427180223457,0.11572819776542954,0.37448672970186303,0.9999999997379863,0.13320837257675866,0.9687434094195243,False,-30.937499999999996,200,7.604804409311328e-06,983.4475276740429
325160077,512,0.0725,marginal,90.0,60.00000000000001,0.984375,0.0625,0.9999999999999999,0.0,True,,1,0.0,-6237.590947562065
325160077,512,0.1053,joint,29.917335461780034,0.0826645382199651,0.3627238510758208,1.0000000000000007,0.13349102342669517,0.9687486254561892,False,-30.937499999999996,200,2.0720400470963796e-06,-361.47608563263816
325160077,512,0.1053,marginal,90.0,60.00000000000001,0.984375,0.0625,0.9999999999999999,0.0,True,,1,0.0,-6245.673887882549
325160077,512,0.1527,joint,29.689775723438345,0.3102242765616541,0.4410999465072601,0.9996295675296658,0.13152976879024747,0.9683507037456256,False,-30.937499999999996,200,2.3288982220037724e-05,-1602.7262884485738
325160077,512,0.1527,marginal,90.0,60.00000000000001,0.984375,0.0625,0.9999999999999999,0.0,True,,1,0.0,-6285.410243026842
325160077,512,0.2216,joint,30.26111647606998,0.26111647606998023,0.3359958039504668,0.9979000049236086,0.13791524415080192,0.9628158449062367,False,30.937499999999996,200,0.00033500653717055684,-2848.827843436071
325160077,512,0.2216,marginal,90.0,60.00000000000001,0.984375,0.0625,0.9999999999999999,0.0,True,,1,0.0,-6356.069050424574
325160077,512,0.3215,joint,29.766433755112455,0.2335662448875414,0.480006887934153,0.9960656732092034,0.13340370739018692,0.9551175051272633,False,-30.937499999999996,200,0.0005256011081655743,-3929.9606310352383
325160077,512,0.3215,marginal,90.0,60.00000000000001,0.984375,0.0625,0.9999999999999999,0.0,True,,1,0.0,-6274.946758773531
325160077,512,0.4665,joint,29.872143360103394,0.12785663989660448,0.5030478238894496,0.9979768502371108,0.13389655885450247,0.9443977115258702,False,-30.937499999999996,200,0.001047290361384512,-4837.259945542806
325160077,512,0.4665,marginal,90.0,60.00000000000001,0.984375,0.0625,0.9999999999999999,0.0,True,,1,0.0,-6268.360224552904
325160077,512,0.6769,joint,30.132477153823405,0.13247715382340777,0.5850514566513318,0.9618349401918611,0.13791502529332844,0.9246989251020976,False,-30.937499999999996,200,0.0023514326285294374,-5703.882429023393
325160077,512,0.6769,marginal,90.0,60.00000000000001,0.984375,0.0625,0.9999999999999999,0.0,True,,1,0.0,-6362.287296347479
325160077,512,0.9821,joint,33.71362046394285,3.7136204639428545,0.6150064148814349,0.9404845485018459,0.18128785929271252,0.894160788832129,False,28.125000000000007,200,0.0035162428284820635,-5816.288128608829
325160077,512,0.9821,marginal,90.0,60.00000000000001,0.984375,0.0625,0.9999999999999999,0.0,True,,1,0.0,-6032.92354062462
325160077,512,1.425,joint,45.35253936085522,15.35253936085522,0.8806645950373581,0.5791381619586888,0.34858151960845996,0.7318432210470909,False,28.125000000000007,200,0.003173101184074767,-6113.359016878428
325160077,512,1.425,marginal,90.0,60.00000000000001,0.984375,0.0625,0.9999999999999999,0.0,True,,1,0.0,-6148.928710388356
325160077,512,2.0676,joint,59.214212844656785,29.214212844656785,0.9185232868167774,0.31639678128570803,0.5854717911682317,0.6034223607679386,False,-30.937499999999996,200,0.009058679133886471,-6153.451856473477
325160077,512,2.0676,marginal,90.0,60.00000000000001,0.984375,0.0625,0.9999999999999999,0.0,True,,1,0.0,-6160.168353860694
325160077,512,3.0,joint,88.26903869692946,58.26903869692946,0.9875529790789632,0.0517056459706597,0.979305538126005,0.07786498867789646,False,-2.8124999999999902,200,0.00047311616617662366,-6134.76305696676
325160077,512,3.0,marginal,90.0,60.00000000000001,0.984375,0.0625,0.9999999999999999,0.0,True,,1,0.0,-6134.855624179083
325160077,1024,0.05,joint,29.965878358117855,0.034121641882143595,0.3454868794694603,0.9999999999999937,0.13391368504214474,0.9687392500126766,False,30.937499999999996,200,2.154182084268541e-05,4054.133721460192
325160077,1024,0.05,marginal,90.0,60.00000000000001,0.984375,0.0625,0.9999999999999999,0.0,True,,1,0.0,-12544.52912098297
325160077,1024,0.0725,joint,29.97388235077204,0.02611764922795773,0.34262257341127467,0.9999999999999832,0.13398249566287235,0.9687484714528576,False,-30.937499999999996,200,5.411464371718466e-06,1615.0880809711102
325160077,1024,0.0725,marginal,90.0,60.00000000000001,0.984375,0.0625,0.9999999999999999,0.0,True,,1,0.0,-12589.523303901406
325160077,1024,0.1053,joint,30.058221829282065,0.05822182928206866,0.32855632238573185,0.9996089256223079,0.1349714056157143,0.9683558740272828,False,30.937499999999996,200,1.1036452065127378e-05,-614.8085221068677
325160077,1024,0.1053,marginal,90.0,60.00000000000001,0.984375,0.0625,0.9999999999999999,0.0,True,,1,0.0,-12633.554138656138
325160077,1024,0.1527,joint,30.086041469598612,0.08604146959861436,0.30278765611881375,0.9999999999905741,0.13492652868365407,0.9687260489548344,False,-30.937499999999996,200,4.8319281631847844e-05,-3180.437613809735
325160077,1024,0.1527,marginal,90.0,60.00000000000001,0.984375,0.0625,0.9999999999999999,0.0,True,,1,0.0,-12691.84437053926
325160077,1024,0.2216,joint,30.002783407163722,0.002783407163725735,0.35330585291891226,0.9987705365676505,0.13450947599164642,0.9674934627310379,False,30.937499999999996,200,5.9450650951475836e-05,-5553.300250471789
325160077,1024,0.2216,marginal,90.0,60.00000000000001,0.984375,0.0625,0.9999999999999999,0.0,True,,1,0.0,-12699.430742408964
325160077,1024,0.3215,joint,30.008256454648578,0.008256454648579952,0.3456635587764847,0.9989621022026958,0.13437224605998155,0.9549051089128175,False,-30.937499999999996,200,0.0023667629193369066,-7970.30050957983
325160077,1024,0.3215,marginal,90.0,60.00000000000001,0.984375,0.0625,0.9999999999999999,0.0,True,,1,0.0,-12776.757189358146
325160077,1024,0.4665,joint,30.27746039804839,0.277460398048393,0.3394849162705047,0.9915569169672076,0.13954057573257195,0.9499470549862721,False,30.937499999999996,200,0.002732964414462913,-9864.446042913962
325160077,1024,0.4665,marginal,90.0,60.00000000000001,0.984375,0.0625,0.9999999999999999,0.0,True,,1,0.0,-12648.875898613296
325160077,1024,0.6769,joint,30.218839699738677,0.21883969973867812,0.46194246035696296,0.996127712409365,0.13778243885695574,0.9372131401106057,False,-30.937499999999996,200,0.00495789529850299,-11114.09619590175
325160077,1024,0.6769,marginal,90.0,60.00000000000001,0.984375,0.0625,0.9999999999999999,0.0,True,,1,0.0,-12538.333485325937
325160077,1024,0.9821,joint,30.72029856639493,0.7202985663949346,0.6416244169486589,0.9405368071055172,0.15076179988074445,0.8804580127445588,False,-28.125000000000007,200,0.005007597053918289,-12041.07596755575
325160077,1024,0.9821,marginal,90.0,60.00000000000001,0.984375,0.0625,0.9999999999999999,0.0,True,,1,0.0,-12464.79261413845
325160077,1024,1.425,joint,32.803329711023395,2.8033297110233986,0.7567564470324448,0.7949052442068872,0.17658249615624855,0.8202387539671111,False,-30.937499999999996,200,0.006434695273128455,-12174.600801044127
325160077,1024,1.425,marginal,90.0,60.00000000000001,0.984375,0.0625,0.9999999999999999,0.0,True,,1,0.0,-12261.462088565713
325160077,1024,2.0676,joint,57.54186720957455,27.541867209574548,0.9308951954534532,0.2690368621105739,0.45745293939491494,0.5678000953983013,False,-22.5,200,0.020262813230147003,-12164.421991270196
325160077,1024,2.0676,marginal,90.0,60.00000000000001,0.984375,0.0625,0.9999999999999999,0.0,True,,1,0.0,-12173.802081584414
325160077,1024,3.0,joint,88.6384350266678,58.638435026667814,0.9845858866238867,0.06286781597967223,0.9782558870371729,0.052004607693088456,False,126.56249999999997,200,0.00043961855772067793,-12195.078681443887
325160077,1024,3.0,marginal,90.0,60.00000000000001,0.984375,0.0625,0.9999999999999999,0.0,True,,1,0.0,-12195.169858233414
325160077,2048,0.05,joint,30.03458207671542,0.034582076715423134,0.32452105000588194,0.9994967519263974,0.13452241531202302,0.9682461217482988,False,-30.937499999999996,200,7.2143175202654675e-06,8142.901870730535
325160077,2048,0.05,marginal,90.0,60.00000000000001,0.984375,0.0625,0.9999999999999999,0.0,True,,1,0.0,-24953.95852772105
325160077,2048,0.0725,joint,30.041016258282458,0.04101625828245891,0.31878298609932115,0.9999999999999981,0.13455812752365448,0.968733072681031,False,-30.937499999999996,200,6.862497502879705e-05,3487.5248972649774
325160077,2048,0.0725,marginal,90.0,60.00000000000001,0.984375,0.0625,0.9999999999999999,0.0,True,,1,0.0,-25119.842617900307
325160077,2048,0.1053,joint,30.08880406566724,0.08880406566724397,0.3010720204673346,0.999973892434586,0.1349711676058214,0.9677386801135774,False,-30.937499999999996,200,0.00040456833312418894,-1606.8346377506728
325160077,2048,0.1053,marginal,90.0,60.00000000000001,0.984375,0.0625,0.9999999999999999,0.0,True,,1,0.0,-25126.396091447918
325160077,2048,0.1527,joint,30.04673331575255,0.0467333157525543,0.3167283668240141,0.999999999999901,0.134584536555432,0.9687388954483431,False,-30.937499999999996,200,6.218786984391045e-05,-6338.760710471432
325160077,2048,0.1527,marginal,90.0,60.00000000000001,0.984375,0.0625,0.9999999999999999,0.0,True,,1,0.0,-25228.0351138846
325160077,2048,0.2216,joint,29.974259874569274,0.02574012543072541,0.34806366667521943,0.9990799140679983,0.13418159300773713,0.9643949416999551,False,-30.937499999999996,200,0.0018916704430012032,-11225.637654037411
325160077,2048,0.2216,marginal,90.0,60.00000000000001,0.984375,0.0625,0.9999999999999999,0.0,True,,1,0.0,-25083.360544811636
325160077,2048,0.3215,joint,30.057351662492348,0.05735166249235129,0.3329513310301765,0.9988379060654812,0.13504904826723885,0.9661010629724462,False,-30.937499999999996,200,0.0020328779064584523,-15756.403286064022
325160077,2048,0.3215,marginal,90.0,60.00000000000001,0.984375,0.0625,0.9999999999999999,0.0,True,,1,0.0,-25334.963874863402
325160077,2048,0.4665,joint,30.322970374505097,0.3229703745050976,0.2819318976428589,0.9986468201470213,0.13717391393419354,0.9556187020199098,False,-30.937499999999996,200,0.006827701996371616,-19718.906715848232
325160077,2048,0.4665,marginal,90.0,60.00000000000001,0.984375,0.0625,0.9999999999999999,0.0,True,,1,0.0,-25279.1056803932
325160077,2048,0.6769,joint,30.609810056898027,0.60981005689803,0.4460201493485668,0.989900743492804,0.14348176908682364,0.9274007434928039,False,-30.937499999999996,200,0.010129995956958737,-22561.73012033446
325160077,2048,0.6769,marginal,90.0,60.00000000000001,0.984375,0.0625,0.9999999999999999,0.0,True,,1,0.0,-25158.806797949397
325160077,2048,0.9821,joint,30.47767562579084,0.4776756257908449,0.5932526177099638,0.9514728043805633,0.14257276356100856,0.8943870809236169,False,-30.937499999999996,200,0.010250176521367393,-23807.624031315274
325160077,2048,0.9821,marginal,90.0,60.00000000000001,0.984375,0.0625,0.9999999999999999,0.0,True,,1,0.0,-24678.18914816484
325160077,2048,1.425,joint,41.38089275067639,11.380892750676388,0.7426190886522701,0.7499686976893444,0.29287577448178026,0.7743522816642594,False,-30.937499999999996,200,0.012909380937344395,-24756.668410919305
325160077,2048,1.425,marginal,90.0,60.00000000000001,0.984375,0.0625,0.9999999999999999,0.0,True,,1,0.0,-24903.236462907105
325160077,2048,2.0676,joint,49.96708103546367,19.967081035463675,0.9289207910301165,0.26181150323122787,0.4164157423314305,0.4965107325832807,False,-33.749999999999986,200,0.029269966758874943,-24843.92970249835
325160077,2048,2.0676,marginal,90.0,60.00000000000001,0.984375,0.0625,0.9999999999999999,0.0,True,,1,0.0,-24860.06747642462
325160077,2048,3.0,joint,86.19287541016872,56.192875410168725,0.9807907704160155,0.07633447339302557,0.9115609132629988,0.0698210299722847,False,19.68750000000001,200,0.0014003463948029093,-24638.169771225752
325160077,2048,3.0,marginal,90.0,60.00000000000001,0.984375,0.0625,0.9999999999999999,0.0,True,,1,0.0,-24638.47524541227
325160077,4096,0.05,joint,29.92241243226617,0.07758756773382804,0.3609849461529257,0.9999999999984781,0.1335396982564242,0.9687159394278406,False,30.937499999999996,200,0.0002324640481674578,16315.23423529193
325160077,4096,0.05,marginal,90.0,60.00000000000001,0.984375,0.0625,0.9999999999999999,0.0,True,,1,0.0,-48635.9061886508
325160077,4096,0.0725,joint,30.019296043418635,0.019296043418637453,0.3266464365324088,0.9999999998103689,0.1343732823349395,0.9686623673868306,False,30.937499999999996,200,0.0004954765454385779,7069.900742581694
325160077,4096,0.0725,marginal,90.0,60.00000000000001,0.984375,0.0625,0.9999999999999999,0.0,True,,1,0.0,-49339.351577164365
325160077,4096,0.1053,joint,30.03028291649334,0.030282916493344872,0.3244145015952709,0.9997536941284395,0.13447784915701344,0.9684371648914762,False,-30.937499999999996,200,0.00045853522715333384,-2766.6865815761876
325160077,4096,0.1053,marginal,90.0,60.00000000000001,0.984375,0.0625,0.9999999999999999,0.0,True,,1,0.0,-49463.36676333984
325160077,4096,0.1527,joint,30.02815239485135,0.028152394851354064,0.3232278961990668,0.9994508355329136,0.13448823319954895,0.9676753984803289,False,30.937499999999996,200,0.0017260348304262152,-12839.123741593294
325160077,4096,0.1527,marginal,90.0,60.00000000000001,0.984375,0.0625,0.9999999999999999,0.0,True,,1,0.0,-49879.214823078866
325160077,4096,0.2216,joint,29.89836345612915,0.10163654387084904,0.37289914326397067,0.9996780787196072,0.13335137227899996,0.9677917743335189,False,30.937499999999996,200,0.002208490652265027,-22899.47481112199
325160077,4096,0.2216,marginal,90.0,60.00000000000001,0.984375,0.0625,0.9999999999999999,0.0,True,,1,0.0,-50138.085575493475
325160077,4096,0.3215,joint,29.965979761753783,0.034020238246213454,0.40700561467157526,0.9996677281321467,0.1340029475923249,0.9515586386257382,False,30.937499999999996,200,0.005616880665911594,-31665.020398608314
325160077,4096,0.3215,marginal,90.0,60.00000000000001,0.984375,0.0625,0.9999999999999999,0.0,True,,1,0.0,-50332.07200207267
325160077,4096,0.4665,joint,30.176092144865653,0.17609214486565322,0.38833197155878174,0.9976070076743383,0.1366192439185725,0.9462604487161372,False,30.937499999999996,200,0.013641945995914284,-39216.2521394435
325160077,4096,0.4665,marginal,90.0,60.00000000000001,0.984375,0.0625,0.9999999999999999,0.0,True,,1,0.0,-49915.886824312896
325160077,4096,0.6769,joint,30.267103383992524,0.2671033839925244,0.48875250392595126,0.9948281006433938,0.13929534444537517,0.9323281006433932,False,-30.937499999999996,200,0.017098848562454805,-45031.78120828354
325160077,4096,0.6769,marginal,90.0,60.00000000000001,0.984375,0.0625,0.9999999999999999,0.0,True,,1,0.0,-50270.96599439918
325160077,4096,0.9821,joint,30.41694017276704,0.4169401727670422,0.6629918174216523,0.9503197207043395,0.14332922024808514,0.8954302254083233,False,-28.125000000000007,200,0.015491171710891649,-47779.35648988298
325160077,4096,0.9821,marginal,90.0,60.00000000000001,0.984375,0.0625,0.9999999999999999,0.0,True,,1,0.0,-49511.14350661762
325160077,4096,1.425,joint,34.86435915830766,4.864359158307662,0.7656286764707434,0.7649455623563342,0.20675467069252507,0.8069142355359433,False,28.125000000000007,200,0.022201519161171746,-49087.54752532389
325160077,4096,1.425,marginal,90.0,60.00000000000001,0.984375,0.0625,0.9999999999999999,0.0,True,,1,0.0,-49369.38885152302
325160077,4096,2.0676,joint,54.815870277788605,24.81587027778861,0.9204955131654251,0.3129615186271375,0.5068291135900233,0.442962327072353,False,-28.125000000000007,200,0.058728804215206765,-49000.95688676264
325160077,4096,2.0676,marginal,90.0,60.00000000000001,0.984375,0.0625,0.9999999999999999,0.0,True,,1,0.0,-49024.316052391645
325160077,4096,3.0,joint,87.39225485533761,57.39225485533761,0.9816336070539048,0.07246734811743993,0.9576223438498491,0.03448480768971162,False,-33.749999999999986,200,0.0007937853952171281,-49062.46033783918
325160077,4096,3.0,marginal,90.0,60.00000000000001,0.984375,0.0625,0.9999999999999999,0.0,True,,1,0.0,-49062.60949742865
1719885688,32,0.05,joint,28.909741380482494,1.0902586195175037,0.7209808424951122,0.9999999999999998,0.12480820276706228,0.9765266458114163,False,-28.125000000000007,200,2.1300069761309715e-06,107.93284765301709
1719885688,32,0.05,marginal,90.0,60.00000000000001,0.984375,0.0625,0.9999999999999999,0.0,True,,1,0.0,-388.7611630347076
1719885688,32,0.0725,joint,29.046371263517138,0.9536287364828608,0.8402001311401788,0.9877303429729788,0.1278676067940322,0.9569610523740425,False,28.125000000000007,200,1.2132509610296438e-06,58.90741903952431
1719885688,32,0.0725,marginal,90.0,60.00000000000001,0.984375,0.0625,0.9999999999999999,0.0,True,,1,0.0,-398.7387589387984
1719885688,32,0.1053,joint,28.66701053850584,1.3329894614941582,0.8072848174184271,1.0,0.12272886458125154,0.9687495101022393,False,-28.125000000000007,200,7.632267582380337e-07,-48.70679564796231
1719885688,32,0.1053,marginal,90.0,60.00000000000001,0.984375,0.0625,0.9999999999999999,0.0,True,,1,0.0,-404.64738792612764
1719885688,32,0.1527,joint,30.302857912218652,0.30285791221865366,0.6613054208417819,0.9709189892325437,0.14211016248762942,0.9670146851258237,False,-28.125000000000007,200,2.4288669536076668e-05,-99.28528103697407
1719885688,32,0.1527,marginal,90.0,60.00000000000001,0.984375,0.0625,0.9999999999999999,0.0,True,,1,0.0,-415.1637893291361
1719885688,32,0.2216,joint,30.86347640376278,0.8634764037627799,0.48956501956740384,0.9689328802670987,0.14393950688341062,0.9528879468260991,False,30.937499999999996,200,6.744641899558701e-05,-163.89876382672657
1719885688,32,0.2216,marginal,90.0,60.00000000000001,0.984375,0.0625,0.9999999999999999,0.0,True,,1,0.0,-405.27973102687713
1719885688,32,0.3215,joint,29.216321065370877,0.7836789346291195,0.611974725679769,0.9999999999989482,0.1272446021350252,0.9759679329860487,False,-28.125000000000007,200,1.548278578411555e-05,-269.8578566194943
1719885688,32,0.3215,marginal,90.0,60.00000000000001,0.984375,0.0625,0.9999999999999999,0.0,True,,1,0.0,-436.76823840863693
1719885688,32,0.4665,joint,30.313437524001447,0.3134375240014496,0.8765329521680275,0.7957377253621749,0.14582416689628863,0.9332035769921947,False,28.125000000000007,200,0.00015797793111005376,-283.66694912344525
1719885688,32,0.4665,marginal,90.0,60.00000000000001,0.984375,0.0625,0.9999999999999999,0.0,True,,1,0.0,-391.08235213172605
1719885688,32,0.6769,joint,27.33661291020832,2.6633870897916787,0.729117874352669,0.8885615300217204,0.1250711280426815,0.9486579168874752,False,-28.125000000000007,200,8.838818570211515e-05,-363.55616010672793
1719885688,32,0.6769,marginal,90.0,60.00000000000001,0.984375,0.0625,0.9999999999999999,0.0,True,,1,0.0,-417.08717221072607
1719885688,32,0.9821,joint,54.78634896685923,24.786348966859233,0.7216193270069411,0.3210640643719542,0.48972129031163847,0.882213910312666,False,30.937499999999996,200,0.00039677256233972,-382.65791078417556
1719885688,32,0.9821,marginal,90.0,60.00000000000001,0.984375,0.0625,0.9999999999999999,0.0,True,,1,0.0,-396.6433183838991
1719885688,32,1.425,joint,30.127445944920055,0.1274459449200585,0.9959890898805054,0.22997782521001187,0.16590485577410907,0.9126335924063843,False,19.68750000000001,200,0.00036425255569838555,-386.2904245193773
1719885688,32,1.425,marginal,90.0,60.00000000000001,0.984375,0.0625,0.9999999999999999,0.0,True,,1,0.0,-396.29068704250693
1719885688,32,2.0676,joint,119.91060576672402,89.91060576672403,0.9994592748158272,0.0034248457057911882,0.18136869161670655,0.8213964761672904,False,123.74999999999999,200,0.00047626032335301716,-360.02703115557006
1719885688,32,2.0676,marginal,90.0,60.00000000000001,0.984375,0.0625,0.9999999999999999,0.0,True,,1,0.0,-361.51640694120726
1719885688,32,3.0,joint,104.20575257214705,74.20575257214705,0.997010413166554,0.011398913927753718,0.6657670966577989,0.3793666729982993,False,-67.5,200,0.0005122280335854157,-373.55683351588993
1719885688,32,3.0,marginal,90.0,60.00000000000001,0.984375,0.0625,0.9999999999999999,0.0,True,,1,0.0,-373.7178266669722
1719885688,128,0.05,joint,30.562411818482847,0.5624118184828487,0.13327453245919701,0.9999584117305482,0.1390445678261929,0.9687018819346516,False,-30.937499999999996,200,3.558428488759091e-06,470.8240201089485
1719885688,128,0.05,marginal,90.0,60.00000000000001,0.984375,0.0625,0.9999999999999999,0.0,True,,1,0.0,-1593.9265855519066
1719885688,128,0.0725,joint,30.33490996522465,0.3349099652246534,0.14504905742352867,0.9809585608887536,0.13741284797539466,0.9530502340313435,False,-30.937499999999996,200,0.00011940664759890751,222.1926041632956
1719885688,128,0.0725,marginal,90.0,60.00000000000001,0.984375,0.0625,0.9999999999999999,0.0,True,,1,0.0,-1575.1858737287284
1719885688,128,0.1053,joint,30.663375425871095,0.6633754258710965,0.29443392048641914,0.9832307227717177,0.14032832177901444,0.9417184548713723,False,30.937499999999996,200,0.00011592816491656777,-163.5180437223625
1719885688,128,0.1053,marginal,90.0,60.00000000000001,0.984375,0.0625,0.9999999999999999,0.0,True,,1,0.0,-1629.031240337936
1719885688,128,0.1527,joint,30.467983590159303,0.4679835901593042,0.17427100014940627,0.9989844350550976,0.13833541126273918,0.9663753038309122,False,-30.937499999999996,200,4.179115705937875e-05,-366.7384592592873
1719885688,128,0.1527,marginal,90.0,60.00000000000001,0.984375,0.0625,0.9999999999999999,0.0,True,,1,0.0,-1579.049731568782
1719885688,128,0.2216,joint,30.91478499035676,0.9147849903567644,0.17788046496456952,0.9935668458506537,0.14337957605213736,0.9600102237176279,False,-30.937499999999996,200,0.00023587248574585828,-714.8315939866734
1719885688,128,0.2216,marginal,90.0,60.00000000000001,0.984375,0.0625,0.9999999999999999,0.0,True,,1,0.0,-1601.261822326088
1719885688,128,0.3215,joint,31.021679933895804,1.0216799338958051,0.2850252285786127,0.9806349642904475,0.14470203581499197,0.9337542984598487,False,-30.937499999999996,200,0.0003595679290810949,-961.2747461716588
1719885688,128,0.3215,marginal,90.0,60.00000000000001,0.984375,0.0625,0.9999999999999999,0.0,True,,1,0.0,-1564.3457893751904
1719885688,128,0.4665,joint,30.525252041007025,0.5252520410070283,0.18795839255156227,0.9993357090886039,0.13914390782182717,0.9634623436773875,False,-30.937499999999996,200,0.0003215313863620395,-1196.5136568158991
1719885688,128,0.4665,marginal,90.0,60.00000000000001,0.984375,0.0625,0.9999999999999999,0.0,True,,1,0.0,-1568.63646582092
1719885688,128,0.6769,joint,33.04713349642569,3.0471334964256886,0.4893161115389931,0.9686667216318082,0.17295939102510682,0.9112620939965839,False,30.937499999999996,200,0.00040328133513867215,-1344.9623120960443
1719885688,128,0.6769,marginal,90.0,60.00000000000001,0.984375,0.0625,0.9999999999999999,0.0,True,,1,0.0,-1522.325426351782
1719885688,128,0.9821,joint,41.215197281027585,11.215197281027589,0.6659752288957275,0.7758034627063517,0.2987696847245913,0.8562191559330234,False,30.937499999999996,200,0.0004974275968834263,-1508.0147041537691
1719885688,128,0.9821,marginal,90.0,60.00000000000001,0.984375,0.0625,0.9999999999999999,0.0,True,,1,0.0,-1565.9343600031357
1719885688,128,1.425,joint,44.78641336835755,14.786413368357554,0.8249570720681485,0.7571348759843735,0.35583848308185373,0.7908183919438865,False,-28.125000000000007,200,0.0013188613709189667,-1569.7641921963318
1719885688,128,1.425,marginal,90.0,60.00000000000001,0.984375,0.0625,0.9999999999999999,0.0,True,,1,0.0,-1581.6732836299177
1719885688,128,2.0676,joint,55.850758062833954,25.850758062833954,0.9695381889757398,0.11728552526862832,0.24920108628516469,0.7738071096622443,False,47.81249999999999,200,0.0028603989603652735,-1510.6028655330865
1719885688,128,2.0676,marginal,90.0,60.00000000000001,0.984375,0.0625,0.9999999999999999,0.0,True,,1,0.0,-1513.9241616625993
1719885688,128,3.0,joint,86.17952835534314,56.17952835534314,0.9769545435300708,0.09398750479319873,0.8811114610187386,0.17874084770491477,False,25.31249999999999,200,0.0006110054005148413,-1525.6150469147124
1719885688,128,3.0,marginal,90.0,60.00000000000001,0.984375,0.0625,0.9999999999999999,0.0,True,,1,0.0,-1525.7458472344988
1719885688,256,0.05,joint,30.273526685604068,0.27352668560406984,0.3311979944300194,0.9929951015780216,0.13659713852245914,0.9535467163063038,False,30.937499999999996,200,0.00018567987297046784,1017.6255772344656
1719885688,256,0.05,marginal,90.0,60.00000000000001,0.984375,0.0625,0.9999999999999999,0.0,True,,1,0.0,-2905.499057818466
1719885688,256,0.0725,joint,30.358555230555964,0.358555230555968,0.37467620609418595,0.9859148614799936,0.13776695216339696,0.9384934892983077,False,-30.937499999999996,200,0.00031658071713991376,469.5376452690525
1719885688,256,0.0725,marginal,90.0,60.00000000000001,0.984375,0.0625,0.9999999999999999,0.0,True,,1,0.0,-2903.705295831645
1719885688,256,0.1053,joint,30.459426235123946,0.4594262351239469,0.24316566590066685,0.9859201656008305,0.13836944885647706,0.9505011927561717,False,-30.937499999999996,200,0.00037050915162240017,-133.65112545394362
1719885688,256,0.1053,marginal,90.0,60.00000000000001,0.984375,0.0625,0.9999999999999999,0.0,True,,1,0.0,-2952.8924617018565
1719885688,256,0.1527,joint,30.74308451531407,0.7430845153140722,0.08026105998425034,0.9999999995399856,0.14050975833031887,0.9716112669557013,False,-30.937499999999996,200,0.0005695314670219886,-786.7718534456812
1719885688,256,0.1527,marginal,90.0,60.00000000000001,0.984375,0.0625,0.9999999999999999,0.0,True,,1,0.0,-2988.9575542392367
1719885688,256,0.2216,joint,30.168631415447315,0.16863141544731816,0.29058186650438617,0.9983318315132016,0.1356883296648136,0.9618010693124072,False,-30.937499999999996,200,0.0004127850857003068,-1400.7797138830038
1719885688,256,0.2216,marginal,90.0,60.00000000000001,0.984375,0.0625,0.9999999999999999,0.0,True,,1,0.0,-3017.964441813388
1719885688,256,0.3215,joint,31.18269705920837,1.1826970592083719,0.3486373651008153,0.989801624595489,0.14677483671174152,0.9485522674771618,False,30.937499999999996,200,0.00039698360706097446,-1918.3833027631297
1719885688,256,0.3215,marginal,90.0,60.00000000000001,0.984375,0.0625,0.9999999999999999,0.0,True,,1,0.0,-2956.640317257297
1719885688,256,0.4665,joint,31.61677722167252,1.616777221672523,0.3615476766606476,0.9746024189515929,0.15211484381184293,0.9241243814635194,False,30.937499999999996,200,0.0010569797796051716,-2398.50561980386
1719885688,256,0.4665,marginal,90.0,60.00000000000001,0.984375,0.0625,0.9999999999999999,0.0,True,,1,0.0,-2988.9254113187135
1719885688,256,0.6769,joint,32.97054277590657,2.970542775906574,0.6860649782679622,0.8785315298826084,0.17957278121885134,0.8757048535735703,False,28.125000000000007,200,0.000972552205894317,-2778.7501494418148
1719885688,256,0.6769,marginal,90.0,60.00000000000001,0.984375,0.0625,0.9999999999999999,0.0,True,,1,0.0,-3027.2953570754107
1719885688,256,0.9821,joint,31.823216282253775,1.8232162822537785,0.8005971695258824,0.732993733923058,0.16866111113702698,0.8562683299271299,False,-33.749999999999986,200,0.0011880130741701578,-2982.807366640438
1719885688,256,0.9821,marginal,90.0,60.00000000000001,0.984375,0.0625,0.9999999999999999,0.0,True,,1,0.0,-3088.361455175461
1719885688,256,1.425,joint,36.031031822236,6.031031822236003,0.8785926255367491,0.47889607789379207,0.2493065357899631,0.6731181084595961,False,-28.125000000000007,200,0.0018995756463482394,-3127.2461679856824
1719885688,256,1.425,marginal,90.0,60.00000000000001,0.984375,0.0625,0.9999999999999999,0.0,True,,1,0.0,-3148.7077220389133
1719885688,256,2.0676,joint,51.854064002441085,21.854064002441085,0.9678308125672453,0.1542984518860601,0.511896578211852,0.7008877273767452,False,8.437499999999996,200,0.004828071934753098,-3060.941539761521
1719885688,256,2.0676,marginal,90.0,60.00000000000001,0.984375,0.0625,0.9999999999999999,0.0,True,,1,0.0,-3065.2899621942206
1719885688,256,3.0,joint,100.69042169425532,70.69042169425533,0.9874467950454466,0.04841199033245224,0.8551006183493912,0.11238533149030898,False,-87.1875,200,0.00043960108268947806,-3072.143845518798
1719885688,256,3.0,marginal,90.0,60.00000000000001,0.984375,0.0625,0.9999999999999999,0.0,True,,1,0.0,-3072.2364565616867
1719885688,512,0.05,joint,29.978407263822447,0.021592736177550073,0.34101095948249427,1.0,0.13399029428578368,0.9687492430266863,False,30.937499999999996,200,1.528953816887224e-06,2090.1957532017295
1719885688,512,0.05,marginal,90.0,60.00000000000001,0.984375,0.0625,0.9999999999999999,0.0,True,,1,0.0,-5863.4027805403775
1719885688,512,0.0725,joint,30.01287098107437,0.012870981074373277,0.3407927969572653,0.9985469849340654,0.13436381382354246,0.9662229531794043,False,30.937499999999996,200,0.00016091507802684646,894.3038584995703
1719885688,512,0.0725,marginal,90.0,60.00000000000001,0.984375,0.0625,0.9999999999999999,0.0,True,,1,0.0,-5972.73845432307
1719885688,512,0.1053,joint,30.16032931899182,0.16032931899182307,0.2763294145630946,0.9999999999999997,0.13555525528308277,0.9687489146798622,False,30.937499999999996,200,2.6014371314886375e-06,-369.59731099254424
1719885688,512,0.1053,marginal,90.0,60.00000000000001,0.984375,0.0625,0.9999999999999999,0.0,True,,1,0.0,-6076.539027190687
1719885688,512,0.1527,joint,29.908811914674693,0.09118808532530384,0.34979178150563894,0.9954086958482156,0.13343390500078234,0.9626384165033303,False,30.937499999999996,200,0.00023344310989159567,-1645.350368645468
1719885688,512,0.1527,marginal,90.0,60.00000000000001,0.984375,0.0625,0.9999999999999999,0.0,True,,1,0.0,-6114.083155694924
1719885688,512,0.2216,joint,30.301998054915874,0.301998054915877,0.27764605887396443,0.9967125751632011,0.13686162194441376,0.9567044065746948,False,30.937499999999996,200,0.0011881967284352868,-2887.01208862606
1719885688,512,0.2216,marginal,90.0,60.00000000000001,0.984375,0.0625,0.9999999999999999,0.0,True,,1,0.0,-6146.988777913921
1719885688,512,0.3215,joint,30.284833844276566,0.2848338442765698,0.4440598716756201,0.9879488675997137,0.13962061916555724,0.9551469686537367,False,-30.937499999999996,200,0.00022414424711314496,-3860.3451593835052
1719885688,512,0.3215,marginal,90.0,60.00000000000001,0.984375,0.0625,0.9999999999999999,0.0,True,,1,0.0,-6080.60569515174
1719885688,512,0.4665,joint,31.032348892222636,1.0323488922226365,0.4117701367716562,0.9890310375690803,0.14672860202351712,0.9394584454028683,False,30.937499999999996,200,0.0011067539935538662,-4935.106170747419
1719885688,512,0.4665,marginal,90.0,60.00000000000001,0.984375,0.0625,0.9999999999999999,0.0,True,,1,0.0,-6142.403831843281
1719885688,512,0.6769,joint,31.63356010652625,1.633560106526254,0.31477668967256933,0.9887885119783193,0.15374815939651,0.9384374446806316,False,-30.937499999999996,200,0.003759897734198603,-5658.6069180474005
1719885688,512,0.6769,marginal,90.0,60.00000000000001,0.984375,0.0625,0.9999999999999999,0.0,True,,1,0.0,-6225.621401998997
1719885688,512,0.9821,joint,33.802341221710336,3.802341221710341,0.7203717992429943,0.8335652052532907,0.18607463250060585,0.8630450696740373,False,33.749999999999986,200,0.0017750201341186767,-5874.369597449947
1719885688,512,0.9821,marginal,90.0,60.00000000000001,0.984375,0.0625,0.9999999999999999,0.0,True,,1,0.0,-6072.226442969333
1719885688,512,1.425,joint,36.156411350185124,6.156411350185126,0.8284663631959746,0.5747396002244796,0.23131608366247824,0.7311118200196356,False,-30.937499999999996,200,0.0022705044866597746,-6121.366469608229
1719885688,512,1.425,marginal,90.0,60.00000000000001,0.984375,0.0625,0.9999999999999999,0.0,True,,1,0.0,-6159.811079190589
1719885688,512,2.0676,joint,76.55789571565276,46.55789571565276,0.9741947546764089,0.0949729864869176,0.8213030192415272,0.32357973222621855,False,8.437499999999996,200,0.005201499257964315,-6180.389848444962
1719885688,512,2.0676,marginal,90.0,60.00000000000001,0.984375,0.0625,0.9999999999999999,0.0,True,,1,0.0,-6182.178809594241
1719885688,512,3.0,joint,81.98386291440814,51.98386291440814,0.9787358830559809,0.08563581212908203,0.8962877598293696,0.10063117476962183,False,-25.31249999999999,200,0.0006786158410250209,-6060.27911521088
1719885688,512,3.0,marginal,90.0,60.00000000000001,0.984375,0.0625,0.9999999999999999,0.0,True,,1,0.0,-6060.420343472528
1719885688,1024,0.05,joint,30.029083973462743,0.029083973462745143,0.32299250375135324,0.9999999999999999,0.13445734688382416,0.9687499305810868,False,30.937499999999996,200,4.0134182199835777e-07,4059.7403682497525
1719885688,1024,0.05,marginal,90.0,60.00000000000001,0.984375,0.0625,0.9999999999999999,0.0,True,,1,0.0,-12294.356327699355
1719885688,1024,0.0725,joint,29.97932565219978,0.020674347800217534,0.34081077468055954,0.9999999999761773,0.13402936099010676,0.9686756547424873,False,30.937499999999996,200,0.00010565405273155193,1761.2892658584578
1719885688,1024,0.0725,marginal,90.0,60.00000000000001,0.984375,0.0625,0.9999999999999999,0.0,True,,1,0.0,-12435.016692028157
1719885688,1024,0.1053,joint,29.915911840206313,0.08408815979368338,0.3633862185928042,0.9999999999998618,0.13348210746771716,0.9686723869520317,False,30.937499999999996,200,9.93223835621393e-05,-782.3017414665843
1719885688,1024,0.1053,marginal,90.0,60.00000000000001,0.984375,0.0625,0.9999999999999999,0.0,True,,1,0.0,-12573.74493012993
1719885688,1024,0.1527,joint,30.00533684957153,0.005336849571534336,0.3508211980518914,0.9991460324937464,0.1345664347085741,0.9678956956059519,False,30.937499999999996,200,5.616034286504146e-06,-3166.303853096955
1719885688,1024,0.1527,marginal,90.0,60.00000000000001,0.984375,0.0625,0.9999999999999999,0.0,True,,1,0.0,-12487.06111400465
1719885688,1024,0.2216,joint,29.810287153654702,0.1897128463452962,0.4011637563391979,0.9999996980680669,0.13256990672339175,0.9685588759469793,False,30.937499999999996,200,0.0001975249051611172,-5669.412226913859
1719885688,1024,0.2216,marginal,90.0,60.00000000000001,0.984375,0.0625,0.9999999999999999,0.0,True,,1,0.0,-12746.021254437748
1719885688,1024,0.3215,joint,29.95850592700822,0.04149407299177876,0.41510145067394344,0.9991088092017676,0.13442569367255586,0.9526473500764427,False,-30.937499999999996,200,0.0020050737039127853,-7741.907224730032
1719885688,1024,0.3215,marginal,90.0,60.00000000000001,0.984375,0.0625,0.9999999999999999,0.0,True,,1,0.0,-12655.487369785606
1719885688,1024,0.4665,joint,30.21119563541296,0.21119563541296196,0.31819794346060815,0.9940122702301644,0.13609202078615523,0.940840657785562,False,30.937499999999996,200,0.0045457422002073145,-9838.04181985743
1719885688,1024,0.4665,marginal,90.0,60.00000000000001,0.984375,0.0625,0.9999999999999999,0.0,True,,1,0.0,-12576.11188934461
1719885688,1024,0.6769,joint,30.285143594637997,0.28514359463799877,0.5968778134084632,0.9506092859487931,0.13982942562774936,0.9066357136906095,False,30.937499999999996,200,0.003813045404967852,-11128.775040699285
1719885688,1024,0.6769,marginal,90.0,60.00000000000001,0.984375,0.0625,0.9999999999999999,0.0,True,,1,0.0,-12441.600265747216
1719885688,1024,0.9821,joint,33.59958069453863,3.5995806945386337,0.5480786934858588,0.9344577194168439,0.18168455181761622,0.8886515307770444,False,-30.937499999999996,200,0.005130625444508041,-11963.243992117694
1719885688,1024,0.9821,marginal,90.0,60.00000000000001,0.984375,0.0625,0.9999999999999999,0.0,True,,1,0.0,-12436.966924353328
1719885688,1024,1.425,joint,31.384508845264143,1.3845088452641463,0.7536558261066011,0.7804525628580191,0.1512542444686955,0.8471623789765963,False,-30.937499999999996,200,0.005114750165375881,-12130.46677661116
1719885688,1024,1.425,marginal,90.0,60.00000000000001,0.984375,0.0625,0.9999999999999999,0.0,True,,1,0.0,-12217.418675168203
1719885688,1024,2.0676,joint,60.51040681066935,30.510406810669352,0.9410287682554551,0.2219537002560439,0.4689938662027725,0.4248413555993062,False,-33.749999999999986,200,0.013728868381804205,-12275.85072888208
1719885688,1024,2.0676,marginal,90.0,60.00000000000001,0.984375,0.0625,0.9999999999999999,0.0,True,,1,0.0,-12281.978929293913
1719885688,1024,3.0,joint,80.32023719218091,50.32023719218091,0.9820168112891137,0.07143001079108535,0.8701573891681404,0.09994836612924357,False,-2.8124999999999902,200,0.0014480412501143292,-12397.711881001891
1719885688,1024,3.0,marginal,90.0,60.00000000000001,0.984375,0.0625,0.9999999999999999,0.0,True,,1,0.0,-12398.018210998023
1719885688,2048,0.05,joint,29.969037365571047,0.03096263442894878,0.3505896116939734,0.9991833466806969,0.13396980319533602,0.9676548771996567,False,30.937499999999996,200,0.00042315461541875266,7850.608165831296
1719885688,2048,0.05,marginal,90.0,60.00000000000001,0.984375,0.0625,0.9999999999999999,0.0,True,,1,0.0,-24369.605623303272
1719885688,2048,0.0725,joint,29.89990960178354,0.10009039821645697,0.36955057150932086,0.9994461188766488,0.13336816294054488,0.9681480051829405,False,30.937499999999996,200,0.00016422877251898171,3661.877360594755
1719885688,2048,0.0725,marginal,90.0,60.00000000000001,0.984375,0.0625,0.9999999999999999,0.0,True,,1,0.0,-24479.174587502024
1719885688,2048,0.1053,joint,29.87083123338237,0.12916876661762872,0.3794245011937193,0.9999999999942066,0.13309040929175964,0.9686618931526918,False,30.937499999999996,200,0.0002514842967684672,-1635.6018474592424
1719885688,2048,0.1053,marginal,90.0,60.00000000000001,0.984375,0.0625,0.9999999999999999,0.0,True,,1,0.0,-24679.519379691104
1719885688,2048,0.1527,joint,29.888410053981186,0.11158994601881334,0.3638628672441814,0.9968544034964647,0.13341973864357315,0.9654691425149651,False,30.937499999999996,200,0.00039226664557645563,-6392.5435011887985
1719885688,2048,0.1527,marginal,90.0,60.00000000000001,0.984375,0.0625,0.9999999999999999,0.0,True,,1,0.0,-24915.252847988362
1719885688,2048,0.2216,joint,30.116903706946395,0.11690370694639755,0.33456443032995437,0.9989794705090708,0.1352439578023078,0.9597781020866745,False,30.937499999999996,200,0.001554640995891532,-11094.649929105093
1719885688,2048,0.2216,marginal,90.0,60.00000000000001,0.984375,0.0625,0.9999999999999999,0.0,True,,1,0.0,-24964.801867863316
1719885688,2048,0.3215,joint,30.008223120603855,0.008223120603855856,0.3850626199333544,0.9977058068981226,0.13460107365460983,0.9558790059230162,False,-30.937499999999996,200,0.003073557651077863,-15812.515212704453
1719885688,2048,0.3215,marginal,90.0,60.00000000000001,0.984375,0.0625,0.9999999999999999,0.0,True,,1,0.0,-24971.606306546724
1719885688,2048,0.4665,joint,29.77026759928501,0.22973240071498752,0.4639913459617282,0.9986293302183422,0.1326968662258815,0.943670530231479,False,30.937499999999996,200,0.00541260121826781,-19641.544979737984
1719885688,2048,0.4665,marginal,90.0,60.00000000000001,0.984375,0.0625,0.9999999999999999,0.0,True,,1,0.0,-25136.50092933772
1719885688,2048,0.6769,joint,30.106701202380126,0.10670120238012752,0.534530556276821,0.9852646701892789,0.13884049562609968,0.922764670189279,False,-30.937499999999996,200,0.00747796789437416,-22399.157801153036
1719885688,2048,0.6769,marginal,90.0,60.00000000000001,0.984375,0.0625,0.9999999999999999,0.0,True,,1,0.0,-25001.41820838456
1719885688,2048,0.9821,joint,33.34519006448286,3.345190064482861,0.6697500553738223,0.9034085907308276,0.18415446735573038,0.8578466029278619,False,30.937499999999996,200,0.006743624919181457,-23786.57361317897
1719885688,2048,0.9821,marginal,90.0,60.00000000000001,0.984375,0.0625,0.9999999999999999,0.0,True,,1,0.0,-24569.67331353481
1719885688,2048,1.425,joint,37.820017313667925,7.820017313667925,0.7537322388375899,0.733824760022418,0.23934482833385207,0.7753771049762066,False,30.937499999999996,200,0.012256378311576555,-24658.28053874268
1719885688,2048,1.425,marginal,90.0,60.00000000000001,0.984375,0.0625,0.9999999999999999,0.0,True,,1,0.0,-24795.403439208443
1719885688,2048,2.0676,joint,47.53755447245641,17.537554472456407,0.9092412319329091,0.3549400993477521,0.38348103524610155,0.5167531082267569,False,-28.125000000000007,200,0.033716232606820995,-24523.844995838415
1719885688,2048,2.0676,marginal,90.0,60.00000000000001,0.984375,0.0625,0.9999999999999999,0.0,True,,1,0.0,-24539.609735143356
1719885688,2048,3.0,joint,90.1741673602815,60.174167360281515,0.9843746554333193,0.062092090683908925,0.9870319520455937,0.041600003440370306,False,171.56249999999997,200,0.0004517472189036198,-24426.312007792032
1719885688,2048,3.0,marginal,90.0,60.00000000000001,0.984375,0.0625,0.9999999999999999,0.0,True,,1,0.0,-24426.392413151207
1719885688,4096,0.05,joint,30.064152969295876,0.06415296929587849,0.3105615278298418,0.9999999999995199,0.13475810568157087,0.9687236252393328,False,-30.937499999999996,200,0.0001928432993736351,16049.569023945134
1719885688,4096,0.05,marginal,90.0,60.00000000000001,0.984375,0.0625,0.9999999999999999,0.0,True,,1,0.0,-48534.551929995956
1719885688,4096,0.0725,joint,30.055017301537383,0.055017301537384815,0.3139063664628984,0.9999999999171507,0.13468044692090486,0.9686776756172408,False,30.937499999999996,200,0.00042027273320854874,7064.904410659895
1719885688,4096,0.0725,marginal,90.0,60.00000000000001,0.984375,0.0625,0.9999999999999999,0.0,True,,1,0.0,-49004.24938674025
1719885688,4096,0.1053,joint,30.058455847672086,0.05845584767208959,0.3140924651313183,0.999745900462516,0.13472901952076577,0.966334741615947,False,-30.937499999999996,200,0.0018961051341648272,-3136.574301845781
1719885688,4096,0.1053,marginal,90.0,60.00000000000001,0.984375,0.0625,0.9999999999999999,0.0,True,,1,0.0,-49137.24352182077
1719885688,4096,0.1527,joint,30.00493722894649,0.004937228946489695,0.336690012420884,0.9995001494027898,0.13430226625504782,0.9671497434714664,False,-30.937499999999996,200,0.0017668270975264022,-12667.573268244134
1719885688,4096,0.1527,marginal,90.0,60.00000000000001,0.984375,0.0625,0.9999999999999999,0.0,True,,1,0.0,-49389.40012296134
1719885688,4096,0.2216,joint,30.084261275087577,0.08426127508757902,0.3146726803931632,0.9997798170645769,0.13504269113787726,0.9646188488288684,False,-30.937499999999996,200,0.0043592604488367215,-22671.907050352347
1719885688,4096,0.2216,marginal,90.0,60.00000000000001,0.984375,0.0625,0.9999999999999999,0.0,True,,1,0.0,-49881.99405233578
1719885688,4096,0.3215,joint,30.019253266534136,0.019253266534136615,0.3546570826992146,0.9993997865324622,0.1344574406150434,0.9507153003351119,False,-30.937499999999996,200,0.008272691615275107,-31638.930173983077
1719885688,4096,0.3215,marginal,90.0,60.00000000000001,0.984375,0.0625,0.9999999999999999,0.0,True,,1,0.0,-50028.99803116215
1719885688,4096,0.4665,joint,30.003954412758343,0.003954412758346114,0.4386835518639295,0.9986307935091894,0.13444321447244378,0.9466434628551192,False,30.937499999999996,200,0.009605166225810535,-39108.50738838056
1719885688,4096,0.4665,marginal,90.0,60.00000000000001,0.984375,0.0625,0.9999999999999999,0.0,True,,1,0.0,-49958.182467290964
1719885688,4096,0.6769,joint,30.377141754711808,0.3771417547118113,0.41949283510403423,0.9950090877831126,0.13918847179139615,0.9364774939148295,False,-30.937499999999996,200,0.02068655150651466,-44586.56333677082
1719885688,4096,0.6769,marginal,90.0,60.00000000000001,0.984375,0.0625,0.9999999999999999,0.0,True,,1,0.0,-49733.98997073292
1719885688,4096,0.9821,joint,31.484706653132243,1.4847066531322455,0.5806941835854894,0.9388728762634602,0.15590528243175583,0.8866677401582996,False,-30.937499999999996,200,0.01832766496227123,-48153.77857115217
1719885688,4096,0.9821,marginal,90.0,60.00000000000001,0.984375,0.0625,0.9999999999999999,0.0,True,,1,0.0,-49765.302588913604
1719885688,4096,1.425,joint,34.04078006635957,4.040780066359566,0.7513204383029423,0.7640963560306313,0.18972540278986572,0.8268762069190476,False,-30.937499999999996,200,0.020484782085986808,-49097.45371946893
1719885688,4096,1.425,marginal,90.0,60.00000000000001,0.984375,0.0625,0.9999999999999999,0.0,True,,1,0.0,-49429.1840664004
1719885688,4096,2.0676,joint,62.41469321484628,32.41469321484629,0.9379361630799277,0.23307728297343072,0.6047322286000003,0.3618104195913837,False,-30.937499999999996,200,0.041782652435358614,-49292.541482154775
1719885688,4096,2.0676,marginal,90.0,60.00000000000001,0.984375,0.0625,0.9999999999999999,0.0,True,,1,0.0,-49307.36532437094
1719885688,4096,3.0,joint,90.06952028029903,60.06952028029904,0.9835058804948822,0.0659449634403973,0.9901323487385584,0.025941024711629193,False,56.250000000000014,200,0.00048739212070358917,-49171.86709483344
1719885688,4096,3.0,marginal,90.0,60.00000000000001,0.984375,0.0625,0.9999999999999999,0.0,True,,1,0.0,-49171.95896750972
239607113,32,0.05,joint,29.782951016186907,0.21704898381309196,0.7652343741179999,0.9998137768828206,0.13296371810266983,0.9533602931444198,False,-28.125000000000007,200,5.363806198488419e-05,106.95201865907649
239607113,32,0.05,marginal,90.0,60.00000000000001,0.984375,0.0625,0.9999999999999999,0.0,True,,1,0.0,-491.7791225401081
239607113,32,0.0725,joint,30.067396054656797,0.06739605465679976,0.6850932073712439,0.951742768846775,0.13559234350278415,0.9496575593517677,False,28.125000000000007,200,6.92830256454613e-05,16.13515698365113
239607113,32,0.0725,marginal,90.0,60.00000000000001,0.984375,0.0625,0.9999999999999999,0.0,True,,1,0.0,-473.7149838423054
239607113,32,0.1053,joint,29.843410410317,0.15658958968300046,0.808513751247084,0.9882223040081061,0.13344036664400372,0.9450744023221549,False,-28.125000000000007,200,0.00010198983241593851,-45.94636526845803
239607113,32,0.1053,marginal,90.0,60.00000000000001,0.984375,0.0625,0.9999999999999999,0.0,True,,1,0.0,-481.18571048629855
239607113,32,0.1527,joint,29.147057161718653,0.8529428382813451,0.6366096935690121,0.9999999999999998,0.12685083814025955,0.9687349182470144,False,-28.125000000000007,200,8.865858092121925e-07,-109.23738522563022
239607113,32,0.1527,marginal,90.0,60.00000000000001,0.984375,0.0625,0.9999999999999999,0.0,True,,1,0.0,-465.8551585111412
239607113,32,0.2216,joint,29.1653678142599,0.8346321857401002,0.9901131532280375,0.9499781243719705,0.12742130409101182,0.959426288171732,False,-28.125000000000007,200,0.00010459201996582124,-168.62747966385322
239607113,32,0.2216,marginal,90.0,60.00000000000001,0.984375,0.0625,0.9999999999999999,0.0,True,,1,0.0,-475.82360001087125
239607113,32,0.3215,joint,29.237401828476944,0.762598171523055,0.5134294114551756,0.9999939536784948,0.1278401252673671,0.9609246655655297,False,-30.937499999999996,200,3.282503149648619e-05,-246.40374360525362
239607113,32,0.3215,marginal,90.0,60.00000000000001,0.984375,0.0625,0.9999999999999999,0.0,True,,1,0.0,-448.0742181270981
239607113,32,0.4665,joint,30.498218936254005,0.4982189362540067,0.4717524103499936,0.9609897565769085,0.13951939137330538,0.9438897172820957,False,-30.937499999999996,200,0.00014910260631495476,-319.1118880389746
239607113,32,0.4665,marginal,90.0,60.00000000000001,0.984375,0.0625,0.9999999999999999,0.0,True,,1,0.0,-424.47177530070604
239607113,32,0.6769,joint,30.016332115789535,0.01633211578953595,0.8429876572005516,0.98374482273161,0.13117479416392996,0.9468373131928025,False,-28.125000000000007,200,0.00013120877048322654,-320.47236984831517
239607113,32,0.6769,marginal,90.0,60.00000000000001,0.984375,0.0625,0.9999999999999999,0.0,True,,1,0.0,-374.3556409184052
239607113,32,0.9821,joint,40.805336150396165,10.805336150396167,0.9989111633112382,0.605769913826897,0.3107180527424773,0.9216633144683792,False,28.125000000000007,200,0.00020121211872492495,-389.62427937560716
239607113,32,0.9821,marginal,90.0,60.00000000000001,0.984375,0.0625,0.9999999999999999,0.0,True,,1,0.0,-405.7606841028209
239607113,32,1.425,joint,55.176934268858446,25.176934268858446,0.9689533705800212,0.21118099675807533,0.4842306032888254,0.8444306247876404,False,39.37499999999999,200,0.00030359165810978084,-362.11721244857057
239607113,32,1.425,marginal,90.0,60.00000000000001,0.984375,0.0625,0.9999999999999999,0.0,True,,1,0.0,-367.12357303013926
239607113,32,2.0676,joint,15.568878547656526,14.431121452343472,0.9154248084348987,0.23441856435405375,0.06763539634867022,0.7981710133008604,False,5.625000000000006,200,0.0005181318629183806,-404.4266039276175
239607113,32,2.0676,marginal,90.0,60.00000000000001,0.984375,0.0625,0.9999999999999999,0.0,True,,1,0.0,-406.01064392148743
239607113,32,3.0,joint,79.0372012473471,49.037201247347106,0.9835841762328372,0.06938958152739101,0.8077879205480274,0.3905227092671125,False,47.81249999999999,200,0.0006017786521397284,-392.6619804232103
239607113,32,3.0,marginal,90.0,60.00000000000001,0.984375,0.0625,0.9999999999999999,0.0,True,,1,0.0,-392.81687240690974
239607113,128,0.05,joint,30.1997450198423,0.19974501984230092,0.2623140837698735,0.9999999999999999,0.13591590266524767,0.968749396123485,False,-30.937499999999996,200,3.2095141477839206e-07,506.8451086252455
239607113,128,0.05,marginal,90.0,60.00000000000001,0.984375,0.0625,0.9999999999999999,0.0,True,,1,0.0,-1573.5388567198393
239607113,128,0.0725,joint,29.93645777020664,0.06354222979335879,0.35621322848689096,0.9999999999999991,0.13366088885074068,0.9686064433425707,False,30.937499999999996,200,1.8690833258006023e-05,236.50943032407216
239607113,128,0.0725,marginal,90.0,60.00000000000001,0.984375,0.0625,0.9999999999999999,0.0,True,,1,0.0,-1571.060639607711
239607113,128,0.1053,joint,29.799685837877316,0.20031416212268235,0.3494310197018189,0.9999952547461655,0.13254779041603548,0.9594259694499954,False,30.937499999999996,200,0.00028156994405037494,-101.96086739433437
239607113,128,0.1053,marginal,90.0,60.00000000000001,0.984375,0.0625,0.9999999999999999,0.0,True,,1,0.0,-1606.1308681718706
239607113,128,0.1527,joint,29.471147499447024,0.5288525005529747,0.6196432663413121,0.9786364631118039,0.13002501216323803,0.9581280306208315,False,-28.125000000000007,200,3.5962669812761305e-05,-443.7619263345722
239607113,128,0.1527,marginal,90.0,60.00000000000001,0.984375,0.0625,0.9999999999999999,0.0,True,,1,0.0,-1638.288744893894
239607113,128,0.2216,joint,30.56428922388193,0.5642892238819317,0.13269712288852573,0.9999999999998057,0.13903703870389017,0.9687497861132761,False,30.937499999999996,200,5.401151497608225e-05,-738.9775850240458
239607113,128,0.2216,marginal,90.0,60.00000000000001,0.984375,0.0625,0.9999999999999999,0.0,True,,1,0.0,-1639.6284303258453
239607113,128,0.3215,joint,30.975534200601643,0.9755342006016446,0.26678383882336004,0.9929990340503814,0.1474086611878802,0.9692884016380383,False,30.937499999999996,200,5.2905785423718044e-05,-1005.5646199780081
239607113,128,0.3215,marginal,90.0,60.00000000000001,0.984375,0.0625,0.9999999999999999,0.0,True,,1,0.0,-1634.8850549202757
239607113,128,0.4665,joint,31.06631379105825,1.0663137910582523,0.6402690009096637,0.9790880581411132,0.1546803527496613,0.9458541416697812,False,-28.125000000000007,200,0.0004422212273311743,-1289.1772253844083
239607113,128,0.4665,marginal,90.0,60.00000000000001,0.984375,0.0625,0.9999999999999999,0.0,True,,1,0.0,-1625.1960602974818
239607113,128,0.6769,joint,32.85101349532685,2.8510134953268564,0.6085023462764187,0.9064963411230443,0.1761872415237251,0.9036871128766923,False,-28.125000000000007,200,0.0008304096672873129,-1466.057986255585
239607113,128,0.6769,marginal,90.0,60.00000000000001,0.984375,0.0625,0.9999999999999999,0.0,True,,1,0.0,-1626.8665419085628
239607113,128,0.9821,joint,32.359597969088775,2.3595979690887745,0.5913096427900899,0.8659516145809443,0.17823613748706513,0.8719747205544555,False,30.937499999999996,200,0.0008046746552281547,-1575.364472076612
239607113,128,0.9821,marginal,90.0,60.00000000000001,0.984375,0.0625,0.9999999999999999,0.0,True,,1,0.0,-1638.861930198053
239607113,128,1.425,joint,38.656457228012414,8.65645722801242,0.7687833135907272,0.6308736393257011,0.2108506379898356,0.7900987980304395,False,30.937499999999996,200,0.0009584182912476535,-1562.4350340045353
239607113,128,1.425,marginal,90.0,60.00000000000001,0.984375,0.0625,0.9999999999999999,0.0,True,,1,0.0,-1575.2415984417755
239607113,128,2.0676,joint,72.57626901663019,42.576269016630185,0.978802681287305,0.08355680885537486,0.7869526861960938,0.6169124344896024,False,-14.062500000000004,200,0.0026477598398741975,-1559.841668910115
239607113,128,2.0676,marginal,90.0,60.00000000000001,0.984375,0.0625,0.9999999999999999,0.0,True,,1,0.0,-1561.8411946366823
239607113,128,3.0,joint,70.44603739830161,40.44603739830161,0.9785256746578082,0.08871033947614827,0.7394576979200882,0.23957724732610436,False,-16.874999999999993,200,0.0010352219424021314,-1545.7901227783855
239607113,128,3.0,marginal,90.0,60.00000000000001,0.984375,0.0625,0.9999999999999999,0.0,True,,1,0.0,-1546.0165835020307
239607113,256,0.05,joint,29.73995061173406,0.26004938826593865,0.4258237190430424,1.0,0.13196383685097335,0.9687357854713972,False,30.937499999999996,200,6.855418178020045e-06,1164.2411750841875
239607113,256,0.05,marginal,90.0,60.00000000000001,0.984375,0.0625,0.9999999999999999,0.0,True,,1,0.0,-2987.2078042319886
239607113,256,0.0725,joint,30.1194347801351,0.11943478013510342,0.29088778669005244,0.9999999999999999,0.1352210596050336,0.9687399200205793,False,30.937499999999996,200,6.0718019199157425e-06,422.5679397437557
239607113,256,0.0725,marginal,90.0,60.00000000000001,0.984375,0.0625,0.9999999999999999,0.0,True,,1,0.0,-3047.9810617307558
239607113,256,0.1053,joint,29.65708060694975,0.34291939305024466,0.45559009353851837,0.9999999999999998,0.1312242236622908,0.9685849042521255,False,-30.937499999999996,200,4.769780198898843e-05,-239.0872692802079
239607113,256,0.1053,marginal,90.0,60.00000000000001,0.984375,0.0625,0.9999999999999999,0.0,True,,1,0.0,-3001.816618703675
239607113,256,0.1527,joint,29.970876186873507,0.02912381312649184,0.3504695172494618,0.9996342598021813,0.13393084870632366,0.9659529309042951,False,30.937499999999996,200,0.00024328433437403874,-822.1274909773726
239607113,256,0.1527,marginal,90.0,60.00000000000001,0.984375,0.0625,0.9999999999999999,0.0,True,,1,0.0,-3044.069730751886
239607113,256,0.2216,joint,29.796417031802527,0.20358296819746963,0.4755112647904568,0.9859068138383259,0.1345805947744233,0.9562093547957173,False,30.937499999999996,200,0.0001881017426512699,-1411.3314727139839
239607113,256,0.2216,marginal,90.0,60.00000000000001,0.984375,0.0625,0.9999999999999999,0.0,True,,1,0.0,-3102.0057024255643
239607113,256,0.3215,joint,31.479510211560637,1.4795102115606373,0.45815607079092385,0.9762050868737684,0.15563227810832425,0.9137230997618426,False,-30.937499999999996,200,0.0004186640792340768,-1992.8850863174357
239607113,256,0.3215,marginal,90.0,60.00000000000001,0.984375,0.0625,0.9999999999999999,0.0,True,,1,0.0,-3159.178049428612
239607113,256,0.4665,joint,31.149561975734265,1.1495619757342666,0.49851318097739955,0.9673810877361452,0.15291799275194695,0.9237331738978725,False,30.937499999999996,200,0.00048444205549458275,-2474.498307520018
239607113,256,0.4665,marginal,90.0,60.00000000000001,0.984375,0.0625,0.9999999999999999,0.0,True,,1,0.0,-3180.8642315186385
239607113,256,0.6769,joint,29.232738702351046,0.7672612976489526,0.7146864216696216,0.9337713560441281,0.13395665111181243,0.9109847772258088,False,-28.125000000000007,200,0.0010264260072290199,-2800.448778019393
239607113,256,0.6769,marginal,90.0,60.00000000000001,0.984375,0.0625,0.9999999999999999,0.0,True,,1,0.0,-3113.78167662934
239607113,256,0.9821,joint,35.857161698921644,5.857161698921644,0.5852748265653565,0.9130824131761361,0.2253306525097556,0.8730999493322222,False,-30.937499999999996,200,0.00204075202191234,-2938.150748432332
239607113,256,0.9821,marginal,90.0,60.00000000000001,0.984375,0.0625,0.9999999999999999,0.0,True,,1,0.0,-3021.8028271992416
239607113,256,1.425,joint,30.734682557371254,0.7346825573712553,0.829100199212088,0.6488760694339439,0.1351303694392324,0.7926806795575418,False,28.125000000000007,200,0.0018151957128793583,-3128.4321977339346
239607113,256,1.425,marginal,90.0,60.00000000000001,0.984375,0.0625,0.9999999999999999,0.0,True,,1,0.0,-3156.9861761236443
239607113,256,2.0676,joint,92.42571594600378,62.42571594600379,0.9639809705776223,0.12853364577274293,0.8500698441775978,0.4783822127792186,False,70.31250000000001,200,0.0045091324814166,-3060.1592227621613
239607113,256,2.0676,marginal,90.0,60.00000000000001,0.984375,0.0625,0.9999999999999999,0.0,True,,1,0.0,-3061.974469701638
239607113,256,3.0,joint,81.4329284916003,51.4329284916003,0.981929960826218,0.0766203566093141,0.8713127148723938,0.11973353068244058,False,19.68750000000001,200,0.0005870457148375863,-3059.2231775562404
239607113,256,3.0,marginal,90.0,60.00000000000001,0.984375,0.0625,0.9999999999999999,0.0,True,,1,0.0,-3059.3415003128666
239607113,512,0.05,joint,30.397386231098633,0.397386231098634,0.19225993653074763,0.9999999999999996,0.13761302487651328,0.9686402477311886,False,-30.937499999999996,200,6.938212163731805e-05,1949.664763184553
239607113,512,0.05,marginal,90.0,60.00000000000001,0.984375,0.0625,0.9999999999999999,0.0,True,,1,0.0,-6051.812287116356
239607113,512,0.0725,joint,30.28941531195471,0.28941531195470965,0.23166462809222466,0.9999999782473158,0.13669812149139482,0.9680485387332555,False,30.937499999999996,200,0.0001595536434706446,918.173672369529
239607113,512,0.0725,marginal,90.0,60.00000000000001,0.984375,0.0625,0.9999999999999999,0.0,True,,1,0.0,-6087.000129397671
239607113,512,0.1053,joint,30.269433685947643,0.269433685947645,0.23542170507221194,0.997176108941684,0.13663256321393558,0.958556926198171,False,30.937499999999996,200,0.00048417813286505407,-404.2660616054749
239607113,512,0.1053,marginal,90.0,60.00000000000001,0.984375,0.0625,0.9999999999999999,0.0,True,,1,0.0,-6212.524649394316
239607113,512,0.1527,joint,30.100418800995524,0.10041880099552726,0.29763835657627535,0.9999993463702246,0.1350698362410092,0.968621460056742,False,-30.937499999999996,200,8.445340017715353e-05,-1528.942425804968
239607113,512,0.1527,marginal,90.0,60.00000000000001,0.984375,0.0625,0.9999999999999999,0.0,True,,1,0.0,-6137.628693287252
239607113,512,0.2216,joint,30.792056230070774,0.7920562300707743,0.10752817494140307,0.9977457596666144,0.14192447106956418,0.9646740407208806,False,-30.937499999999996,200,0.0007803773141858983,-2814.6659601612328
239607113,512,0.2216,marginal,90.0,60.00000000000001,0.984375,0.0625,0.9999999999999999,0.0,True,,1,0.0,-6174.482890283316
239607113,512,0.3215,joint,30.128935534408416,0.12893553440841765,0.2489677551156283,0.995290958315404,0.135726854968246,0.9507970049723664,False,-30.937499999999996,200,0.0012683319660027337,-3860.443190969123
239607113,512,0.3215,marginal,90.0,60.00000000000001,0.984375,0.0625,0.9999999999999999,0.0,True,,1,0.0,-6120.085721086947
239607113,512,0.4665,joint,30.812724541098913,0.8127245410989151,0.44012905850608686,0.9764121614792081,0.14533367253213192,0.9337188687002305,False,-30.937499999999996,200,0.001532628580207529,-4816.981834356322
239607113,512,0.4665,marginal,90.0,60.00000000000001,0.984375,0.0625,0.9999999999999999,0.0,True,,1,0.0,-6153.660248218086
239607113,512,0.6769,joint,32.78581454822274,2.7858145482227434,0.4181710537151094,0.9363225732081554,0.16818470672864894,0.8945094342188135,False,-30.937499999999996,200,0.003397847067390103,-5572.066167143856
239607113,512,0.6769,marginal,90.0,60.00000000000001,0.984375,0.0625,0.9999999999999999,0.0,True,,1,0.0,-6147.934491441427
239607113,512,0.9821,joint,34.13906604207412,4.13906604207412,0.6301745549108834,0.797948494606415,0.18609472746760347,0.869077640293878,False,30.937499999999996,200,0.002446813174174167,-5928.886552511747
239607113,512,0.9821,marginal,90.0,60.00000000000001,0.984375,0.0625,0.9999999999999999,0.0,True,,1,0.0,-6126.369896290859
239607113,512,1.425,joint,38.48849892232485,8.488498922324856,0.8399971556772303,0.6333013227804758,0.24662983395629912,0.7532771455001195,False,28.125000000000007,200,0.0036658543212979566,-6059.951099526739
239607113,512,1.425,marginal,90.0,60.00000000000001,0.984375,0.0625,0.9999999999999999,0.0,True,,1,0.0,-6089.301536192985
239607113,512,2.0676,joint,36.76029868359179,6.760298683591797,0.9461890159355651,0.21101237906189282,0.25148661966116814,0.5824485514975596,False,-33.749999999999986,200,0.00668532338750083,-6347.745746496885
239607113,512,2.0676,marginal,90.0,60.00000000000001,0.984375,0.0625,0.9999999999999999,0.0,True,,1,0.0,-6353.091502577315
239607113,512,3.0,joint,90.4060308410036,60.4060308410036,0.987364827733092,0.05114115977274964,0.9779012712596472,0.08635448111389257,False,-5.625000000000006,200,0.000529599149558635,-6154.7612827453495
239607113,512,3.0,marginal,90.0,60.00000000000001,0.984375,0.0625,0.9999999999999999,0.0,True,,1,0.0,-6154.867322405431
239607113,1024,0.05,joint,30.131015075292066,0.13101507529206646,0.2873142721166898,0.9999999974874785,0.13533204888484063,0.9680908615933597,False,-30.937499999999996,200,0.00027240834606345743,3811.2010326234904
239607113,1024,0.05,marginal,90.0,60.00000000000001,0.984375,0.0625,0.9999999999999999,0.0,True,,1,0.0,-12372.956239730865
239607113,1024,0.0725,joint,30.177428361001734,0.17742836100173792,0.27352031629455614,0.9999992875442357,0.13573681361876422,0.9670906183236817,False,-30.937499999999996,200,0.0004796379762410652,1598.6244755868095
239607113,1024,0.0725,marginal,90.0,60.00000000000001,0.984375,0.0625,0.9999999999999999,0.0,True,,1,0.0,-12464.780697277016
239607113,1024,0.1053,joint,30.09336369778492,0.09336369778492282,0.32982188977546467,0.9999999982304263,0.1350404740380643,0.9603999657560516,False,-30.937499999999996,200,0.0002756155545284855,-719.0929230724828
239607113,1024,0.1053,marginal,90.0,60.00000000000001,0.984375,0.0625,0.9999999999999999,0.0,True,,1,0.0,-12503.179297179486
239607113,1024,0.1527,joint,30.06957293219814,0.06957293219814326,0.3540545824480289,0.999206477292915,0.13534407035902452,0.9634148002362277,False,-30.937499999999996,200,0.0007424961167998845,-3312.1923942894864
239607113,1024,0.1527,marginal,90.0,60.00000000000001,0.984375,0.0625,0.9999999999999999,0.0,True,,1,0.0,-12677.603705985019
239607113,1024,0.2216,joint,30.204213152843888,0.2042131528438885,0.3279218692517478,0.9896076812631472,0.13629280211163486,0.9391824008066616,False,-30.937499999999996,200,0.0016894502959985402,-5999.344656725561
239607113,1024,0.2216,marginal,90.0,60.00000000000001,0.984375,0.0625,0.9999999999999999,0.0,True,,1,0.0,-12813.230371514415
239607113,1024,0.3215,joint,30.08618163552098,0.08618163552098326,0.3904720965453249,0.9987210819093038,0.13530257828039183,0.9529373417893104,False,-30.937499999999996,200,0.0016211108932111529,-7908.086682509087
239607113,1024,0.3215,marginal,90.0,60.00000000000001,0.984375,0.0625,0.9999999999999999,0.0,True,,1,0.0,-12707.3947254243
239607113,1024,0.4665,joint,30.42375500220708,0.42375500220708207,0.31671697824854445,0.9959364467042842,0.13994421308078508,0.9518591088490993,False,-30.937499999999996,200,0.0032164776075660484,-9728.600615777894
239607113,1024,0.4665,marginal,90.0,60.00000000000001,0.984375,0.0625,0.9999999999999999,0.0,True,,1,0.0,-12529.81760345172
239607113,1024,0.6769,joint,31.229995034175463,1.2299950341754664,0.5144978049637675,0.9568032708397778,0.15291177797647837,0.8966921863024377,False,30.937499999999996,200,0.006143265029095346,-11222.265396046176
239607113,1024,0.6769,marginal,90.0,60.00000000000001,0.984375,0.0625,0.9999999999999999,0.0,True,,1,0.0,-12532.646590546945
239607113,1024,0.9821,joint,31.861795072414573,1.8617950724145735,0.5795786057831576,0.9523822442698602,0.16311340673566732,0.8898822442698601,False,-30.937499999999996,200,0.007508183836762328,-12059.919820801855
239607113,1024,0.9821,marginal,90.0,60.00000000000001,0.984375,0.0625,0.9999999999999999,0.0,True,,1,0.0,-12486.96308545731
239607113,1024,1.425,joint,35.815877364290294,5.815877364290296,0.7696229552350116,0.6846290759575632,0.21689939246364054,0.7668938438875486,False,30.937499999999996,200,0.005805608023365494,-12247.694897471596
239607113,1024,1.425,marginal,90.0,60.00000000000001,0.984375,0.0625,0.9999999999999999,0.0,True,,1,0.0,-12320.791156000814
239607113,1024,2.0676,joint,76.2926360022241,46.29263600222411,0.9364192256700175,0.22883472026051205,0.734196771403607,0.39274026113924254,False,28.125000000000007,200,0.012453829900550772,-12258.547962488874
239607113,1024,2.0676,marginal,90.0,60.00000000000001,0.984375,0.0625,0.9999999999999999,0.0,True,,1,0.0,-12263.364295856692
239607113,1024,3.0,joint,87.47532888747887,57.47532888747886,0.9827684145107678,0.07015869901819988,0.9491931163920986,0.0552812627415053,False,-22.5,200,0.0004884987247351091,-12187.188132645922
239607113,1024,3.0,marginal,90.0,60.00000000000001,0.984375,0.0625,0.9999999999999999,0.0,True,,1,0.0,-12187.285532652471
239607113,2048,0.05,joint,29.821804416199413,0.17819558380058417,0.3955540368761586,0.9987618355499255,0.1327834873020689,0.9617252224140556,False,-30.937499999999996,200,6.031073280610144e-05,7911.758694393528
239607113,2048,0.05,marginal,90.0,60.00000000000001,0.984375,0.0625,0.9999999999999999,0.0,True,,1,0.0,-24641.391780253824
239607113,2048,0.0725,joint,29.82262237443883,0.1773776255611688,0.39644853040613137,0.9999999999999725,0.13268105680725428,0.9687129271209831,False,-30.937499999999996,200,0.00011391121961423778,3248.658331744683
239607113,2048,0.0725,marginal,90.0,60.00000000000001,0.984375,0.0625,0.9999999999999999,0.0,True,,1,0.0,-24908.52715532921
239607113,2048,0.1053,joint,29.87903795894989,0.12096204105010759,0.36880227187996467,0.9989313036439098,0.13321263361461577,0.9572125497000407,False,-30.937499999999996,200,0.0006313936598871805,-1583.8074720352888
239607113,2048,0.1053,marginal,90.0,60.00000000000001,0.984375,0.0625,0.9999999999999999,0.0,True,,1,0.0,-24956.83745408502
239607113,2048,0.1527,joint,29.791348175081232,0.2086518249187663,0.4098653167010516,0.9998844350681539,0.13249550497080764,0.9634605295955108,False,-30.937499999999996,200,0.0007543672309111571,-6559.703492008168
239607113,2048,0.1527,marginal,90.0,60.00000000000001,0.984375,0.0625,0.9999999999999999,0.0,True,,1,0.0,-25131.79086182766
239607113,2048,0.2216,joint,29.922360289943388,0.07763971005661034,0.3752347152350647,0.9993110960141389,0.13357928947788655,0.9594590511445305,False,-30.937499999999996,200,0.0019806768195849145,-11360.553869251686
239607113,2048,0.2216,marginal,90.0,60.00000000000001,0.984375,0.0625,0.9999999999999999,0.0,True,,1,0.0,-25221.413136133015
239607113,2048,0.3215,joint,29.825468614094685,0.17453138590531095,0.4091134361872216,0.9992861346346912,0.13273142305755803,0.9545944794893646,False,-30.937499999999996,200,0.002548390497395303,-15744.550749975773
239607113,2048,0.3215,marginal,90.0,60.00000000000001,0.984375,0.0625,0.9999999999999999,0.0,True,,1,0.0,-25206.20571183785
239607113,2048,0.4665,joint,30.09372096392311,0.09372096392311492,0.44962129717247906,0.9933402334473893,0.1371034511314435,0.9393594493705458,False,-30.937499999999996,200,0.004891243374004262,-19698.501876837472
239607113,2048,0.4665,marginal,90.0,60.00000000000001,0.984375,0.0625,0.9999999999999999,0.0,True,,1,0.0,-25274.229926349573
239607113,2048,0.6769,joint,30.289737740404277,0.28973774040428024,0.5456106168714752,0.9782192523281169,0.13899121814818982,0.9204301868978766,False,30.937499999999996,200,0.004958336110576056,-22535.544109537477
239607113,2048,0.6769,marginal,90.0,60.00000000000001,0.984375,0.0625,0.9999999999999999,0.0,True,,1,0.0,-25055.587062726296
239607113,2048,0.9821,joint,30.839981634670313,0.8399816346703166,0.608446119515386,0.9429886921281403,0.14505612651727373,0.9020624344355381,False,-30.937499999999996,200,0.008170925779268146,-23817.272915157228
239607113,2048,0.9821,marginal,90.0,60.00000000000001,0.984375,0.0625,0.9999999999999999,0.0,True,,1,0.0,-24646.15997871899
239607113,2048,1.425,joint,36.76155578504746,6.761555785047467,0.7573480945234663,0.7553230449763886,0.22760452219272698,0.797487959578346,False,30.937499999999996,200,0.011037285221391357,-24712.480085898842
239607113,2048,1.425,marginal,90.0,60.00000000000001,0.984375,0.0625,0.9999999999999999,0.0,True,,1,0.0,-24870.137868089245
239607113,2048,2.0676,joint,60.42708349627015,30.427083496270154,0.9259809206376352,0.2756047915987425,0.5657544996952976,0.4044183093228264,False,-30.937499999999996,200,0.026651146239601076,-24767.995658729356
239607113,2048,2.0676,marginal,90.0,60.00000000000001,0.984375,0.0625,0.9999999999999999,0.0,True,,1,0.0,-24778.713487471192
239607113,2048,3.0,joint,92.8875780514216,62.8875780514216,0.9853997049641988,0.059352798128860074,0.9487388390806437,0.04957992835542775,False,-22.5,200,0.0007252711147884838,-24508.547849365685
239607113,2048,3.0,marginal,90.0,60.00000000000001,0.984375,0.0625,0.9999999999999999,0.0,True,,1,0.0,-24508.693808580905
239607113,4096,0.05,joint,30.03651119393256,0.03651119393256528,0.3183472150046201,0.9992559721803757,0.13452728170851702,0.9673981846453081,False,-30.937499999999996,200,0.0007480387357645668,16077.667122338018
239607113,4096,0.05,marginal,90.0,60.00000000000001,0.984375,0.0625,0.9999999999999999,0.0,True,,1,0.0,-48857.04757589409
239607113,4096,0.0725,joint,30.091452365689225,0.0914523656892277,0.30043676960759913,0.9999093254146527,0.13499781920229303,0.9685577915942408,False,-30.937499999999996,200,0.00040256359170598444,6811.154449631742
239607113,4096,0.0725,marginal,90.0,60.00000000000001,0.984375,0.0625,0.9999999999999999,0.0,True,,1,0.0,-49361.354883710956
239607113,4096,0.1053,joint,30.186701201039593,0.1867012010395951,0.2743226393475502,0.9987257056948597,0.13588771299324143,0.9672624982637614,False,30.937499999999996,200,0.0010546755038376432,-3099.1579665262016
239607113,4096,0.1053,marginal,90.0,60.00000000000001,0.984375,0.0625,0.9999999999999999,0.0,True,,1,0.0,-49595.043579493096
239607113,4096,0.1527,joint,30.00265741178466,0.0026574117846625382,0.33419850286796726,0.9999501768196286,0.1342315892319743,0.9678173519608582,False,-30.937499999999996,200,0.0020861717930529267,-12780.200595256476
239607113,4096,0.1527,marginal,90.0,60.00000000000001,0.984375,0.0625,0.9999999999999999,0.0,True,,1,0.0,-49728.96228975948
239607113,4096,0.2216,joint,30.14576154532336,0.14576154532336172,0.2990402469058814,0.9997668350606743,0.1355858381666627,0.9629227905426734,False,-30.937499999999996,200,0.006093654090363998,-23085.722790290347
239607113,4096,0.2216,marginal,90.0,60.00000000000001,0.984375,0.0625,0.9999999999999999,0.0,True,,1,0.0,-49973.156185069856
239607113,4096,0.3215,joint,30.167131228706477,0.16713122870647998,0.3105568895408356,0.9994298958491364,0.1356881700083603,0.9530530013393602,False,-30.937499999999996,200,0.011011138081812533,-31528.949577667914
239607113,4096,0.3215,marginal,90.0,60.00000000000001,0.984375,0.0625,0.9999999999999999,0.0,True,,1,0.0,-50202.917333834965
239607113,4096,0.4665,joint,30.120593049145096,0.12059304914510037,0.3878352829625036,0.9976769092759771,0.136085564864606,0.9460791028033793,False,-30.937499999999996,200,0.013483411370543763,-39300.52709450343
239607113,4096,0.4665,marginal,90.0,60.00000000000001,0.984375,0.0625,0.9999999999999999,0.0,True,,1,0.0,-50218.47273409294
239607113,4096,0.6769,joint,30.418942721311858,0.41894272131185933,0.5439825212633522,0.9715838780589842,0.14008394050620954,0.9128366201929856,False,30.937499999999996,200,0.009494229037954938,-44783.58436990804
239607113,4096,0.6769,marginal,90.0,60.00000000000001,0.984375,0.0625,0.9999999999999999,0.0,True,,1,0.0,-49828.09138088299
239607113,4096,0.9821,joint,30.711227423355762,0.7112274233557634,0.653495488255263,0.9260834947358371,0.14749221563557746,0.8820543395554843,False,-28.125000000000007,200,0.012861688301200047,-47873.631609805656
239607113,4096,0.9821,marginal,90.0,60.00000000000001,0.984375,0.0625,0.9999999999999999,0.0,True,,1,0.0,-49494.46485165879
239607113,4096,1.425,joint,29.356855782038142,0.643144217961854,0.7506260237722175,0.8216701104260402,0.13183661897892884,0.8640222490651752,False,-28.125000000000007,200,0.021719978416513186,-48808.65973627113
239607113,4096,1.425,marginal,90.0,60.00000000000001,0.984375,0.0625,0.9999999999999999,0.0,True,,1,0.0,-49188.53139921342
239607113,4096,2.0676,joint,54.000630326206156,24.00063032620616,0.9163017336006838,0.3140524210251953,0.48719020654495204,0.4510701924727397,False,30.937499999999996,200,0.060094811298768036,-49009.39179938536
239607113,4096,2.0676,marginal,90.0,60.00000000000001,0.984375,0.0625,0.9999999999999999,0.0,True,,1,0.0,-49031.750666536514
239607113,4096,3.0,joint,88.37757462822863,58.377574628228636,0.983087994022037,0.06794047581408234,0.9701388723496722,0.032180231619411054,False,81.56249999999997,200,0.000613370597420726,-49375.01502720856
239607113,4096,3.0,marginal,90.0,60.00000000000001,0.984375,0.0625,0.9999999999999999,0.0,True,,1,0.0,-49375.13120312047
1279549347,32,0.05,joint,30.303672875838217,0.30367287583821984,0.4060259998838235,1.0,0.1369397041273117,0.9664171148614472,False,-30.937499999999996,200,3.124116312847036e-05,136.55720308411742
1279549347,32,0.05,marginal,90.0,60.00000000000001,0.984375,0.0625,0.9999999999999999,0.0,True,,1,0.0,-421.55007976470944
1279549347,32,0.0725,joint,32.724075776970714,2.724075776970715,0.4986216218619984,0.969212262233945,0.17075933908697305,0.9639367482208301,False,-30.937499999999996,200,5.7734254653496464e-05,41.11045352928355
1279549347,32,0.0725,marginal,90.0,60.00000000000001,0.984375,0.0625,0.9999999999999999,0.0,True,,1,0.0,-428.484223311118
1279549347,32,0.1053,joint,30.026844154496185,0.026844154496187697,0.8406196906045409,0.9638474845895671,0.13549916701582276,0.960488044796627,False,28.125000000000007,200,1.86982008187897e-05,-16.38966862054265
1279549347,32,0.1053,marginal,90.0,60.00000000000001,0.984375,0.0625,0.9999999999999999,0.0,True,,1,0.0,-421.55001132644225
1279549347,32,0.1527,joint,30.491689169197294,0.4916891691972973,0.41258047788619695,0.9848210852608994,0.1386716023798522,0.9443864271417962,False,-30.937499999999996,200,6.207979879491177e-06,-88.82994918457089
1279549347,32,0.1527,marginal,90.0,60.00000000000001,0.984375,0.0625,0.9999999999999999,0.0,True,,1,0.0,-438.4746630142372
1279549347,32,0.2216,joint,28.914889194970815,1.0851108050291824,0.7191507816283662,1.0,0.12396095430795806,0.9687498604536009,False,-28.125000000000007,200,2.0922129806422163e-08,-187.88630050815493
1279549347,32,0.2216,marginal,90.0,60.00000000000001,0.984375,0.0625,0.9999999999999999,0.0,True,,1,0.0,-429.8327739150834
1279549347,32,0.3215,joint,30.630618480105642,0.630618480105645,0.9872874324524582,0.8993930710504072,0.14417033938141022,0.9387883522522964,False,-28.125000000000007,200,0.00011779926177268862,-265.4177583805674
1279549347,32,0.3215,marginal,90.0,60.00000000000001,0.984375,0.0625,0.9999999999999999,0.0,True,,1,0.0,-462.3937316909328
1279549347,32,0.4665,joint,29.80937461956007,0.19062538043992766,0.6599642376689198,0.8989927893165575,0.13554114509247694,0.9427860995888533,False,-30.937499999999996,200,0.0001637542454773211,-305.7323115301964
1279549347,32,0.4665,marginal,90.0,60.00000000000001,0.984375,0.0625,0.9999999999999999,0.0,True,,1,0.0,-422.7896368140449
1279549347,32,0.6769,joint,33.758219610608144,3.7582196106081494,0.8331898394309271,0.8550621431672276,0.19777834136742367,0.9209024143506644,False,-28.125000000000007,200,0.00011713625679021789,-357.4011789960024
1279549347,32,0.6769,marginal,90.0,60.00000000000001,0.984375,0.0625,0.9999999999999999,0.0,True,,1,0.0,-407.1238231982667
1279549347,32,0.9821,joint,34.214921141263524,4.214921141263527,0.8192648407880737,0.8987670905672885,0.19767838868331988,0.9156473782475104,False,-28.125000000000007,200,0.0002045989614885002,-367.0862933364746
1279549347,32,0.9821,marginal,90.0,60.00000000000001,0.984375,0.0625,0.9999999999999999,0.0,True,,1,0.0,-386.6390638862894
1279549347,32,1.425,joint,70.04700511660313,40.04700511660314,0.9594801285756682,0.36378094239194225,0.6470618027496622,0.9211004220839885,False,-28.125000000000007,200,0.00038054128475550897,-392.38783353297015
1279549347,32,1.425,marginal,90.0,60.00000000000001,0.984375,0.0625,0.9999999999999999,0.0,True,,1,0.0,-398.43345473592115
1279549347,32,2.0676,joint,56.06461133668585,26.06461133668585,0.9765926201051305,0.08106675991300175,0.23672111928352546,0.7938944882238699,False,-64.68750000000001,200,0.0003599448095314983,-395.3908940299275
1279549347,32,2.0676,marginal,90.0,60.00000000000001,0.984375,0.0625,0.9999999999999999,0.0,True,,1,0.0,-396.8848483353414
1279549347,32,3.0,joint,91.2271794291986,61.2271794291986,0.9851276567123521,0.05842437045182767,0.8666300666119201,0.22882274889163015,False,-104.0625,200,0.00022898981580965483,-380.92918990226065
1279549347,32,3.0,marginal,90.0,60.00000000000001,0.984375,0.0625,0.9999999999999999,0.0,True,,1,0.0,-380.977844945286
1279549347,128,0.05,joint,29.938031998099827,0.061968001900169614,0.35536812174479065,0.9999999999999998,0.13362806521661164,0.9687490311419789,False,-30.937499999999996,200,5.183055122870428e-07,469.6897113736711
1279549347,128,0.05,marginal,90.0,60.00000000000001,0.984375,0.0625,0.9999999999999999,0.0,True,,1,0.0,-1479.6675683568205
1279549347,128,0.0725,joint,30.17120719675347,0.17120719675347376,0.3259272369426046,0.999206257651942,0.13573883693035615,0.9600973368526671,False,-30.937499999999996,200,1.4101240850550312e-05,219.2796359173881
1279549347,128,0.0725,marginal,90.0,60.00000000000001,0.984375,0.0625,0.9999999999999999,0.0,True,,1,0.0,-1462.021245727276
1279549347,128,0.1053,joint,29.97361852846926,0.026381471530737253,0.3427133773158494,0.9999999999999943,0.1339572384691795,0.9687499496700849,False,-30.937499999999996,200,3.86990990364211e-08,-89.56493505695481
1279549347,128,0.1053,marginal,90.0,60.00000000000001,0.984375,0.0625,0.9999999999999999,0.0,True,,1,0.0,-1523.285604405237
1279549347,128,0.1527,joint,30.314195353231735,0.3141953532317384,0.6218046274959299,0.9662567489548515,0.1397449218861353,0.9329068119176305,False,28.125000000000007,200,5.1496625417257746e-05,-400.2081520869452
1279549347,128,0.1527,marginal,90.0,60.00000000000001,0.984375,0.0625,0.9999999999999999,0.0,True,,1,0.0,-1550.8082542728166
1279549347,128,0.2216,joint,29.828454399534635,0.17154560046536393,0.3494182337548343,0.9861478239246232,0.13289707068037604,0.9559332201912277,False,-30.937499999999996,200,9.807492187974276e-05,-650.0849695690968
1279549347,128,0.2216,marginal,90.0,60.00000000000001,0.984375,0.0625,0.9999999999999999,0.0,True,,1,0.0,-1478.7224321850158
1279549347,128,0.3215,joint,30.209810510620475,0.20981051062047737,0.5241858852963829,0.9837998350129942,0.13662883634844014,0.9290945358069196,False,30.937499999999996,200,7.719071379597153e-05,-944.0510108167739
1279549347,128,0.3215,marginal,90.0,60.00000000000001,0.984375,0.0625,0.9999999999999999,0.0,True,,1,0.0,-1538.395720195068
1279549347,128,0.4665,joint,30.313950021870237,0.31395002187023985,0.41206194335960983,0.88337157823869,0.14245667142533947,0.912624571336264,False,30.937499999999996,200,0.0007550491695837991,-1227.279557154187
1279549347,128,0.4665,marginal,90.0,60.00000000000001,0.984375,0.0625,0.9999999999999999,0.0,True,,1,0.0,-1527.9603962929675
1279549347,128,0.6769,joint,36.84924407173366,6.849244071733659,0.6455010310647684,0.925222129748111,0.2315110200028252,0.8823234223966554,False,-28.125000000000007,200,0.0008600020255471463,-1434.3770092025193
1279549347,128,0.6769,marginal,90.0,60.00000000000001,0.984375,0.0625,0.9999999999999999,0.0,True,,1,0.0,-1576.8644196234227
1279549347,128,0.9821,joint,45.422375324391425,15.422375324391428,0.8265974520666874,0.738382830723278,0.36638063095030315,0.8395187249477924,False,28.125000000000007,200,0.0008104705857476802,-1469.3189580869248
1279549347,128,0.9821,marginal,90.0,60.00000000000001,0.984375,0.0625,0.9999999999999999,0.0,True,,1,0.0,-1523.2103414355695
1279549347,128,1.425,joint,33.362624409915384,3.3626244099153846,0.8531996674662843,0.5824317830765664,0.21296205645053967,0.7778872177268452,False,-25.31249999999999,200,0.0009107834944188653,-1498.0519366202466
1279549347,128,1.425,marginal,90.0,60.00000000000001,0.984375,0.0625,0.9999999999999999,0.0,True,,1,0.0,-1512.2439265995652
1279549347,128,2.0676,joint,64.56874125912609,34.56874125912609,0.9356567416470682,0.282739096502639,0.5876679558255632,0.5384267143999691,False,28.125000000000007,200,0.002493247143320332,-1571.971776796603
1279549347,128,2.0676,marginal,90.0,60.00000000000001,0.984375,0.0625,0.9999999999999999,0.0,True,,1,0.0,-1573.3470858385654
1279549347,128,3.0,joint,93.89964668089165,63.89964668089164,0.9852489570459216,0.05796409190238191,0.9260341388152697,0.18643876001742188,False,-81.5625,200,0.0006746370963810477,-1509.3225926341775
1279549347,128,3.0,marginal,90.0,60.00000000000001,0.984375,0.0625,0.9999999999999999,0.0,True,,1,0.0,-1509.4766158261018
1279549347,256,0.05,joint,30.016519786038064,0.01651978603806687,0.3462266401602464,0.9962234713397654,0.13434340792057942,0.9648289159697389,False,-30.937499999999996,200,3.262122299929615e-05,1055.1884571936298
1279549347,256,0.05,marginal,90.0,60.00000000000001,0.984375,0.0625,0.9999999999999999,0.0,True,,1,0.0,-2967.401521354952
1279549347,256,0.0725,joint,30.18462125108419,0.18462125108419233,0.30598248643438064,0.9955137277819304,0.13601792571768778,0.9636526820497782,False,-30.937499999999996,200,0.00013983741331458077,457.6692568325831
1279549347,256,0.0725,marginal,90.0,60.00000000000001,0.984375,0.0625,0.9999999999999999,0.0,True,,1,0.0,-3036.2565799218114
1279549347,256,0.1053,joint,29.91244976726721,0.08755023273279013,0.4399476936352973,0.9847829587322607,0.13370160287488997,0.9603267101068949,False,-30.937499999999996,200,0.00011825671208498534,-137.95665893662692
1279549347,256,0.1053,marginal,90.0,60.00000000000001,0.984375,0.0625,0.9999999999999999,0.0,True,,1,0.0,-3041.282756825801
1279549347,256,0.1527,joint,30.72550901129758,0.7255090112975803,0.16763749628474212,0.9931869193213859,0.1428913605100558,0.9609842246477307,False,-30.937499999999996,200,0.0002232308771681346,-861.8642655274265
1279549347,256,0.1527,marginal,90.0,60.00000000000001,0.984375,0.0625,0.9999999999999999,0.0,True,,1,0.0,-3139.2439895523657
1279549347,256,0.2216,joint,30.312927015141458,0.31292701514145904,0.2326035259562551,0.9999338929367729,0.13661606263779558,0.9743746598172767,False,-30.937499999999996,200,0.0003218083991214371,-1376.1806545704276
1279549347,256,0.2216,marginal,90.0,60.00000000000001,0.984375,0.0625,0.9999999999999999,0.0,True,,1,0.0,-3043.0119958142445
1279549347,256,0.3215,joint,29.724879814227908,0.275120185772089,0.45060177534881773,0.9999826568640164,0.1318673074575144,0.9572463317543101,False,-30.937499999999996,200,0.0013111338600992894,-1951.5932756735926
1279549347,256,0.3215,marginal,90.0,60.00000000000001,0.984375,0.0625,0.9999999999999999,0.0,True,,1,0.0,-3093.908849216935
1279549347,256,0.4665,joint,30.68683993716557,0.6868399371655726,0.3603002011345545,0.9767004237333211,0.14345986999553784,0.9539572546833892,False,-30.937499999999996,200,0.0007568520568383974,-2427.6896150317452
1279549347,256,0.4665,marginal,90.0,60.00000000000001,0.984375,0.0625,0.9999999999999999,0.0,True,,1,0.0,-3090.948297277542
1279549347,256,0.6769,joint,30.921781757619783,0.9217817576197854,0.5706022304290915,0.9694803161740544,0.14913023931110614,0.9169335617252077,False,28.125000000000007,200,0.0019426945550549135,-2795.2655403807057
1279549347,256,0.6769,marginal,90.0,60.00000000000001,0.984375,0.0625,0.9999999999999999,0.0,True,,1,0.0,-3116.2774296191837
1279549347,256,0.9821,joint,36.46061119557939,6.460611195579391,0.7889531284129121,0.6274514376010117,0.2294059582467567,0.8332650923608312,False,30.937499999999996,200,0.0020291942528274376,-3032.828105590839
1279549347,256,0.9821,marginal,90.0,60.00000000000001,0.984375,0.0625,0.9999999999999999,0.0,True,,1,0.0,-3129.0699211116544
1279549347,256,1.425,joint,49.53200293564131,19.532002935641312,0.9129090979420665,0.41932988193191356,0.3859091001909106,0.6580821786796707,False,-25.31249999999999,200,0.002643664898641873,-3054.775490107464
1279549347,256,1.425,marginal,90.0,60.00000000000001,0.984375,0.0625,0.9999999999999999,0.0,True,,1,0.0,-3068.901663363472
1279549347,256,2.0676,joint,51.84359458043721,21.843594580437212,0.9199383000140697,0.29904794919923317,0.4374438697198829,0.5409462837870274,False,-28.125000000000007,200,0.004008585113297158,-3004.1871007841974
1279549347,256,2.0676,marginal,90.0,60.00000000000001,0.984375,0.0625,0.9999999999999999,0.0,True,,1,0.0,-3007.10667525349
1279549347,256,3.0,joint,102.13762958838429,72.13762958838427,0.9892580067965031,0.042124845675710176,0.8273485621216402,0.13270809307588816,False,-129.375,200,0.000769026177295018,-3021.934700381059
1279549347,256,3.0,marginal,90.0,60.00000000000001,0.984375,0.0625,0.9999999999999999,0.0,True,,1,0.0,-3022.0953378021586
1279549347,512,0.05,joint,30.19640637932706,0.19640637932706057,0.26350324501134315,0.9999999999993993,0.13589018028448652,0.9687470081828763,False,-30.937499999999996,200,4.880804226559121e-06,2056.504433193637
1279549347,512,0.05,marginal,90.0,60.00000000000001,0.984375,0.0625,0.9999999999999999,0.0,True,,1,0.0,-6027.881802106353
1279549347,512,0.0725,joint,29.963923216187904,0.036076783812094865,0.35594402342201753,0.9990219857535733,0.13397707960447713,0.967767224611797,False,-30.937499999999996,200,8.300384251924697e-06,879.3446278868191
1279549347,512,0.0725,marginal,90.0,60.00000000000001,0.984375,0.0625,0.9999999999999999,0.0,True,,1,0.0,-6067.143956626496
1279549347,512,0.1053,joint,30.128226495215028,0.12822649521502938,0.3039117332585405,0.9965375198419066,0.13536918281697508,0.9650920546998178,False,-30.937499999999996,200,7.517985545746342e-05,-383.0346783157247
1279549347,512,0.1053,marginal,90.0,60.00000000000001,0.984375,0.0625,0.9999999999999999,0.0,True,,1,0.0,-6150.666646326326
1279549347,512,0.1527,joint,30.257342309320837,0.2573423093208398,0.26872305108486727,0.9999997640805532,0.13640490257378302,0.9608211194976606,False,-30.937499999999996,200,0.0006011192745063454,-1602.3418316101531
1279549347,512,0.1527,marginal,90.0,60.00000000000001,0.984375,0.0625,0.9999999999999999,0.0,True,,1,0.0,-6145.883797742385
1279549347,512,0.2216,joint,30.246059789103242,0.2460597891032426,0.2800152645646347,0.9948320499226607,0.1363806790451605,0.9557316080322376,False,-30.937499999999996,200,0.0009570075944793643,-2796.969294530568
1279549347,512,0.2216,marginal,90.0,60.00000000000001,0.984375,0.0625,0.9999999999999999,0.0,True,,1,0.0,-6243.552619143315
1279549347,512,0.3215,joint,30.50690096369248,0.5069009636924843,0.29251813011402494,0.9903347482356448,0.14062253171057704,0.9373425530727246,False,-30.937499999999996,200,0.0016120713967211486,-3932.1961835666875
1279549347,512,0.3215,marginal,90.0,60.00000000000001,0.984375,0.0625,0.9999999999999999,0.0,True,,1,0.0,-6260.787521719172
1279549347,512,0.4665,joint,29.812130741022294,0.18786925897770518,0.5767136835167902,0.9844491324232819,0.1328389330479962,0.9264344419166108,False,28.125000000000007,200,0.0008917004952309071,-4843.206191297908
1279549347,512,0.4665,marginal,90.0,60.00000000000001,0.984375,0.0625,0.9999999999999999,0.0,True,,1,0.0,-6186.842735746897
1279549347,512,0.6769,joint,31.850162874237395,1.8501628742373961,0.4537383544902893,0.9777977596400733,0.16030083158366826,0.9299029204271461,False,-30.937499999999996,200,0.0020411723799043102,-5590.158069367773
1279549347,512,0.6769,marginal,90.0,60.00000000000001,0.984375,0.0625,0.9999999999999999,0.0,True,,1,0.0,-6204.2962585041905
1279549347,512,0.9821,joint,31.708941833029716,1.7089418330297188,0.507537308122563,0.9668286156331058,0.15841952125586767,0.9063270791105269,False,30.937499999999996,200,0.004117521099942678,-5805.141859131671
1279549347,512,0.9821,marginal,90.0,60.00000000000001,0.984375,0.0625,0.9999999999999999,0.0,True,,1,0.0,-6012.257719083165
1279549347,512,1.425,joint,29.512353842202433,0.4876461577975654,0.7327395679243187,0.8194381763771075,0.13200089009303162,0.8662665987671421,False,-30.937499999999996,200,0.0026479810221644584,-6126.844745526944
1279549347,512,1.425,marginal,90.0,60.00000000000001,0.984375,0.0625,0.9999999999999999,0.0,True,,1,0.0,-6188.09511886654
1279549347,512,2.0676,joint,62.42386377086805,32.42386377086805,0.9586536392643408,0.15402314107948434,0.6242882053078904,0.43762969626318693,False,14.062500000000004,200,0.007401784710964421,-6171.651610370742
1279549347,512,2.0676,marginal,90.0,60.00000000000001,0.984375,0.0625,0.9999999999999999,0.0,True,,1,0.0,-6175.008423104093
1279549347,512,3.0,joint,88.70401085698644,58.70401085698646,0.9826451796646885,0.06705605858043848,0.9456585935828475,0.07494509099495057,False,36.5625,200,0.000433589020758518,-6194.188343738669
1279549347,512,3.0,marginal,90.0,60.00000000000001,0.984375,0.0625,0.9999999999999999,0.0,True,,1,0.0,-6194.273100751889
1279549347,1024,0.05,joint,30.41672962110623,0.41672962110623496,0.1851687645058665,0.9999999999999994,0.13779090698667873,0.9687470120973101,False,30.937499999999996,200,9.986966688302346e-06,4124.453739284625
1279549347,1024,0.05,marginal,90.0,60.00000000000001,0.984375,0.0625,0.9999999999999999,0.0,True,,1,0.0,-12302.788549397923
1279549347,1024,0.0725,joint,30.196357558982168,0.19635755898217097,0.2635177098636569,1.0000000000000002,0.1358962014883497,0.9687497965255185,False,30.937499999999996,200,1.0482826837687753e-06,1894.1189695725056
1279549347,1024,0.0725,marginal,90.0,60.00000000000001,0.984375,0.0625,0.9999999999999999,0.0,True,,1,0.0,-12415.053792534167
1279549347,1024,0.1053,joint,30.13940736158908,0.13940736158908154,0.2837767798491104,0.999999999652875,0.13540456617345442,0.96874195190228,False,30.937499999999996,200,1.9926196614505898e-05,-584.6767895392154
1279549347,1024,0.1053,marginal,90.0,60.00000000000001,0.984375,0.0625,0.9999999999999999,0.0,True,,1,0.0,-12446.532369630964
1279549347,1024,0.1527,joint,30.28346144001518,0.2834614400151833,0.23281160873635567,0.9999999999761293,0.13664564430718773,0.9686119349978,False,30.937499999999996,200,0.00021520022119148052,-3056.6866431368453
1279549347,1024,0.1527,marginal,90.0,60.00000000000001,0.984375,0.0625,0.9999999999999999,0.0,True,,1,0.0,-12441.39437092132
1279549347,1024,0.2216,joint,30.4392054717279,0.43920547172790214,0.2853272199279139,0.9975702570908704,0.13942430715443355,0.9644398955203342,False,-30.937499999999996,200,0.0005999226814310532,-5564.412601410743
1279549347,1024,0.2216,marginal,90.0,60.00000000000001,0.984375,0.0625,0.9999999999999999,0.0,True,,1,0.0,-12660.238143551323
1279549347,1024,0.3215,joint,30.266436599958205,0.2664365999582074,0.3305917569340402,0.99889150635223,0.13722658987199077,0.9513464696309631,False,30.937499999999996,200,0.002324865562513878,-7926.563591721
1279549347,1024,0.3215,marginal,90.0,60.00000000000001,0.984375,0.0625,0.9999999999999999,0.0,True,,1,0.0,-12605.375999071195
1279549347,1024,0.4665,joint,30.097329914092207,0.09732991409220904,0.34087647030108603,0.9992473325847173,0.1353675362261365,0.9498293156619948,False,30.937499999999996,200,0.003583404539313051,-9742.287821987471
1279549347,1024,0.4665,marginal,90.0,60.00000000000001,0.984375,0.0625,0.9999999999999999,0.0,True,,1,0.0,-12521.803956819016
1279549347,1024,0.6769,joint,31.339988638602062,1.339988638602064,0.2994972660395777,0.9939588584174733,0.1488714248085422,0.9430967452616795,False,30.937499999999996,200,0.0071929051337065175,-11300.547734227877
1279549347,1024,0.6769,marginal,90.0,60.00000000000001,0.984375,0.0625,0.9999999999999999,0.0,True,,1,0.0,-12653.017471227779
1279549347,1024,0.9821,joint,32.895005938126054,2.895005938126058,0.5595382192868676,0.9346169554344819,0.17288456401835506,0.8769960725727415,False,-30.937499999999996,200,0.005174227566385525,-11908.117584126572
1279549347,1024,0.9821,marginal,90.0,60.00000000000001,0.984375,0.0625,0.9999999999999999,0.0,True,,1,0.0,-12329.574379686157
1279549347,1024,1.425,joint,31.090827739769246,1.0908277397692487,0.7564344925695399,0.8124771840296965,0.1580894985483543,0.8353270216603329,False,-28.125000000000007,200,0.005529381785891019,-12333.706722867413
1279549347,1024,1.425,marginal,90.0,60.00000000000001,0.984375,0.0625,0.9999999999999999,0.0,True,,1,0.0,-12432.765115755357
1279549347,1024,2.0676,joint,65.8321960663135,35.83219606631351,0.9419056305707153,0.2411690487809228,0.6322002326691608,0.388216372958562,False,25.31249999999999,200,0.011665610134514282,-12364.623683042817
1279549347,1024,2.0676,marginal,90.0,60.00000000000001,0.984375,0.0625,0.9999999999999999,0.0,True,,1,0.0,-12369.783994267444
1279549347,1024,3.0,joint,88.77184895946573,58.77184895946573,0.9821308509771116,0.07145390474007926,0.9622476125287343,0.09601247566575126,False,14.062500000000004,200,0.0013153794043319067,-12160.68645011244
1279549347,1024,3.0,marginal,90.0,60.00000000000001,0.984375,0.0625,0.9999999999999999,0.0,True,,1,0.0,-12160.966039347759
1279549347,2048,0.05,joint,30.062791257415274,0.06279125741527512,0.30983298117197494,0.9995947475091378,0.13475261487543866,0.9682782343799377,False,30.937499999999996,200,0.00017542880596010946,8107.019613629331
1279549347,2048,0.05,marginal,90.0,60.00000000000001,0.984375,0.0625,0.9999999999999999,0.0,True,,1,0.0,-24418.057096685472
1279549347,2048,0.0725,joint,30.064294403929274,0.06429440392927742,0.3104180169302242,0.9991201805695487,0.13477021256962685,0.965551768430062,False,30.937499999999996,200,0.0012129945225751726,3594.452552785761
1279549347,2048,0.0725,marginal,90.0,60.00000000000001,0.984375,0.0625,0.9999999999999999,0.0,True,,1,0.0,-24619.07000513238
1279549347,2048,0.1053,joint,29.95675025269407,0.04324974730592784,0.3562749987578398,0.9993358755145934,0.13385367006919813,0.9632136390674166,False,30.937499999999996,200,0.001248487897328232,-1625.1797480167975
1279549347,2048,0.1053,marginal,90.0,60.00000000000001,0.984375,0.0625,0.9999999999999999,0.0,True,,1,0.0,-24985.67051640129
1279549347,2048,0.1527,joint,29.912719759175214,0.08728024082478388,0.3785036478816308,0.9984904948406308,0.13350001302883863,0.964498095355846,False,30.937499999999996,200,0.0019355353451828705,-6676.933616689099
1279549347,2048,0.1527,marginal,90.0,60.00000000000001,0.984375,0.0625,0.9999999999999999,0.0,True,,1,0.0,-25082.116762744627
1279549347,2048,0.2216,joint,29.922976502917216,0.07702349708278287,0.36723492984415873,0.9999957501798662,0.13354540541376592,0.9641523649408399,False,-30.937499999999996,200,0.0020412318408489227,-11435.993699864652
1279549347,2048,0.2216,marginal,90.0,60.00000000000001,0.984375,0.0625,0.9999999999999999,0.0,True,,1,0.0,-25166.92391654878
1279549347,2048,0.3215,joint,30.018883525354774,0.018883525354776335,0.3973357703975984,0.9960545586612621,0.13453189841747204,0.9491380583431024,False,30.937499999999996,200,0.0031469150417251512,-15799.298387377527
1279549347,2048,0.3215,marginal,90.0,60.00000000000001,0.984375,0.0625,0.9999999999999999,0.0,True,,1,0.0,-25114.643700898847
1279549347,2048,0.4665,joint,30.214655216160406,0.2146552161604096,0.37303080053065596,0.9995534656496236,0.13619436114328798,0.9467206414809675,False,-30.937499999999996,200,0.0057156304974341765,-19649.09139709812
1279549347,2048,0.4665,marginal,90.0,60.00000000000001,0.984375,0.0625,0.9999999999999999,0.0,True,,1,0.0,-25080.78934287224
1279549347,2048,0.6769,joint,30.300765864602234,0.3007658646022364,0.4552165228591165,0.9829387700602196,0.13969524810245082,0.9253644157639337,False,30.937499999999996,200,0.00833198595137219,-22213.93274126245
1279549347,2048,0.6769,marginal,90.0,60.00000000000001,0.984375,0.0625,0.9999999999999999,0.0,True,,1,0.0,-24817.007702582567
1279549347,2048,0.9821,joint,31.978316917856752,1.9783169178567526,0.6769876567730114,0.895215257551669,0.16686352576018304,0.8601659621638941,False,-28.125000000000007,200,0.007218715731141856,-24273.35004973703
1279549347,2048,0.9821,marginal,90.0,60.00000000000001,0.984375,0.0625,0.9999999999999999,0.0,True,,1,0.0,-25091.612678129604
1279549347,2048,1.425,joint,34.24185340186186,4.2418534018618645,0.7916303670335587,0.6363103235396812,0.1893006790152968,0.8044183267679723,False,-30.937499999999996,200,0.007744892507616896,-24524.644298828804
1279549347,2048,1.425,marginal,90.0,60.00000000000001,0.984375,0.0625,0.9999999999999999,0.0,True,,1,0.0,-24682.96264571081
1279549347,2048,2.0676,joint,69.22189380898928,39.22189380898927,0.94080076720152,0.22952729706207933,0.6705798280937736,0.3334289217284404,False,25.31249999999999,200,0.022868903000926366,-24569.884216706494
1279549347,2048,2.0676,marginal,90.0,60.00000000000001,0.984375,0.0625,0.9999999999999999,0.0,True,,1,0.0,-24576.97121728592
1279549347,2048,3.0,joint,87.55346609509975,57.55346609509975,0.9827382558419373,0.06944971498147716,0.9636660347085775,0.04736638360880692,False,28.125000000000007,200,0.0006702901227981783,-24738.84706124343
1279549347,2048,3.0,marginal,90.0,60.00000000000001,0.984375,0.0625,0.9999999999999999,0.0,True,,1,0.0,-24738.982900335184
1279549347,4096,0.05,joint,29.880032094726776,0.11996790527322146,0.3759992787089705,0.9999999999365251,0.13317469990677966,0.9687421222419157,False,-30.937499999999996,200,7.24646761227632e-05,16142.412187628623
1279549347,4096,0.05,marginal,90.0,60.00000000000001,0.984375,0.0625,0.9999999999999999,0.0,True,,1,0.0,-49287.0094088805
1279549347,4096,0.0725,joint,29.876448128474074,0.12355187152592552,0.3766460875998684,0.9998550745320778,0.13314744545617174,0.9684899577447841,False,-30.937499999999996,200,0.00048406818041257793,6860.600119769104
1279549347,4096,0.0725,marginal,90.0,60.00000000000001,0.984375,0.0625,0.9999999999999999,0.0,True,,1,0.0,-49603.460893296375
1279549347,4096,0.1053,joint,29.905402573307974,0.09459742669202414,0.3695097144139997,0.9998451283835105,0.13343361924374164,0.9679614936653982,False,-30.937499999999996,200,0.0010852519399122684,-3022.562220394787
1279549347,4096,0.1053,marginal,90.0,60.00000000000001,0.984375,0.0625,0.9999999999999999,0.0,True,,1,0.0,-49956.52202662802
1279549347,4096,0.1527,joint,29.933568526098924,0.06643147390107546,0.35714466101778536,0.9999999999767024,0.13363455281251535,0.968602871164425,False,30.937499999999996,200,0.0007958821079228073,-13223.035381755413
1279549347,4096,0.1527,marginal,90.0,60.00000000000001,0.984375,0.0625,0.9999999999999999,0.0,True,,1,0.0,-50461.40316304642
1279549347,4096,0.2216,joint,29.858800090242465,0.14119990975753388,0.39844773224438657,0.9991844221317021,0.1331215585694303,0.9529391433717536,False,30.937499999999996,200,0.003348339974763803,-22692.409852346842
1279549347,4096,0.2216,marginal,90.0,60.00000000000001,0.984375,0.0625,0.9999999999999999,0.0,True,,1,0.0,-50451.88948772065
1279549347,4096,0.3215,joint,29.906175701920265,0.09382429807973418,0.3833134743917809,0.9985977709125564,0.13355014511348995,0.9520333037325893,False,30.937499999999996,200,0.0038525398849742487,-31418.271579651024
1279549347,4096,0.3215,marginal,90.0,60.00000000000001,0.984375,0.0625,0.9999999999999999,0.0,True,,1,0.0,-50158.32609904083
1279549347,4096,0.4665,joint,29.907785886619983,0.09221411338001458,0.397973279550071,0.9981035971369486,0.13365528756356937,0.9495613371578044,False,-30.937499999999996,200,0.008960027800640091,-39182.122093379425
1279549347,4096,0.4665,marginal,90.0,60.00000000000001,0.984375,0.0625,0.9999999999999999,0.0,True,,1,0.0,-50213.9886855496
1279549347,4096,0.6769,joint,30.146876666925724,0.1468766669257256,0.5220129951561787,0.9888851347889208,0.13750792887458463,0.9263851347889214,False,30.937499999999996,200,0.01178969558532117,-44482.29277971465
1279549347,4096,0.6769,marginal,90.0,60.00000000000001,0.984375,0.0625,0.9999999999999999,0.0,True,,1,0.0,-49565.03630208943
1279549347,4096,0.9821,joint,30.581580423195174,0.5815804231951752,0.6056020083653474,0.960027333663394,0.143866041686861,0.89875141701761,False,-30.937499999999996,200,0.017737125810526777,-47909.66656600893
1279549347,4096,0.9821,marginal,90.0,60.00000000000001,0.984375,0.0625,0.9999999999999999,0.0,True,,1,0.0,-49662.18849325414
1279549347,4096,1.425,joint,32.330124793754806,2.3301247937548064,0.7466102634726658,0.7935899689822659,0.16862914975937926,0.8315265894595554,False,-30.937499999999996,200,0.02092994273698423,-48792.212156952504
1279549347,4096,1.425,marginal,90.0,60.00000000000001,0.984375,0.0625,0.9999999999999999,0.0,True,,1,0.0,-49099.51292941284
1279549347,4096,2.0676,joint,57.70547194166115,27.705471941661155,0.9420907907164608,0.2206044678407259,0.5435010748557786,0.35178086128514896,False,30.937499999999996,200,0.03633213691500714,-49313.694082912254
1279549347,4096,2.0676,marginal,90.0,60.00000000000001,0.984375,0.0625,0.9999999999999999,0.0,True,,1,0.0,-49326.99341754077
1279549347,4096,3.0,joint,88.83963472622754,58.83963472622753,0.9827977578391824,0.06944029491351966,0.9682206461154704,0.03682776540838652,False,22.5,200,0.0008736001327633858,-49053.94826620904
1279549347,4096,3.0,marginal,90.0,60.00000000000001,0.984375,0.0625,0.9999999999999999,0.0,True,,1,0.0,-49054.12581766564
1943031107,32,0.05,joint,30.846681836599803,0.8466818365998063,0.043224193348028794,1.0,0.14150037741529786,0.9709222956235999,False,30.937499999999996,200,0.00011561814915239665,131.90140600167172
1943031107,32,0.05,marginal,90.0,60.00000000000001,0.984375,0.0625,0.9999999999999999,0.0,True,,1,0.0,-387.3011162440448
1943031107,32,0.0725,joint,30.97720753780326,0.9772075378032627,0.5277267325545634,0.999991143581004,0.14322608370989165,0.9531161435810042,False,30.937499999999996,200,0.00011893106133697984,56.45063170699247
1943031107,32,0.0725,marginal,90.0,60.00000000000001,0.984375,0.0625,0.9999999999999999,0.0,True,,1,0.0,-390.7146174544556
1943031107,32,0.1053,joint,31.174526224747762,1.1745262247477637,0.266344496730949,0.9999999999980986,0.1446046440503409,0.9687470895586414,False,30.937499999999996,200,6.161724090958387e-06,-11.887052651804627
1943031107,32,0.1053,marginal,90.0,60.00000000000001,0.984375,0.0625,0.9999999999999999,0.0,True,,1,0.0,-394.7826028916594
1943031107,32,0.1527,joint,30.401610938528453,0.40161093852845575,0.38462477140675316,0.9999999919204576,0.1379875169462078,0.9531093103033648,False,30.937499999999996,200,9.828926863519882e-07,-98.23836699703062
1943031107,32,0.1527,marginal,90.0,60.00000000000001,0.984375,0.0625,0.9999999999999999,0.0,True,,1,0.0,-407.13258209455404
1943031107,32,0.2216,joint,31.147688688828175,1.147688688828176,0.19735432320516966,0.9999999999958941,0.14435137498524553,0.9685591827965518,False,30.937499999999996,200,8.4674915370897e-05,-159.5806059994621
1943031107,32,0.2216,marginal,90.0,60.00000000000001,0.984375,0.0625,0.9999999999999999,0.0,True,,1,0.0,-410.97737021153233
1943031107,32,0.3215,joint,32.367664217593514,2.3676642175935187,0.4253544725608299,0.9647907383255082,0.15499978828693606,0.955505089959034,False,30.937499999999996,200,0.00015127630064171171,-272.9682589304471
1943031107,32,0.3215,marginal,90.0,60.00000000000001,0.984375,0.0625,0.9999999999999999,0.0,True,,1,0.0,-424.37248688907556
1943031107,32,0.4665,joint,28.497152754271458,1.5028472457285416,0.8676675330583056,0.9999999999999998,0.12094209624524233,0.9765402565447063,False,-28.125000000000007,200,2.2882021539771813e-06,-331.7921451826839
1943031107,32,0.4665,marginal,90.0,60.00000000000001,0.984375,0.0625,0.9999999999999999,0.0,True,,1,0.0,-427.8638753560837
1943031107,32,0.6769,joint,37.29775182590213,7.297751825902138,0.49999704093359015,0.7055829835201167,0.2187793558592257,0.9433670599495121,False,30.937499999999996,200,0.00019409839370609916,-382.804367702329
1943031107,32,0.6769,marginal,90.0,60.00000000000001,0.984375,0.0625,0.9999999999999999,0.0,True,,1,0.0,-416.817026185242
1943031107,32,0.9821,joint,38.00008631568332,8.000086315683323,0.8935766994372643,0.5754933942102779,0.2729301459407223,0.9122168740361647,False,33.749999999999986,200,0.0004382182664812717,-377.3675636111225
1943031107,32,0.9821,marginal,90.0,60.00000000000001,0.984375,0.0625,0.9999999999999999,0.0,True,,1,0.0,-385.3960351987223
1943031107,32,1.425,joint,31.03504621079765,1.035046210797651,0.9579596402499728,0.8850901713598486,0.11107944957321148,0.906322737437918,False,25.31249999999999,200,0.000412961132383316,-366.334665661387
1943031107,32,1.425,marginal,90.0,60.00000000000001,0.984375,0.0625,0.9999999999999999,0.0,True,,1,0.0,-375.6056386141521
1943031107,32,2.0676,joint,122.78321376040836,92.78321376040837,0.9999988829240345,9.441295937278536e-06,0.1860745491866842,0.8800551189857557,False,126.56249999999997,200,0.0003785063730674665,-413.6268035011835
1943031107,32,2.0676,marginal,90.0,60.00000000000001,0.984375,0.0625,0.9999999999999999,0.0,True,,1,0.0,-415.8125225969005
1943031107,32,3.0,joint,98.29105213076737,68.29105213076737,0.982355017648575,0.06197429260801125,0.6916657098472143,0.400466872480842,False,115.31250000000001,200,0.0005612415810674065,-396.11424433751586
1943031107,32,3.0,marginal,90.0,60.00000000000001,0.984375,0.0625,0.9999999999999999,0.0,True,,1,0.0,-396.2736391694928
1943031107,128,0.05,joint,29.95218216101594,0.04781783898405795,0.5567175214961406,0.9816788110014036,0.13497960153250266,0.9432420534390309,False,-28.125000000000007,200,3.6506896435639646e-05,485.6627757976668
1943031107,128,0.05,marginal,90.0,60.00000000000001,0.984375,0.0625,0.9999999999999999,0.0,True,,1,0.0,-1516.412791458395
1943031107,128,0.0725,joint,30.456779859022465,0.45677985902246704,0.3578168878472384,0.988949740830444,0.13993042996496652,0.9587788568537887,False,30.937499999999996,200,4.711176995897404e-05,161.14853364872982
1943031107,128,0.0725,marginal,90.0,60.00000000000001,0.984375,0.0625,0.9999999999999999,0.0,True,,1,0.0,-1503.6697483014368
1943031107,128,0.1053,joint,30.139621942620238,0.13962194262024064,0.41259119098119434,0.9712488104286926,0.1355509009075735,0.9607877561632896,False,30.937499999999996,200,3.4433949792855856e-05,-140.10374642259262
1943031107,128,0.1053,marginal,90.0,60.00000000000001,0.984375,0.0625,0.9999999999999999,0.0,True,,1,0.0,-1528.1264626276388
1943031107,128,0.1527,joint,30.183283631058217,0.18328363105821757,0.3896958735110635,0.9927145655278171,0.13723001243041022,0.9652700175041857,False,30.937499999999996,200,8.101551526351614e-05,-419.5964893559782
1943031107,128,0.1527,marginal,90.0,60.00000000000001,0.984375,0.0625,0.9999999999999999,0.0,True,,1,0.0,-1567.2849980926605
1943031107,128,0.2216,joint,29.89172521189244,0.10827478810755846,0.37159185744164824,0.9999997107421688,0.1329647665962047,0.9684363379726795,False,30.937499999999996,200,3.09038388195404e-05,-731.9700773561539
1943031107,128,0.2216,marginal,90.0,60.00000000000001,0.984375,0.0625,0.9999999999999999,0.0,True,,1,0.0,-1555.2374059132362
1943031107,128,0.3215,joint,31.21707641062428,1.2170764106242815,0.18191064255631034,0.9949894893917905,0.14610013630434993,0.9636589442451661,False,-30.937499999999996,200,3.109077408680605e-05,-946.6021097597302
1943031107,128,0.3215,marginal,90.0,60.00000000000001,0.984375,0.0625,0.9999999999999999,0.0,True,,1,0.0,-1516.3939631371022
1943031107,128,0.4665,joint,31.644788433223045,1.6447884332230487,0.2906984194192135,0.9417477639057198,0.1560497965560539,0.9190237621345513,False,30.937499999999996,200,0.0008092890559510124,-1240.1845621439643
1943031107,128,0.4665,marginal,90.0,60.00000000000001,0.984375,0.0625,0.9999999999999999,0.0,True,,1,0.0,-1550.4051999429787
1943031107,128,0.6769,joint,30.664746066383763,0.6647460663837652,0.684081611090612,0.8979566160048584,0.1509843443104777,0.8589065364666149,False,-25.31249999999999,200,0.000874533374371822,-1453.8431909983456
1943031107,128,0.6769,marginal,90.0,60.00000000000001,0.984375,0.0625,0.9999999999999999,0.0,True,,1,0.0,-1630.784020342834
1943031107,128,0.9821,joint,29.89441788476796,0.10558211523203515,0.8254617791972005,0.8860483364942147,0.13478699883400402,0.8985731340413305,False,25.31249999999999,200,0.0005863394069365313,-1513.8802154721777
1943031107,128,0.9821,marginal,90.0,60.00000000000001,0.984375,0.0625,0.9999999999999999,0.0,True,,1,0.0,-1575.0554211600524
1943031107,128,1.425,joint,43.19008124064191,13.190081240641915,0.9025624266487915,0.6056653524180442,0.2903204806306384,0.8311459377161552,False,-25.31249999999999,200,0.001240481994500442,-1605.3170667495024
1943031107,128,1.425,marginal,90.0,60.00000000000001,0.984375,0.0625,0.9999999999999999,0.0,True,,1,0.0,-1620.081791979797
1943031107,128,2.0676,joint,121.18378181814285,91.18378181814285,0.9398146627163291,0.1848960078325581,0.6637540777006253,0.6707283647149819,False,-180.0,200,0.0032868399321159814,-1507.3131729537195
1943031107,128,2.0676,marginal,90.0,60.00000000000001,0.984375,0.0625,0.9999999999999999,0.0,True,,1,0.0,-1509.8445296967188
1943031107,128,3.0,joint,92.52546504149777,62.525465041497775,0.9848580336008371,0.06025106439176052,0.8306469700834996,0.1478209851663753,False,123.74999999999999,200,0.0003733889452632866,-1507.9934525599847
1943031107,128,3.0,marginal,90.0,60.00000000000001,0.984375,0.0625,0.9999999999999999,0.0,True,,1,0.0,-1508.070169292382
1943031107,256,0.05,joint,30.104888645113956,0.10488864511395658,0.36002623785109106,0.9893356654064968,0.1354143326221704,0.9609368619386206,False,-30.937499999999996,200,3.7275492559274426e-07,973.0887054490145
1943031107,256,0.05,marginal,90.0,60.00000000000001,0.984375,0.0625,0.9999999999999999,0.0,True,,1,0.0,-3172.7580816102436
1943031107,256,0.0725,joint,30.28180826118902,0.28180826118902125,0.23313497950285977,1.0,0.1366266844612245,0.9687499304617238,False,-30.937499999999996,200,2.8445424504752737e-07,360.8993130482987
1943031107,256,0.0725,marginal,90.0,60.00000000000001,0.984375,0.0625,0.9999999999999999,0.0,True,,1,0.0,-3196.194242683754
1943031107,256,0.1053,joint,30.109605600008837,0.10960560000883793,0.3112228923337226,0.9984770811550263,0.1353019903348951,0.9671727712194165,False,-30.937499999999996,200,2.2657268232251226e-05,-270.1030799105274
1943031107,256,0.1053,marginal,90.0,60.00000000000001,0.984375,0.0625,0.9999999999999999,0.0,True,,1,0.0,-3218.1980201258466
1943031107,256,0.1527,joint,30.483494088362157,0.48349408836215835,0.16134019645784903,0.9999999847133075,0.13835248268225575,0.9686591933281901,False,-30.937499999999996,200,6.513480457215337e-06,-879.1499119563025
1943031107,256,0.1527,marginal,90.0,60.00000000000001,0.984375,0.0625,0.9999999999999999,0.0,True,,1,0.0,-3197.1617878923166
1943031107,256,0.2216,joint,30.006091470176543,0.0060914701765457085,0.3310492061885214,0.9999999998150672,0.13425901716286492,0.9685470224599717,False,-30.937499999999996,200,4.599319549924985e-05,-1476.9898044559736
1943031107,256,0.2216,marginal,90.0,60.00000000000001,0.984375,0.0625,0.9999999999999999,0.0,True,,1,0.0,-3206.6948993670344
1943031107,256,0.3215,joint,30.185853404110432,0.18585340411043472,0.27818470847745935,0.9959909094561179,0.13617004046532766,0.9645629063263765,False,-30.937499999999996,200,5.809162007608393e-05,-1958.881546486465
1943031107,256,0.3215,marginal,90.0,60.00000000000001,0.984375,0.0625,0.9999999999999999,0.0,True,,1,0.0,-3204.786485495202
1943031107,256,0.4665,joint,31.055460166100264,1.0554601661002674,0.6466441547918144,0.9706992370414211,0.14712037909403697,0.9174289655036925,False,-30.937499999999996,200,0.001044558729063283,-2533.675951288242
1943031107,256,0.4665,marginal,90.0,60.00000000000001,0.984375,0.0625,0.9999999999999999,0.0,True,,1,0.0,-3198.9484128963977
1943031107,256,0.6769,joint,31.814041061321774,1.814041061321776,0.5538719884618408,0.9212006895312557,0.16074153963993265,0.8981378641315241,False,30.937499999999996,200,0.0016019796157706878,-2844.0160010607806
1943031107,256,0.6769,marginal,90.0,60.00000000000001,0.984375,0.0625,0.9999999999999999,0.0,True,,1,0.0,-3195.7604045402236
1943031107,256,0.9821,joint,40.185452339811874,10.185452339811876,0.5493430410878504,0.8780744718204185,0.2805884077768973,0.8878029824203904,False,30.937499999999996,200,0.0024839047118803137,-3100.460660763293
1943031107,256,0.9821,marginal,90.0,60.00000000000001,0.984375,0.0625,0.9999999999999999,0.0,True,,1,0.0,-3212.3427765376296
1943031107,256,1.425,joint,31.612291191418688,1.6122911914186895,0.7620543371461903,0.8049872714344461,0.1540261231078015,0.8324062772862333,False,28.125000000000007,200,0.0017563813685228524,-3132.112870033173
1943031107,256,1.425,marginal,90.0,60.00000000000001,0.984375,0.0625,0.9999999999999999,0.0,True,,1,0.0,-3161.774384468263
1943031107,256,2.0676,joint,57.935618375166385,27.935618375166385,0.8862280986037012,0.4230369086040854,0.3967995825440759,0.560894195614027,False,28.125000000000007,200,0.004528139526883024,-3064.408018730912
1943031107,256,2.0676,marginal,90.0,60.00000000000001,0.984375,0.0625,0.9999999999999999,0.0,True,,1,0.0,-3067.8346876134474
1943031107,256,3.0,joint,88.14200719686454,58.14200719686455,0.986871385873126,0.05691583115995756,0.9783704106013856,0.08542641971405324,False,-120.9375,200,0.0002705287270146073,-3201.4193455783843
1943031107,256,3.0,marginal,90.0,60.00000000000001,0.984375,0.0625,0.9999999999999999,0.0,True,,1,0.0,-3201.47443305006
1943031107,512,0.05,joint,29.903236763540654,0.09676323645934243,0.3674993465109556,0.999999951748554,0.13336182889209347,0.9683920346020255,False,-30.937499999999996,200,0.00012461495816751267,1967.8534116580804
1943031107,512,0.05,marginal,90.0,60.00000000000001,0.984375,0.0625,0.9999999999999999,0.0,True,,1,0.0,-5899.1164827824905
1943031107,512,0.0725,joint,29.831191971702573,0.168808028297423,0.39429034403241225,0.9999908097553575,0.13271592208589833,0.9683772791660983,False,-30.937499999999996,200,0.00011458440667411196,852.0514201578158
1943031107,512,0.0725,marginal,90.0,60.00000000000001,0.984375,0.0625,0.9999999999999999,0.0,True,,1,0.0,-5872.543943222638
1943031107,512,0.1053,joint,30.083559449803737,0.08355944980374029,0.3530311145469265,0.9980607727795028,0.13566844774335474,0.964754679339338,False,-30.937499999999996,200,0.0002879561537270092,-495.87518500542126
1943031107,512,0.1053,marginal,90.0,60.00000000000001,0.984375,0.0625,0.9999999999999999,0.0,True,,1,0.0,-6018.130284109227
1943031107,512,0.1527,joint,29.49135797528786,0.5086420247121395,0.5128452080838436,0.9999921519168375,0.12967509096726115,0.9673409086326596,False,28.125000000000007,200,0.00033020180103449093,-1793.3131184571503
1943031107,512,0.1527,marginal,90.0,60.00000000000001,0.984375,0.0625,0.9999999999999999,0.0,True,,1,0.0,-6137.372311426082
1943031107,512,0.2216,joint,29.65376168802788,0.34623831197211763,0.45753077846681367,0.9999999971592375,0.1312122617301058,0.962950495941407,False,-30.937499999999996,200,0.0007854256496102607,-2805.2168940091124
1943031107,512,0.2216,marginal,90.0,60.00000000000001,0.984375,0.0625,0.9999999999999999,0.0,True,,1,0.0,-6062.419060402361
1943031107,512,0.3215,joint,29.851129735525106,0.14887026447489068,0.43750614222650064,0.9977388384467287,0.1340322653571534,0.9352388384467286,False,-30.937499999999996,200,0.0011588995798774704,-3974.4630774206203
1943031107,512,0.3215,marginal,90.0,60.00000000000001,0.984375,0.0625,0.9999999999999999,0.0,True,,1,0.0,-6195.494188408165
1943031107,512,0.4665,joint,30.04703471929219,0.047034719292191995,0.4359967715712944,0.9963300089934631,0.13508362415810238,0.9410339871304663,False,-30.937499999999996,200,0.0015549194577033632,-4858.000336127784
1943031107,512,0.4665,marginal,90.0,60.00000000000001,0.984375,0.0625,0.9999999999999999,0.0,True,,1,0.0,-6138.343640641951
1943031107,512,0.6769,joint,31.86664794882852,1.866647948828521,0.6028367173257911,0.9082950518963011,0.1666686049907169,0.8848657183592878,False,-30.937499999999996,200,0.0018634335647220723,-5408.810138752056
1943031107,512,0.6769,marginal,90.0,60.00000000000001,0.984375,0.0625,0.9999999999999999,0.0,True,,1,0.0,-6030.324928526844
1943031107,512,0.9821,joint,33.15900763995101,3.15900763995101,0.6471446721570295,0.8877979374833032,0.18221166723567606,0.8545861609198222,False,-30.937499999999996,200,0.003531343338181614,-6035.685058376457
1943031107,512,0.9821,marginal,90.0,60.00000000000001,0.984375,0.0625,0.9999999999999999,0.0,True,,1,0.0,-6220.006977422923
1943031107,512,1.425,joint,38.727424911208125,8.72742491120813,0.8330917973026468,0.5109240309331325,0.25276259160797565,0.7796747901210606,False,-33.749999999999986,200,0.0036021203768541454,-6098.75788738032
1943031107,512,1.425,marginal,90.0,60.00000000000001,0.984375,0.0625,0.9999999999999999,0.0,True,,1,0.0,-6141.631446948963
1943031107,512,2.0676,joint,62.2085327532058,32.2085327532058,0.9288235275572969,0.24533086637414736,0.5811460461263935,0.41216967225728496,False,-33.749999999999986,200,0.006430380921301548,-6206.114685027036
1943031107,512,2.0676,marginal,90.0,60.00000000000001,0.984375,0.0625,0.9999999999999999,0.0,True,,1,0.0,-6209.087792283577
1943031107,512,3.0,joint,90.56736103887134,60.56736103887133,0.9847238766922785,0.060802094530398566,0.9495576342711001,0.07864044063040754,False,123.74999999999999,200,0.0004924366967316018,-6222.386370489283
1943031107,512,3.0,marginal,90.0,60.00000000000001,0.984375,0.0625,0.9999999999999999,0.0,True,,1,0.0,-6222.481273533647
1943031107,1024,0.05,joint,30.128325865541676,0.12832586554167671,0.28778538872419773,0.9999999999997771,0.13531046029914073,0.9687098551521994,False,30.937499999999996,200,7.03269702171383e-05,3831.2220643792443
1943031107,1024,0.05,marginal,90.0,60.00000000000001,0.984375,0.0625,0.9999999999999999,0.0,True,,1,0.0,-11946.112522185615
1943031107,1024,0.0725,joint,30.21257173274137,0.21257173274137217,0.27208662467086486,0.99920400882974,0.13616813034377395,0.9663928201716885,False,-30.937499999999996,200,0.000580065979875144,1544.0550381113212
1943031107,1024,0.0725,marginal,90.0,60.00000000000001,0.984375,0.0625,0.9999999999999999,0.0,True,,1,0.0,-11993.074628095594
1943031107,1024,0.1053,joint,30.199774930428514,0.19977493042851627,0.3247514473552574,0.9995647763075401,0.13598473245439258,0.9551276982446741,False,30.937499999999996,200,0.00033947815927604097,-630.1477219575031
1943031107,1024,0.1053,marginal,90.0,60.00000000000001,0.984375,0.0625,0.9999999999999999,0.0,True,,1,0.0,-12070.370834100431
1943031107,1024,0.1527,joint,30.21898943412943,0.21898943412943225,0.2644255507463831,0.9962883935551039,0.13616433120354,0.9555942178314232,False,30.937499999999996,200,0.0012063980620951043,-3055.7887991647067
1943031107,1024,0.1527,marginal,90.0,60.00000000000001,0.984375,0.0625,0.9999999999999999,0.0,True,,1,0.0,-12163.92140418485
1943031107,1024,0.2216,joint,30.16812845729871,0.1681284572987127,0.31255466063674486,0.9936794174601334,0.13608766074784873,0.9544797865398864,False,-30.937499999999996,200,0.0010394109976914478,-5619.349441694885
1943031107,1024,0.2216,marginal,90.0,60.00000000000001,0.984375,0.0625,0.9999999999999999,0.0,True,,1,0.0,-12304.62270142157
1943031107,1024,0.3215,joint,30.467427989591826,0.4674279895918299,0.2692955860395899,0.9979315774116643,0.138902200865333,0.952670087900549,False,30.937499999999996,200,0.0029059331282041967,-7758.305037056749
1943031107,1024,0.3215,marginal,90.0,60.00000000000001,0.984375,0.0625,0.9999999999999999,0.0,True,,1,0.0,-12317.232515384458
1943031107,1024,0.4665,joint,30.408387077496325,0.408387077496329,0.32572835749991097,0.998699903298088,0.1380693857210067,0.947237119799877,False,30.937499999999996,200,0.003966063586631208,-9841.83043702503
1943031107,1024,0.4665,marginal,90.0,60.00000000000001,0.984375,0.0625,0.9999999999999999,0.0,True,,1,0.0,-12532.838289749292
1943031107,1024,0.6769,joint,30.6144154245454,0.6144154245454028,0.4647498588531394,0.9401858228659352,0.14363355315600557,0.9006625733214464,False,30.937499999999996,200,0.004780232773555326,-11390.720674498582
1943031107,1024,0.6769,marginal,90.0,60.00000000000001,0.984375,0.0625,0.9999999999999999,0.0,True,,1,0.0,-12546.11435051799
1943031107,1024,0.9821,joint,31.51930726032976,1.5193072603297644,0.6263894469087019,0.9394754000096195,0.155533066964182,0.9017920472307306,False,28.125000000000007,200,0.004527906812654692,-11984.480511166703
1943031107,1024,0.9821,marginal,90.0,60.00000000000001,0.984375,0.0625,0.9999999999999999,0.0,True,,1,0.0,-12384.024156021767
1943031107,1024,1.425,joint,37.08996386179359,7.089963861793597,0.7905312091616048,0.6717646531490669,0.2352377952449456,0.7808142157871856,False,-33.749999999999986,200,0.006630792198848212,-12295.092416951724
1943031107,1024,1.425,marginal,90.0,60.00000000000001,0.984375,0.0625,0.9999999999999999,0.0,True,,1,0.0,-12375.593370354632
1943031107,1024,2.0676,joint,59.474901148499846,29.47490114849985,0.9125288104901741,0.3192235165628552,0.45699339419468465,0.542003161892026,False,-30.937499999999996,200,0.014749045607459266,-12402.485692069033
1943031107,1024,2.0676,marginal,90.0,60.00000000000001,0.984375,0.0625,0.9999999999999999,0.0,True,,1,0.0,-12414.346963437083
1943031107,1024,3.0,joint,91.73034859584331,61.73034859584331,0.9856371091964223,0.05885968532156623,0.9731825023077526,0.0483053634462991,False,-137.8125,200,0.00034968453110195696,-12360.95302159233
1943031107,1024,3.0,marginal,90.0,60.00000000000001,0.984375,0.0625,0.9999999999999999,0.0,True,,1,0.0,-12361.02030413693
1943031107,2048,0.05,joint,30.25320047761895,0.25320047761895165,0.2501163436297551,0.99781065154668,0.1364143130296942,0.964700130275367,False,30.937499999999996,200,6.89149392201216e-05,7862.13479889598
1943031107,2048,0.05,marginal,90.0,60.00000000000001,0.984375,0.0625,0.9999999999999999,0.0,True,,1,0.0,-24733.682156235533
1943031107,2048,0.0725,joint,30.230409425169157,0.23040942516915808,0.2514201517502093,0.9999999999975762,0.13618763504614007,0.96874137479315,False,30.937499999999996,200,4.3545099288166966e-05,3273.1998976953805
1943031107,2048,0.0725,marginal,90.0,60.00000000000001,0.984375,0.0625,0.9999999999999999,0.0,True,,1,0.0,-24772.18021179561
1943031107,2048,0.1053,joint,30.177621117252436,0.17762111725243632,0.26731070793686323,0.9992645131426164,0.13574486912709216,0.9669063046537574,False,30.937499999999996,200,0.00041652743379927415,-1508.7468533418898
1943031107,2048,0.1053,marginal,90.0,60.00000000000001,0.984375,0.0625,0.9999999999999999,0.0,True,,1,0.0,-25095.207006871
1943031107,2048,0.1527,joint,30.149080031432884,0.14908003143288548,0.2923122206738454,0.9974885633291332,0.13553675730865455,0.9571194988389942,False,-30.937499999999996,200,0.0022350696426656214,-6753.8281927706785
1943031107,2048,0.1527,marginal,90.0,60.00000000000001,0.984375,0.0625,0.9999999999999999,0.0,True,,1,0.0,-25467.298612914266
1943031107,2048,0.2216,joint,30.222991973298356,0.22299197329835702,0.2576570491139013,0.9947412915878437,0.13621352828514932,0.9612010058560647,False,-30.937499999999996,200,0.0011551804582268232,-11480.315498541033
1943031107,2048,0.2216,marginal,90.0,60.00000000000001,0.984375,0.0625,0.9999999999999999,0.0,True,,1,0.0,-25465.72293152172
1943031107,2048,0.3215,joint,30.036907141562537,0.03690714156253882,0.3398153343022506,0.9998367181796599,0.13451621644122025,0.9563345493258208,False,-30.937499999999996,200,0.0034248994998051785,-15952.485667822639
1943031107,2048,0.3215,marginal,90.0,60.00000000000001,0.984375,0.0625,0.9999999999999999,0.0,True,,1,0.0,-25327.265700065927
1943031107,2048,0.4665,joint,30.4555571371867,0.45555713718670465,0.27249734178092155,0.9983062650800616,0.1389587836046421,0.9516951948225092,False,-30.937499999999996,200,0.008715817595657427,-19760.73712071751
1943031107,2048,0.4665,marginal,90.0,60.00000000000001,0.984375,0.0625,0.9999999999999999,0.0,True,,1,0.0,-25196.571606456222
1943031107,2048,0.6769,joint,30.376162852990245,0.37616285299024776,0.4749131869843099,0.9790260915162826,0.13970760451641406,0.9165260915162825,False,-30.937499999999996,200,0.006840829028078588,-22617.140635655
1943031107,2048,0.6769,marginal,90.0,60.00000000000001,0.984375,0.0625,0.9999999999999999,0.0,True,,1,0.0,-25207.333126787904
1943031107,2048,0.9821,joint,32.36700927830711,2.3670092783071137,0.5730378188566609,0.9582117741475107,0.16572215259457657,0.9043857841218728,False,-30.937499999999996,200,0.010876074338739272,-23760.57764973648
1943031107,2048,0.9821,marginal,90.0,60.00000000000001,0.984375,0.0625,0.9999999999999999,0.0,True,,1,0.0,-24674.05708887369
1943031107,2048,1.425,joint,32.31820371883551,2.3182037188355182,0.7772405315027959,0.7144430849310408,0.1682287680566117,0.8158432157349915,False,-30.937499999999996,200,0.006703427392494632,-24304.366559230493
1943031107,2048,1.425,marginal,90.0,60.00000000000001,0.984375,0.0625,0.9999999999999999,0.0,True,,1,0.0,-24461.73881917686
1943031107,2048,2.0676,joint,64.52836544526458,34.52836544526458,0.9384213936748913,0.2303498815000515,0.6250339475875004,0.37209373166622817,False,30.937499999999996,200,0.02251620146125788,-24447.445010973588
1943031107,2048,2.0676,marginal,90.0,60.00000000000001,0.984375,0.0625,0.9999999999999999,0.0,True,,1,0.0,-24456.487078972546
1943031107,2048,3.0,joint,89.76575249301877,59.765752493018766,0.9827304750161706,0.06881670572872348,0.993706214765092,0.05140701835980487,False,-143.4375,200,0.000803348324552644,-24687.479835020094
1943031107,2048,3.0,marginal,90.0,60.00000000000001,0.984375,0.0625,0.9999999999999999,0.0,True,,1,0.0,-24687.646736520124
1943031107,4096,0.05,joint,30.050235022228886,0.05023502222888766,0.31582223879407123,0.9999999994029707,0.1346395480994209,0.968551015279386,False,30.937499999999996,200,0.0008303645936393877,16007.307190312584
1943031107,4096,0.05,marginal,90.0,60.00000000000001,0.984375,0.0625,0.9999999999999999,0.0,True,,1,0.0,-48440.37245238843
1943031107,4096,0.0725,joint,30.086254733087177,0.08625473308717854,0.3012259109627052,0.9996911558183667,0.1349631781441999,0.9682263776173332,False,30.937499999999996,200,0.0009473599156990531,6513.576612487887
1943031107,4096,0.0725,marginal,90.0,60.00000000000001,0.984375,0.0625,0.9999999999999999,0.0,True,,1,0.0,-48891.2485583917
1943031107,4096,0.1053,joint,30.101363440825782,0.10136344082578372,0.3075386422744982,0.9997334192074144,0.13515222872287092,0.9655022875629912,False,30.937499999999996,200,0.0031133339311963937,-3212.150842835626
1943031107,4096,0.1053,marginal,90.0,60.00000000000001,0.984375,0.0625,0.9999999999999999,0.0,True,,1,0.0,-49340.670911989524
1943031107,4096,0.1527,joint,29.982158467465855,0.017841532534142567,0.3441518952470237,0.9994499470082406,0.13409476044625712,0.9636221753162169,False,-30.937499999999996,200,0.0038750451312807854,-12757.651206667437
1943031107,4096,0.1527,marginal,90.0,60.00000000000001,0.984375,0.0625,0.9999999999999999,0.0,True,,1,0.0,-49626.43041244555
1943031107,4096,0.2216,joint,30.169740116949125,0.16974011694912747,0.29837160487717684,0.9984945930251957,0.13590184450101694,0.959616105213907,False,-30.937499999999996,200,0.006549294172145892,-22398.195314986304
1943031107,4096,0.2216,marginal,90.0,60.00000000000001,0.984375,0.0625,0.9999999999999999,0.0,True,,1,0.0,-49599.201441508965
1943031107,4096,0.3215,joint,30.139855788032694,0.13985578803269735,0.343922927770319,0.9999501582568716,0.13547659973623372,0.9522054537130855,False,-30.937499999999996,200,0.00847824811717146,-31789.600022228853
1943031107,4096,0.3215,marginal,90.0,60.00000000000001,0.984375,0.0625,0.9999999999999999,0.0,True,,1,0.0,-49826.51361540017
1943031107,4096,0.4665,joint,30.083800103119245,0.08380010311924582,0.42881286480075864,0.9975052503138881,0.13585266087463388,0.9480459921629198,False,-30.937499999999996,200,0.010393713397206739,-39262.99501313348
1943031107,4096,0.4665,marginal,90.0,60.00000000000001,0.984375,0.0625,0.9999999999999999,0.0,True,,1,0.0,-50043.14417679921
1943031107,4096,0.6769,joint,29.912035921140742,0.08796407885925521,0.4901557085243896,0.9902638980010825,0.1340631636268036,0.9277638980010828,False,30.937499999999996,200,0.01281002450559754,-44717.62577526609
1943031107,4096,0.6769,marginal,90.0,60.00000000000001,0.984375,0.0625,0.9999999999999999,0.0,True,,1,0.0,-49681.48651360676
1943031107,4096,0.9821,joint,32.13432304816838,2.1343230481683833,0.6264535862929195,0.9456847434136921,0.16495434618582627,0.8893421796530616,False,-30.937499999999996,200,0.01853630255209282,-48033.07824242095
1943031107,4096,0.9821,marginal,90.0,60.00000000000001,0.984375,0.0625,0.9999999999999999,0.0,True,,1,0.0,-49595.07578797669
1943031107,4096,1.425,joint,35.856546079268185,5.8565460792681865,0.7615599075520499,0.7320218560641226,0.21930498884727923,0.7758541500710966,False,-30.937499999999996,200,0.02081177951185964,-48980.166224930275
1943031107,4096,1.425,marginal,90.0,60.00000000000001,0.984375,0.0625,0.9999999999999999,0.0,True,,1,0.0,-49242.33682253072
1943031107,4096,2.0676,joint,58.66367277584922,28.663672775849225,0.9348307422979143,0.24305459185409317,0.5404897216220901,0.40205985883754325,False,-30.937499999999996,200,0.04696411527402233,-49329.136341958074
1943031107,4096,2.0676,marginal,90.0,60.00000000000001,0.984375,0.0625,0.9999999999999999,0.0,True,,1,0.0,-49348.565247033344
1943031107,4096,3.0,joint,90.87195530421096,60.87195530421097,0.9838928483725223,0.06449345099343298,0.9842108223087184,0.04323758212080363,False,28.125000000000007,200,0.0010919772903434932,-49095.94838573463
1943031107,4096,3.0,marginal,90.0,60.00000000000001,0.984375,0.0625,0.9999999999999999,0.0,True,,1,0.0,-49096.1470994371
1580201974,32,0.05,joint,30.181249359695336,0.18124935969533842,0.2688923513554786,0.9999999999999999,0.1357357582923323,0.9687483825986447,False,-30.937499999999996,200,2.380378418820328e-07,153.24792306233226
1580201974,32,0.05,marginal,90.0,60.00000000000001,0.984375,0.0625,0.9999999999999999,0.0,True,,1,0.0,-401.3753549957954
1580201974,32,0.0725,joint,29.7401716821306,0.2598283178693964,0.42571673483462474,1.0000000000000002,0.13182313781013844,0.9687499957638268,False,-30.937499999999996,200,6.38760809579253e-07,52.05469625219487
1580201974,32,0.0725,marginal,90.0,60.00000000000001,0.984375,0.0625,0.9999999999999999,0.0,True,,1,0.0,-405.5030037706665
1580201974,32,0.1053,joint,29.65824345297552,0.3417565470244787,0.46046833296164763,1.0,0.13100812228990977,0.9657811698380097,False,-30.937499999999996,200,7.191903961256685e-06,28.551858437253593
1580201974,32,0.1053,marginal,90.0,60.00000000000001,0.984375,0.0625,0.9999999999999999,0.0,True,,1,0.0,-382.4537721668862
1580201974,32,0.1527,joint,30.468824081536688,0.46882408153668975,0.47797524815324754,0.9831122946805078,0.14110861940881114,0.9537925166708228,False,-30.937499999999996,200,6.272257706996243e-06,-103.77671813657244
1580201974,32,0.1527,marginal,90.0,60.00000000000001,0.984375,0.0625,0.9999999999999999,0.0,True,,1,0.0,-409.4946496563956
1580201974,32,0.2216,joint,29.8514905094003,0.14850949059969923,0.9554604535706307,0.9999999988779793,0.13003635762936272,0.9633348696290707,False,28.125000000000007,200,6.670588248880449e-05,-176.39537024099207
1580201974,32,0.2216,marginal,90.0,60.00000000000001,0.984375,0.0625,0.9999999999999999,0.0,True,,1,0.0,-407.305846118923
1580201974,32,0.3215,joint,29.701609210140653,0.2983907898593459,0.49951461570201794,0.9933819240343514,0.1293876368725112,0.9734115072032916,False,-30.937499999999996,200,4.700183293948612e-05,-250.53856563351795
1580201974,32,0.3215,marginal,90.0,60.00000000000001,0.984375,0.0625,0.9999999999999999,0.0,True,,1,0.0,-415.3067144609738
1580201974,32,0.4665,joint,36.86436225552555,6.864362255525549,0.4418925937206464,0.9284529369411789,0.2329589490280396,0.9416576381887012,False,-30.937499999999996,200,2.215725999121787e-05,-312.47615846965766
1580201974,32,0.4665,marginal,90.0,60.00000000000001,0.984375,0.0625,0.9999999999999999,0.0,True,,1,0.0,-405.3866630066406
1580201974,32,0.6769,joint,35.395019262220636,5.39501926222064,0.3839704629057344,0.7544222494147224,0.18859748469311866,0.939873818973086,False,30.937499999999996,200,0.0001563970059237363,-328.7977792694199
1580201974,32,0.6769,marginal,90.0,60.00000000000001,0.984375,0.0625,0.9999999999999999,0.0,True,,1,0.0,-372.8388366535797
1580201974,32,0.9821,joint,43.57913836498608,13.57913836498608,0.9026766853078427,0.7908965125530301,0.29560651148015493,0.923634786763542,False,-33.749999999999986,200,0.00018875219569736146,-348.57927833437697
1580201974,32,0.9821,marginal,90.0,60.00000000000001,0.984375,0.0625,0.9999999999999999,0.0,True,,1,0.0,-375.55817675985617
1580201974,32,1.425,joint,88.87594522074194,58.87594522074194,0.999672401099315,0.09214386977454796,0.9870749332094135,0.8475688492892268,False,-75.9375,200,0.0004298256234278597,-386.0196261444827
1580201974,32,1.425,marginal,90.0,60.00000000000001,0.984375,0.0625,0.9999999999999999,0.0,True,,1,0.0,-388.7531234923708
1580201974,32,2.0676,joint,104.15612449104258,74.15612449104259,0.9999907215538706,0.000423467720721941,0.7597294314600436,0.8456518709363122,False,-143.4375,200,0.0004962710629001776,-396.3252060078583
1580201974,32,2.0676,marginal,90.0,60.00000000000001,0.984375,0.0625,0.9999999999999999,0.0,True,,1,0.0,-397.88903721511866
1580201974,32,3.0,joint,100.81140271533711,70.81140271533712,0.99056660811052,0.04597891593440537,0.7552670519484147,0.4075422450636871,False,-87.1875,200,0.0005825618202948135,-382.3974911374723
1580201974,32,3.0,marginal,90.0,60.00000000000001,0.984375,0.0625,0.9999999999999999,0.0,True,,1,0.0,-382.55100924437113
1580201974,128,0.05,joint,29.526568395499435,0.47343160450056154,0.4217294852847217,0.9601621021012896,0.1303420440830898,0.9596606890873293,False,-30.937499999999996,200,5.350572052975622e-05,555.9373164451708
1580201974,128,0.05,marginal,90.0,60.00000000000001,0.984375,0.0625,0.9999999999999999,0.0,True,,1,0.0,-1549.8960750616475
1580201974,128,0.0725,joint,29.921604716773878,0.0783952832261207,0.3099040414473133,0.9749346937529528,0.13359794671551228,0.9597649420268788,False,-30.937499999999996,200,6.824817631922997e-05,217.54828742817338
1580201974,128,0.0725,marginal,90.0,60.00000000000001,0.984375,0.0625,0.9999999999999999,0.0,True,,1,0.0,-1592.7126266617583
1580201974,128,0.1053,joint,30.232411722710864,0.23241172271086546,0.44869571744448994,0.9670101744899404,0.1410683572625997,0.9453398126669759,False,-30.937499999999996,200,0.00016106711063201828,-63.55133380234667
1580201974,128,0.1053,marginal,90.0,60.00000000000001,0.984375,0.0625,0.9999999999999999,0.0,True,,1,0.0,-1594.5124158449084
1580201974,128,0.1527,joint,30.106761921346333,0.10676192134633443,0.3055414621238568,0.9999999994343509,0.13474066411006758,0.9736605400731213,False,-30.937499999999996,200,7.982142278706306e-05,-392.10584527761137
1580201974,128,0.1527,marginal,90.0,60.00000000000001,0.984375,0.0625,0.9999999999999999,0.0,True,,1,0.0,-1595.866576356028
1580201974,128,0.2216,joint,29.700773780484894,0.29922621951510286,0.41296421357215185,0.9944292528086474,0.13154377841376108,0.9544618141672301,False,-30.937499999999996,200,9.316497232703114e-05,-719.9295357429536
1580201974,128,0.2216,marginal,90.0,60.00000000000001,0.984375,0.0625,0.9999999999999999,0.0,True,,1,0.0,-1636.3969844388196
1580201974,128,0.3215,joint,29.40573866511778,0.594261334882217,0.7103115143348293,0.9890010425287368,0.1298448781573397,0.9442205235534129,False,28.125000000000007,200,0.00013310702979651978,-1019.0902822837102
1580201974,128,0.3215,marginal,90.0,60.00000000000001,0.984375,0.0625,0.9999999999999999,0.0,True,,1,0.0,-1645.4751161761537
1580201974,128,0.4665,joint,29.727131926161103,0.2728680738388929,0.4953678021590408,0.9969361354852881,0.13292588491414659,0.9587897148597458,False,-30.937499999999996,200,0.0009592196249741392,-1181.7269280011208
1580201974,128,0.4665,marginal,90.0,60.00000000000001,0.984375,0.0625,0.9999999999999999,0.0,True,,1,0.0,-1545.8816013197757
1580201974,128,0.6769,joint,33.54652326668213,3.546523266682131,0.6161978790697411,0.9429967741384906,0.18489844672426303,0.9176736723760908,False,28.125000000000007,200,0.001077567888842168,-1432.0942287399039
1580201974,128,0.6769,marginal,90.0,60.00000000000001,0.984375,0.0625,0.9999999999999999,0.0,True,,1,0.0,-1586.7258057401862
1580201974,128,0.9821,joint,44.19937184738116,14.199371847381158,0.790573709722062,0.6951011801415603,0.334503024226117,0.8155116670283397,False,28.125000000000007,200,0.0013969994145099918,-1440.6354311860841
1580201974,128,0.9821,marginal,90.0,60.00000000000001,0.984375,0.0625,0.9999999999999999,0.0,True,,1,0.0,-1484.5911180532328
1580201974,128,1.425,joint,59.826404016681025,29.826404016681032,0.9566505770379897,0.26574183569969334,0.5210988154000965,0.7426999439514573,False,22.5,200,0.0013229803748799895,-1527.4775669696105
1580201974,128,1.425,marginal,90.0,60.00000000000001,0.984375,0.0625,0.9999999999999999,0.0,True,,1,0.0,-1535.997427077881
1580201974,128,2.0676,joint,52.311942462388295,22.311942462388295,0.9190838148684537,0.2909341567168914,0.3987508084044692,0.6813380519054028,False,36.5625,200,0.002058889588170132,-1573.7555959413444
1580201974,128,2.0676,marginal,90.0,60.00000000000001,0.984375,0.0625,0.9999999999999999,0.0,True,,1,0.0,-1576.2467588882673
1580201974,128,3.0,joint,90.67893901191717,60.67893901191718,0.9807031908449859,0.08174978554815224,0.9955351537171953,0.1573951214218473,False,25.31249999999999,200,0.000445015970399254,-1551.2609570537757
1580201974,128,3.0,marginal,90.0,60.00000000000001,0.984375,0.0625,0.9999999999999999,0.0,True,,1,0.0,-1551.35880870894
1580201974,256,0.05,joint,30.39616369957884,0.3961636995788416,0.17099912018549687,0.995704358321436,0.13775587344618145,0.9644530031958058,False,-30.937499999999996,200,1.405497300766001e-06,989.4166216756639
1580201974,256,0.05,marginal,90.0,60.00000000000001,0.984375,0.0625,0.9999999999999999,0.0,True,,1,0.0,-3075.1670311457497
1580201974,256,0.0725,joint,30.29956893485207,0.29956893485206976,0.20800813319337846,0.9962784642462963,0.13671039445871924,0.9610917286503644,False,30.937499999999996,200,1.1156129289702221e-05,520.5343286364651
1580201974,256,0.0725,marginal,90.0,60.00000000000001,0.984375,0.0625,0.9999999999999999,0.0,True,,1,0.0,-3082.3396387219213
1580201974,256,0.1053,joint,30.366618915779494,0.3666189157794959,0.18850841520949654,0.9967717152822289,0.13736409772817715,0.960323883229961,False,-30.937499999999996,200,0.00011176291252468218,-213.760577475515
1580201974,256,0.1053,marginal,90.0,60.00000000000001,0.984375,0.0625,0.9999999999999999,0.0,True,,1,0.0,-3107.405650361513
1580201974,256,0.1527,joint,30.15382378944298,0.1538237894429831,0.2757799327508855,0.9910590819182619,0.13584013217614144,0.9565446056700098,False,-30.937499999999996,200,0.00013071969806333072,-810.5741958016154
1580201974,256,0.1527,marginal,90.0,60.00000000000001,0.984375,0.0625,0.9999999999999999,0.0,True,,1,0.0,-3146.282375804316
1580201974,256,0.2216,joint,30.424716585612977,0.424716585612979,0.22244712163548916,0.9585408193614615,0.1398544405580896,0.9552971973993565,False,30.937499999999996,200,0.00010927646144409664,-1426.160593242521
1580201974,256,0.2216,marginal,90.0,60.00000000000001,0.984375,0.0625,0.9999999999999999,0.0,True,,1,0.0,-3121.42325034045
1580201974,256,0.3215,joint,31.015114059566127,1.0151140595661274,0.20435464325810648,0.9818670963693132,0.1457263268920157,0.9390829842419893,False,30.937499999999996,200,0.0009873368958324136,-2010.0928680732097
1580201974,256,0.3215,marginal,90.0,60.00000000000001,0.984375,0.0625,0.9999999999999999,0.0,True,,1,0.0,-3227.3680341911086
1580201974,256,0.4665,joint,30.188066373639806,0.18806637363980858,0.5064480740990888,0.9909724022914272,0.1390121427712805,0.9419796254577435,False,30.937499999999996,200,0.0011604863752836536,-2480.459548895617
1580201974,256,0.4665,marginal,90.0,60.00000000000001,0.984375,0.0625,0.9999999999999999,0.0,True,,1,0.0,-3151.9724954348726
1580201974,256,0.6769,joint,30.707116452172098,0.7071164521721017,0.363483989441123,0.9245986756000126,0.14059353502515226,0.9321662535731227,False,-30.937499999999996,200,0.0022619531619056943,-2857.704607215084
1580201974,256,0.6769,marginal,90.0,60.00000000000001,0.984375,0.0625,0.9999999999999999,0.0,True,,1,0.0,-3274.464652473756
1580201974,256,0.9821,joint,38.1729466423458,8.1729466423458,0.7336587680862392,0.8157703705290604,0.24409228169947073,0.8359924419749292,False,33.749999999999986,200,0.0022035601145944383,-2997.598125384499
1580201974,256,0.9821,marginal,90.0,60.00000000000001,0.984375,0.0625,0.9999999999999999,0.0,True,,1,0.0,-3106.1459475800566
1580201974,256,1.425,joint,43.03362825105028,13.033628251050281,0.8035234969577787,0.6057944873281568,0.27921875432448395,0.7373483593244657,False,30.937499999999996,200,0.001557171098284016,-3028.5025171474026
1580201974,256,1.425,marginal,90.0,60.00000000000001,0.984375,0.0625,0.9999999999999999,0.0,True,,1,0.0,-3044.361108949235
1580201974,256,2.0676,joint,69.60256820371188,39.60256820371188,0.9295924903592029,0.2926215553049497,0.5786319835187301,0.6291615054720342,False,28.125000000000007,200,0.005386362327953975,-3016.847702703526
1580201974,256,2.0676,marginal,90.0,60.00000000000001,0.984375,0.0625,0.9999999999999999,0.0,True,,1,0.0,-3020.3393569066793
1580201974,256,3.0,joint,86.24849265706528,56.24849265706529,0.9857503581555238,0.05969485519498346,0.9539992900244191,0.14873404437138504,False,140.62499999999997,200,0.0008038869355004863,-3020.3509246043204
1580201974,256,3.0,marginal,90.0,60.00000000000001,0.984375,0.0625,0.9999999999999999,0.0,True,,1,0.0,-3020.5146124138964
1580201974,512,0.05,joint,30.052209541501224,0.0522095415012255,0.3230140351714825,0.9987511662350284,0.1346741276676645,0.9659525439919417,False,-30.937499999999996,200,0.00014472065822701552,1915.8453186475704
1580201974,512,0.05,marginal,90.0,60.00000000000001,0.984375,0.0625,0.9999999999999999,0.0,True,,1,0.0,-6023.556592282816
1580201974,512,0.0725,joint,29.936705387816737,0.06329461218326041,0.3558386306096408,0.9999999999999998,0.13366142804975556,0.9687496808939174,False,30.937499999999996,200,7.78274511503696e-07,976.8051593581513
1580201974,512,0.0725,marginal,90.0,60.00000000000001,0.984375,0.0625,0.9999999999999999,0.0,True,,1,0.0,-5960.419516958088
1580201974,512,0.1053,joint,29.971016694268833,0.02898330573116575,0.3759735321754568,0.9966297514787783,0.13399376370813065,0.9572498179945754,False,-30.937499999999996,200,0.00038560624852834735,-394.3262605393321
1580201974,512,0.1053,marginal,90.0,60.00000000000001,0.984375,0.0625,0.9999999999999999,0.0,True,,1,0.0,-6096.6912045264025
1580201974,512,0.1527,joint,29.847719980647792,0.15228001935220428,0.37465669522088796,0.9966108552537312,0.13293974100354666,0.9649727788307106,False,-30.937499999999996,200,0.00015606612646479334,-1758.386605385931
1580201974,512,0.1527,marginal,90.0,60.00000000000001,0.984375,0.0625,0.9999999999999999,0.0,True,,1,0.0,-6270.205438523725
1580201974,512,0.2216,joint,29.639159746285234,0.3608402537147655,0.463008332928454,0.9999999885934531,0.13109976011568936,0.9678087662637327,False,30.937499999999996,200,0.00027490006641528453,-2660.9575477705016
1580201974,512,0.2216,marginal,90.0,60.00000000000001,0.984375,0.0625,0.9999999999999999,0.0,True,,1,0.0,-6126.941004803324
1580201974,512,0.3215,joint,29.918736880384646,0.08126311961535186,0.4359067781785364,0.9947372569925436,0.1341969753691462,0.9553728856155868,False,-30.937499999999996,200,0.0009186931483782246,-3998.8062334298725
1580201974,512,0.3215,marginal,90.0,60.00000000000001,0.984375,0.0625,0.9999999999999999,0.0,True,,1,0.0,-6234.037524083889
1580201974,512,0.4665,joint,30.266499141236213,0.2664991412362148,0.44015304521953136,0.9641742752176544,0.14059694640290088,0.9088706932111308,False,-30.937499999999996,200,0.0013945939845143585,-4811.789085283428
1580201974,512,0.4665,marginal,90.0,60.00000000000001,0.984375,0.0625,0.9999999999999999,0.0,True,,1,0.0,-6084.297990316821
1580201974,512,0.6769,joint,30.65755606334714,0.6575560633471418,0.36265621066846737,0.9876035717895062,0.14260794735406135,0.935700901344449,False,-30.937499999999996,200,0.0030355087837961037,-5538.79761631849
1580201974,512,0.6769,marginal,90.0,60.00000000000001,0.984375,0.0625,0.9999999999999999,0.0,True,,1,0.0,-6238.387338342545
1580201974,512,0.9821,joint,33.35824067781871,3.358240677818715,0.7201579121176767,0.8466973841871857,0.18284550821616885,0.844052968871961,False,-28.125000000000007,200,0.0021247520517135854,-6025.376620410547
1580201974,512,0.9821,marginal,90.0,60.00000000000001,0.984375,0.0625,0.9999999999999999,0.0,True,,1,0.0,-6207.568745565715
1580201974,512,1.425,joint,45.64218992549646,15.642189925496464,0.8648048099946977,0.41839974056145646,0.366035139485279,0.7270164107774,False,-33.749999999999986,200,0.0032295535784214735,-6050.676955857742
1580201974,512,1.425,marginal,90.0,60.00000000000001,0.984375,0.0625,0.9999999999999999,0.0,True,,1,0.0,-6079.705178373025
1580201974,512,2.0676,joint,102.85471414848689,72.8547141484869,0.9494361965202236,0.1820449787010395,0.8666366055774544,0.44156547479952946,False,30.937499999999996,200,0.006202147352269094,-6175.870358258056
1580201974,512,2.0676,marginal,90.0,60.00000000000001,0.984375,0.0625,0.9999999999999999,0.0,True,,1,0.0,-6179.202915000242
1580201974,512,3.0,joint,96.52928275577317,66.52928275577317,0.9869243490595851,0.05280561034973139,0.9028863238698425,0.09259457334019369,False,-132.1875,200,0.0006994289069552906,-6065.204117348606
1580201974,512,3.0,marginal,90.0,60.00000000000001,0.984375,0.0625,0.9999999999999999,0.0,True,,1,0.0,-6065.350897960982
1580201974,1024,0.05,joint,29.884273561309925,0.11572643869007242,0.3744295066938601,0.9999999992128953,0.13320757748153744,0.9685494039027329,False,30.937499999999996,200,0.00014923971002644976,3956.917035506972
1580201974,1024,0.05,marginal,90.0,60.00000000000001,0.984375,0.0625,0.9999999999999999,0.0,True,,1,0.0,-12004.53287658203
1580201974,1024,0.0725,joint,29.734806200927814,0.2651937990721856,0.42762093388097966,0.9999999999606357,0.13192530369089672,0.9687150992860198,False,30.937499999999996,200,5.973104362055892e-05,1791.5523519392411
1580201974,1024,0.0725,marginal,90.0,60.00000000000001,0.984375,0.0625,0.9999999999999999,0.0,True,,1,0.0,-12109.396926750982
1580201974,1024,0.1053,joint,29.80706680054859,0.19293319945140897,0.4006220438112814,0.996442790961857,0.1326036601607231,0.9631629922194112,False,30.937499999999996,200,0.0008089136107400918,-747.770937414317
1580201974,1024,0.1053,marginal,90.0,60.00000000000001,0.984375,0.0625,0.9999999999999999,0.0,True,,1,0.0,-12196.276635254764
1580201974,1024,0.1527,joint,29.73971826042085,0.26028173957914535,0.47556437245427374,0.9987885150683953,0.1320396504822844,0.9566533208317496,False,30.937499999999996,200,0.0008033953135964111,-3151.312647232607
1580201974,1024,0.1527,marginal,90.0,60.00000000000001,0.984375,0.0625,0.9999999999999999,0.0,True,,1,0.0,-12193.571330102153
1580201974,1024,0.2216,joint,29.729163404587478,0.2708365954125205,0.46119990592977467,0.9992945564544441,0.1320859617419088,0.9594199715961763,False,30.937499999999996,200,0.0006346448999465792,-5662.515745000908
1580201974,1024,0.2216,marginal,90.0,60.00000000000001,0.984375,0.0625,0.9999999999999999,0.0,True,,1,0.0,-12397.097581141517
1580201974,1024,0.3215,joint,30.302331837835663,0.3023318378356641,0.4200830619866077,0.9884346156366071,0.1399804603553353,0.9402848144083282,False,30.937499999999996,200,0.0008767341314523946,-7811.691204207477
1580201974,1024,0.3215,marginal,90.0,60.00000000000001,0.984375,0.0625,0.9999999999999999,0.0,True,,1,0.0,-12317.907811267134
1580201974,1024,0.4665,joint,29.656874259903955,0.34312574009604285,0.5365704561019109,0.9982179197547063,0.1322460902637933,0.9357179197547061,False,-30.937499999999996,200,0.0017104464095609728,-9805.668647679226
1580201974,1024,0.4665,marginal,90.0,60.00000000000001,0.984375,0.0625,0.9999999999999999,0.0,True,,1,0.0,-12373.309571173231
1580201974,1024,0.6769,joint,30.877495514895333,0.8774955148953367,0.5679964543460662,0.971905387794719,0.14758108031541894,0.9152701702076579,False,30.937499999999996,200,0.004316564380133059,-11175.703828388045
1580201974,1024,0.6769,marginal,90.0,60.00000000000001,0.984375,0.0625,0.9999999999999999,0.0,True,,1,0.0,-12435.020770073832
1580201974,1024,0.9821,joint,33.19107079130652,3.1910707913065277,0.651268147692021,0.930689057510571,0.18142868845000104,0.8723134831881358,False,-30.937499999999996,200,0.005498908345543896,-11955.836966704775
1580201974,1024,0.9821,marginal,90.0,60.00000000000001,0.984375,0.0625,0.9999999999999999,0.0,True,,1,0.0,-12379.821734173065
1580201974,1024,1.425,joint,39.69468535438179,9.694685354381795,0.7971537144149259,0.7223897277872213,0.2722262698732687,0.7726585577568872,False,-28.125000000000007,200,0.007209652543679113,-12486.838042669486
1580201974,1024,1.425,marginal,90.0,60.00000000000001,0.984375,0.0625,0.9999999999999999,0.0,True,,1,0.0,-12554.785539277398
1580201974,1024,2.0676,joint,41.36288871131494,11.362888711314943,0.9003306138070519,0.40440993714618406,0.30240774565391204,0.6055200529486068,False,28.125000000000007,200,0.021056568977655843,-12255.556128825456
1580201974,1024,2.0676,marginal,90.0,60.00000000000001,0.984375,0.0625,0.9999999999999999,0.0,True,,1,0.0,-12266.856868282382
1580201974,1024,3.0,joint,83.38191620216979,53.3819162021698,0.9809732198833419,0.07480792434261538,0.9028460898395133,0.09049829350803484,False,-61.87499999999999,200,0.0010979259695886867,-12378.404405567318
1580201974,1024,3.0,marginal,90.0,60.00000000000001,0.984375,0.0625,0.9999999999999999,0.0,True,,1,0.0,-12378.628900623573
1580201974,2048,0.05,joint,30.127753782898278,0.12775378289828032,0.2884241527294583,0.9999504598871508,0.13530608640245145,0.9685114954544395,False,30.937499999999996,200,0.0003298218671261566,7934.7511195357765
1580201974,2048,0.05,marginal,90.0,60.00000000000001,0.984375,0.0625,0.9999999999999999,0.0,True,,1,0.0,-24935.031208858498
1580201974,2048,0.0725,joint,30.12975441328277,0.12975441328277537,0.2878809791076671,0.9999999966109859,0.1353233834159594,0.9684063067690866,False,30.937499999999996,200,0.0006075427140785905,3149.9030357784236
1580201974,2048,0.0725,marginal,90.0,60.00000000000001,0.984375,0.0625,0.9999999999999999,0.0,True,,1,0.0,-25162.95374156853
1580201974,2048,0.1053,joint,29.98879225592688,0.011207744073116678,0.33407053296280487,0.9989127915660789,0.13412378743809017,0.9676357542805848,False,30.937499999999996,200,0.000120235516305911,-1419.189474899924
1580201974,2048,0.1053,marginal,90.0,60.00000000000001,0.984375,0.0625,0.9999999999999999,0.0,True,,1,0.0,-25390.760270945768
1580201974,2048,0.1527,joint,30.09339435316373,0.09339435316373346,0.3032949971353397,0.999999044618278,0.13501508341541701,0.966414843286066,False,30.937499999999996,200,0.001693284185421362,-6704.14092076641
1580201974,2048,0.1527,marginal,90.0,60.00000000000001,0.984375,0.0625,0.9999999999999999,0.0,True,,1,0.0,-25469.00922402968
1580201974,2048,0.2216,joint,30.11243797695918,0.11243797695918,0.3744636012492696,0.9951397624893163,0.13527395016524213,0.9480428017738516,False,-30.937499999999996,200,0.0025032643643498886,-11758.643182954329
1580201974,2048,0.2216,marginal,90.0,60.00000000000001,0.984375,0.0625,0.9999999999999999,0.0,True,,1,0.0,-25561.980212402887
1580201974,2048,0.3215,joint,30.075903107148697,0.07590310714869883,0.32887600502845227,0.9991975537672775,0.13518486546141983,0.9654026769839794,False,-30.937499999999996,200,0.0027672744618030265,-15809.17811290189
1580201974,2048,0.3215,marginal,90.0,60.00000000000001,0.984375,0.0625,0.9999999999999999,0.0,True,,1,0.0,-25275.91112168303
1580201974,2048,0.4665,joint,30.30665490028265,0.3066549002826501,0.43119300375996006,0.9923822339286219,0.13855728466008088,0.9332148569863505,False,-30.937499999999996,200,0.006647389629506506,-19709.248572354893
1580201974,2048,0.4665,marginal,90.0,60.00000000000001,0.984375,0.0625,0.9999999999999999,0.0,True,,1,0.0,-25325.841836070493
1580201974,2048,0.6769,joint,31.36219168272448,1.3621916827244815,0.5277773389670635,0.9729109203862032,0.15183201398514823,0.9104109203862032,False,30.937499999999996,200,0.006296146599197527,-22585.170476896874
1580201974,2048,0.6769,marginal,90.0,60.00000000000001,0.984375,0.0625,0.9999999999999999,0.0,True,,1,0.0,-25108.44695502217
1580201974,2048,0.9821,joint,32.834147384454326,2.8341473844543312,0.6107577088505546,0.8999645144669388,0.169926484688374,0.8717387373361283,False,-30.937499999999996,200,0.007479911862901645,-23907.96793571385
1580201974,2048,0.9821,marginal,90.0,60.00000000000001,0.984375,0.0625,0.9999999999999999,0.0,True,,1,0.0,-24758.03457714274
1580201974,2048,1.425,joint,31.455054863098372,1.455054863098373,0.7078760814283298,0.8428691615666383,0.1543230937878728,0.8668016564637051,False,30.937499999999996,200,0.012467221404222073,-24191.009354354373
1580201974,2048,1.425,marginal,90.0,60.00000000000001,0.984375,0.0625,0.9999999999999999,0.0,True,,1,0.0,-24387.665533582523
1580201974,2048,2.0676,joint,53.41755659981029,23.41755659981029,0.9397134646417269,0.23894037022481754,0.48601438041441936,0.3905653449742684,False,-28.125000000000007,200,0.02102096769885975,-24515.31897622117
1580201974,2048,2.0676,marginal,90.0,60.00000000000001,0.984375,0.0625,0.9999999999999999,0.0,True,,1,0.0,-24524.664939823975
1580201974,2048,3.0,joint,89.23111643455519,59.23111643455518,0.9839564229053259,0.06401336514666035,0.9875940325818165,0.03780269077594908,False,53.43750000000002,200,0.0004297296727600042,-24616.60938558964
1580201974,2048,3.0,marginal,90.0,60.00000000000001,0.984375,0.0625,0.9999999999999999,0.0,True,,1,0.0,-24616.694068808105
1580201974,4096,0.05,joint,30.07349264069,0.07349264068999938,0.3085840301336107,0.9999470426478546,0.13485849199052413,0.9686675840170234,False,30.937499999999996,200,0.00019277149658591952,15873.59329202965
1580201974,4096,0.05,marginal,90.0,60.00000000000001,0.984375,0.0625,0.9999999999999999,0.0,True,,1,0.0,-50355.97681208937
1580201974,4096,0.0725,joint,30.08732131856095,0.08732131856095293,0.30233201596013975,0.9999999998802256,0.13495806062238913,0.9686996685940954,False,30.937499999999996,200,0.00030587794572056737,6424.88851302935
1580201974,4096,0.0725,marginal,90.0,60.00000000000001,0.984375,0.0625,0.9999999999999999,0.0,True,,1,0.0,-50841.8599656413
1580201974,4096,0.1053,joint,30.099793156979878,0.09979315697987894,0.3032777174410637,0.9999461206186,0.13510347009074586,0.9669086926671029,False,30.937499999999996,200,0.0016061980204540305,-3051.4118727064606
1580201974,4096,0.1053,marginal,90.0,60.00000000000001,0.984375,0.0625,0.9999999999999999,0.0,True,,1,0.0,-50968.95693507655
1580201974,4096,0.1527,joint,30.18816736753018,0.18816736753018426,0.2702746329092929,0.9998878355365596,0.13586218027872532,0.9676202864418058,False,30.937499999999996,200,0.0021122272719367174,-13251.627459742696
1580201974,4096,0.1527,marginal,90.0,60.00000000000001,0.984375,0.0625,0.9999999999999999,0.0,True,,1,0.0,-51334.91539957716
1580201974,4096,0.2216,joint,30.079137355791563,0.0791373557915649,0.3061443387017615,0.9999999981371392,0.13488906840199244,0.9681821078180627,False,30.937499999999996,200,0.002130730004864745,-22444.464208399346
1580201974,4096,0.2216,marginal,90.0,60.00000000000001,0.984375,0.0625,0.9999999999999999,0.0,True,,1,0.0,-50971.911665241445
1580201974,4096,0.3215,joint,30.02010007908147,0.020100079081470396,0.3839521069200488,0.9981883583009159,0.13470378920907822,0.9512121198200294,False,30.937499999999996,200,0.0042148195461777505,-31866.506981247563
1580201974,4096,0.3215,marginal,90.0,60.00000000000001,0.984375,0.0625,0.9999999999999999,0.0,True,,1,0.0,-51100.022781514774
1580201974,4096,0.4665,joint,30.107704613238496,0.10770461323849734,0.3594011924781134,0.9994520202746635,0.13542258057527434,0.9479579743944206,False,-30.937499999999996,200,0.012884423216746654,-39297.76181514206
1580201974,4096,0.4665,marginal,90.0,60.00000000000001,0.984375,0.0625,0.9999999999999999,0.0,True,,1,0.0,-50827.43318537365
1580201974,4096,0.6769,joint,30.225262475874867,0.22526247587486914,0.48631867451210165,0.9930670593196491,0.13863481954748336,0.9305670593196482,False,30.937499999999996,200,0.015329929236031603,-44699.619127186335
1580201974,4096,0.6769,marginal,90.0,60.00000000000001,0.984375,0.0625,0.9999999999999999,0.0,True,,1,0.0,-50116.7800449261
1580201974,4096,0.9821,joint,30.7093599741828,0.709359974182803,0.602681021478664,0.9514218873332986,0.14271993064900712,0.9088511111419952,False,-30.937499999999996,200,0.014922923757694662,-48003.299193966144
1580201974,4096,0.9821,marginal,90.0,60.00000000000001,0.984375,0.0625,0.9999999999999999,0.0,True,,1,0.0,-49765.61312733991
1580201974,4096,1.425,joint,31.67516041283529,1.6751604128352922,0.7638316327149064,0.7612867983771792,0.1625337349811682,0.8266972931823822,False,-30.937499999999996,200,0.016190355978324078,-49350.41253825974
1580201974,4096,1.425,marginal,90.0,60.00000000000001,0.984375,0.0625,0.9999999999999999,0.0,True,,1,0.0,-49676.2875651025
1580201974,4096,2.0676,joint,55.999711439279366,25.999711439279366,0.9377962968302478,0.2479821481795244,0.527890667938496,0.4139816395828134,False,-22.5,200,0.04907358530908823,-49355.9429080171
1580201974,4096,2.0676,marginal,90.0,60.00000000000001,0.984375,0.0625,0.9999999999999999,0.0,True,,1,0.0,-49375.97799839552
1580201974,4096,3.0,joint,86.50267058414569,56.50267058414568,0.9825044178308593,0.07012926876214914,0.9514866944799094,0.039309515667081775,False,-19.68750000000001,200,0.0009698345602373593,-49036.97444763641
1580201974,4096,3.0,marginal,90.0,60.00000000000001,0.984375,0.0625,0.9999999999999999,0.0,True,,1,0.0,-49037.17623831725
1078156454,32,0.05,joint,28.657804564192155,1.3421954358078418,0.5440823278517329,0.9666894696509014,0.12532893068424522,0.9609333621332521,False,28.125000000000007,200,4.530209309905331e-07,162.321237306674
1078156454,32,0.05,marginal,90.0,60.00000000000001,0.984375,0.0625,0.9999999999999999,0.0,True,,1,0.0,-289.1792809119871
1078156454,32,0.0725,joint,29.605291454963407,0.3947085450365903,0.3518820409242339,0.913350869150777,0.13154644151563888,0.9442775948167685,False,-30.937499999999996,200,0.00014611920297369352,59.34096670791269
1078156454,32,0.0725,marginal,90.0,60.00000000000001,0.984375,0.0625,0.9999999999999999,0.0,True,,1,0.0,-299.0255119756159
1078156454,32,0.1053,joint,29.65973464786684,0.34026535213315484,0.7121739070022105,0.9874058067090842,0.13285488426761405,0.9518039043527069,False,30.937499999999996,200,7.786943095311472e-05,23.893231164950702
1078156454,32,0.1053,marginal,90.0,60.00000000000001,0.984375,0.0625,0.9999999999999999,0.0,True,,1,0.0,-296.05126469110735
1078156454,32,0.1527,joint,30.337437578257283,0.33743757825728615,0.6483036061836309,0.9557356478710947,0.14047624250241997,0.9395906560014905,False,30.937499999999996,200,8.656859043298937e-05,-75.25228393641629
1078156454,32,0.1527,marginal,90.0,60.00000000000001,0.984375,0.0625,0.9999999999999999,0.0,True,,1,0.0,-313.7592677747916
1078156454,32,0.2216,joint,31.66974936099334,1.6697493609933423,0.39976939537320216,0.9517687419296461,0.16432620397358888,0.9372780960474887,False,30.937499999999996,200,3.527309741002682e-05,-144.71855545909375
1078156454,32,0.2216,marginal,90.0,60.00000000000001,0.984375,0.0625,0.9999999999999999,0.0,True,,1,0.0,-325.32746668871283
1078156454,32,0.3215,joint,30.12780943708955,0.12780943708955161,0.30499830101163006,0.9349166903097735,0.1380019019803127,0.9425133793620394,False,30.937499999999996,200,0.0001152396646091347,-234.64373947894987
1078156454,32,0.3215,marginal,90.0,60.00000000000001,0.984375,0.0625,0.9999999999999999,0.0,True,,1,0.0,-341.82387083448447
1078156454,32,0.4665,joint,37.64640846059655,7.646408460596552,0.8080128134171016,0.840954417199532,0.23854088449943056,0.9462930550931778,False,-33.749999999999986,200,8.09789407298922e-05,-306.53052261196615
1078156454,32,0.4665,marginal,90.0,60.00000000000001,0.984375,0.0625,0.9999999999999999,0.0,True,,1,0.0,-362.8918725698162
1078156454,32,0.6769,joint,38.4049227277984,8.404922727798404,0.7332227031738399,0.5673303907389394,0.2557908291012616,0.8819888563881828,False,-30.937499999999996,200,0.0002778157502234535,-320.7389085425316
1078156454,32,0.6769,marginal,90.0,60.00000000000001,0.984375,0.0625,0.9999999999999999,0.0,True,,1,0.0,-345.9864656172889
1078156454,32,0.9821,joint,56.43804203140396,26.43804203140396,0.8710002032620248,0.25421005269262054,0.48381035911213055,0.8368232380511084,False,30.937499999999996,200,0.00023276121658000193,-365.0271505160615
1078156454,32,0.9821,marginal,90.0,60.00000000000001,0.984375,0.0625,0.9999999999999999,0.0,True,,1,0.0,-375.8349715062644
1078156454,32,1.425,joint,106.30218129323588,76.30218129323588,0.9518279567171777,0.2332277051835455,0.5864895916934414,0.8499867872519564,False,-140.625,200,0.0003689084783218277,-386.6735668050643
1078156454,32,1.425,marginal,90.0,60.00000000000001,0.984375,0.0625,0.9999999999999999,0.0,True,,1,0.0,-390.6859562304074
1078156454,32,2.0676,joint,126.36924441291528,96.36924441291528,0.9999809272897345,0.0005426553990137577,0.54403469685449,0.7425695791915228,False,177.1875,200,0.0006134742181416186,-389.4469673242566
1078156454,32,2.0676,marginal,90.0,60.00000000000001,0.984375,0.0625,0.9999999999999999,0.0,True,,1,0.0,-390.5784667882731
1078156454,32,3.0,joint,119.39184697143557,89.39184697143558,0.9945979104725505,0.02235046090588691,0.5094740217176176,0.468191313328407,False,149.0625,200,0.0007794206268272319,-405.17198940511145
1078156454,32,3.0,marginal,90.0,60.00000000000001,0.984375,0.0625,0.9999999999999999,0.0,True,,1,0.0,-405.40006968007754
1078156454,128,0.05,joint,29.671126882706947,0.32887311729305047,0.42786911172694525,0.9999999999999999,0.13142532554458564,0.9608313494325673,False,-30.937499999999996,200,1.6212477589760965e-05,521.9695487235956
1078156454,128,0.05,marginal,90.0,60.00000000000001,0.984375,0.0625,0.9999999999999999,0.0,True,,1,0.0,-1502.4354474554168
1078156454,128,0.0725,joint,29.86212425395466,0.13787574604533787,0.424722036090074,0.9872350193878234,0.13309764806545465,0.9581929574606494,False,-30.937499999999996,200,0.0001224784334681317,162.16760703938797
1078156454,128,0.0725,marginal,90.0,60.00000000000001,0.984375,0.0625,0.9999999999999999,0.0,True,,1,0.0,-1551.9595510739891
1078156454,128,0.1053,joint,30.183981626091093,0.18398162609109361,0.40016748243716466,0.9999999955415194,0.13590789840135353,0.9571251567016996,False,30.937499999999996,200,7.35725067642079e-05,-118.7888381960488
1078156454,128,0.1053,marginal,90.0,60.00000000000001,0.984375,0.0625,0.9999999999999999,0.0,True,,1,0.0,-1538.1693824043832
1078156454,128,0.1527,joint,29.681544846240282,0.31845515375971467,0.5238894969052389,0.9984321005003682,0.13158472364999874,0.9420576277980401,False,30.937499999999996,200,0.00013404354149315623,-402.75818021365046
1078156454,128,0.1527,marginal,90.0,60.00000000000001,0.984375,0.0625,0.9999999999999999,0.0,True,,1,0.0,-1541.561498464499
1078156454,128,0.2216,joint,30.08480185734212,0.08480185734212348,0.6326344545375319,0.9577950190794501,0.1390766730967209,0.9334993241846803,False,-28.125000000000007,200,0.00034135320493078325,-661.0360031626221
1078156454,128,0.2216,marginal,90.0,60.00000000000001,0.984375,0.0625,0.9999999999999999,0.0,True,,1,0.0,-1516.1113057958048
1078156454,128,0.3215,joint,30.299076663777743,0.2990766637777464,0.6178871299117505,0.9465214027886089,0.142768697691537,0.9240299018584649,False,28.125000000000007,200,0.0007595724445081942,-974.3920784030155
1078156454,128,0.3215,marginal,90.0,60.00000000000001,0.984375,0.0625,0.9999999999999999,0.0,True,,1,0.0,-1542.3751721792592
1078156454,128,0.4665,joint,31.042563269316393,1.0425632693163935,0.14591180412364932,0.9596324843293046,0.1466719416144302,0.9422838398532801,False,30.937499999999996,200,0.001046013565883186,-1208.1394612125287
1078156454,128,0.4665,marginal,90.0,60.00000000000001,0.984375,0.0625,0.9999999999999999,0.0,True,,1,0.0,-1523.0388585669152
1078156454,128,0.6769,joint,29.96300419102953,0.036995808970468405,0.6847856478169605,0.9751293983422487,0.13738447695100442,0.9159652255691835,False,-28.125000000000007,200,0.0002632985340369487,-1425.2101462182645
1078156454,128,0.6769,marginal,90.0,60.00000000000001,0.984375,0.0625,0.9999999999999999,0.0,True,,1,0.0,-1592.012282036686
1078156454,128,0.9821,joint,32.312296476231595,2.3122964762316,0.8054269506239433,0.8396822812689768,0.17330320518115994,0.8822467702794873,False,-25.31249999999999,200,0.0006116722074693826,-1517.681902368592
1078156454,128,0.9821,marginal,90.0,60.00000000000001,0.984375,0.0625,0.9999999999999999,0.0,True,,1,0.0,-1588.9615717399356
1078156454,128,1.425,joint,54.33449931035347,24.334499310353472,0.6581481846159518,0.7251051786012594,0.4680549335026757,0.8287464996831628,False,30.937499999999996,200,0.0013145534005616355,-1592.7846527263812
1078156454,128,1.425,marginal,90.0,60.00000000000001,0.984375,0.0625,0.9999999999999999,0.0,True,,1,0.0,-1610.860384699666
1078156454,128,2.0676,joint,41.31097202467241,11.310972024672413,0.8746531728889153,0.5119425535941742,0.30770355136617555,0.7348663342027368,False,25.31249999999999,200,0.0025093219337577466,-1435.6992124049882
1078156454,128,2.0676,marginal,90.0,60.00000000000001,0.984375,0.0625,0.9999999999999999,0.0,True,,1,0.0,-1438.8319317142343
1078156454,128,3.0,joint,112.04485279627436,82.04485279627437,0.9913788147526299,0.03375126468937,0.719235930741672,0.23430707920331983,False,174.37500000000003,200,0.0009934061736203148,-1482.3256785346157
1078156454,128,3.0,marginal,90.0,60.00000000000001,0.984375,0.0625,0.9999999999999999,0.0,True,,1,0.0,-1482.5567429632847
1078156454,256,0.05,joint,30.0544480719331,0.05444807193309984,0.31399694307908554,0.9999999999999996,0.13467364950831018,0.9687385377128301,False,-30.937499999999996,200,5.993568493067869e-06,989.4823350367157
1078156454,256,0.05,marginal,90.0,60.00000000000001,0.984375,0.0625,0.9999999999999999,0.0,True,,1,0.0,-3171.083314009813
1078156454,256,0.0725,joint,30.05766064922945,0.057660649229451445,0.31283181917735847,1.0,0.13470272502007474,0.9687499548441573,False,-30.937499999999996,200,7.370704224740621e-08,480.98063153165344
1078156454,256,0.0725,marginal,90.0,60.00000000000001,0.984375,0.0625,0.9999999999999999,0.0,True,,1,0.0,-3207.813024385162
1078156454,256,0.1053,joint,30.06283610549466,0.06283610549466205,0.33330677877242765,0.9933473289880596,0.13478702239173979,0.9609187507256574,False,-30.937499999999996,200,0.00013511011178479748,-137.63742082637378
1078156454,256,0.1053,marginal,90.0,60.00000000000001,0.984375,0.0625,0.9999999999999999,0.0,True,,1,0.0,-3274.8109348601906
1078156454,256,0.1527,joint,31.019111974201724,1.0191119742017263,0.23326159002444563,0.9915162453592193,0.14714133403095853,0.9578187636239784,False,-30.937499999999996,200,0.00016876261838660866,-807.402147369977
1078156454,256,0.1527,marginal,90.0,60.00000000000001,0.984375,0.0625,0.9999999999999999,0.0,True,,1,0.0,-3232.5228141883144
1078156454,256,0.2216,joint,30.586627752671937,0.5866277526719399,0.12491988276209468,0.9999999999970018,0.13923452059006702,0.9686673336127086,False,-30.937499999999996,200,0.00012323588453000411,-1358.1056213224372
1078156454,256,0.2216,marginal,90.0,60.00000000000001,0.984375,0.0625,0.9999999999999999,0.0,True,,1,0.0,-3182.599896724643
1078156454,256,0.3215,joint,30.07980163850751,0.07980163850751301,0.3620340449996442,0.9888197840208737,0.1351112584074946,0.9603456943613198,False,30.937499999999996,200,0.00014219080685506924,-1957.4634623928096
1078156454,256,0.3215,marginal,90.0,60.00000000000001,0.984375,0.0625,0.9999999999999999,0.0,True,,1,0.0,-3235.1043178746527
1078156454,256,0.4665,joint,31.04580991797984,1.0458099179798448,0.43739871765341143,0.9846451384346477,0.14921217812927523,0.9540998367056852,False,-30.937499999999996,200,0.00019693087278938037,-2366.4908803274307
1078156454,256,0.4665,marginal,90.0,60.00000000000001,0.984375,0.0625,0.9999999999999999,0.0,True,,1,0.0,-3229.1909921463757
1078156454,256,0.6769,joint,33.015229437219475,3.0152294372194777,0.8105844245884322,0.8338189812239991,0.17840784047808678,0.8801857770236352,False,-28.125000000000007,200,0.001081299667021085,-2792.9677218104207
1078156454,256,0.6769,marginal,90.0,60.00000000000001,0.984375,0.0625,0.9999999999999999,0.0,True,,1,0.0,-3110.8941152846337
1078156454,256,0.9821,joint,32.5853777333847,2.585377733384703,0.6416741310601859,0.9177967107757772,0.1702923344356323,0.8807215758486174,False,-28.125000000000007,200,0.002373314211581601,-2993.3322650594355
1078156454,256,0.9821,marginal,90.0,60.00000000000001,0.984375,0.0625,0.9999999999999999,0.0,True,,1,0.0,-3112.740496532537
1078156454,256,1.425,joint,31.140381250934286,1.1403812509342868,0.616886800014832,0.9357437161049562,0.1499299507757953,0.8883386200167935,False,30.937499999999996,200,0.002510651005195541,-3059.637619120746
1078156454,256,1.425,marginal,90.0,60.00000000000001,0.984375,0.0625,0.9999999999999999,0.0,True,,1,0.0,-3095.0529183095714
1078156454,256,2.0676,joint,63.995944897470096,33.9959448974701,0.9942407224943717,0.03758469124534923,0.5881575910901915,0.5415933342495322,False,16.874999999999993,200,0.005175043212602759,-3130.93019103564
1078156454,256,2.0676,marginal,90.0,60.00000000000001,0.984375,0.0625,0.9999999999999999,0.0,True,,1,0.0,-3133.9274833705413
1078156454,256,3.0,joint,89.78883667453533,59.78883667453535,0.983123966558194,0.06956707973093025,0.9890158989448431,0.12561483767426154,False,104.0625,200,0.000544515795809275,-3156.403467603838
1078156454,256,3.0,marginal,90.0,60.00000000000001,0.984375,0.0625,0.9999999999999999,0.0,True,,1,0.0,-3156.517651596416
1078156454,512,0.05,joint,30.055090467783756,0.055090467783759076,0.3147157545330338,0.9976902170873013,0.134714069445251,0.9644695419159401,False,-30.937499999999996,200,0.0002896336516187148,1985.0413062568207
1078156454,512,0.05,marginal,90.0,60.00000000000001,0.984375,0.0625,0.9999999999999999,0.0,True,,1,0.0,-6197.017838492729
1078156454,512,0.0725,joint,30.21678554339082,0.21678554339082376,0.3416952983025139,0.9981862670647652,0.1373401509075124,0.9614351853854862,False,30.937499999999996,200,0.0003544905500802997,894.8140623645633
1078156454,512,0.0725,marginal,90.0,60.00000000000001,0.984375,0.0625,0.9999999999999999,0.0,True,,1,0.0,-6190.836225596215
1078156454,512,0.1053,joint,29.972056248556086,0.02794375144391179,0.36854404720821765,0.999728328447916,0.13397362672128788,0.960430664648888,False,-30.937499999999996,200,0.00021536119317033808,-296.600997272827
1078156454,512,0.1053,marginal,90.0,60.00000000000001,0.984375,0.0625,0.9999999999999999,0.0,True,,1,0.0,-6262.448165839055
1078156454,512,0.1527,joint,30.407844579401917,0.40784457940191887,0.19172813111213938,0.9890529139601696,0.13783021847571575,0.9481831943509207,False,-30.937499999999996,200,0.0011691997701746004,-1560.542748960353
1078156454,512,0.1527,marginal,90.0,60.00000000000001,0.984375,0.0625,0.9999999999999999,0.0,True,,1,0.0,-6193.870365310254
1078156454,512,0.2216,joint,30.01736927292478,0.017369272924780126,0.45275401663115367,0.9936227773522687,0.13462221417852172,0.946726707497133,False,30.937499999999996,200,0.00033164232036142494,-2905.7854624495867
1078156454,512,0.2216,marginal,90.0,60.00000000000001,0.984375,0.0625,0.9999999999999999,0.0,True,,1,0.0,-6406.080167278029
1078156454,512,0.3215,joint,30.384856312875105,0.3848563128751062,0.3842218851089291,0.9960656134767715,0.13964009401304533,0.9540489053183013,False,-30.937499999999996,200,0.000851108916776866,-3924.913548684994
1078156454,512,0.3215,marginal,90.0,60.00000000000001,0.984375,0.0625,0.9999999999999999,0.0,True,,1,0.0,-6305.351924474011
1078156454,512,0.4665,joint,30.296841996393333,0.29684199639333425,0.4061740942980118,0.9782187006912715,0.14063759479157234,0.9304832919901258,False,30.937499999999996,200,0.000906665040020016,-4757.977025737735
1078156454,512,0.4665,marginal,90.0,60.00000000000001,0.984375,0.0625,0.9999999999999999,0.0,True,,1,0.0,-6161.297243375677
1078156454,512,0.6769,joint,32.34246523238057,2.3424652323805697,0.504661304561288,0.9199701094851407,0.16581491785485236,0.8877639146872895,False,-30.937499999999996,200,0.0030365340171556454,-5582.225388682238
1078156454,512,0.6769,marginal,90.0,60.00000000000001,0.984375,0.0625,0.9999999999999999,0.0,True,,1,0.0,-6190.21815275391
1078156454,512,0.9821,joint,32.388619121625645,2.3886191216256463,0.5683112897189058,0.9452996526824873,0.16616084496344385,0.8995628361783081,False,-30.937499999999996,200,0.002751617073045054,-5948.171076121668
1078156454,512,0.9821,marginal,90.0,60.00000000000001,0.984375,0.0625,0.9999999999999999,0.0,True,,1,0.0,-6179.687203143472
1078156454,512,1.425,joint,37.615796519431214,7.615796519431215,0.7539031541820955,0.6979762190014556,0.2436878596531934,0.7748634685942914,False,33.749999999999986,200,0.003536837534738879,-6251.4090900934625
1078156454,512,1.425,marginal,90.0,60.00000000000001,0.984375,0.0625,0.9999999999999999,0.0,True,,1,0.0,-6292.595877760997
1078156454,512,2.0676,joint,74.14612499660095,44.146124996600946,0.9774226210671044,0.08554625447635014,0.7793380527773689,0.2531094982468733,False,-36.5625,200,0.0028434403266146546,-6215.33351005146
1078156454,512,2.0676,marginal,90.0,60.00000000000001,0.984375,0.0625,0.9999999999999999,0.0,True,,1,0.0,-6216.442610957578
1078156454,512,3.0,joint,82.93862981554443,52.93862981554443,0.9803122939484601,0.07890751213837982,0.8663483240385179,0.10902628989636935,False,-28.125000000000007,200,0.0009368018672830658,-6050.878482415217
1078156454,512,3.0,marginal,90.0,60.00000000000001,0.984375,0.0625,0.9999999999999999,0.0,True,,1,0.0,-6051.073003275651
1078156454,1024,0.05,joint,30.20522341889976,0.20522341889976084,0.2603973670626124,0.9999999999583131,0.13595426920363674,0.9687330104337277,False,30.937499999999996,200,3.0467213946394622e-05,4261.238123868501
1078156454,1024,0.05,marginal,90.0,60.00000000000001,0.984375,0.0625,0.9999999999999999,0.0,True,,1,0.0,-12270.890453305388
1078156454,1024,0.0725,joint,30.32959974500971,0.32959974500970957,0.23115039536673765,0.995346280107008,0.13706850761930278,0.9634891917861825,False,30.937499999999996,200,0.00038124904813230387,1628.2363423542074
1078156454,1024,0.0725,marginal,90.0,60.00000000000001,0.984375,0.0625,0.9999999999999999,0.0,True,,1,0.0,-12467.990282330195
1078156454,1024,0.1053,joint,30.112043512803144,0.11204351280314567,0.29369301480147525,0.9999999999793493,0.13516002039658237,0.9686509143286521,False,30.937499999999996,200,0.00011838324985546933,-597.6317887167479
1078156454,1024,0.1053,marginal,90.0,60.00000000000001,0.984375,0.0625,0.9999999999999999,0.0,True,,1,0.0,-12490.522865834064
1078156454,1024,0.1527,joint,30.15501437908335,0.1550143790833546,0.29610071112452735,0.999607098640841,0.13581431424416124,0.9682588019938057,False,-30.937499999999996,200,0.00015829765834496357,-3142.1578113961104
1078156454,1024,0.1527,marginal,90.0,60.00000000000001,0.984375,0.0625,0.9999999999999999,0.0,True,,1,0.0,-12511.159658553886
1078156454,1024,0.2216,joint,30.119999623356136,0.11999962335613727,0.32663979601686965,0.998059149493182,0.13570364986195727,0.9647478591703756,False,30.937499999999996,200,0.000884348343788588,-5739.932893643837
1078156454,1024,0.2216,marginal,90.0,60.00000000000001,0.984375,0.0625,0.9999999999999999,0.0,True,,1,0.0,-12719.567431419584
1078156454,1024,0.3215,joint,30.357075871315708,0.35707587131571145,0.2405437819283781,0.9986242220203254,0.13766095469830986,0.9653717220349269,False,30.937499999999996,200,0.0012332090354902903,-7725.384097254822
1078156454,1024,0.3215,marginal,90.0,60.00000000000001,0.984375,0.0625,0.9999999999999999,0.0,True,,1,0.0,-12408.192445915183
1078156454,1024,0.4665,joint,30.672284068846725,0.6722840688467265,0.29919850397509645,0.9920956659515052,0.14322828435558244,0.9528630925708546,False,30.937499999999996,200,0.003663529378172825,-9739.55221016474
1078156454,1024,0.4665,marginal,90.0,60.00000000000001,0.984375,0.0625,0.9999999999999999,0.0,True,,1,0.0,-12638.65658878599
1078156454,1024,0.6769,joint,30.8138389604651,0.8138389604651033,0.41743232564321503,0.9824547175439158,0.14474667339885938,0.9341284077665241,False,30.937499999999996,200,0.0037878537877986673,-11192.24207370628
1078156454,1024,0.6769,marginal,90.0,60.00000000000001,0.984375,0.0625,0.9999999999999999,0.0,True,,1,0.0,-12434.190100110101
1078156454,1024,0.9821,joint,33.02406325510232,3.024063255102323,0.6401427675648326,0.9118954693866408,0.1763357459699143,0.8704929250214375,False,30.937499999999996,200,0.003960967713283026,-11957.264430261717
1078156454,1024,0.9821,marginal,90.0,60.00000000000001,0.984375,0.0625,0.9999999999999999,0.0,True,,1,0.0,-12392.394629508724
1078156454,1024,1.425,joint,33.638658342684266,3.6386583426842667,0.7797391738682269,0.7203600834479731,0.19774415906944387,0.7568354269717276,False,28.125000000000007,200,0.005544627445488004,-12287.17400483843
1078156454,1024,1.425,marginal,90.0,60.00000000000001,0.984375,0.0625,0.9999999999999999,0.0,True,,1,0.0,-12365.32383749726
1078156454,1024,2.0676,joint,74.94548193800175,44.94548193800175,0.9430609880451664,0.2153071813812446,0.7619025294815869,0.31767690953988814,False,28.125000000000007,200,0.01008562407878344,-12314.955691926578
1078156454,1024,2.0676,marginal,90.0,60.00000000000001,0.984375,0.0625,0.9999999999999999,0.0,True,,1,0.0,-12318.327427613358
1078156454,1024,3.0,joint,84.80048564002915,54.80048564002915,0.9821952092201163,0.07064941265101207,0.9082228348915727,0.06651570138134005,False,-67.5,200,0.0006643620836257469,-12221.973990923807
1078156454,1024,3.0,marginal,90.0,60.00000000000001,0.984375,0.0625,0.9999999999999999,0.0,True,,1,0.0,-12222.109844144314
1078156454,2048,0.05,joint,30.06039286803946,0.06039286803946498,0.31186033503429095,0.9999999999999989,0.13472514240218236,0.9687496231181678,False,30.937499999999996,200,3.315373760415241e-06,8234.185801552369
1078156454,2048,0.05,marginal,90.0,60.00000000000001,0.984375,0.0625,0.9999999999999999,0.0,True,,1,0.0,-24946.34248904496
1078156454,2048,0.0725,joint,30.157093047505057,0.15709304750506034,0.2719230279652133,0.9986113450515843,0.13558815324652962,0.9673601071964331,False,30.937499999999996,200,7.727345746388892e-06,3497.1395337013887
1078156454,2048,0.0725,marginal,90.0,60.00000000000001,0.984375,0.0625,0.9999999999999999,0.0,True,,1,0.0,-25092.465635375833
1078156454,2048,0.1053,joint,30.098414230975486,0.09841423097548886,0.29834163408281883,0.9999999999433934,0.1350537183532684,0.9687482187874839,False,30.937499999999996,200,1.189901149700745e-05,-1417.8062092703776
1078156454,2048,0.1053,marginal,90.0,60.00000000000001,0.984375,0.0625,0.9999999999999999,0.0,True,,1,0.0,-25352.656981665437
1078156454,2048,0.1527,joint,30.01594495764823,0.01594495764823166,0.32434495467368585,0.9990958233690601,0.13437482099671905,0.9678091702569589,False,-30.937499999999996,200,0.0001461376532461145,-6318.216001142564
1078156454,2048,0.1527,marginal,90.0,60.00000000000001,0.984375,0.0625,0.9999999999999999,0.0,True,,1,0.0,-25348.960522933132
1078156454,2048,0.2216,joint,30.09146225555163,0.09146225555163301,0.3011203300135641,0.9999998053912527,0.1349909893130844,0.968489716477611,False,-30.937499999999996,200,0.0005159406609891448,-11452.178625234355
1078156454,2048,0.2216,marginal,90.0,60.00000000000001,0.984375,0.0625,0.9999999999999999,0.0,True,,1,0.0,-25474.37931688324
1078156454,2048,0.3215,joint,30.147049983508936,0.14704998350893747,0.2873085223382147,0.9935959457274974,0.13603778676917666,0.950987612791677,False,-30.937499999999996,200,0.0032209963701461675,-15822.036712787256
1078156454,2048,0.3215,marginal,90.0,60.00000000000001,0.984375,0.0625,0.9999999999999999,0.0,True,,1,0.0,-25353.79927543686
1078156454,2048,0.4665,joint,30.02281718500079,0.022817185000791315,0.47588224485371644,0.9959255058695062,0.13526157849352904,0.9447073049641628,False,-30.937499999999996,200,0.0036404763523023576,-19566.630868481145
1078156454,2048,0.4665,marginal,90.0,60.00000000000001,0.984375,0.0625,0.9999999999999999,0.0,True,,1,0.0,-25141.947704333375
1078156454,2048,0.6769,joint,29.80245696333136,0.19754303666863907,0.4760028049535534,0.9964959732962259,0.13297083878790072,0.933995973296226,False,-30.937499999999996,200,0.009548162259306991,-22520.48851801986
1078156454,2048,0.6769,marginal,90.0,60.00000000000001,0.984375,0.0625,0.9999999999999999,0.0,True,,1,0.0,-25124.13753389151
1078156454,2048,0.9821,joint,30.220988182398205,0.22098818239820803,0.6499889232969043,0.9210936101530223,0.1384190196646693,0.8913221395157407,False,-30.937499999999996,200,0.005031078988395166,-24090.316142624513
1078156454,2048,0.9821,marginal,90.0,60.00000000000001,0.984375,0.0625,0.9999999999999999,0.0,True,,1,0.0,-25017.86096823751
1078156454,2048,1.425,joint,34.649912668592926,4.649912668592929,0.744636557563517,0.7639512516729584,0.20312956033971163,0.8143669597426912,False,30.937499999999996,200,0.01027045138835092,-24534.707275761277
1078156454,2048,1.425,marginal,90.0,60.00000000000001,0.984375,0.0625,0.9999999999999999,0.0,True,,1,0.0,-24685.40792576233
1078156454,2048,2.0676,joint,72.76059091125784,42.76059091125784,0.9460673046816306,0.213679846253636,0.6892720694650372,0.3295374209227262,False,-28.125000000000007,200,0.020421929573785746,-24875.47061640769
1078156454,2048,2.0676,marginal,90.0,60.00000000000001,0.984375,0.0625,0.9999999999999999,0.0,True,,1,0.0,-24882.8615369799
1078156454,2048,3.0,joint,87.15018278867728,57.15018278867728,0.9825133002222509,0.06977564564788954,0.9584072357712657,0.04497807236209446,False,-28.125000000000007,200,0.0006675846816506237,-24529.082462621438
1078156454,2048,3.0,marginal,90.0,60.00000000000001,0.984375,0.0625,0.9999999999999999,0.0,True,,1,0.0,-24529.213627579324
1078156454,4096,0.05,joint,29.985779887072788,0.014220112927209769,0.34025470647309786,0.9999999997338688,0.13408679376635446,0.9678005984477501,False,30.937499999999996,200,0.0011513446879689582,16407.210439656035
1078156454,4096,0.05,marginal,90.0,60.00000000000001,0.984375,0.0625,0.9999999999999999,0.0,True,,1,0.0,-48670.559272866696
1078156454,4096,0.0725,joint,29.971821189970992,0.028178810029004322,0.3439390218495875,0.9999999996729213,0.13396348583793516,0.968436481835169,False,30.937499999999996,200,0.0009629349597162218,6889.955158607698
1078156454,4096,0.0725,marginal,90.0,60.00000000000001,0.984375,0.0625,0.9999999999999999,0.0,True,,1,0.0,-49016.71790295568
1078156454,4096,0.1053,joint,30.004268436152966,0.004268436152968104,0.3281002402052737,0.999160475502889,0.13426036084536597,0.9661859025721165,False,30.937499999999996,200,0.001503411052908632,-3146.0382747735694
1078156454,4096,0.1053,marginal,90.0,60.00000000000001,0.984375,0.0625,0.9999999999999999,0.0,True,,1,0.0,-49661.87299497893
1078156454,4096,0.1527,joint,30.00662474349958,0.006624743499581577,0.3372042138510465,0.9998609137745317,0.13430862889631456,0.966118208640461,False,30.937499999999996,200,0.0023394957461277954,-12838.772027870575
1078156454,4096,0.1527,marginal,90.0,60.00000000000001,0.984375,0.0625,0.9999999999999999,0.0,True,,1,0.0,-49622.446663340976
1078156454,4096,0.2216,joint,30.029341667268636,0.029341667268636424,0.3264499545111095,0.9999999159987084,0.1344619596093919,0.966680640776145,False,-30.937499999999996,200,0.00412798672914505,-22628.138532178356
1078156454,4096,0.2216,marginal,90.0,60.00000000000001,0.984375,0.0625,0.9999999999999999,0.0,True,,1,0.0,-50047.070890337
1078156454,4096,0.3215,joint,29.97667686068272,0.023323139317279154,0.36657437355469347,0.999839278314355,0.1340503003182303,0.9558499692764819,False,30.937499999999996,200,0.007493424844142282,-31510.808167249023
1078156454,4096,0.3215,marginal,90.0,60.00000000000001,0.984375,0.0625,0.9999999999999999,0.0,True,,1,0.0,-50240.0292102415
1078156454,4096,0.4665,joint,30.04694445112254,0.046944451122541225,0.37383617034822403,0.9988960349077135,0.1349636488398639,0.9532866598561255,False,30.937499999999996,200,0.012598184861417394,-38405.19707574906
1078156454,4096,0.4665,marginal,90.0,60.00000000000001,0.984375,0.0625,0.9999999999999999,0.0,True,,1,0.0,-49317.676817903026
1078156454,4096,0.6769,joint,30.381146333742517,0.3811463337425212,0.520834672768055,0.988481608688835,0.14093796987740803,0.9259816086888351,False,30.937499999999996,200,0.014376877028553281,-44382.03037777854
1078156454,4096,0.6769,marginal,90.0,60.00000000000001,0.984375,0.0625,0.9999999999999999,0.0,True,,1,0.0,-49473.93386254215
1078156454,4096,0.9821,joint,30.801069535782222,0.801069535782226,0.6045142377126868,0.9486521398518847,0.14469640825020547,0.9056942242735085,False,30.937499999999996,200,0.014099184787482955,-47514.002730387074
1078156454,4096,0.9821,marginal,90.0,60.00000000000001,0.984375,0.0625,0.9999999999999999,0.0,True,,1,0.0,-49244.08250854732
1078156454,4096,1.425,joint,31.1410252378195,1.1410252378195005,0.7526457418212495,0.7710103984668789,0.15202832178081593,0.8320907664475474,False,-30.937499999999996,200,0.01533184462459758,-48815.41731951255
1078156454,4096,1.425,marginal,90.0,60.00000000000001,0.984375,0.0625,0.9999999999999999,0.0,True,,1,0.0,-49145.316542188346
1078156454,4096,2.0676,joint,52.619589284920146,22.619589284920146,0.9161448728468586,0.3254634562543065,0.47036630758020403,0.46087773066810533,False,-25.31249999999999,200,0.06402106872701552,-49130.9297953203
1078156454,4096,2.0676,marginal,90.0,60.00000000000001,0.984375,0.0625,0.9999999999999999,0.0,True,,1,0.0,-49156.29592922893
1078156454,4096,3.0,joint,89.09775192749956,59.097751927499566,0.9834156459899709,0.06602128174811887,0.9757504514217747,0.03805097754224429,False,-180.0,200,0.0009246695990441367,-48788.34377394925
1078156454,4096,3.0,marginal,90.0,60.00000000000001,0.984375,0.0625,0.9999999999999999,0.0,True,,1,0.0,-48788.52964300239
1158667885,32,0.05,joint,31.52469015603597,1.5246901560359734,0.41328504966786384,0.9542896708586209,0.1507110519459347,0.9393262237988804,False,30.937499999999996,200,2.2716195246630377e-05,147.49021128622394
1158667885,32,0.05,marginal,90.0,60.00000000000001,0.984375,0.0625,0.9999999999999999,0.0,True,,1,0.0,-336.05058678035675
1158667885,32,0.0725,joint,30.752460044761666,0.7524600447616685,0.29535713150521636,0.9645891569398826,0.14121135142635077,0.9530978937536421,False,-30.937499999999996,200,9.869814321916692e-05,82.37404929639767
1158667885,32,0.0725,marginal,90.0,60.00000000000001,0.984375,0.0625,0.9999999999999999,0.0,True,,1,0.0,-323.59269463956366
1158667885,32,0.1053,joint,31.32788572051317,1.3278857205131718,0.47642801989548245,0.919150413348262,0.14849821328294333,0.9488215725281446,False,-30.937499999999996,200,4.014154789722113e-05,-13.968410678581824
1158667885,32,0.1053,marginal,90.0,60.00000000000001,0.984375,0.0625,0.9999999999999999,0.0,True,,1,0.0,-343.8180644110312
1158667885,32,0.1527,joint,29.79475426854371,0.2052457314562896,0.636358604138605,0.9247537326474295,0.1323542182731896,0.9587745114166484,False,28.125000000000007,200,3.484989561286511e-05,-76.51711598384358
1158667885,32,0.1527,marginal,90.0,60.00000000000001,0.984375,0.0625,0.9999999999999999,0.0,True,,1,0.0,-325.0610947968992
1158667885,32,0.2216,joint,30.823933102751823,0.8239331027518245,0.5319518435317665,0.9996150686083302,0.14151047969083663,0.9679886402110943,False,-28.125000000000007,200,9.208067240251694e-06,-201.45982064474373
1158667885,32,0.2216,marginal,90.0,60.00000000000001,0.984375,0.0625,0.9999999999999999,0.0,True,,1,0.0,-366.27768927676834
1158667885,32,0.3215,joint,29.750247684515305,0.24975231548469196,0.6709554268863018,0.9016219622367312,0.13306366444503237,0.9608997733038482,False,28.125000000000007,200,5.504713186610388e-06,-244.57539634876855
1158667885,32,0.3215,marginal,90.0,60.00000000000001,0.984375,0.0625,0.9999999999999999,0.0,True,,1,0.0,-367.91483849288386
1158667885,32,0.4665,joint,35.55139517727456,5.551395177274562,0.8745099249452974,0.9563794055777066,0.20800417234227786,0.9365437374528651,False,-28.125000000000007,200,0.00012829518942680807,-297.7226299883971
1158667885,32,0.4665,marginal,90.0,60.00000000000001,0.984375,0.0625,0.9999999999999999,0.0,True,,1,0.0,-380.62723148945963
1158667885,32,0.6769,joint,33.79883370986284,3.7988337098628433,0.5544684285091597,0.9447984705783001,0.17734826464112963,0.925557483865215,False,-30.937499999999996,200,0.00015705983292946257,-334.0093130248238
1158667885,32,0.6769,marginal,90.0,60.00000000000001,0.984375,0.0625,0.9999999999999999,0.0,True,,1,0.0,-358.6594564274954
1158667885,32,0.9821,joint,62.223079009381095,32.223079009381095,0.9966262952851626,0.09480198890482631,0.5239785785373547,0.889268520766055,False,36.5625,200,0.0003171434903492809,-392.7226656620081
1158667885,32,0.9821,marginal,90.0,60.00000000000001,0.984375,0.0625,0.9999999999999999,0.0,True,,1,0.0,-403.6885735826812
1158667885,32,1.425,joint,56.98309609207243,26.98309609207243,0.9968800519039092,0.18223780864044176,0.4999996206663254,0.8138394277430817,False,22.5,200,0.00034449720811835505,-406.24062805891697
1158667885,32,1.425,marginal,90.0,60.00000000000001,0.984375,0.0625,0.9999999999999999,0.0,True,,1,0.0,-409.4378390563137
1158667885,32,2.0676,joint,55.002415954112614,25.002415954112614,0.9099579848536085,0.32911327855272865,0.43761331122300196,0.8175009229740802,False,-28.125000000000007,200,0.0004612105141745815,-369.6997045566467
1158667885,32,2.0676,marginal,90.0,60.00000000000001,0.984375,0.0625,0.9999999999999999,0.0,True,,1,0.0,-371.08320368117154
1158667885,32,3.0,joint,89.77754287915812,59.777542879158105,0.9858253456020603,0.057808237114411964,0.9471863063326345,0.2456365515161186,False,163.125,200,0.0002795806943822754,-357.66939253342883
1158667885,32,3.0,marginal,90.0,60.00000000000001,0.984375,0.0625,0.9999999999999999,0.0,True,,1,0.0,-357.72709314729536
1158667885,128,0.05,joint,30.3401260637999,0.34012606379990407,0.21244083675362962,0.9999999999999998,0.13708732342093688,0.9763551071537004,False,30.937499999999996,200,2.7366808751594363e-05,470.41141252061
1158667885,128,0.05,marginal,90.0,60.00000000000001,0.984375,0.0625,0.9999999999999999,0.0,True,,1,0.0,-1520.4366803105781
1158667885,128,0.0725,joint,30.423413923079625,0.4234139230796272,0.29826753462665434,0.9724310763074859,0.13822947583776535,0.9470875011654997,False,30.937499999999996,200,0.00019018843536855456,172.36655668272334
1158667885,128,0.0725,marginal,90.0,60.00000000000001,0.984375,0.0625,0.9999999999999999,0.0,True,,1,0.0,-1559.6061133748917
1158667885,128,0.1053,joint,30.437693733345125,0.4376937333451282,0.17080173378718108,0.9919310039453721,0.13799713283178872,0.9635222490502192,False,30.937499999999996,200,0.00017149578128794474,-66.00416134570033
1158667885,128,0.1053,marginal,90.0,60.00000000000001,0.984375,0.0625,0.9999999999999999,0.0,True,,1,0.0,-1575.8454597019283
1158667885,128,0.1527,joint,31.49760223327615,1.4976022332761532,0.14793222586573496,0.9811370320322567,0.1535873938178477,0.9502724532398069,False,30.937499999999996,200,6.037824283566806e-05,-355.24487700446304
1158667885,128,0.1527,marginal,90.0,60.00000000000001,0.984375,0.0625,0.9999999999999999,0.0,True,,1,0.0,-1536.4244706860081
1158667885,128,0.2216,joint,30.13455198921225,0.1345519892122532,0.30635128217467594,0.9999999995503087,0.1353995610405766,0.9547538917762073,False,30.937499999999996,200,0.00010946380939458322,-721.9241816414582
1158667885,128,0.2216,marginal,90.0,60.00000000000001,0.984375,0.0625,0.9999999999999999,0.0,True,,1,0.0,-1572.9665959559707
1158667885,128,0.3215,joint,30.705729934754675,0.7057299347546793,0.3198864730789086,0.9740555968655958,0.14191892568055342,0.9441932724033295,False,30.937499999999996,200,0.00033199771007730305,-987.0595968152182
1158667885,128,0.3215,marginal,90.0,60.00000000000001,0.984375,0.0625,0.9999999999999999,0.0,True,,1,0.0,-1544.484807991571
1158667885,128,0.4665,joint,30.958153694290846,0.9581536942908482,0.5568696249216735,0.9750653556532709,0.14711245647409465,0.9313462819387802,False,-28.125000000000007,200,9.552384835842531e-05,-1197.314283006871
1158667885,128,0.4665,marginal,90.0,60.00000000000001,0.984375,0.0625,0.9999999999999999,0.0,True,,1,0.0,-1536.159236536109
1158667885,128,0.6769,joint,31.557460588831525,1.557460588831526,0.37554544774095755,0.9427130872227909,0.16156289305518756,0.9412166564088895,False,-30.937499999999996,200,0.000678725343050246,-1383.104597925566
1158667885,128,0.6769,marginal,90.0,60.00000000000001,0.984375,0.0625,0.9999999999999999,0.0,True,,1,0.0,-1521.9800526535792
1158667885,128,0.9821,joint,34.23286008712277,4.232860087122774,0.6408448042850304,0.8350841082689628,0.18126048752058888,0.8663795440192992,False,33.749999999999986,200,0.001007998406976185,-1437.23489719775
1158667885,128,0.9821,marginal,90.0,60.00000000000001,0.984375,0.0625,0.9999999999999999,0.0,True,,1,0.0,-1484.410253220429
1158667885,128,1.425,joint,37.09886984012144,7.098869840121437,0.8144793932868595,0.5893500247382267,0.23205428552653207,0.8093544400213388,False,33.749999999999986,200,0.0005716416465020302,-1535.0310441528904
1158667885,128,1.425,marginal,90.0,60.00000000000001,0.984375,0.0625,0.9999999999999999,0.0,True,,1,0.0,-1547.7189516220853
1158667885,128,2.0676,joint,66.42092608547247,36.42092608547247,0.9844364638164294,0.05990633567686206,0.4673084086259742,0.5796129438529813,False,47.81249999999999,200,0.0023577363369895465,-1522.74108939465
1158667885,128,2.0676,marginal,90.0,60.00000000000001,0.984375,0.0625,0.9999999999999999,0.0,True,,1,0.0,-1524.5541812727843
1158667885,128,3.0,joint,79.23272076581016,49.23272076581016,0.9728298791714499,0.10944750278897586,0.8509995969436415,0.16548189376284056,False,25.31249999999999,200,0.0004902110649709357,-1595.658157062444
1158667885,128,3.0,marginal,90.0,60.00000000000001,0.984375,0.0625,0.9999999999999999,0.0,True,,1,0.0,-1595.7556860009777
1158667885,256,0.05,joint,29.877244214646925,0.12275578535307245,0.5125931405130599,0.9999998248309978,0.13326254250491665,0.9604724602833021,False,-30.937499999999996,200,9.131940282713913e-05,1038.5885119865334
1158667885,256,0.05,marginal,90.0,60.00000000000001,0.984375,0.0625,0.9999999999999999,0.0,True,,1,0.0,-3094.1659463146675
1158667885,256,0.0725,joint,30.176773871508768,0.17677387150877136,0.273610410904612,0.9999999999612849,0.13573154043587066,0.9669147313109718,False,-30.937499999999996,200,0.00014395306385495132,338.09478140861256
1158667885,256,0.0725,marginal,90.0,60.00000000000001,0.984375,0.0625,0.9999999999999999,0.0,True,,1,0.0,-3142.209361979443
1158667885,256,0.1053,joint,29.979689297235534,0.02031070276446264,0.4022670348934624,0.9753900432962119,0.13429966857658904,0.9498719898868025,False,-30.937499999999996,200,0.0003125072217642355,-167.74227862308393
1158667885,256,0.1053,marginal,90.0,60.00000000000001,0.984375,0.0625,0.9999999999999999,0.0,True,,1,0.0,-3118.518579910491
1158667885,256,0.1527,joint,30.281091303668916,0.2810913036689187,0.2754499865859145,0.999999903859554,0.13660922249950525,0.9609373578999791,False,30.937499999999996,200,0.0001600349585260119,-679.8116745142596
1158667885,256,0.1527,marginal,90.0,60.00000000000001,0.984375,0.0625,0.9999999999999999,0.0,True,,1,0.0,-3091.4364970634533
1158667885,256,0.2216,joint,30.273446825303484,0.2734468253034858,0.4156596726668573,0.9980725222944173,0.13688584113375202,0.9520199682696926,False,-30.937499999999996,200,0.0001597958960246615,-1447.1322125593354
1158667885,256,0.2216,marginal,90.0,60.00000000000001,0.984375,0.0625,0.9999999999999999,0.0,True,,1,0.0,-3173.1949172504146
1158667885,256,0.3215,joint,30.54190117922542,0.5419011792254227,0.14913896401486876,0.994046948338253,0.1390841336842683,0.9495814805459301,False,-30.937499999999996,200,0.0006246168654797657,-1964.4051808081715
1158667885,256,0.3215,marginal,90.0,60.00000000000001,0.984375,0.0625,0.9999999999999999,0.0,True,,1,0.0,-3150.6102707424952
1158667885,256,0.4665,joint,30.081217123771694,0.08121712377169694,0.47371514612827964,0.9385504399808909,0.14084267206623846,0.9033001722019585,False,30.937499999999996,200,0.0012361959697955172,-2471.1560893362002
1158667885,256,0.4665,marginal,90.0,60.00000000000001,0.984375,0.0625,0.9999999999999999,0.0,True,,1,0.0,-3137.8924839665633
1158667885,256,0.6769,joint,30.16266679604464,0.16266679604464243,0.6423598295006351,0.9392552306978077,0.13765040261678985,0.918114399276494,False,-28.125000000000007,200,0.0014283595742199395,-2760.881948313147
1158667885,256,0.6769,marginal,90.0,60.00000000000001,0.984375,0.0625,0.9999999999999999,0.0,True,,1,0.0,-3103.8343178618024
1158667885,256,0.9821,joint,33.80582658643279,3.805826586432792,0.6666904124579858,0.8438015194852873,0.1861882978111148,0.8544446153571933,False,-30.937499999999996,200,0.0011998686995866592,-3130.8029163902593
1158667885,256,0.9821,marginal,90.0,60.00000000000001,0.984375,0.0625,0.9999999999999999,0.0,True,,1,0.0,-3247.4433644910782
1158667885,256,1.425,joint,40.158507888060896,10.158507888060901,0.7454092275059327,0.7653382482053575,0.288241267264992,0.7842330045937592,False,-30.937499999999996,200,0.0024163232246792177,-3221.631800194684
1158667885,256,1.425,marginal,90.0,60.00000000000001,0.984375,0.0625,0.9999999999999999,0.0,True,,1,0.0,-3242.5993005493183
1158667885,256,2.0676,joint,53.119847611517436,23.119847611517436,0.9291299610963031,0.25613674644151313,0.4763804310446479,0.5019901970207897,False,33.749999999999986,200,0.004199089598841965,-3073.683898117034
1158667885,256,2.0676,marginal,90.0,60.00000000000001,0.984375,0.0625,0.9999999999999999,0.0,True,,1,0.0,-3075.9709016342567
1158667885,256,3.0,joint,84.36035458630454,54.36035458630454,0.975237212199781,0.09789374901597059,0.8837982524907811,0.1286419107890555,False,-33.749999999999986,200,0.0006237395309653948,-2994.9787634633894
1158667885,256,3.0,marginal,90.0,60.00000000000001,0.984375,0.0625,0.9999999999999999,0.0,True,,1,0.0,-2995.1146607187256
1158667885,512,0.05,joint,30.112126088408104,0.11212608840810644,0.2985321607083806,0.9994369068737788,0.1352102328509488,0.9681472648169465,False,-30.937499999999996,200,2.3311393761105137e-05,1945.7387185315456
1158667885,512,0.05,marginal,90.0,60.00000000000001,0.984375,0.0625,0.9999999999999999,0.0,True,,1,0.0,-6418.431081925837
1158667885,512,0.0725,joint,30.146469604820297,0.14646960482030028,0.26229183294606206,0.9918302085555135,0.1355117062324983,0.9582336341313049,False,-30.937499999999996,200,0.00016999803096950927,886.949018947244
1158667885,512,0.0725,marginal,90.0,60.00000000000001,0.984375,0.0625,0.9999999999999999,0.0,True,,1,0.0,-6508.590341154302
1158667885,512,0.1053,joint,30.099689197946077,0.09968919794608068,0.30788915285734386,0.9984947743254732,0.1351052764939883,0.9655846906364639,False,-30.937499999999996,200,0.0004260067460677419,-358.4473733990872
1158667885,512,0.1053,marginal,90.0,60.00000000000001,0.984375,0.0625,0.9999999999999999,0.0,True,,1,0.0,-6507.750952671773
1158667885,512,0.1527,joint,30.449735261856592,0.4497352618565928,0.24326669948554708,0.998230683139561,0.13928229030729167,0.9668367482280171,False,-30.937499999999996,200,8.414801141043426e-05,-1721.4411602072623
1158667885,512,0.1527,marginal,90.0,60.00000000000001,0.984375,0.0625,0.9999999999999999,0.0,True,,1,0.0,-6692.910905705585
1158667885,512,0.2216,joint,30.13411026764763,0.13411026764762965,0.3333378059055119,0.9964389301736141,0.13552711751639435,0.9547441832829375,False,-30.937499999999996,200,0.0005434802751551615,-3028.3419483049993
1158667885,512,0.2216,marginal,90.0,60.00000000000001,0.984375,0.0625,0.9999999999999999,0.0,True,,1,0.0,-6674.452321797421
1158667885,512,0.3215,joint,30.17164189325101,0.17164189325101134,0.3325981417823397,0.996632807559424,0.13647732848229754,0.9608904570322196,False,-30.937499999999996,200,0.00046105991259537404,-3865.6950270863153
1158667885,512,0.3215,marginal,90.0,60.00000000000001,0.984375,0.0625,0.9999999999999999,0.0,True,,1,0.0,-6459.399474949663
1158667885,512,0.4665,joint,30.08270943146864,0.08270943146864182,0.5075571089502561,0.9962096147717953,0.13691449124946242,0.9480799975534284,False,-30.937499999999996,200,0.0009628462203181698,-4949.637578964037
1158667885,512,0.4665,marginal,90.0,60.00000000000001,0.984375,0.0625,0.9999999999999999,0.0,True,,1,0.0,-6567.525694530905
1158667885,512,0.6769,joint,30.55288875118064,0.5528887511806425,0.2773492984257418,0.991729067323943,0.139244147852023,0.937028986249116,False,-30.937499999999996,200,0.004025807857942709,-5513.126401412932
1158667885,512,0.6769,marginal,90.0,60.00000000000001,0.984375,0.0625,0.9999999999999999,0.0,True,,1,0.0,-6215.426225797961
1158667885,512,0.9821,joint,28.899540051020573,1.1004599489794258,0.7799777526855182,0.9178292845793129,0.12748457700448756,0.8905324316544522,False,28.125000000000007,200,0.0015718445183665608,-5946.200364582674
1158667885,512,0.9821,marginal,90.0,60.00000000000001,0.984375,0.0625,0.9999999999999999,0.0,True,,1,0.0,-6168.240032513693
1158667885,512,1.425,joint,40.09461373987589,10.094613739875895,0.8180948200193616,0.7237860153378807,0.2948951288174746,0.8112360228841018,False,-28.125000000000007,200,0.004116693346986722,-6069.36448293217
1158667885,512,1.425,marginal,90.0,60.00000000000001,0.984375,0.0625,0.9999999999999999,0.0,True,,1,0.0,-6115.383001001341
1158667885,512,2.0676,joint,74.70207324849095,44.702073248490954,0.9438905036790637,0.25573228696050343,0.7742949996148835,0.5438697497143301,False,25.31249999999999,200,0.010171935540711274,-6030.4430279783355
1158667885,512,2.0676,marginal,90.0,60.00000000000001,0.984375,0.0625,0.9999999999999999,0.0,True,,1,0.0,-6035.800817175077
1158667885,512,3.0,joint,89.8765245948604,59.8765245948604,0.9850265426761224,0.06209008293032241,0.9450958379943766,0.06847267436855206,False,112.50000000000003,200,0.0003862931807816494,-6113.309313533793
1158667885,512,3.0,marginal,90.0,60.00000000000001,0.984375,0.0625,0.9999999999999999,0.0,True,,1,0.0,-6113.395948896703
1158667885,1024,0.05,joint,29.849514577435848,0.15048542256415037,0.3868385970624001,0.9999999999999986,0.13290346304906742,0.9687481917210715,False,-30.937499999999996,200,5.579292519541923e-06,4112.893516991331
1158667885,1024,0.05,marginal,90.0,60.00000000000001,0.984375,0.0625,0.9999999999999999,0.0,True,,1,0.0,-12066.724857819063
1158667885,1024,0.0725,joint,29.759081932974926,0.24091806702507096,0.4186263340709618,0.9997036096525352,0.13211854485624852,0.968304227537915,False,-30.937499999999996,200,0.00019865950116582098,1723.1883097294526
1158667885,1024,0.0725,marginal,90.0,60.00000000000001,0.984375,0.0625,0.9999999999999999,0.0,True,,1,0.0,-12217.416631804383
1158667885,1024,0.1053,joint,29.686324807115657,0.31367519288433987,0.4442425882252082,0.9999999985868862,0.13149930017917,0.9680788693423467,False,-30.937499999999996,200,0.00020889962911496696,-601.8405315289788
1158667885,1024,0.1053,marginal,90.0,60.00000000000001,0.984375,0.0625,0.9999999999999999,0.0,True,,1,0.0,-12339.492917007601
1158667885,1024,0.1527,joint,29.701321638467103,0.29867836153289573,0.43996402501058973,0.9999999946378032,0.13163772022504272,0.9679053375649194,False,-30.937499999999996,200,0.0005291010884320713,-3045.335601235138
1158667885,1024,0.1527,marginal,90.0,60.00000000000001,0.984375,0.0625,0.9999999999999999,0.0,True,,1,0.0,-12374.338340947754
1158667885,1024,0.2216,joint,29.93107623619594,0.06892376380406105,0.384197806880702,0.9966650389482705,0.13401420074851733,0.9626324400214614,False,30.937499999999996,200,0.0009344343998236582,-5502.962893827293
1158667885,1024,0.2216,marginal,90.0,60.00000000000001,0.984375,0.0625,0.9999999999999999,0.0,True,,1,0.0,-12401.202345752772
1158667885,1024,0.3215,joint,29.852854094120477,0.14714590587952156,0.39512460433325913,0.9991861669571082,0.13296552974748066,0.9578470251727835,False,30.937499999999996,200,0.0018235184716104413,-7784.677214569861
1158667885,1024,0.3215,marginal,90.0,60.00000000000001,0.984375,0.0625,0.9999999999999999,0.0,True,,1,0.0,-12498.291543802752
1158667885,1024,0.4665,joint,29.899297472029687,0.10070252797031114,0.4091720880469729,0.9909956359783028,0.13379002073865054,0.9365506318749799,False,30.937499999999996,200,0.0032228046911768615,-9658.575593468413
1158667885,1024,0.4665,marginal,90.0,60.00000000000001,0.984375,0.0625,0.9999999999999999,0.0,True,,1,0.0,-12336.81647412428
1158667885,1024,0.6769,joint,30.806002846444795,0.8060028464447956,0.5209113857246738,0.9810187268873078,0.1464063365994409,0.9185187268873078,False,-28.125000000000007,200,0.004419244849486859,-11198.979383306567
1158667885,1024,0.6769,marginal,90.0,60.00000000000001,0.984375,0.0625,0.9999999999999999,0.0,True,,1,0.0,-12437.782966446757
1158667885,1024,0.9821,joint,32.52217624111296,2.5221762411129647,0.6533747698107903,0.8904223690139719,0.16889358519593534,0.8589098453019005,False,30.937499999999996,200,0.0033004883262037765,-12042.192538612948
1158667885,1024,0.9821,marginal,90.0,60.00000000000001,0.984375,0.0625,0.9999999999999999,0.0,True,,1,0.0,-12420.759126095854
1158667885,1024,1.425,joint,44.07206486574881,14.072064865748805,0.8369189200909727,0.570456746762579,0.3397957773245528,0.7423879324373358,False,-33.749999999999986,200,0.006068345488529303,-12399.765697078074
1158667885,1024,1.425,marginal,90.0,60.00000000000001,0.984375,0.0625,0.9999999999999999,0.0,True,,1,0.0,-12462.9333120732
1158667885,1024,2.0676,joint,74.57013630356465,44.57013630356465,0.967950793311827,0.12200376856793478,0.7636079159144045,0.33075551380731977,False,39.37499999999999,200,0.00907749713951489,-12355.294784667884
1158667885,1024,2.0676,marginal,90.0,60.00000000000001,0.984375,0.0625,0.9999999999999999,0.0,True,,1,0.0,-12359.24979105002
1158667885,1024,3.0,joint,85.43814065620045,55.438140656200446,0.9828370403624269,0.06873256961703993,0.9160928665214347,0.06781149441608159,False,120.9375,200,0.0005987787535559619,-12324.246850012398
1158667885,1024,3.0,marginal,90.0,60.00000000000001,0.984375,0.0625,0.9999999999999999,0.0,True,,1,0.0,-12324.360603681183
1158667885,2048,0.05,joint,29.825807477321437,0.1741925226785594,0.3950476144843165,0.9999999983445875,0.13270726675394096,0.9685252951400313,False,30.937499999999996,200,0.00022801944032835308,7907.089048733812
1158667885,2048,0.05,marginal,90.0,60.00000000000001,0.984375,0.0625,0.9999999999999999,0.0,True,,1,0.0,-23902.709363779788
1158667885,2048,0.0725,joint,29.94302848661967,0.05697151338032592,0.35358275135084205,0.9999999999814851,0.1337101714837895,0.9687233660299932,False,-30.937499999999996,200,8.945119589043316e-05,3662.50586217182
1158667885,2048,0.0725,marginal,90.0,60.00000000000001,0.984375,0.0625,0.9999999999999999,0.0,True,,1,0.0,-24197.650736724354
1158667885,2048,0.1053,joint,29.819464479196302,0.1805355208036971,0.39723018610023675,0.9999999947268716,0.1326531022527777,0.9683508576265849,False,-30.937499999999996,200,0.0004258926794591389,-1270.6747237351528
1158667885,2048,0.1053,marginal,90.0,60.00000000000001,0.984375,0.0625,0.9999999999999999,0.0,True,,1,0.0,-24369.026135378896
1158667885,2048,0.1527,joint,29.87146578153058,0.12853421846941615,0.37530195477882333,0.9996414009291875,0.13310763196824327,0.9653490998360349,False,30.937499999999996,200,0.0006684601321467198,-6502.331892632391
1158667885,2048,0.1527,marginal,90.0,60.00000000000001,0.984375,0.0625,0.9999999999999999,0.0,True,,1,0.0,-24698.358556651176
1158667885,2048,0.2216,joint,29.715573376397717,0.28442662360228177,0.43679439447718577,0.9999997966543444,0.13176964764596566,0.9643882013055116,False,30.937499999999996,200,0.0024723030128370738,-11248.29278429757
1158667885,2048,0.2216,marginal,90.0,60.00000000000001,0.984375,0.0625,0.9999999999999999,0.0,True,,1,0.0,-24810.808111938182
1158667885,2048,0.3215,joint,29.75388203440331,0.24611796559668772,0.451365391473389,0.9994597318536589,0.13248706628933837,0.9554488010760736,False,-30.937499999999996,200,0.0032654055303282803,-15729.855373014683
1158667885,2048,0.3215,marginal,90.0,60.00000000000001,0.984375,0.0625,0.9999999999999999,0.0,True,,1,0.0,-24684.94925003725
1158667885,2048,0.4665,joint,29.705592805117657,0.2944071948823402,0.503690991817282,0.9973441367035214,0.13199181610892752,0.9348441367035213,False,30.937499999999996,200,0.00414126375108026,-19374.802460014813
1158667885,2048,0.4665,marginal,90.0,60.00000000000001,0.984375,0.0625,0.9999999999999999,0.0,True,,1,0.0,-24875.28863260783
1158667885,2048,0.6769,joint,30.6229496167164,0.6229496167164037,0.575193032344286,0.9736561259313353,0.14620058473233177,0.9111561259313353,False,-30.937499999999996,200,0.004965943582647014,-22452.087581110245
1158667885,2048,0.6769,marginal,90.0,60.00000000000001,0.984375,0.0625,0.9999999999999999,0.0,True,,1,0.0,-24864.366566981844
1158667885,2048,0.9821,joint,31.175292810267212,1.1752928102672142,0.7159787840201992,0.8710576388792515,0.15282730874841788,0.8663503678543074,False,-30.937499999999996,200,0.003550663463101955,-23805.294911556543
1158667885,2048,0.9821,marginal,90.0,60.00000000000001,0.984375,0.0625,0.9999999999999999,0.0,True,,1,0.0,-24674.552769024467
1158667885,2048,1.425,joint,37.364974523470664,7.364974523470669,0.7874141830123152,0.684358773779699,0.23377030176981395,0.775332647250032,False,30.937499999999996,200,0.011294120882666903,-24302.316210944955
1158667885,2048,1.425,marginal,90.0,60.00000000000001,0.984375,0.0625,0.9999999999999999,0.0,True,,1,0.0,-24430.834495582527
1158667885,2048,2.0676,joint,54.20662721258575,24.206627212585754,0.9489910905161227,0.20322173334767618,0.49026196757057694,0.4333803454987719,False,-22.5,200,0.02494328065222362,-24448.30483086448
1158667885,2048,2.0676,marginal,90.0,60.00000000000001,0.984375,0.0625,0.9999999999999999,0.0,True,,1,0.0,-24459.495957426472
1158667885,2048,3.0,joint,90.61559691221247,60.61559691221248,0.9842761574839091,0.06299989689631166,0.9847552460704381,0.02710649062559526,False,81.56249999999997,200,0.00023211010920931585,-24800.031823571742
1158667885,2048,3.0,marginal,90.0,60.00000000000001,0.984375,0.0625,0.9999999999999999,0.0,True,,1,0.0,-24800.088168393326
1158667885,4096,0.05,joint,30.068237123569663,0.06823712356966659,0.3137624240104412,0.9999147362213903,0.13484502199839654,0.9685782823679968,False,-30.937499999999996,200,0.0003887969742208952,16202.705083371418
1158667885,4096,0.05,marginal,90.0,60.00000000000001,0.984375,0.0625,0.9999999999999999,0.0,True,,1,0.0,-49210.33358360322
1158667885,4096,0.0725,joint,30.08144819264306,0.08144819264306281,0.3060659982554087,0.9997269360438829,0.1349144071768743,0.9684484516134433,False,30.937499999999996,200,0.00021698063574149273,6517.3715750711635
1158667885,4096,0.0725,marginal,90.0,60.00000000000001,0.984375,0.0625,0.9999999999999999,0.0,True,,1,0.0,-49884.85916205923
1158667885,4096,0.1053,joint,30.117736706905195,0.11773670690519529,0.2915577917695107,0.9999999998700311,0.1352199887180905,0.9687046717393577,False,30.937499999999996,200,0.00034065685531459167,-2717.033422132166
1158667885,4096,0.1053,marginal,90.0,60.00000000000001,0.984375,0.0625,0.9999999999999999,0.0,True,,1,0.0,-49876.533955029656
1158667885,4096,0.1527,joint,29.999484785964448,0.0005152140355489069,0.3299845058910489,0.9991943445180617,0.13421943800270586,0.9673043179893674,False,30.937499999999996,200,0.0009597577463864582,-12951.862325820397
1158667885,4096,0.1527,marginal,90.0,60.00000000000001,0.984375,0.0625,0.9999999999999999,0.0,True,,1,0.0,-50353.0239203854
1158667885,4096,0.2216,joint,30.123601899163724,0.12360189916372488,0.3265570230283533,0.9986772491510657,0.1357006092021671,0.9635057511072926,False,30.937499999999996,200,0.0049310507711197715,-22509.342650886334
1158667885,4096,0.2216,marginal,90.0,60.00000000000001,0.984375,0.0625,0.9999999999999999,0.0,True,,1,0.0,-50299.306749971176
1158667885,4096,0.3215,joint,29.958445204791797,0.04155479520820085,0.36096054314320386,0.9986174045583545,0.134038205823666,0.9626785553422064,False,-30.937499999999996,200,0.0071731166062818374,-31881.598806048474
1158667885,4096,0.3215,marginal,90.0,60.00000000000001,0.984375,0.0625,0.9999999999999999,0.0,True,,1,0.0,-50527.65763607429
1158667885,4096,0.4665,joint,29.962030517574494,0.037969482425504596,0.3998597892111579,0.9982794913644519,0.13417479624744022,0.9493297525072675,False,-30.937499999999996,200,0.012391654912789818,-39023.11050384724
1158667885,4096,0.4665,marginal,90.0,60.00000000000001,0.984375,0.0625,0.9999999999999999,0.0,True,,1,0.0,-49944.782995685615
1158667885,4096,0.6769,joint,30.3834740488097,0.3834740488096998,0.4278127376754064,0.9935560694223212,0.1390264001643703,0.9371074524665381,False,-30.937499999999996,200,0.018915688400738873,-44442.696826224856
1158667885,4096,0.6769,marginal,90.0,60.00000000000001,0.984375,0.0625,0.9999999999999999,0.0,True,,1,0.0,-49755.629236770095
1158667885,4096,0.9821,joint,31.09061208454029,1.0906120845402931,0.5500193548238,0.9735485200802085,0.14872556540583082,0.916061050128302,False,-30.937499999999996,200,0.023561775509733707,-47728.86687334954
1158667885,4096,0.9821,marginal,90.0,60.00000000000001,0.984375,0.0625,0.9999999999999999,0.0,True,,1,0.0,-49497.70748731584
1158667885,4096,1.425,joint,32.7904425534479,2.790442553447903,0.7729775316476122,0.7442694746518554,0.17932550054446716,0.8159595283306,False,-30.937499999999996,200,0.015764236020913813,-48981.04328614426
1158667885,4096,1.425,marginal,90.0,60.00000000000001,0.984375,0.0625,0.9999999999999999,0.0,True,,1,0.0,-49276.92046161376
1158667885,4096,2.0676,joint,53.10701516046415,23.10701516046415,0.922352752870689,0.28672675373337625,0.471065046464643,0.43135314328167496,False,-30.937499999999996,200,0.05061534648120869,-49328.10476811121
1158667885,4096,2.0676,marginal,90.0,60.00000000000001,0.984375,0.0625,0.9999999999999999,0.0,True,,1,0.0,-49348.78002423111
1158667885,4096,3.0,joint,89.40563311377365,59.40563311377366,0.9836929743065033,0.0651991655412877,0.9882969353959559,0.02544671879798905,False,-180.0,200,0.00041559020610293373,-49176.441723758704
1158667885,4096,3.0,marginal,90.0,60.00000000000001,0.984375,0.0625,0.9999999999999999,0.0,True,,1,0.0,-49176.52498017104
1470120544,32,0.05,joint,30.065728639355658,0.06572863935566109,0.3469440894667558,1.0,0.13493260443583377,0.9609361384793461,False,30.937499999999996,200,3.134454686914978e-07,92.50345176679907
1470120544,32,0.05,marginal,90.0,60.00000000000001,0.984375,0.0625,0.9999999999999999,0.0,True,,1,0.0,-489.808171774775
1470120544,32,0.0725,joint,30.338519451194546,0.33851945119455007,0.21905929679810007,1.0,0.13712087426397956,0.9545540169540042,False,30.937499999999996,200,2.582905404224789e-05,28.910112443522333
1470120544,32,0.0725,marginal,90.0,60.00000000000001,0.984375,0.0625,0.9999999999999999,0.0,True,,1,0.0,-492.9050085310221
1470120544,32,0.1053,joint,30.487569583148638,0.48756958314863946,0.42634709853358843,0.9447319449875916,0.13883044493303753,0.953122491472198,False,30.937499999999996,200,4.801914457175371e-07,-21.498317645780517
1470120544,32,0.1053,marginal,90.0,60.00000000000001,0.984375,0.0625,0.9999999999999999,0.0,True,,1,0.0,-491.5943715521378
1470120544,32,0.1527,joint,30.680908310991313,0.6809083109913147,0.47732827475371475,0.999999998056414,0.14077406162209682,0.9440025629597983,False,-30.937499999999996,200,2.9112514383200505e-05,-119.21873400483702
1470120544,32,0.1527,marginal,90.0,60.00000000000001,0.984375,0.0625,0.9999999999999999,0.0,True,,1,0.0,-471.6428025781892
1470120544,32,0.2216,joint,30.781249138881602,0.7812491388816029,0.3834359709153506,0.9999996908803207,0.14124342678423774,0.9609371891975995,False,30.937499999999996,200,8.8734338987706e-08,-201.949417660917
1470120544,32,0.2216,marginal,90.0,60.00000000000001,0.984375,0.0625,0.9999999999999999,0.0,True,,1,0.0,-491.48803897390235
1470120544,32,0.3215,joint,36.10150818943506,6.101508189435062,0.611274431024171,0.8909060125642594,0.21375846192387027,0.9452595810425144,False,30.937499999999996,200,6.114261964285106e-06,-278.9596798291645
1470120544,32,0.3215,marginal,90.0,60.00000000000001,0.984375,0.0625,0.9999999999999999,0.0,True,,1,0.0,-461.27302770421903
1470120544,32,0.4665,joint,28.599069815822457,1.4009301841775401,0.7553971427406672,0.9996307436147126,0.12229317673748297,0.9520335448720489,False,-28.125000000000007,200,8.447112890053177e-05,-313.6918806177402
1470120544,32,0.4665,marginal,90.0,60.00000000000001,0.984375,0.0625,0.9999999999999999,0.0,True,,1,0.0,-444.79291959907346
1470120544,32,0.6769,joint,28.51115683624803,1.4888431637519661,0.5788271790968293,0.9452974676406716,0.12260491576902421,0.9604959806392468,False,-28.125000000000007,200,0.00025081011534666686,-338.75742028225494
1470120544,32,0.6769,marginal,90.0,60.00000000000001,0.984375,0.0625,0.9999999999999999,0.0,True,,1,0.0,-403.62109004589536
1470120544,32,0.9821,joint,33.03971731552503,3.0397173155250337,0.9886573558913145,0.6891388498048157,0.18940135965708182,0.8869854446178294,False,-28.125000000000007,200,0.0003406096351454835,-397.1885402323394
1470120544,32,0.9821,marginal,90.0,60.00000000000001,0.984375,0.0625,0.9999999999999999,0.0,True,,1,0.0,-419.6903998807713
1470120544,32,1.425,joint,58.08692926900889,28.086929269008895,0.76021180718884,0.561517831753735,0.4696563952610555,0.8991916150137801,False,-33.749999999999986,200,0.00030549936838042413,-386.5667319609396
1470120544,32,1.425,marginal,90.0,60.00000000000001,0.984375,0.0625,0.9999999999999999,0.0,True,,1,0.0,-392.973411588639
1470120544,32,2.0676,joint,71.47837689459888,41.47837689459889,0.9982847938727929,0.025198941719682594,0.3690908677773229,0.8310468920687458,False,-61.87499999999999,200,0.0006324267516788495,-371.4639596295132
1470120544,32,2.0676,marginal,90.0,60.00000000000001,0.984375,0.0625,0.9999999999999999,0.0,True,,1,0.0,-372.81575906811895
1470120544,32,3.0,joint,71.14938812546897,41.14938812546898,0.9612308160217067,0.13900084091694193,0.5571357935300638,0.36264264910920524,False,33.749999999999986,200,0.0004895894582546134,-394.6828113011529
1470120544,32,3.0,marginal,90.0,60.00000000000001,0.984375,0.0625,0.9999999999999999,0.0,True,,1,0.0,-394.8019927797796
1470120544,128,0.05,joint,29.69852691391501,0.3014730860849863,0.4405235491892162,1.0000000000000002,0.1316010887552176,0.9687497851807068,False,-30.937499999999996,200,1.1710233138728654e-07,462.37030430908453
1470120544,128,0.05,marginal,90.0,60.00000000000001,0.984375,0.0625,0.9999999999999999,0.0,True,,1,0.0,-1608.6999743631263
1470120544,128,0.0725,joint,29.530441390946404,0.46955860905359287,0.49846021318564593,0.9952328685575238,0.1302106882538091,0.9481243672311651,False,-30.937499999999996,200,9.283939493798243e-05,153.7445749813515
1470120544,128,0.0725,marginal,90.0,60.00000000000001,0.984375,0.0625,0.9999999999999999,0.0,True,,1,0.0,-1655.0785467604665
1470120544,128,0.1053,joint,29.704746492190427,0.29525350780957016,0.3941442695567612,0.9863942563887245,0.13187767718812693,0.9452662246724575,False,-30.937499999999996,200,2.1688150582122034e-05,-157.55185994480865
1470120544,128,0.1053,marginal,90.0,60.00000000000001,0.984375,0.0625,0.9999999999999999,0.0,True,,1,0.0,-1655.2670471128845
1470120544,128,0.1527,joint,29.73740515146439,0.26259484853560894,0.49445279747738224,0.9884403968342017,0.13234780807429347,0.9600854683929699,False,-30.937499999999996,200,3.178039412432554e-05,-417.1047377984984
1470120544,128,0.1527,marginal,90.0,60.00000000000001,0.984375,0.0625,0.9999999999999999,0.0,True,,1,0.0,-1644.6264338503975
1470120544,128,0.2216,joint,29.622943047840185,0.3770569521598136,0.6325713087058781,0.9569738111472798,0.13156306907859594,0.9498842046929743,False,28.125000000000007,200,1.6510988075424393e-05,-728.5887330035064
1470120544,128,0.2216,marginal,90.0,60.00000000000001,0.984375,0.0625,0.9999999999999999,0.0,True,,1,0.0,-1573.9793953481226
1470120544,128,0.3215,joint,29.546851273971768,0.45314872602822825,0.49443499843080047,0.9999999999876088,0.12944589471556434,0.9687306697493965,False,-30.937499999999996,200,4.226140617902274e-06,-956.752156862716
1470120544,128,0.3215,marginal,90.0,60.00000000000001,0.984375,0.0625,0.9999999999999999,0.0,True,,1,0.0,-1621.6341387610835
1470120544,128,0.4665,joint,30.278818996446365,0.2788189964463673,0.48166427302341586,0.9695710324677697,0.14155350738180061,0.9420222229870591,False,-30.937499999999996,200,0.00028486457517828967,-1244.7816110211868
1470120544,128,0.4665,marginal,90.0,60.00000000000001,0.984375,0.0625,0.9999999999999999,0.0,True,,1,0.0,-1610.0852294536453
1470120544,128,0.6769,joint,31.178808430102364,1.1788084301023674,0.5070566085818127,0.9711974577388538,0.1522518419220078,0.9422680399039864,False,-30.937499999999996,200,0.0010745460836005805,-1407.9812063642848
1470120544,128,0.6769,marginal,90.0,60.00000000000001,0.984375,0.0625,0.9999999999999999,0.0,True,,1,0.0,-1618.1459761763672
1470120544,128,0.9821,joint,32.29511578945869,2.295115789458696,0.8702416593215425,0.8716771693535319,0.18050893684566016,0.8866547862521355,False,25.31249999999999,200,0.0005481407170009334,-1483.225838953368
1470120544,128,0.9821,marginal,90.0,60.00000000000001,0.984375,0.0625,0.9999999999999999,0.0,True,,1,0.0,-1539.1444586271264
1470120544,128,1.425,joint,52.719722224815136,22.71972222481514,0.9617763761408273,0.26780144367675873,0.4924977067704762,0.6834280124441332,False,-25.31249999999999,200,0.0009880235306809482,-1543.1014461763755
1470120544,128,1.425,marginal,90.0,60.00000000000001,0.984375,0.0625,0.9999999999999999,0.0,True,,1,0.0,-1549.9735386628736
1470120544,128,2.0676,joint,101.22879406375127,71.22879406375128,0.9396723263368616,0.24851267470756955,0.7193862129056388,0.7102778587643904,False,-168.75,200,0.0026650572074231604,-1497.3803011317746
1470120544,128,2.0676,marginal,90.0,60.00000000000001,0.984375,0.0625,0.9999999999999999,0.0,True,,1,0.0,-1500.1843608803538
1470120544,128,3.0,joint,87.93468862461405,57.93468862461407,0.9843437148914236,0.062208744545435624,0.8256251744314247,0.16637846415849544,False,115.31250000000001,200,0.00042779048408192466,-1490.985935724103
1470120544,128,3.0,marginal,90.0,60.00000000000001,0.984375,0.0625,0.9999999999999999,0.0,True,,1,0.0,-1491.078382815695
1470120544,256,0.05,joint,30.588837365865984,0.588837365865988,0.2602176546432042,0.9999690645587285,0.13941463028103507,0.9600211331062227,False,-30.937499999999996,200,2.691423230771761e-05,976.3423177481264
1470120544,256,0.05,marginal,90.0,60.00000000000001,0.984375,0.0625,0.9999999999999999,0.0,True,,1,0.0,-3205.34202297941
1470120544,256,0.0725,joint,30.522686923699904,0.5226869236999062,0.21329150276821202,0.9491538807789779,0.13914719888897242,0.9483724309401756,False,-30.937499999999996,200,0.00018795415587646858,378.61231538592926
1470120544,256,0.0725,marginal,90.0,60.00000000000001,0.984375,0.0625,0.9999999999999999,0.0,True,,1,0.0,-3215.0861072013786
1470120544,256,0.1053,joint,30.607768245674492,0.6077682456744953,0.162725153746185,0.9724579443463681,0.13971894002421248,0.9479315698616988,False,-30.937499999999996,200,0.00027992359309791937,-184.36296830294003
1470120544,256,0.1053,marginal,90.0,60.00000000000001,0.984375,0.0625,0.9999999999999999,0.0,True,,1,0.0,-3254.786140686044
1470120544,256,0.1527,joint,30.699557790970154,0.6995577909701577,0.23263224390183923,0.9994816442572059,0.14042846264681075,0.9526066442136645,False,-30.937499999999996,200,0.00032632439399549185,-819.2266089049956
1470120544,256,0.1527,marginal,90.0,60.00000000000001,0.984375,0.0625,0.9999999999999999,0.0,True,,1,0.0,-3232.450011228476
1470120544,256,0.2216,joint,31.520826115472335,1.5208261154723377,0.3491672648179135,0.9597325796509386,0.15276849524214964,0.9374612147386057,False,30.937499999999996,200,0.0003921121178791509,-1410.0419062943397
1470120544,256,0.2216,marginal,90.0,60.00000000000001,0.984375,0.0625,0.9999999999999999,0.0,True,,1,0.0,-3226.0787548867
1470120544,256,0.3215,joint,31.723610451907984,1.7236104519079867,0.08995420108213713,0.9828866322228318,0.1544023214650745,0.9499006481367274,False,30.937499999999996,200,0.0009333468697150238,-1939.9158029843675
1470120544,256,0.3215,marginal,90.0,60.00000000000001,0.984375,0.0625,0.9999999999999999,0.0,True,,1,0.0,-3223.5393315993524
1470120544,256,0.4665,joint,31.566802960324992,1.566802960324994,0.30758738737057406,0.9508460805369876,0.15115643265229806,0.9155900261304286,False,-30.937499999999996,200,0.0006944941037545505,-2455.7461071377115
1470120544,256,0.4665,marginal,90.0,60.00000000000001,0.984375,0.0625,0.9999999999999999,0.0,True,,1,0.0,-3202.3607113565704
1470120544,256,0.6769,joint,34.111884931317704,4.111884931317706,0.3745752490466201,0.9519301731488328,0.18654438916881655,0.9292241099736,False,-30.937499999999996,200,0.0017860856974039052,-2733.771465598964
1470120544,256,0.6769,marginal,90.0,60.00000000000001,0.984375,0.0625,0.9999999999999999,0.0,True,,1,0.0,-3092.709050435139
1470120544,256,0.9821,joint,31.59731456875074,1.5973145687507433,0.517774237444049,0.9307888562532217,0.15853566266175056,0.9041632417688905,False,30.937499999999996,200,0.0019755668254219927,-2924.1829977975076
1470120544,256,0.9821,marginal,90.0,60.00000000000001,0.984375,0.0625,0.9999999999999999,0.0,True,,1,0.0,-3059.866980013636
1470120544,256,1.425,joint,65.40312302466656,35.40312302466656,0.8164281548808003,0.5193894911183082,0.6063456310339739,0.724395636428243,False,30.937499999999996,200,0.001459330188936292,-3161.404107911404
1470120544,256,1.425,marginal,90.0,60.00000000000001,0.984375,0.0625,0.9999999999999999,0.0,True,,1,0.0,-3181.5396795691413
1470120544,256,2.0676,joint,71.2202932402271,41.22029324022709,0.9786342780208812,0.09839410160065361,0.6763570741688243,0.5073955898685245,False,-16.874999999999993,200,0.004766195908814552,-3002.782589536625
1470120544,256,2.0676,marginal,90.0,60.00000000000001,0.984375,0.0625,0.9999999999999999,0.0,True,,1,0.0,-3005.3961915035584
1470120544,256,3.0,joint,89.34814157783273,59.34814157783274,0.9840056869119616,0.06538352870485588,0.9738825847762305,0.11530616559243334,False,19.68750000000001,200,0.00047556773097312544,-3004.650043959634
1470120544,256,3.0,marginal,90.0,60.00000000000001,0.984375,0.0625,0.9999999999999999,0.0,True,,1,0.0,-3004.7487193907323
1470120544,512,0.05,joint,30.12512398566905,0.12512398566904942,0.2889102626890163,0.9999875221007614,0.13526638348119246,0.9687234575754808,False,-30.937499999999996,200,9.328988198831212e-06,2079.09358375244
1470120544,512,0.05,marginal,90.0,60.00000000000001,0.984375,0.0625,0.9999999999999999,0.0,True,,1,0.0,-6411.515800939951
1470120544,512,0.0725,joint,30.26734373986497,0.26734373986497334,0.23827784839829425,0.9999999999999999,0.1364642275867658,0.9687499534594238,False,-30.937499999999996,200,1.6932654034462757e-07,959.2314230455081
1470120544,512,0.0725,marginal,90.0,60.00000000000001,0.984375,0.0625,0.9999999999999999,0.0,True,,1,0.0,-6427.596332506436
1470120544,512,0.1053,joint,30.025993446219452,0.02599344621945578,0.32419798166899294,0.9999999999996046,0.13437188768230413,0.968696577936627,False,-30.937499999999996,200,4.501413610569216e-05,-347.74412200655144
1470120544,512,0.1053,marginal,90.0,60.00000000000001,0.984375,0.0625,0.9999999999999999,0.0,True,,1,0.0,-6451.356691310816
1470120544,512,0.1527,joint,30.107451098482233,0.10745109848223391,0.2972604627228173,0.9999887540706165,0.13509588049456578,0.9676896392579377,False,-30.937499999999996,200,9.407576590092503e-05,-1605.5414934784294
1470120544,512,0.1527,marginal,90.0,60.00000000000001,0.984375,0.0625,0.9999999999999999,0.0,True,,1,0.0,-6493.744545231468
1470120544,512,0.2216,joint,30.39014547274544,0.3901454727454429,0.26774872876363687,0.9984223097714229,0.13855669306353247,0.967008338010523,False,-30.937499999999996,200,0.0001419522723153932,-2937.809084646269
1470120544,512,0.2216,marginal,90.0,60.00000000000001,0.984375,0.0625,0.9999999999999999,0.0,True,,1,0.0,-6556.6624772279065
1470120544,512,0.3215,joint,30.14808340812642,0.14808340812642276,0.28623998987764887,0.9999999793623076,0.13544897087551488,0.9659669527859405,False,-30.937499999999996,200,0.0004017308242509898,-3827.432665088491
1470120544,512,0.3215,marginal,90.0,60.00000000000001,0.984375,0.0625,0.9999999999999999,0.0,True,,1,0.0,-6374.403975186762
1470120544,512,0.4665,joint,30.417990894046284,0.4179908940462844,0.2635423165658844,0.9962548280714489,0.13825917935325038,0.9490836289063758,False,-30.937499999999996,200,0.0029852401858079247,-4861.066582901089
1470120544,512,0.4665,marginal,90.0,60.00000000000001,0.984375,0.0625,0.9999999999999999,0.0,True,,1,0.0,-6371.506169373074
1470120544,512,0.6769,joint,31.319011445377704,1.319011445377705,0.20998051774155962,0.9874294553745315,0.15005073124106882,0.9396447418365457,False,30.937499999999996,200,0.0050225663189849,-5504.684629927401
1470120544,512,0.6769,marginal,90.0,60.00000000000001,0.984375,0.0625,0.9999999999999999,0.0,True,,1,0.0,-6245.139576939515
1470120544,512,0.9821,joint,34.200462369916146,4.200462369916149,0.6724081934509042,0.9078317682794687,0.19713392362655646,0.8574242802372822,False,-28.125000000000007,200,0.003739362848136807,-6056.5611625327765
1470120544,512,0.9821,marginal,90.0,60.00000000000001,0.984375,0.0625,0.9999999999999999,0.0,True,,1,0.0,-6303.7900453951315
1470120544,512,1.425,joint,33.74811323139668,3.7481132313966845,0.7940981510322919,0.6578829089133689,0.17380390528778444,0.8118362460815889,False,30.937499999999996,200,0.0017709393569020904,-6123.842853361257
1470120544,512,1.425,marginal,90.0,60.00000000000001,0.984375,0.0625,0.9999999999999999,0.0,True,,1,0.0,-6169.686531571422
1470120544,512,2.0676,joint,56.852669971774816,26.852669971774816,0.9068070347739391,0.3022777218441397,0.48526804107038557,0.5322741169245345,False,33.749999999999986,200,0.008724410153263307,-6214.385237584826
1470120544,512,2.0676,marginal,90.0,60.00000000000001,0.984375,0.0625,0.9999999999999999,0.0,True,,1,0.0,-6219.356708108649
1470120544,512,3.0,joint,84.93345587701353,54.933455877013536,0.9776656525632315,0.08755187726401475,0.9304840670871363,0.08636307242183952,False,39.37499999999999,200,0.0005486530362759368,-6253.73107723619
1470120544,512,3.0,marginal,90.0,60.00000000000001,0.984375,0.0625,0.9999999999999999,0.0,True,,1,0.0,-6253.839427178968
1470120544,1024,0.05,joint,30.148172994655265,0.14817299465526798,0.2812556858332235,0.9999999998900774,0.1354822875560926,0.9684158841675157,False,-30.937499999999996,200,0.0002035644356510602,4122.280980136575
1470120544,1024,0.05,marginal,90.0,60.00000000000001,0.984375,0.0625,0.9999999999999999,0.0,True,,1,0.0,-12288.55914402982
1470120544,1024,0.0725,joint,30.15844999251807,0.15844999251806935,0.28664388202207053,0.999853509822753,0.13558423813005993,0.9632184644897581,False,30.937499999999996,200,0.00016777815903878945,1742.9174166918215
1470120544,1024,0.0725,marginal,90.0,60.00000000000001,0.984375,0.0625,0.9999999999999999,0.0,True,,1,0.0,-12444.691740390967
1470120544,1024,0.1053,joint,30.18337085676147,0.18337085676147202,0.26675775333587987,0.9995763588334863,0.1357491783909388,0.9682098296568986,False,30.937499999999996,200,0.0001849642301294807,-517.9882034331745
1470120544,1024,0.1053,marginal,90.0,60.00000000000001,0.984375,0.0625,0.9999999999999999,0.0,True,,1,0.0,-12353.701940231476
1470120544,1024,0.1527,joint,30.288810418603628,0.2888104186036312,0.2540026387650066,0.9984925778399425,0.13697033636701905,0.9516167402908853,False,30.937499999999996,200,0.0004564764462884341,-3213.2030521397696
1470120544,1024,0.1527,marginal,90.0,60.00000000000001,0.984375,0.0625,0.9999999999999999,0.0,True,,1,0.0,-12533.384593816374
1470120544,1024,0.2216,joint,30.318201645524052,0.31820164552405267,0.24053205155790794,0.999626040853498,0.13717820703673067,0.9653621178942267,False,30.937499999999996,200,0.0009975878201657906,-5667.312672651579
1470120544,1024,0.2216,marginal,90.0,60.00000000000001,0.984375,0.0625,0.9999999999999999,0.0,True,,1,0.0,-12590.915083985725
1470120544,1024,0.3215,joint,30.166386432848153,0.16638643284815527,0.28398614216322254,0.999494185434075,0.13569148249104068,0.9586906937200729,False,-30.937499999999996,200,0.002306376073647698,-7922.65870388347
1470120544,1024,0.3215,marginal,90.0,60.00000000000001,0.984375,0.0625,0.9999999999999999,0.0,True,,1,0.0,-12604.505384215008
1470120544,1024,0.4665,joint,29.871384006955513,0.12861599304448598,0.41355280598765354,0.9960148731741191,0.1337177860039963,0.9522811171693666,False,30.937499999999996,200,0.0028613059294002596,-9670.832203728507
1470120544,1024,0.4665,marginal,90.0,60.00000000000001,0.984375,0.0625,0.9999999999999999,0.0,True,,1,0.0,-12501.37580038418
1470120544,1024,0.6769,joint,29.83671126481713,0.1632887351828688,0.5612657448770744,0.9752858115571125,0.1334202702306604,0.9170797572960135,False,-30.937499999999996,200,0.0015641676345694577,-11140.686060233113
1470120544,1024,0.6769,marginal,90.0,60.00000000000001,0.984375,0.0625,0.9999999999999999,0.0,True,,1,0.0,-12412.168220727517
1470120544,1024,0.9821,joint,33.61040676948118,3.6104067694811808,0.6524340326749678,0.9071278798108584,0.18335858781356884,0.8835837306706139,False,-28.125000000000007,200,0.0045896107840235345,-11952.61535668435
1470120544,1024,0.9821,marginal,90.0,60.00000000000001,0.984375,0.0625,0.9999999999999999,0.0,True,,1,0.0,-12396.517012357395
1470120544,1024,1.425,joint,35.840369405864074,5.840369405864077,0.7647891781486975,0.7129497910834623,0.21877885470012104,0.8003561477468963,False,-30.937499999999996,200,0.004934333188430173,-11985.465234025245
1470120544,1024,1.425,marginal,90.0,60.00000000000001,0.984375,0.0625,0.9999999999999999,0.0,True,,1,0.0,-12064.584696636066
1470120544,1024,2.0676,joint,53.41366144646684,23.413661446466843,0.929063280812035,0.24858822208733866,0.4581969419930807,0.4833833791788925,False,36.5625,200,0.016245269593127887,-12574.569048195044
1470120544,1024,2.0676,marginal,90.0,60.00000000000001,0.984375,0.0625,0.9999999999999999,0.0,True,,1,0.0,-12582.278509747037
1470120544,1024,3.0,joint,86.82709458873468,56.82709458873468,0.9826404093685326,0.0678356753476197,0.9523186213362039,0.05580247536899026,False,-42.18750000000001,200,0.00047054464084794745,-12394.922294115004
1470120544,1024,3.0,marginal,90.0,60.00000000000001,0.984375,0.0625,0.9999999999999999,0.0,True,,1,0.0,-12395.015501094422
1470120544,2048,0.05,joint,30.16779620893834,0.16779620893834257,0.273702355741756,0.9999999972087151,0.1356494376124603,0.9687350293801231,False,-30.937499999999996,200,5.9962152590742335e-05,8311.383035920837
1470120544,2048,0.05,marginal,90.0,60.00000000000001,0.984375,0.0625,0.9999999999999999,0.0,True,,1,0.0,-24646.161391403948
1470120544,2048,0.0725,joint,30.218294499932764,0.2182944999327677,0.25477016340561076,0.9999049833188633,0.1360921464704018,0.9686475240170438,False,-30.937499999999996,200,2.829898858180968e-05,3562.3533281965074
1470120544,2048,0.0725,marginal,90.0,60.00000000000001,0.984375,0.0625,0.9999999999999999,0.0,True,,1,0.0,-24904.271645887806
1470120544,2048,0.1053,joint,30.203796114289645,0.20379611428964864,0.26531402675889604,0.9991498877198245,0.1359773712024862,0.9678022800641026,False,-30.937499999999996,200,0.00025854422437987523,-1447.541791020094
1470120544,2048,0.1053,marginal,90.0,60.00000000000001,0.984375,0.0625,0.9999999999999999,0.0,True,,1,0.0,-25131.061301592315
1470120544,2048,0.1527,joint,30.149716023435843,0.1497160234358472,0.2801752032692577,0.999999799716655,0.13549267211110372,0.9686769383732103,False,-30.937499999999996,200,0.0002450946858516545,-6160.905344533334
1470120544,2048,0.1527,marginal,90.0,60.00000000000001,0.984375,0.0625,0.9999999999999999,0.0,True,,1,0.0,-25119.607593286273
1470120544,2048,0.2216,joint,30.27114129771146,0.271141297711461,0.2573169124020669,0.9995502872648033,0.13685050627126405,0.9671721643385147,False,-30.937499999999996,200,0.0014443990494328318,-11107.171763260796
1470120544,2048,0.2216,marginal,90.0,60.00000000000001,0.984375,0.0625,0.9999999999999999,0.0,True,,1,0.0,-25175.63120951737
1470120544,2048,0.3215,joint,30.054855471328203,0.05485547132820691,0.31558903945093847,0.9967414361581712,0.13475836073726322,0.9623958144033138,False,-30.937499999999996,200,0.0027068482922913972,-15653.08108380271
1470120544,2048,0.3215,marginal,90.0,60.00000000000001,0.984375,0.0625,0.9999999999999999,0.0,True,,1,0.0,-25377.556832080587
1470120544,2048,0.4665,joint,29.976213189915924,0.023786810084072293,0.35405139304625605,0.9996033313605036,0.13400013949054002,0.9521043139928941,False,-30.937499999999996,200,0.006884345311846118,-19374.54868905028
1470120544,2048,0.4665,marginal,90.0,60.00000000000001,0.984375,0.0625,0.9999999999999999,0.0,True,,1,0.0,-24900.66503837114
1470120544,2048,0.6769,joint,30.317335333474713,0.31733533347471665,0.5006263455480712,0.9866448886877308,0.14110948276397706,0.9250054483475634,False,-30.937499999999996,200,0.01058230860871845,-22366.028067022296
1470120544,2048,0.6769,marginal,90.0,60.00000000000001,0.984375,0.0625,0.9999999999999999,0.0,True,,1,0.0,-24959.679047826536
1470120544,2048,0.9821,joint,30.933000731799165,0.9330007317991686,0.6718120092036403,0.9034086312872094,0.14726644580992188,0.8703865514586112,False,30.937499999999996,200,0.005529047906748019,-24028.246596847544
1470120544,2048,0.9821,marginal,90.0,60.00000000000001,0.984375,0.0625,0.9999999999999999,0.0,True,,1,0.0,-24870.472916347626
1470120544,2048,1.425,joint,35.21634060099947,5.216340600999476,0.7578917528106466,0.7672348294885534,0.21016337635169058,0.7931071198984245,False,-28.125000000000007,200,0.011550306175195146,-24493.36464250405
1470120544,2048,1.425,marginal,90.0,60.00000000000001,0.984375,0.0625,0.9999999999999999,0.0,True,,1,0.0,-24636.510783332764
1470120544,2048,2.0676,joint,61.860419402335,31.860419402335,0.9114565034671774,0.30811968978081794,0.565341941561553,0.40617388707827345,False,30.937499999999996,200,0.02931832069225493,-24681.940627685934
1470120544,2048,2.0676,marginal,90.0,60.00000000000001,0.984375,0.0625,0.9999999999999999,0.0,True,,1,0.0,-24694.217588549145
1470120544,2048,3.0,joint,90.18512821702035,60.185128217020356,0.9825627461996967,0.06987633868211565,0.9861220608037712,0.051635125520164915,False,106.875,200,0.0007463802940037567,-24430.425418144143
1470120544,2048,3.0,marginal,90.0,60.00000000000001,0.984375,0.0625,0.9999999999999999,0.0,True,,1,0.0,-24430.5910730186
1470120544,4096,0.05,joint,30.167601328639474,0.1676013286394772,0.27496645365831085,0.9998072354140624,0.13565407286037834,0.9685551984334388,False,-30.937499999999996,200,3.912260217475705e-05,16523.941409571413
1470120544,4096,0.05,marginal,90.0,60.00000000000001,0.984375,0.0625,0.9999999999999999,0.0,True,,1,0.0,-48520.65140203841
1470120544,4096,0.0725,joint,30.23339195909507,0.23339195909507188,0.2517918721484983,0.9998815036477924,0.1362216773608269,0.9683814605727363,False,-30.937499999999996,200,0.000809752269560704,7189.745637130295
1470120544,4096,0.0725,marginal,90.0,60.00000000000001,0.984375,0.0625,0.9999999999999999,0.0,True,,1,0.0,-48756.56091533439
1470120544,4096,0.1053,joint,30.15813882235425,0.1581388223542508,0.2772592235805827,0.9999999999381841,0.13556747831964178,0.9686724069452419,False,-30.937499999999996,200,0.00046930562439229107,-2827.4861876237246
1470120544,4096,0.1053,marginal,90.0,60.00000000000001,0.984375,0.0625,0.9999999999999999,0.0,True,,1,0.0,-49292.8421838957
1470120544,4096,0.1527,joint,30.205020548547036,0.2050205485470372,0.26156167851060796,0.9999999959943193,0.13596838162490266,0.968156485625401,False,30.937499999999996,200,0.002039696195424767,-12718.31217290173
1470120544,4096,0.1527,marginal,90.0,60.00000000000001,0.984375,0.0625,0.9999999999999999,0.0,True,,1,0.0,-49542.776179363005
1470120544,4096,0.2216,joint,30.17222858424555,0.17222858424554993,0.2846285736384513,0.9996084215192835,0.13586628132648138,0.9671009938047549,False,-30.937499999999996,200,0.003579052794520976,-22330.175117468043
1470120544,4096,0.2216,marginal,90.0,60.00000000000001,0.984375,0.0625,0.9999999999999999,0.0,True,,1,0.0,-49654.49004126215
1470120544,4096,0.3215,joint,30.315908810883066,0.31590881088306694,0.23642507990317305,0.99973942734725,0.13710640669897167,0.9662415829035045,False,-30.937499999999996,200,0.006811969080445124,-31375.99840407166
1470120544,4096,0.3215,marginal,90.0,60.00000000000001,0.984375,0.0625,0.9999999999999999,0.0,True,,1,0.0,-49605.9334066368
1470120544,4096,0.4665,joint,30.187609387134856,0.18760938713485711,0.31253755503939584,0.9995711554212005,0.1359734475595854,0.9513654984373421,False,-30.937499999999996,200,0.01647977538232226,-38701.36578363391
1470120544,4096,0.4665,marginal,90.0,60.00000000000001,0.984375,0.0625,0.9999999999999999,0.0,True,,1,0.0,-49833.01669890661
1470120544,4096,0.6769,joint,30.28156491367235,0.28156491367235464,0.43794628210741776,0.9906986684998045,0.13857844717002799,0.9287063015741422,False,-30.937499999999996,200,0.016348698249203153,-44738.42675183191
1470120544,4096,0.6769,marginal,90.0,60.00000000000001,0.984375,0.0625,0.9999999999999999,0.0,True,,1,0.0,-49916.87773291602
1470120544,4096,0.9821,joint,31.08770190986038,1.0877019098603828,0.6343549847461223,0.9263053386893495,0.15018476619271226,0.8860499122074754,False,30.937499999999996,200,0.01171338187850779,-47634.25597107951
1470120544,4096,0.9821,marginal,90.0,60.00000000000001,0.984375,0.0625,0.9999999999999999,0.0,True,,1,0.0,-49200.19271450545
1470120544,4096,1.425,joint,32.7775758173523,2.7775758173523033,0.7523805710152067,0.7770333109955476,0.1721765657646459,0.8374811781136888,False,28.125000000000007,200,0.02074005961912917,-48876.37066762942
1470120544,4096,1.425,marginal,90.0,60.00000000000001,0.984375,0.0625,0.9999999999999999,0.0,True,,1,0.0,-49189.00859202564
1470120544,4096,2.0676,joint,56.20712277363554,26.207122773635543,0.9259284847489484,0.28155853750492127,0.5067404162613761,0.42669894635478967,False,-28.125000000000007,200,0.051207226715632714,-49435.42590737836
1470120544,4096,2.0676,marginal,90.0,60.00000000000001,0.984375,0.0625,0.9999999999999999,0.0,True,,1,0.0,-49457.108837296226
1470120544,4096,3.0,joint,88.17145282404269,58.171452824042696,0.9834542893950784,0.06579040052117659,0.9514453346338243,0.04679757666301369,False,47.81249999999999,200,0.0013580175436800346,-48974.63877090433
1470120544,4096,3.0,marginal,90.0,60.00000000000001,0.984375,0.0625,0.9999999999999999,0.0,True,,1,0.0,-48974.92926292468
1004126916,32,0.05,joint,31.656243736071477,1.656243736071479,0.2585260705618961,0.9975927827680285,0.1489831125066824,0.9718487778009561,False,30.937499999999996,200,2.9011860249283927e-05,130.8935267884869
1004126916,32,0.05,marginal,90.0,60.00000000000001,0.984375,0.0625,0.9999999999999999,0.0,True,,1,0.0,-355.590072051874
1004126916,32,0.0725,joint,31.240605849378664,1.2406058493786662,0.31371336392236715,0.9631691227232894,0.14543002734752908,0.9604259003410338,False,-30.937499999999996,200,1.6159110359126316e-05,56.3200195617178
1004126916,32,0.0725,marginal,90.0,60.00000000000001,0.984375,0.0625,0.9999999999999999,0.0,True,,1,0.0,-353.42628487726216
1004126916,32,0.1053,joint,30.758551988199226,0.7585519881992293,0.17163824718822396,0.9999992358217464,0.14081407327449258,0.9687394162093518,False,-30.937499999999996,200,1.2025701536799716e-06,-12.303964761178065
1004126916,32,0.1053,marginal,90.0,60.00000000000001,0.984375,0.0625,0.9999999999999999,0.0,True,,1,0.0,-345.6688392373984
1004126916,32,0.1527,joint,31.215779247957844,1.2157792479578453,0.35759946766843176,0.999547614257504,0.145099861407596,0.9682945973599113,False,30.937499999999996,200,8.233336956209314e-06,-106.24560364228985
1004126916,32,0.1527,marginal,90.0,60.00000000000001,0.984375,0.0625,0.9999999999999999,0.0,True,,1,0.0,-387.81060324194755
1004126916,32,0.2216,joint,30.899111328859355,0.8991113288593583,0.4948590732493141,0.9966102996980577,0.14244745458601904,0.9575477951698317,False,-30.937499999999996,200,2.737323518431367e-05,-176.68729001772752
1004126916,32,0.2216,marginal,90.0,60.00000000000001,0.984375,0.0625,0.9999999999999999,0.0,True,,1,0.0,-367.47948712982077
1004126916,32,0.3215,joint,31.363403046969673,1.3634030469696743,0.6104014509622693,0.9635546317490056,0.14504666322005744,0.9453002506468083,False,-30.937499999999996,200,0.0001641485579852997,-241.29455220695067
1004126916,32,0.3215,marginal,90.0,60.00000000000001,0.984375,0.0625,0.9999999999999999,0.0,True,,1,0.0,-379.66733873782795
1004126916,32,0.4665,joint,36.10225272628085,6.102252726280852,0.8615465890614722,0.7675720322038009,0.2056031349946965,0.950896459328187,False,28.125000000000007,200,2.9611232946535893e-05,-307.20306254965425
1004126916,32,0.4665,marginal,90.0,60.00000000000001,0.984375,0.0625,0.9999999999999999,0.0,True,,1,0.0,-378.107279958896
1004126916,32,0.6769,joint,42.740609778584975,12.740609778584977,0.6357883119720875,0.7301031541972999,0.26934791367427,0.9034232492119805,False,30.937499999999996,200,0.00021925064908145941,-348.051980009057
1004126916,32,0.6769,marginal,90.0,60.00000000000001,0.984375,0.0625,0.9999999999999999,0.0,True,,1,0.0,-380.29155565601025
1004126916,32,0.9821,joint,55.84731912517467,25.84731912517467,0.8364337199014038,0.550999605916086,0.4958942767951833,0.8379936603288579,False,33.749999999999986,200,0.00021800424838147592,-364.1277341830369
1004126916,32,0.9821,marginal,90.0,60.00000000000001,0.984375,0.0625,0.9999999999999999,0.0,True,,1,0.0,-378.5365063758335
1004126916,32,1.425,joint,50.807359580593356,20.80735958059336,0.8079532933407387,0.6284984780019038,0.4521401551695047,0.907759993924725,False,28.125000000000007,200,0.0003277758548847487,-361.6912782485649
1004126916,32,1.425,marginal,90.0,60.00000000000001,0.984375,0.0625,0.9999999999999999,0.0,True,,1,0.0,-367.8105670357671
1004126916,32,2.0676,joint,58.5839660570847,28.5839660570847,0.9981516931712917,0.054980767580254095,0.10520726717070183,0.8643870662870299,False,59.0625,200,0.00044934039459576525,-380.37665370386975
1004126916,32,2.0676,marginal,90.0,60.00000000000001,0.984375,0.0625,0.9999999999999999,0.0,True,,1,0.0,-382.51389681842363
1004126916,32,3.0,joint,102.38276200706977,72.38276200706977,0.9978684535427409,0.00908394306718814,0.7226823013701975,0.39586321584853024,False,109.68749999999999,200,0.0006289556423553222,-403.3791307659875
1004126916,32,3.0,marginal,90.0,60.00000000000001,0.984375,0.0625,0.9999999999999999,0.0,True,,1,0.0,-403.5369389265147
1004126916,128,0.05,joint,30.384525514690353,0.3845255146903542,0.1966110532739793,0.9999999999997953,0.13750529529818722,0.968747697441853,False,-30.937499999999996,200,1.1460298310339567e-06,516.4582314532206
1004126916,128,0.05,marginal,90.0,60.00000000000001,0.984375,0.0625,0.9999999999999999,0.0,True,,1,0.0,-1508.925780679368
1004126916,128,0.0725,joint,30.6089051364733,0.6089051364733038,0.09565461988995015,0.9999999999999765,0.1394817725650569,0.9609374895552985,False,-30.937499999999996,200,7.228961075611551e-05,173.43507145446694
1004126916,128,0.0725,marginal,90.0,60.00000000000001,0.984375,0.0625,0.9999999999999999,0.0,True,,1,0.0,-1584.3776913004783
1004126916,128,0.1053,joint,30.471672824259368,0.47167282425936913,0.1969538962905992,0.9965589161949451,0.1384839219697328,0.9729044074585882,False,-30.937499999999996,200,3.666381999778423e-05,-147.06217090760174
1004126916,128,0.1053,marginal,90.0,60.00000000000001,0.984375,0.0625,0.9999999999999999,0.0,True,,1,0.0,-1540.3353524232589
1004126916,128,0.1527,joint,30.88354941804796,0.8835494180479625,0.06994683023009336,0.9796031634692147,0.14256578682143806,0.9606707521772222,False,-30.937499999999996,200,5.417399501084219e-05,-463.6492959977469
1004126916,128,0.1527,marginal,90.0,60.00000000000001,0.984375,0.0625,0.9999999999999999,0.0,True,,1,0.0,-1566.2377884116174
1004126916,128,0.2216,joint,30.82986761814533,0.8298676181453328,0.038570108803392365,0.9999988113776443,0.14124361221984771,0.9764088922609602,False,30.937499999999996,200,7.44888893677853e-05,-676.8861022937961
1004126916,128,0.2216,marginal,90.0,60.00000000000001,0.984375,0.0625,0.9999999999999999,0.0,True,,1,0.0,-1529.0761868086424
1004126916,128,0.3215,joint,30.617490514801293,0.6174905148012968,0.12894712784236737,0.9882352865594747,0.13991734054501737,0.9413240104622644,False,-30.937499999999996,200,0.0005135474261805939,-948.2358156936336
1004126916,128,0.3215,marginal,90.0,60.00000000000001,0.984375,0.0625,0.9999999999999999,0.0,True,,1,0.0,-1530.6617405196298
1004126916,128,0.4665,joint,30.064645404327063,0.06464540432706417,0.27450936844081897,0.9818765956822462,0.13604828180760598,0.9323186874629592,False,-30.937499999999996,200,0.0005702265045783861,-1119.4586149845632
1004126916,128,0.4665,marginal,90.0,60.00000000000001,0.984375,0.0625,0.9999999999999999,0.0,True,,1,0.0,-1470.9517706200638
1004126916,128,0.6769,joint,34.649989595840914,4.649989595840914,0.30098302749728945,0.890003077443038,0.20432631300574655,0.8869060951316754,False,-30.937499999999996,200,0.00101964236614549,-1395.7730588211743
1004126916,128,0.6769,marginal,90.0,60.00000000000001,0.984375,0.0625,0.9999999999999999,0.0,True,,1,0.0,-1537.0801768547822
1004126916,128,0.9821,joint,43.64758106419707,13.647581064197071,0.78622890832359,0.7405971562650708,0.32047691098026,0.870581756797774,False,28.125000000000007,200,0.0011870817786530097,-1469.7048150689623
1004126916,128,0.9821,marginal,90.0,60.00000000000001,0.984375,0.0625,0.9999999999999999,0.0,True,,1,0.0,-1514.5711569674004
1004126916,128,1.425,joint,41.95327835362664,11.953278353626636,0.8967811481712438,0.5894649075947515,0.3134946384992193,0.8274471639988689,False,25.31249999999999,200,0.0014226270805011154,-1484.0758865404373
1004126916,128,1.425,marginal,90.0,60.00000000000001,0.984375,0.0625,0.9999999999999999,0.0,True,,1,0.0,-1494.837052183892
1004126916,128,2.0676,joint,44.321689980068975,14.321689980068975,0.749037964327899,0.6822508873320036,0.1303591775137477,0.8399765082304589,False,30.937499999999996,200,0.0021752965903942822,-1497.1711530871444
1004126916,128,2.0676,marginal,90.0,60.00000000000001,0.984375,0.0625,0.9999999999999999,0.0,True,,1,0.0,-1502.030525986171
1004126916,128,3.0,joint,82.9777755834019,52.97777558340189,0.9799785888953308,0.07831413569041451,0.8882744280415288,0.18525186193503695,False,112.50000000000003,200,0.0006077666628243605,-1538.8465965147666
1004126916,128,3.0,marginal,90.0,60.00000000000001,0.984375,0.0625,0.9999999999999999,0.0,True,,1,0.0,-1538.9723306071273
1004126916,256,0.05,joint,29.64407907727286,0.35592092272713916,0.4281714427379455,0.9724600229768456,0.13146235443920762,0.9330036914417559,False,-30.937499999999996,200,0.0002553787745682712,917.5214714026631
1004126916,256,0.05,marginal,90.0,60.00000000000001,0.984375,0.0625,0.9999999999999999,0.0,True,,1,0.0,-3048.350737704115
1004126916,256,0.0725,joint,29.598629148658777,0.4013708513412195,0.6133653049205667,0.9967557256101871,0.1308991930258676,0.9497892224420421,False,28.125000000000007,200,0.00010397827821861938,425.9718453356396
1004126916,256,0.0725,marginal,90.0,60.00000000000001,0.984375,0.0625,0.9999999999999999,0.0,True,,1,0.0,-3054.0124752525608
1004126916,256,0.1053,joint,29.825766617577834,0.17423338242216316,0.5801506065870788,0.9998321408012109,0.13300931888343825,0.9525959108472961,False,30.937499999999996,200,0.00018793690250618056,-80.08897318418722
1004126916,256,0.1053,marginal,90.0,60.00000000000001,0.984375,0.0625,0.9999999999999999,0.0,True,,1,0.0,-3075.5949797554904
1004126916,256,0.1527,joint,30.107934719683428,0.10793471968343103,0.3828725443947796,0.9975772090787817,0.13616208649875905,0.9558346265438076,False,-30.937499999999996,200,0.0002814493179812416,-743.6128734359238
1004126916,256,0.1527,marginal,90.0,60.00000000000001,0.984375,0.0625,0.9999999999999999,0.0,True,,1,0.0,-3066.3957668176727
1004126916,256,0.2216,joint,30.209965639727454,0.2099656397274572,0.2658739094501492,0.9983378832777114,0.13607006492217721,0.9487797460637066,False,-30.937499999999996,200,0.00041406931495657773,-1442.04706341559
1004126916,256,0.2216,marginal,90.0,60.00000000000001,0.984375,0.0625,0.9999999999999999,0.0,True,,1,0.0,-3110.538084935718
1004126916,256,0.3215,joint,30.476752394343816,0.4767523943438162,0.34803036023324446,0.9895399118935778,0.14083130095320673,0.9507844331152662,False,30.937499999999996,200,0.00046748711883992655,-1970.0087896836217
1004126916,256,0.3215,marginal,90.0,60.00000000000001,0.984375,0.0625,0.9999999999999999,0.0,True,,1,0.0,-3138.940584416515
1004126916,256,0.4665,joint,31.00401108602632,1.0040110860263225,0.31015368064216553,0.9771481441431606,0.14842479416718857,0.935867511093204,False,-30.937499999999996,200,0.0009294200826843735,-2465.005558841791
1004126916,256,0.4665,marginal,90.0,60.00000000000001,0.984375,0.0625,0.9999999999999999,0.0,True,,1,0.0,-3137.06874503473
1004126916,256,0.6769,joint,32.01898934491566,2.018989344915665,0.6985304845718157,0.9015180474345654,0.16567832508288927,0.9014863131029862,False,30.937499999999996,200,0.001222159730787098,-2852.60364195134
1004126916,256,0.6769,marginal,90.0,60.00000000000001,0.984375,0.0625,0.9999999999999999,0.0,True,,1,0.0,-3162.5366845817525
1004126916,256,0.9821,joint,31.60669435149435,1.6066943514943524,0.8064589196507417,0.8496507460175847,0.16754749540398461,0.8712505514600186,False,28.125000000000007,200,0.0014284049066191074,-2973.0328711818056
1004126916,256,0.9821,marginal,90.0,60.00000000000001,0.984375,0.0625,0.9999999999999999,0.0,True,,1,0.0,-3089.332847520161
1004126916,256,1.425,joint,47.76149012885753,17.761490128857535,0.8572169086878472,0.4549827247309442,0.3385656123817782,0.8108030878521025,False,36.5625,200,0.0020268936568754725,-3058.22372145213
1004126916,256,1.425,marginal,90.0,60.00000000000001,0.984375,0.0625,0.9999999999999999,0.0,True,,1,0.0,-3079.64119367696
1004126916,256,2.0676,joint,50.67488206909991,20.674882069099908,0.8772727495757289,0.40789566458705806,0.42126607152809625,0.576798422623081,False,-30.937499999999996,200,0.004867549972004781,-3127.173231049008
1004126916,256,2.0676,marginal,90.0,60.00000000000001,0.984375,0.0625,0.9999999999999999,0.0,True,,1,0.0,-3130.2148756822467
1004126916,256,3.0,joint,87.29758518623754,57.29758518623755,0.978510046792518,0.0816314787099516,0.8284911925920473,0.1490729658745249,False,36.5625,200,0.00085290025890572,-3049.198515372396
1004126916,256,3.0,marginal,90.0,60.00000000000001,0.984375,0.0625,0.9999999999999999,0.0,True,,1,0.0,-3049.371198459525
1004126916,512,0.05,joint,29.670409845955117,0.3295901540448794,0.45059953067001823,0.9999999992279762,0.13137196762142356,0.9687107068193657,False,-30.937499999999996,200,3.082586999880732e-05,2061.3072506903036
1004126916,512,0.05,marginal,90.0,60.00000000000001,0.984375,0.0625,0.9999999999999999,0.0,True,,1,0.0,-6268.858165276295
1004126916,512,0.0725,joint,29.45703271529578,0.5429672847042162,0.5401177697715913,0.9969572043878547,0.12958523110383224,0.9656717162089063,False,28.125000000000007,200,2.6466088002052857e-05,827.0331624641196
1004126916,512,0.0725,marginal,90.0,60.00000000000001,0.984375,0.0625,0.9999999999999999,0.0,True,,1,0.0,-6305.334196179483
1004126916,512,0.1053,joint,29.682694354412174,0.31730564558782315,0.46419912557463267,0.9974224566883395,0.1315684371649154,0.9661683831378854,False,-30.937499999999996,200,5.875305873814796e-06,-309.33605802704903
1004126916,512,0.1053,marginal,90.0,60.00000000000001,0.984375,0.0625,0.9999999999999999,0.0,True,,1,0.0,-6319.541357764434
1004126916,512,0.1527,joint,29.702617143214514,0.2973828567854836,0.4324311392269181,0.9999999012682352,0.1316636270107766,0.9614929190749213,False,30.937499999999996,200,0.00017734021366777597,-1689.8844529357116
1004126916,512,0.1527,marginal,90.0,60.00000000000001,0.984375,0.0625,0.9999999999999999,0.0,True,,1,0.0,-6402.299732604564
1004126916,512,0.2216,joint,29.815747585379604,0.18425241462039216,0.42753514195778486,0.995218049442482,0.13274791881485393,0.9639372700723856,False,-30.937499999999996,200,3.527317767293425e-05,-2957.6729705082334
1004126916,512,0.2216,marginal,90.0,60.00000000000001,0.984375,0.0625,0.9999999999999999,0.0,True,,1,0.0,-6406.373084994455
1004126916,512,0.3215,joint,29.801349829117854,0.19865017088214415,0.44624323461399074,0.9911044553538144,0.1337533251069336,0.9527563666137893,False,-30.937499999999996,200,0.00096206128000631,-3888.212415335177
1004126916,512,0.3215,marginal,90.0,60.00000000000001,0.984375,0.0625,0.9999999999999999,0.0,True,,1,0.0,-6357.991997644895
1004126916,512,0.4665,joint,30.849854186984704,0.8498541869847075,0.5208113221313468,0.9625136822285374,0.15062674106463747,0.9193953037791691,False,-30.937499999999996,200,0.0016013611520975246,-5068.3004617900515
1004126916,512,0.4665,marginal,90.0,60.00000000000001,0.984375,0.0625,0.9999999999999999,0.0,True,,1,0.0,-6442.648615217282
1004126916,512,0.6769,joint,31.5808915272087,1.5808915272087019,0.48869182907117265,0.9595669877624446,0.15726926465630187,0.8988630341204569,False,-30.937499999999996,200,0.0023246770706464304,-5669.058194754865
1004126916,512,0.6769,marginal,90.0,60.00000000000001,0.984375,0.0625,0.9999999999999999,0.0,True,,1,0.0,-6392.323724965635
1004126916,512,0.9821,joint,33.60122098202254,3.601220982022543,0.8765661355224772,0.9349683675969744,0.18990888188006738,0.8970418842738568,False,-28.125000000000007,200,0.0053494125395445735,-5973.787574493891
1004126916,512,0.9821,marginal,90.0,60.00000000000001,0.984375,0.0625,0.9999999999999999,0.0,True,,1,0.0,-6204.5550609031925
1004126916,512,1.425,joint,37.05980542011178,7.059805420111782,0.7642832831544999,0.7333115788069823,0.23196165398126356,0.7553183796474727,False,-30.937499999999996,200,0.0033336638762193616,-6327.404425645397
1004126916,512,1.425,marginal,90.0,60.00000000000001,0.984375,0.0625,0.9999999999999999,0.0,True,,1,0.0,-6357.304305466554
1004126916,512,2.0676,joint,49.39291004358366,19.392910043583665,0.8705787237195749,0.4729157477143581,0.32715009480010704,0.6463566970718185,False,-28.125000000000007,200,0.008931125842536858,-6240.546098671319
1004126916,512,2.0676,marginal,90.0,60.00000000000001,0.984375,0.0625,0.9999999999999999,0.0,True,,1,0.0,-6248.050210170866
1004126916,512,3.0,joint,77.98002357912782,47.98002357912782,0.9827799544164231,0.06907129850820769,0.8393292527974405,0.10795156699488877,False,0.0,200,0.0009230561527147074,-6101.630060097484
1004126916,512,3.0,marginal,90.0,60.00000000000001,0.984375,0.0625,0.9999999999999999,0.0,True,,1,0.0,-6101.839037657013
1004126916,1024,0.05,joint,30.15504862315708,0.15504862315707982,0.27820778905664795,0.9999999999999657,0.13553814888669813,0.9687485345378666,False,-30.937499999999996,200,5.4679662753187586e-06,4018.75855194194
1004126916,1024,0.05,marginal,90.0,60.00000000000001,0.984375,0.0625,0.9999999999999999,0.0,True,,1,0.0,-12260.65424587627
1004126916,1024,0.0725,joint,30.091684932313573,0.09168493231357577,0.30074817236776097,0.9999999999882246,0.13499483856432715,0.968741510862085,False,-30.937499999999996,200,2.262516522932856e-05,1826.0389579574344
1004126916,1024,0.0725,marginal,90.0,60.00000000000001,0.984375,0.0625,0.9999999999999999,0.0,True,,1,0.0,-12287.019647385849
1004126916,1024,0.1053,joint,30.193893632073227,0.19389363207322843,0.2893066537565355,0.9985761807930409,0.13620711123615137,0.9672199590945858,False,-30.937499999999996,200,0.00014457262500400248,-689.1185998714363
1004126916,1024,0.1053,marginal,90.0,60.00000000000001,0.984375,0.0625,0.9999999999999999,0.0,True,,1,0.0,-12500.073567584743
1004126916,1024,0.1527,joint,30.111543176668633,0.11154317666863633,0.2935717214641388,0.9999999864435176,0.13516672936461305,0.9684633028364261,False,-30.937499999999996,200,0.00020647736664614058,-3109.367574946906
1004126916,1024,0.1527,marginal,90.0,60.00000000000001,0.984375,0.0625,0.9999999999999999,0.0,True,,1,0.0,-12386.937989185299
1004126916,1024,0.2216,joint,30.104232171252807,0.10423217125281042,0.3650899468203928,0.9985034643516912,0.13613624323124873,0.9668807540043969,False,-30.937499999999996,200,0.00032713020027586026,-5763.954597655213
1004126916,1024,0.2216,marginal,90.0,60.00000000000001,0.984375,0.0625,0.9999999999999999,0.0,True,,1,0.0,-12561.659327703204
1004126916,1024,0.3215,joint,29.981478094115435,0.01852190588456324,0.3425268810263851,0.9999999811793481,0.13403866802210662,0.9673815801501355,False,-30.937499999999996,200,0.001025254411615606,-7957.0349656088665
1004126916,1024,0.3215,marginal,90.0,60.00000000000001,0.984375,0.0625,0.9999999999999999,0.0,True,,1,0.0,-12627.379545618685
1004126916,1024,0.4665,joint,30.250353270103197,0.25035327010319924,0.34749719967311343,0.9980251114576315,0.1374955164434848,0.9559328371693023,False,-30.937499999999996,200,0.004027534192573512,-9637.305249731653
1004126916,1024,0.4665,marginal,90.0,60.00000000000001,0.984375,0.0625,0.9999999999999999,0.0,True,,1,0.0,-12316.215756571488
1004126916,1024,0.6769,joint,31.428615169390948,1.4286151693909488,0.4568958202675124,0.9518106518408125,0.15517763946481078,0.8907696838548461,False,-30.937499999999996,200,0.005680077092620195,-11218.236549829067
1004126916,1024,0.6769,marginal,90.0,60.00000000000001,0.984375,0.0625,0.9999999999999999,0.0,True,,1,0.0,-12535.922250053743
1004126916,1024,0.9821,joint,32.48659327960168,2.486593279601677,0.6322837564620353,0.9073643186937708,0.1646143159581549,0.8816758744427536,False,-30.937499999999996,200,0.004566477971820859,-11978.413518578753
1004126916,1024,0.9821,marginal,90.0,60.00000000000001,0.984375,0.0625,0.9999999999999999,0.0,True,,1,0.0,-12432.40110129297
1004126916,1024,1.425,joint,39.021572822572814,9.021572822572818,0.8242575209275222,0.6049323338955762,0.27077537588643585,0.7224376645903622,False,28.125000000000007,200,0.0033277841084782267,-12162.509039222787
1004126916,1024,1.425,marginal,90.0,60.00000000000001,0.984375,0.0625,0.9999999999999999,0.0,True,,1,0.0,-12223.068982979978
1004126916,1024,2.0676,joint,88.45325453519693,58.45325453519694,0.9621103059533345,0.14143867841172916,0.8807465363797841,0.4287852385029226,False,101.25000000000001,200,0.013524835720090778,-12338.179617398268
1004126916,1024,2.0676,marginal,90.0,60.00000000000001,0.984375,0.0625,0.9999999999999999,0.0,True,,1,0.0,-12344.520461732913
1004126916,1024,3.0,joint,87.7076457991646,57.70764579916459,0.9836304737764048,0.06422283752260181,0.9612665785489708,0.05205995165039269,False,-42.18750000000001,200,0.000379403918486787,-12315.68179299587
1004126916,1024,3.0,marginal,90.0,60.00000000000001,0.984375,0.0625,0.9999999999999999,0.0,True,,1,0.0,-12315.759854142321
1004126916,2048,0.05,joint,30.03355266635687,0.0335526663568701,0.32939403938999706,0.9986607426098941,0.1345275176914258,0.9673298516476532,False,-30.937499999999996,200,0.00018911030201707035,8108.249471863212
1004126916,2048,0.05,marginal,90.0,60.00000000000001,0.984375,0.0625,0.9999999999999999,0.0,True,,1,0.0,-24537.649325112587
1004126916,2048,0.0725,joint,30.037648675865135,0.03764867586513853,0.3244480403250368,0.9982174500983215,0.13457286626663534,0.9662781682650642,False,-30.937499999999996,200,0.0005476708774949657,3272.346182964524
1004126916,2048,0.0725,marginal,90.0,60.00000000000001,0.984375,0.0625,0.9999999999999999,0.0,True,,1,0.0,-24601.03376188218
1004126916,2048,0.1053,joint,29.91118358225117,0.08881641774882972,0.37803340981892186,0.9949934401591176,0.13351695993190993,0.963549791856278,False,-30.937499999999996,200,0.0004999778091132612,-1514.3479263601482
1004126916,2048,0.1053,marginal,90.0,60.00000000000001,0.984375,0.0625,0.9999999999999999,0.0,True,,1,0.0,-25022.65681082244
1004126916,2048,0.1527,joint,30.027477985563046,0.027477985563049187,0.35724389398416434,0.9949916371979455,0.13479437848880882,0.954988533936276,False,-30.937499999999996,200,0.002899339523537492,-6475.169636902158
1004126916,2048,0.1527,marginal,90.0,60.00000000000001,0.984375,0.0625,0.9999999999999999,0.0,True,,1,0.0,-25098.461793130795
1004126916,2048,0.2216,joint,30.014090732532797,0.014090732532798717,0.34425464549732343,0.9995136057306413,0.13461062156723214,0.9664103695279291,False,-30.937499999999996,200,0.0013696579135284992,-11117.978004196308
1004126916,2048,0.2216,marginal,90.0,60.00000000000001,0.984375,0.0625,0.9999999999999999,0.0,True,,1,0.0,-24864.208158971647
1004126916,2048,0.3215,joint,30.270649584266785,0.2706495842667867,0.25528893546295445,0.9992782049834061,0.1366042407042568,0.9594301904434691,False,-30.937499999999996,200,0.005162045201359433,-15654.861632071621
1004126916,2048,0.3215,marginal,90.0,60.00000000000001,0.984375,0.0625,0.9999999999999999,0.0,True,,1,0.0,-25029.810789914452
1004126916,2048,0.4665,joint,29.919482178704154,0.08051782129584201,0.3680687791548716,0.9933305289270165,0.1337857490069464,0.9400882950076088,False,-30.937499999999996,200,0.006097798901464557,-19246.278023147635
1004126916,2048,0.4665,marginal,90.0,60.00000000000001,0.984375,0.0625,0.9999999999999999,0.0,True,,1,0.0,-24918.58060979681
1004126916,2048,0.6769,joint,30.115785690485023,0.11578569048502373,0.5525808005806399,0.986434958266297,0.13636151520835826,0.9252648607822865,False,-30.937499999999996,200,0.00541774125667871,-22238.789069353374
1004126916,2048,0.6769,marginal,90.0,60.00000000000001,0.984375,0.0625,0.9999999999999999,0.0,True,,1,0.0,-24925.165408679368
1004126916,2048,0.9821,joint,31.684253893557994,1.6842538935579974,0.6668323744381085,0.9396317334490687,0.16203861877471493,0.8856025472497612,False,-30.937499999999996,200,0.00951250220532529,-23697.746580706174
1004126916,2048,0.9821,marginal,90.0,60.00000000000001,0.984375,0.0625,0.9999999999999999,0.0,True,,1,0.0,-24513.91223620712
1004126916,2048,1.425,joint,31.217857765847942,1.2178577658479437,0.747398022870694,0.8053012546385359,0.15379961811128884,0.8403871252362414,False,28.125000000000007,200,0.009788665611267788,-24109.129421189973
1004126916,2048,1.425,marginal,90.0,60.00000000000001,0.984375,0.0625,0.9999999999999999,0.0,True,,1,0.0,-24270.909337987978
1004126916,2048,2.0676,joint,55.30645187822549,25.30645187822549,0.9266688179851126,0.2648198740706994,0.49074882042688106,0.44235581144105485,False,33.749999999999986,200,0.028226353915670188,-24581.859606225917
1004126916,2048,2.0676,marginal,90.0,60.00000000000001,0.984375,0.0625,0.9999999999999999,0.0,True,,1,0.0,-24594.117540988926
1004126916,2048,3.0,joint,87.93365134469352,57.93365134469352,0.9825278080520381,0.06950053942174045,0.9682962043863118,0.04571489755185805,False,8.437499999999996,200,0.0006357923812174704,-24414.717754450554
1004126916,2048,3.0,marginal,90.0,60.00000000000001,0.984375,0.0625,0.9999999999999999,0.0,True,,1,0.0,-24414.85214486217
1004126916,4096,0.05,joint,29.97958515080995,0.02041484919004803,0.3406349504188574,0.9999999735074804,0.1340311519352686,0.9687268524712481,False,30.937499999999996,200,0.0001670166584517574,15984.290648753507
1004126916,4096,0.05,marginal,90.0,60.00000000000001,0.984375,0.0625,0.9999999999999999,0.0,True,,1,0.0,-49585.500735261725
1004126916,4096,0.0725,joint,29.97073549368586,0.02926450631413592,0.3439697714321439,0.9999999968509268,0.13395538538819285,0.9686084650674587,False,30.937499999999996,200,0.0006414971121557755,6781.703705298487
1004126916,4096,0.0725,marginal,90.0,60.00000000000001,0.984375,0.0625,0.9999999999999999,0.0,True,,1,0.0,-49814.15926643743
1004126916,4096,0.1053,joint,29.96618748951462,0.03381251048537609,0.3454303564059106,0.9999999998771607,0.13391069887690865,0.968690659019257,False,-30.937499999999996,200,0.0003873728278449562,-2835.8703515373245
1004126916,4096,0.1053,marginal,90.0,60.00000000000001,0.984375,0.0625,0.9999999999999999,0.0,True,,1,0.0,-50348.47637833339
1004126916,4096,0.1527,joint,29.944356968231382,0.05564303176861513,0.35281202999568806,0.9996599464483598,0.13376830211120316,0.966849508403893,False,30.937499999999996,200,0.0019879315259458963,-12493.297575020802
1004126916,4096,0.1527,marginal,90.0,60.00000000000001,0.984375,0.0625,0.9999999999999999,0.0,True,,1,0.0,-50252.50669652075
1004126916,4096,0.2216,joint,29.993108431786993,0.006891568213004414,0.34941739041274766,0.9996082648176873,0.13416899605492327,0.9620845499375885,False,-30.937499999999996,200,0.005499494691321161,-22546.322285593647
1004126916,4096,0.2216,marginal,90.0,60.00000000000001,0.984375,0.0625,0.9999999999999999,0.0,True,,1,0.0,-50435.80700387672
1004126916,4096,0.3215,joint,30.069626760873508,0.06962676087351055,0.3368819796306042,0.9955691752663531,0.13527215960096384,0.9520857981171811,False,30.937499999999996,200,0.009054556423507165,-31545.238438292603
1004126916,4096,0.3215,marginal,90.0,60.00000000000001,0.984375,0.0625,0.9999999999999999,0.0,True,,1,0.0,-50660.05784388873
1004126916,4096,0.4665,joint,29.947297600472407,0.05270239952759028,0.37546646785843096,0.9970054574033055,0.13384191048496952,0.9412994900335607,False,30.937499999999996,200,0.014245958969695494,-39181.38488118064
1004126916,4096,0.4665,marginal,90.0,60.00000000000001,0.984375,0.0625,0.9999999999999999,0.0,True,,1,0.0,-50252.07006045703
1004126916,4096,0.6769,joint,30.478743150930143,0.4787431509301434,0.5047897105217001,0.9818673847959889,0.14210639109610923,0.9193673847959887,False,30.937499999999996,200,0.011883805877005216,-45036.6817669501
1004126916,4096,0.6769,marginal,90.0,60.00000000000001,0.984375,0.0625,0.9999999999999999,0.0,True,,1,0.0,-50249.2810918253
1004126916,4096,0.9821,joint,30.797930780482,0.7979307804820032,0.5848161810463615,0.9607829159990953,0.14799402964668418,0.9013193931295387,False,30.937499999999996,200,0.018939469911856577,-47741.34198688142
1004126916,4096,0.9821,marginal,90.0,60.00000000000001,0.984375,0.0625,0.9999999999999999,0.0,True,,1,0.0,-49446.589924041065
1004126916,4096,1.425,joint,32.58808719158644,2.58808719158644,0.7569868776970545,0.7330667541772882,0.16683984391816375,0.8382422655735436,False,-30.937499999999996,200,0.01741146357380785,-48810.21295299133
1004126916,4096,1.425,marginal,90.0,60.00000000000001,0.984375,0.0625,0.9999999999999999,0.0,True,,1,0.0,-49147.616394476456
1004126916,4096,2.0676,joint,56.99417019019532,26.99417019019532,0.9412270728261907,0.24477286610101087,0.5409866042899976,0.38630321897342,False,-25.31249999999999,200,0.044889902375871316,-49353.41881731838
1004126916,4096,2.0676,marginal,90.0,60.00000000000001,0.984375,0.0625,0.9999999999999999,0.0,True,,1,0.0,-49370.61579190327
1004126916,4096,3.0,joint,91.98257025909867,61.982570259098665,0.9836982208657696,0.06483185083993834,0.9583344649124496,0.04688211251717608,False,-126.5625,200,0.0012614702864084393,-49004.45083718885
1004126916,4096,3.0,marginal,90.0,60.00000000000001,0.984375,0.0625,0.9999999999999999,0.0,True,,1,0.0,-49004.700305611186
1343008841,32,0.05,joint,28.059644035186423,1.9403559648135733,0.7678826379514947,0.9023339303223323,0.11705743003532565,0.9519715763096064,False,28.125000000000007,200,2.3612031270658917e-05,148.92329237637398
1343008841,32,0.05,marginal,90.0,60.00000000000001,0.984375,0.0625,0.9999999999999999,0.0,True,,1,0.0,-401.1981714579661
1343008841,32,0.0725,joint,28.446970217251494,1.5530297827485056,0.6975982812742133,0.9999999999926094,0.12123997664313257,0.9705371009999906,False,28.125000000000007,200,6.50500232950435e-05,43.39125334482307
1343008841,32,0.0725,marginal,90.0,60.00000000000001,0.984375,0.0625,0.9999999999999999,0.0,True,,1,0.0,-403.2591174175176
1343008841,32,0.1053,joint,28.110015804062463,1.889984195937534,0.9513144380100897,0.8934751151660213,0.1188916058538173,0.9524027686771879,False,28.125000000000007,200,2.2184652710421915e-05,0.9998273126702628
1343008841,32,0.1053,marginal,90.0,60.00000000000001,0.984375,0.0625,0.9999999999999999,0.0,True,,1,0.0,-409.66089086054524
1343008841,32,0.1527,joint,29.425605491649407,0.5743945083505909,0.7382198067298185,0.9053845515662444,0.13980150833780447,0.9319393153626626,False,28.125000000000007,200,0.00010249361656633482,-97.30013254103656
1343008841,32,0.1527,marginal,90.0,60.00000000000001,0.984375,0.0625,0.9999999999999999,0.0,True,,1,0.0,-416.9302234862218
1343008841,32,0.2216,joint,31.941366034690887,1.9413660346908896,0.6913811632320355,0.9549689818433437,0.1707518056352857,0.9512652192618052,False,28.125000000000007,200,7.949935428541721e-05,-190.7218194409926
1343008841,32,0.2216,marginal,90.0,60.00000000000001,0.984375,0.0625,0.9999999999999999,0.0,True,,1,0.0,-427.72817485977106
1343008841,32,0.3215,joint,26.780164871979807,3.219835128020191,0.6624249327194955,0.7292523172224816,0.10998630315678659,0.9524183949436238,False,28.125000000000007,200,0.00010430997991761615,-232.05080656030532
1343008841,32,0.3215,marginal,90.0,60.00000000000001,0.984375,0.0625,0.9999999999999999,0.0,True,,1,0.0,-401.80642647168065
1343008841,32,0.4665,joint,26.994870092621262,3.005129907378736,0.6910664902050423,0.8676965892313024,0.11054984897492559,0.9504669665861848,False,-25.31249999999999,200,0.00010490882141311886,-322.0692778269985
1343008841,32,0.4665,marginal,90.0,60.00000000000001,0.984375,0.0625,0.9999999999999999,0.0,True,,1,0.0,-421.4240463458502
1343008841,32,0.6769,joint,39.98321655204507,9.983216552045075,0.6563338387214713,0.7154030395176811,0.2681945362317696,0.8938695006170065,False,-30.937499999999996,200,0.00037236293860587466,-342.76247813219845
1343008841,32,0.6769,marginal,90.0,60.00000000000001,0.984375,0.0625,0.9999999999999999,0.0,True,,1,0.0,-385.3302341805874
1343008841,32,0.9821,joint,49.326989099524916,19.32698909952492,0.7033603661468608,0.6319858563877845,0.38546052177062495,0.8916546461842418,False,-30.937499999999996,200,0.00025954517667514665,-380.00076855741656
1343008841,32,0.9821,marginal,90.0,60.00000000000001,0.984375,0.0625,0.9999999999999999,0.0,True,,1,0.0,-402.2445270377651
1343008841,32,1.425,joint,69.93105401915564,39.93105401915564,0.9999136438494673,0.10956594385896361,0.4747809239067372,0.8104454171541149,False,-42.18750000000001,200,0.0002783853667551739,-400.42040242445705
1343008841,32,1.425,marginal,90.0,60.00000000000001,0.984375,0.0625,0.9999999999999999,0.0,True,,1,0.0,-405.8016626509624
1343008841,32,2.0676,joint,30.367665358501004,0.3676653585010043,0.9816545766799831,0.21391762150215918,0.15695499936146862,0.8096141184417927,False,-19.68750000000001,200,0.0005293795625789244,-374.53532837081224
1343008841,32,2.0676,marginal,90.0,60.00000000000001,0.984375,0.0625,0.9999999999999999,0.0,True,,1,0.0,-375.8569185286807
1343008841,32,3.0,joint,71.97199235527485,41.97199235527486,0.9456947579905488,0.20130741519879802,0.7200874802393455,0.3498135274239886,False,-30.937499999999996,200,0.0005202672377890849,-358.35373338701766
1343008841,32,3.0,marginal,90.0,60.00000000000001,0.984375,0.0625,0.9999999999999999,0.0,True,,1,0.0,-358.47417940091543
1343008841,128,0.05,joint,29.996634558723144,0.003365441276852535,0.33110352707460206,0.9714569470583776,0.1345696781799327,0.950050673284693,False,-30.937499999999996,200,0.00012923100916850672,505.05864064386094
1343008841,128,0.05,marginal,90.0,60.00000000000001,0.984375,0.0625,0.9999999999999999,0.0,True,,1,0.0,-1649.229195114869
1343008841,128,0.0725,joint,30.046791633422117,0.04679163342211971,0.394996574979144,0.9948887880770987,0.13554140635569611,0.9627801598471151,False,-30.937499999999996,200,3.989133546156154e-05,232.8991927697931
1343008841,128,0.0725,marginal,90.0,60.00000000000001,0.984375,0.0625,0.9999999999999999,0.0,True,,1,0.0,-1645.8803714390992
1343008841,128,0.1053,joint,29.903012605617302,0.096987394382694,0.3122935081971792,0.9922051162070422,0.13373318737412465,0.9493568195972714,False,-30.937499999999996,200,2.0210976174439566e-05,-96.86511659815108
1343008841,128,0.1053,marginal,90.0,60.00000000000001,0.984375,0.0625,0.9999999999999999,0.0,True,,1,0.0,-1687.2900970987557
1343008841,128,0.1527,joint,30.0723317057717,0.07233170577170091,0.35729979228355513,0.9966465529542778,0.13563384959246005,0.9633639958939371,False,30.937499999999996,200,2.9428531775010924e-05,-423.0780247691823
1343008841,128,0.1527,marginal,90.0,60.00000000000001,0.984375,0.0625,0.9999999999999999,0.0,True,,1,0.0,-1664.610092191247
1343008841,128,0.2216,joint,30.203506580950837,0.20350658095083943,0.3943239759850874,0.9871542518515994,0.1363788929752886,0.9432727976903352,False,-30.937499999999996,200,7.178401278906676e-05,-693.9543320485818
1343008841,128,0.2216,marginal,90.0,60.00000000000001,0.984375,0.0625,0.9999999999999999,0.0,True,,1,0.0,-1624.8908091615795
1343008841,128,0.3215,joint,29.132001159423535,0.867998840576463,0.6755691300162565,0.9915902511564163,0.12679371111990467,0.9609115761247851,False,28.125000000000007,200,0.00019213977338949917,-962.1317097131132
1343008841,128,0.3215,marginal,90.0,60.00000000000001,0.984375,0.0625,0.9999999999999999,0.0,True,,1,0.0,-1627.1734250450104
1343008841,128,0.4665,joint,31.00835413539406,1.0083541353940626,0.16798519788400057,0.9643098951216507,0.1444455274584916,0.9373898390449361,False,-30.937499999999996,200,0.0006334223860449129,-1269.9771525286912
1343008841,128,0.4665,marginal,90.0,60.00000000000001,0.984375,0.0625,0.9999999999999999,0.0,True,,1,0.0,-1627.2135763446972
1343008841,128,0.6769,joint,31.45524572586771,1.45524572586771,0.5325507960819102,0.977902031805141,0.15494219309385726,0.9358442494202588,False,-30.937499999999996,200,0.00038468701313831843,-1437.7006794868707
1343008841,128,0.6769,marginal,90.0,60.00000000000001,0.984375,0.0625,0.9999999999999999,0.0,True,,1,0.0,-1656.4830879708752
1343008841,128,0.9821,joint,45.4817346041369,15.481734604136905,0.5210837360549689,0.8525477903605785,0.3379906350569495,0.8684403132705827,False,-30.937499999999996,200,0.0011207252282474656,-1573.77252708292
1343008841,128,0.9821,marginal,90.0,60.00000000000001,0.984375,0.0625,0.9999999999999999,0.0,True,,1,0.0,-1618.9976417185899
1343008841,128,1.425,joint,31.23521077503602,1.235210775036022,0.8642703731851806,0.6286270701224546,0.1470022411892684,0.8389049690710331,False,28.125000000000007,200,0.0007941247929466044,-1579.0114232705716
1343008841,128,1.425,marginal,90.0,60.00000000000001,0.984375,0.0625,0.9999999999999999,0.0,True,,1,0.0,-1596.6894443600952
1343008841,128,2.0676,joint,79.97980913329592,49.97980913329591,0.9985997862694732,0.010114705423506185,0.8898680264062292,0.5687170896987039,False,135.0,200,0.0022814682915850426,-1548.0575689466436
1343008841,128,2.0676,marginal,90.0,60.00000000000001,0.984375,0.0625,0.9999999999999999,0.0,True,,1,0.0,-1549.6814980402448
1343008841,128,3.0,joint,89.1712511481686,59.1712511481686,0.9849470530321265,0.06152803037625518,0.849664193023202,0.20209956629153364,False,-112.5,200,0.0006595477136670524,-1520.4599930742404
1343008841,128,3.0,marginal,90.0,60.00000000000001,0.984375,0.0625,0.9999999999999999,0.0,True,,1,0.0,-1520.6082460796283
1343008841,256,0.05,joint,29.79058258018442,0.2094174198155758,0.40801098773824374,0.999944078271886,0.13240206359257223,0.9684620712596308,False,-30.937499999999996,200,5.0903862984341686e-05,1036.9927490163784
1343008841,256,0.05,marginal,90.0,60.00000000000001,0.984375,0.0625,0.9999999999999999,0.0,True,,1,0.0,-3094.623840895474
1343008841,256,0.0725,joint,29.67329338310433,0.3267066168956677,0.5221851375933846,0.9999728522106567,0.1314201832106645,0.9609101386780001,False,-30.937499999999996,200,1.6983465286557475e-05,423.39874910617175
1343008841,256,0.0725,marginal,90.0,60.00000000000001,0.984375,0.0625,0.9999999999999999,0.0,True,,1,0.0,-3124.546056253773
1343008841,256,0.1053,joint,29.5823685465924,0.41763145340760066,0.4593530205678533,0.997489904810009,0.13073050076210735,0.9662293536134874,False,-30.937499999999996,200,1.1323500501703165e-05,-178.77541056853684
1343008841,256,0.1053,marginal,90.0,60.00000000000001,0.984375,0.0625,0.9999999999999999,0.0,True,,1,0.0,-3168.9867648301206
1343008841,256,0.1527,joint,29.98404836307621,0.01595163692379056,0.3356330200054111,0.9992693235940966,0.13380797642176423,0.9663882478113406,False,-30.937499999999996,200,0.0001268896940018749,-862.0405557145315
1343008841,256,0.1527,marginal,90.0,60.00000000000001,0.984375,0.0625,0.9999999999999999,0.0,True,,1,0.0,-3200.190675037085
1343008841,256,0.2216,joint,29.95961295347191,0.040387046528087396,0.41646772184414904,0.9986077179630966,0.13435712270039557,0.9537744280433116,False,-30.937499999999996,200,9.558742499393702e-05,-1393.304149954073
1343008841,256,0.2216,marginal,90.0,60.00000000000001,0.984375,0.0625,0.9999999999999999,0.0,True,,1,0.0,-3166.4624393175854
1343008841,256,0.3215,joint,29.56642689672036,0.4335731032796379,0.6851946243070584,0.9958276229710525,0.13183005623981725,0.9448099561917748,False,28.125000000000007,200,0.001143034975939372,-1994.6731135219165
1343008841,256,0.3215,marginal,90.0,60.00000000000001,0.984375,0.0625,0.9999999999999999,0.0,True,,1,0.0,-3153.9686365451516
1343008841,256,0.4665,joint,31.58694531265478,1.5869453126547812,0.43813109493347746,0.9826551881968522,0.15478978280733213,0.933836214595199,False,-30.937499999999996,200,0.0009322947503278556,-2427.8545238076067
1343008841,256,0.4665,marginal,90.0,60.00000000000001,0.984375,0.0625,0.9999999999999999,0.0,True,,1,0.0,-3111.9642551806605
1343008841,256,0.6769,joint,31.736796782723584,1.7367967827235877,0.6873161611276829,0.8836870373272407,0.16397084169356835,0.8957584799859205,False,30.937499999999996,200,0.0012922109890496358,-2753.56098264679
1343008841,256,0.6769,marginal,90.0,60.00000000000001,0.984375,0.0625,0.9999999999999999,0.0,True,,1,0.0,-3101.789414087832
1343008841,256,0.9821,joint,30.19073623257992,0.19073623257992256,0.7478141731269261,0.9351040486962818,0.14605071078790866,0.9119326342606376,False,28.125000000000007,200,0.0020299982065807853,-3002.2153875105064
1343008841,256,0.9821,marginal,90.0,60.00000000000001,0.984375,0.0625,0.9999999999999999,0.0,True,,1,0.0,-3117.7007508375364
1343008841,256,1.425,joint,39.84543071138554,9.845430711385545,0.7433383732895462,0.7137274281506509,0.2574962960055912,0.8159216903431494,False,33.749999999999986,200,0.002538313022796501,-3152.55954450422
1343008841,256,1.425,marginal,90.0,60.00000000000001,0.984375,0.0625,0.9999999999999999,0.0,True,,1,0.0,-3179.3089404933826
1343008841,256,2.0676,joint,58.69676440530296,28.69676440530296,0.9768270468481695,0.09520255801883522,0.4530759090119276,0.602198270711829,False,11.250000000000012,200,0.0038465366742457263,-3131.566605738879
1343008841,256,2.0676,marginal,90.0,60.00000000000001,0.984375,0.0625,0.9999999999999999,0.0,True,,1,0.0,-3135.2025652552265
1343008841,256,3.0,joint,78.97700005868093,48.977000058680936,0.9832074575218268,0.06845020516819936,0.8436562715280367,0.1515861777431399,False,8.437499999999996,200,0.0009049199984474399,-2992.0126875787905
1343008841,256,3.0,marginal,90.0,60.00000000000001,0.984375,0.0625,0.9999999999999999,0.0,True,,1,0.0,-2992.206143072821
1343008841,512,0.05,joint,30.025734498550626,0.02573449855062959,0.36732154223917113,0.999970417659818,0.13449182899214207,0.9548420881290741,False,-30.937499999999996,200,2.9514774496419705e-05,1950.294247456481
1343008841,512,0.05,marginal,90.0,60.00000000000001,0.984375,0.0625,0.9999999999999999,0.0,True,,1,0.0,-6371.0888837921575
1343008841,512,0.0725,joint,30.0112130906079,0.011213090607901878,0.3710886713341802,0.9999999927608032,0.13434647868575134,0.9608931714854266,False,-30.937499999999996,200,9.931483725722501e-05,801.2540782474282
1343008841,512,0.0725,marginal,90.0,60.00000000000001,0.984375,0.0625,0.9999999999999999,0.0,True,,1,0.0,-6323.324627893087
1343008841,512,0.1053,joint,30.01501660513873,0.015016605138731692,0.38610329252478093,0.9984649469546356,0.13535732893360075,0.9669724582862339,False,-30.937499999999996,200,6.931904511020548e-05,-382.0491899817682
1343008841,512,0.1053,marginal,90.0,60.00000000000001,0.984375,0.0625,0.9999999999999999,0.0,True,,1,0.0,-6353.06825887387
1343008841,512,0.1527,joint,30.115375686428926,0.1153756864289269,0.3304389304385203,0.9966904693648126,0.13543011141223316,0.9614433160044414,False,-30.937499999999996,200,0.00025456032221882197,-1761.6407499860552
1343008841,512,0.1527,marginal,90.0,60.00000000000001,0.984375,0.0625,0.9999999999999999,0.0,True,,1,0.0,-6395.0912487621545
1343008841,512,0.2216,joint,29.75691275930101,0.24308724069898727,0.4271969722224006,0.9993350540605561,0.13210265906252672,0.9604960094943262,False,-30.937499999999996,200,0.00048494679231225746,-2905.414231198134
1343008841,512,0.2216,marginal,90.0,60.00000000000001,0.984375,0.0625,0.9999999999999999,0.0,True,,1,0.0,-6371.338409578806
1343008841,512,0.3215,joint,30.20824969734837,0.20824969734837268,0.37281255036915495,0.9971708204462502,0.13747194480360225,0.9534731916129584,False,-30.937499999999996,200,0.0006638497343374183,-3814.3741793209633
1343008841,512,0.3215,marginal,90.0,60.00000000000001,0.984375,0.0625,0.9999999999999999,0.0,True,,1,0.0,-6367.671116431453
1343008841,512,0.4665,joint,30.2058888791804,0.20588887918040027,0.4956337378140079,0.9835231399541815,0.13907045738858492,0.9305357953775728,False,-30.937499999999996,200,0.0016086928462755168,-5042.50070973489
1343008841,512,0.4665,marginal,90.0,60.00000000000001,0.984375,0.0625,0.9999999999999999,0.0,True,,1,0.0,-6458.577506351836
1343008841,512,0.6769,joint,30.896163497622624,0.8961634976226274,0.5464111685216895,0.9798588023971905,0.1502019252247414,0.9173588023971904,False,-30.937499999999996,200,0.00139200926059857,-5603.939155126387
1343008841,512,0.6769,marginal,90.0,60.00000000000001,0.984375,0.0625,0.9999999999999999,0.0,True,,1,0.0,-6242.930161038242
1343008841,512,0.9821,joint,31.10182808728348,1.101828087283482,0.5553638470915956,0.9496807681250623,0.14709299748497384,0.9039984372068627,False,30.937499999999996,200,0.0027814865479740547,-5919.956720069387
1343008841,512,0.9821,marginal,90.0,60.00000000000001,0.984375,0.0625,0.9999999999999999,0.0,True,,1,0.0,-6168.8577003580795
1343008841,512,1.425,joint,47.34819988834304,17.348199888343043,0.8427726560513533,0.577842873842056,0.38623887242872756,0.7048146308119269,False,-28.125000000000007,200,0.004757459831125743,-6189.22369007761
1343008841,512,1.425,marginal,90.0,60.00000000000001,0.984375,0.0625,0.9999999999999999,0.0,True,,1,0.0,-6216.9695889521245
1343008841,512,2.0676,joint,53.28115051897692,23.281150518976922,0.9153124191617181,0.32669727013233324,0.3070522691825456,0.629925468114463,False,-28.125000000000007,200,0.007945680616103346,-6223.998306772926
1343008841,512,2.0676,marginal,90.0,60.00000000000001,0.984375,0.0625,0.9999999999999999,0.0,True,,1,0.0,-6230.729150714059
1343008841,512,3.0,joint,86.92064889839533,56.920648898395335,0.981723502979358,0.07296374048677906,0.8514422814881708,0.10889203837295686,False,67.49999999999997,200,0.0008208620101868291,-6196.3311971947405
1343008841,512,3.0,marginal,90.0,60.00000000000001,0.984375,0.0625,0.9999999999999999,0.0,True,,1,0.0,-6196.50434988694
1343008841,1024,0.05,joint,29.995134903607685,0.0048650963923139905,0.3456541670244706,0.9982339265859027,0.13421775444907313,0.9669520640788207,False,-30.937499999999996,200,4.589161426338251e-05,3976.664247715023
1343008841,1024,0.05,marginal,90.0,60.00000000000001,0.984375,0.0625,0.9999999999999999,0.0,True,,1,0.0,-12313.84918774597
1343008841,1024,0.0725,joint,30.008077130339124,0.008077130339128201,0.33893474836035664,0.998470811106706,0.13430668636231313,0.9669317055041611,False,-30.937499999999996,200,0.0002876570447369886,1621.9536477987076
1343008841,1024,0.0725,marginal,90.0,60.00000000000001,0.984375,0.0625,0.9999999999999999,0.0,True,,1,0.0,-12458.109397647997
1343008841,1024,0.1053,joint,29.916678700713305,0.08332129928669385,0.42992712726222726,0.9962988230822323,0.13359294045428616,0.9572253964403741,False,-30.937499999999996,200,5.392652678892773e-05,-843.2733961452043
1343008841,1024,0.1053,marginal,90.0,60.00000000000001,0.984375,0.0625,0.9999999999999999,0.0,True,,1,0.0,-12612.91050763353
1343008841,1024,0.1527,joint,29.866299312545866,0.13370068745413188,0.38111705221378955,0.9999999997859658,0.1330570562158928,0.9686120018924058,False,-30.937499999999996,200,0.00019038950949834543,-3167.251131216522
1343008841,1024,0.1527,marginal,90.0,60.00000000000001,0.984375,0.0625,0.9999999999999999,0.0,True,,1,0.0,-12622.218654990473
1343008841,1024,0.2216,joint,30.173805312327048,0.17380531232705054,0.33842664712472664,0.9856236794030381,0.13614149612549575,0.9530627308172079,False,30.937499999999996,200,0.00108422312860057,-5843.250975035481
1343008841,1024,0.2216,marginal,90.0,60.00000000000001,0.984375,0.0625,0.9999999999999999,0.0,True,,1,0.0,-12794.232055264503
1343008841,1024,0.3215,joint,30.347066341931303,0.34706634193130587,0.3095321493275436,0.999035499027017,0.13785367634588308,0.9591113708030647,False,30.937499999999996,200,0.001371903656036011,-7785.36071351045
1343008841,1024,0.3215,marginal,90.0,60.00000000000001,0.984375,0.0625,0.9999999999999999,0.0,True,,1,0.0,-12521.239618064368
1343008841,1024,0.4665,joint,30.234865971969995,0.23486597196999684,0.37015770338537957,0.9961722888448872,0.13684800652865847,0.9476880409215345,False,-30.937499999999996,200,0.0018951088568428531,-9893.913407366832
1343008841,1024,0.4665,marginal,90.0,60.00000000000001,0.984375,0.0625,0.9999999999999999,0.0,True,,1,0.0,-12654.888914851856
1343008841,1024,0.6769,joint,30.34228296910534,0.34228296910534345,0.44669549555770827,0.9864467268660222,0.13783493357303278,0.931692909467529,False,30.937499999999996,200,0.0035821130022668513,-11187.635240573996
1343008841,1024,0.6769,marginal,90.0,60.00000000000001,0.984375,0.0625,0.9999999999999999,0.0,True,,1,0.0,-12442.768913788708
1343008841,1024,0.9821,joint,31.27997614921508,1.279976149215084,0.5793007259052415,0.9657403128787646,0.1556412850321357,0.9032403128787645,False,30.937499999999996,200,0.007095708753695362,-11844.776946306778
1343008841,1024,0.9821,marginal,90.0,60.00000000000001,0.984375,0.0625,0.9999999999999999,0.0,True,,1,0.0,-12278.637298960013
1343008841,1024,1.425,joint,36.25510058839777,6.255100588397769,0.741729487039773,0.7913847444479714,0.22443915793655977,0.8181566535331731,False,30.937499999999996,200,0.00621458915520634,-12316.677462563739
1343008841,1024,1.425,marginal,90.0,60.00000000000001,0.984375,0.0625,0.9999999999999999,0.0,True,,1,0.0,-12398.525065919355
1343008841,1024,2.0676,joint,69.96957987306826,39.969579873068255,0.9199050923730088,0.2777124255891716,0.658153571176267,0.4432630882056031,False,30.937499999999996,200,0.015624566440237686,-12326.751770737024
1343008841,1024,2.0676,marginal,90.0,60.00000000000001,0.984375,0.0625,0.9999999999999999,0.0,True,,1,0.0,-12333.50529794985
1343008841,1024,3.0,joint,88.35354665628812,58.35354665628813,0.9850468066895768,0.06091852129611026,0.905926734615562,0.08506805537386482,False,11.250000000000012,200,0.0010253478067170363,-12316.779059958226
1343008841,1024,3.0,marginal,90.0,60.00000000000001,0.984375,0.0625,0.9999999999999999,0.0,True,,1,0.0,-12317.005692149116
1343008841,2048,0.05,joint,30.296788513352926,0.296788513352928,0.2322301726717123,0.9999980104814392,0.13675027359751446,0.9665401119541268,False,-30.937499999999996,200,0.0010709902308008168,8211.802366632131
1343008841,2048,0.05,marginal,90.0,60.00000000000001,0.984375,0.0625,0.9999999999999999,0.0,True,,1,0.0,-24585.260609292516
1343008841,2048,0.0725,joint,30.32807432793496,0.3280743279349617,0.23033562305561173,0.9960151505250311,0.1370478805611678,0.9640271210920504,False,-30.937499999999996,200,0.0008159235012499266,3624.571960470492
1343008841,2048,0.0725,marginal,90.0,60.00000000000001,0.984375,0.0625,0.9999999999999999,0.0,True,,1,0.0,-24628.874158153176
1343008841,2048,0.1053,joint,30.272564000225806,0.2725640002258074,0.23245669734819324,0.9995508378722722,0.13658430930900511,0.9682825375335293,False,-30.937499999999996,200,9.617249884286139e-05,-1403.160155899102
1343008841,2048,0.1053,marginal,90.0,60.00000000000001,0.984375,0.0625,0.9999999999999999,0.0,True,,1,0.0,-24932.616723824518
1343008841,2048,0.1527,joint,30.254370233209,0.2543702332089998,0.2455544375130947,0.9999998217211864,0.13638931818115374,0.9674170901428818,False,-30.937499999999996,200,0.001082515927919303,-6313.055635158395
1343008841,2048,0.1527,marginal,90.0,60.00000000000001,0.984375,0.0625,0.9999999999999999,0.0,True,,1,0.0,-25009.4437183098
1343008841,2048,0.2216,joint,30.28621759273459,0.2862175927345932,0.24432592929329428,0.9999539014479992,0.13666482859081652,0.9623819312615323,False,-30.937499999999996,200,0.002930207972895005,-11359.112332879407
1343008841,2048,0.2216,marginal,90.0,60.00000000000001,0.984375,0.0625,0.9999999999999999,0.0,True,,1,0.0,-25130.33146698298
1343008841,2048,0.3215,joint,30.591291075338926,0.5912910753389291,0.20394526616044056,0.9988104423736168,0.14011707220580094,0.9594096634087053,False,-30.937499999999996,200,0.004991929668904049,-15773.949318653056
1343008841,2048,0.3215,marginal,90.0,60.00000000000001,0.984375,0.0625,0.9999999999999999,0.0,True,,1,0.0,-25058.672915513685
1343008841,2048,0.4665,joint,30.292576691963887,0.2925766919638898,0.3553252401258827,0.9980251631270021,0.13780726530130338,0.9494927032090245,False,30.937499999999996,200,0.00776296829644707,-19593.81625634386
1343008841,2048,0.4665,marginal,90.0,60.00000000000001,0.984375,0.0625,0.9999999999999999,0.0,True,,1,0.0,-25071.35728537129
1343008841,2048,0.6769,joint,30.518750417035807,0.5187504170358115,0.46605195501473745,0.9899121835503908,0.1402699981913641,0.9295294629019536,False,-30.937499999999996,200,0.00783464336200268,-22157.72768609494
1343008841,2048,0.6769,marginal,90.0,60.00000000000001,0.984375,0.0625,0.9999999999999999,0.0,True,,1,0.0,-24833.781757165583
1343008841,2048,0.9821,joint,32.82817671134602,2.8281767113460194,0.5331840793662144,0.9305366998287665,0.1687071931999864,0.8918055806825785,False,-30.937499999999996,200,0.01026780494794366,-24104.33176940839
1343008841,2048,0.9821,marginal,90.0,60.00000000000001,0.984375,0.0625,0.9999999999999999,0.0,True,,1,0.0,-24956.347033879418
1343008841,2048,1.425,joint,32.6871775504967,2.6871775504967013,0.7416129661874599,0.7829655654347203,0.17033976821800167,0.827700511011761,False,-30.937499999999996,200,0.01044342850218527,-24358.68518062035
1343008841,2048,1.425,marginal,90.0,60.00000000000001,0.984375,0.0625,0.9999999999999999,0.0,True,,1,0.0,-24511.689899298286
1343008841,2048,2.0676,joint,44.88837944647438,14.888379446474381,0.9197980538245318,0.3099039282763407,0.3561496022713997,0.5221168726029075,False,-28.125000000000007,200,0.03006731401910656,-24638.84290093142
1343008841,2048,2.0676,marginal,90.0,60.00000000000001,0.984375,0.0625,0.9999999999999999,0.0,True,,1,0.0,-24654.74619194089
1343008841,2048,3.0,joint,85.49926322496377,55.49926322496378,0.9821473875216391,0.0727910854548599,0.9346378648762033,0.058664251960731634,False,-16.874999999999993,200,0.0009962887306755874,-24451.96671897688
1343008841,2048,3.0,marginal,90.0,60.00000000000001,0.984375,0.0625,0.9999999999999999,0.0,True,,1,0.0,-24452.16172170522
1343008841,4096,0.05,joint,29.897755350586067,0.10224464941392984,0.36969484417330256,0.9999997903803287,0.13332516943781958,0.9687450543386551,False,-30.937499999999996,200,5.438185507955495e-05,15826.963752629023
1343008841,4096,0.05,marginal,90.0,60.00000000000001,0.984375,0.0625,0.9999999999999999,0.0,True,,1,0.0,-48811.56064425818
1343008841,4096,0.0725,joint,29.883121296568326,0.11687870343167128,0.37366853672623446,0.9996812614428041,0.13320413042411272,0.9684021074206792,False,-30.937499999999996,200,0.00022726952738594264,6883.612619091711
1343008841,4096,0.0725,marginal,90.0,60.00000000000001,0.984375,0.0625,0.9999999999999999,0.0,True,,1,0.0,-49236.599831603846
1343008841,4096,0.1053,joint,29.88169004825305,0.11830995174694833,0.37700267756932243,0.999743225552622,0.13319360709640782,0.9684587615923156,False,-30.937499999999996,200,0.0002775008683784108,-3234.8993911994476
1343008841,4096,0.1053,marginal,90.0,60.00000000000001,0.984375,0.0625,0.9999999999999999,0.0,True,,1,0.0,-49761.14020460052
1343008841,4096,0.1527,joint,29.921368549677148,0.0786314503228501,0.3602699113406148,0.9996760725247982,0.13353723872118728,0.9682551791411161,False,-30.937499999999996,200,0.0009366146241518436,-13021.499444147059
1343008841,4096,0.1527,marginal,90.0,60.00000000000001,0.984375,0.0625,0.9999999999999999,0.0,True,,1,0.0,-50129.30061486297
1343008841,4096,0.2216,joint,29.77311137573389,0.22688862426610767,0.4290838276576624,0.9994656791336348,0.13230153751531326,0.9624358971014786,False,-30.937499999999996,200,0.004299207117583137,-22385.042270686085
1343008841,4096,0.2216,marginal,90.0,60.00000000000001,0.984375,0.0625,0.9999999999999999,0.0,True,,1,0.0,-50186.013285988396
1343008841,4096,0.3215,joint,29.998122246832967,0.0018777531670321783,0.3903796819011299,0.998986398561444,0.1348135157203133,0.948224471647874,False,-30.937499999999996,200,0.008176325874956092,-31652.858713691938
1343008841,4096,0.3215,marginal,90.0,60.00000000000001,0.984375,0.0625,0.9999999999999999,0.0,True,,1,0.0,-50088.610697328666
1343008841,4096,0.4665,joint,29.9075207642119,0.09247923578809977,0.42602187899279054,0.9990752374475015,0.13402972720829132,0.9545229588543303,False,-30.937499999999996,200,0.012254157110874075,-39164.85962504594
1343008841,4096,0.4665,marginal,90.0,60.00000000000001,0.984375,0.0625,0.9999999999999999,0.0,True,,1,0.0,-50116.573330052044
1343008841,4096,0.6769,joint,30.400306986902116,0.4003069869021191,0.5220664364296159,0.9863740149270652,0.140516895837432,0.9238740149270664,False,-30.937499999999996,200,0.017990037420531735,-44417.72876581797
1343008841,4096,0.6769,marginal,90.0,60.00000000000001,0.984375,0.0625,0.9999999999999999,0.0,True,,1,0.0,-49478.94392560876
1343008841,4096,0.9821,joint,31.25986080359666,1.25986080359666,0.5705022984601198,0.9598342436574057,0.15250276780411298,0.904370956571026,False,30.937499999999996,200,0.02141704288078472,-47931.04149420142
1343008841,4096,0.9821,marginal,90.0,60.00000000000001,0.984375,0.0625,0.9999999999999999,0.0,True,,1,0.0,-49577.435733846476
1343008841,4096,1.425,joint,32.34369231291393,2.3436923129139298,0.7711634404474386,0.742772174438526,0.17384075691385714,0.8117593369646234,False,-30.937499999999996,200,0.01530930477019865,-49115.85359809829
1343008841,4096,1.425,marginal,90.0,60.00000000000001,0.984375,0.0625,0.9999999999999999,0.0,True,,1,0.0,-49415.60717400804
1343008841,4096,2.0676,joint,49.80856464594894,19.808564645948945,0.9346489869381227,0.25712174932214577,0.44683723645679085,0.4646886619929894,False,-19.68750000000001,200,0.05725603747123387,-49090.1328570482
1343008841,4096,2.0676,marginal,90.0,60.00000000000001,0.984375,0.0625,0.9999999999999999,0.0,True,,1,0.0,-49115.87717267065
1343008841,4096,3.0,joint,91.22512804396068,61.225128043960694,0.9847583029372191,0.06043799644017288,0.9751625415673877,0.02872917799547543,False,-163.125,200,0.0005379574067774229,-49401.37945626899
1343008841,4096,3.0,marginal,90.0,60.00000000000001,0.984375,0.0625,0.9999999999999999,0.0,True,,1,0.0,-49401.494512004436
848528040,32,0.05,joint,30.370256136281203,0.37025613628120535,0.38680823439324025,0.9909079431415753,0.13756943278235134,0.96084825807286,False,-30.937499999999996,200,2.5246071658102665e-05,153.40087904474808
848528040,32,0.05,marginal,90.0,60.00000000000001,0.984375,0.0625,0.9999999999999999,0.0,True,,1,0.0,-378.06426384830013
848528040,32,0.0725,joint,30.872309810734937,0.8723098107349384,0.026268456953200927,0.9999999999991309,0.14131704797392053,0.976515400533679,False,30.937499999999996,200,8.12534365479678e-06,86.00494301632332
848528040,32,0.0725,marginal,90.0,60.00000000000001,0.984375,0.0625,0.9999999999999999,0.0,True,,1,0.0,-367.5846903352413
848528040,32,0.1053,joint,30.57905500641398,0.5790550064139824,0.25446832576911876,0.9946303437240829,0.13864520050316853,0.9633803041236876,False,-30.937499999999996,200,3.5044123389837978e-06,-13.657548793378387
848528040,32,0.1053,marginal,90.0,60.00000000000001,0.984375,0.0625,0.9999999999999999,0.0,True,,1,0.0,-381.0556392230807
848528040,32,0.1527,joint,29.294961391241635,0.7050386087583614,0.3389891291350927,0.9215201506369797,0.12868653244570682,0.9504539761586753,False,30.937499999999996,200,0.00017123695607779155,-89.74496191857492
848528040,32,0.1527,marginal,90.0,60.00000000000001,0.984375,0.0625,0.9999999999999999,0.0,True,,1,0.0,-388.1067477495137
848528040,32,0.2216,joint,33.82451323886584,3.8245132388658454,0.1055552553888268,0.913668310733394,0.18833391040539105,0.9526930946106222,False,-30.937499999999996,200,3.330136581780607e-05,-190.98059978450686
848528040,32,0.2216,marginal,90.0,60.00000000000001,0.984375,0.0625,0.9999999999999999,0.0,True,,1,0.0,-406.33849059674753
848528040,32,0.3215,joint,32.28202724892297,2.282027248922974,0.4541836814249308,0.9640841463786671,0.16883709985959128,0.9526226427445571,False,-30.937499999999996,200,6.7659469777936465e-06,-256.8814311419195
848528040,32,0.3215,marginal,90.0,60.00000000000001,0.984375,0.0625,0.9999999999999999,0.0,True,,1,0.0,-408.3820494790426
848528040,32,0.4665,joint,30.34887245453359,0.34887245453359383,0.9885144395220503,0.7353723536457399,0.14392566741885782,0.9242077769293852,False,-28.125000000000007,200,0.0001370475454791631,-341.07823766648
848528040,32,0.4665,marginal,90.0,60.00000000000001,0.984375,0.0625,0.9999999999999999,0.0,True,,1,0.0,-410.1777992671633
848528040,32,0.6769,joint,45.28197853341844,15.28197853341844,0.953278010374774,0.7578148855118298,0.33152155401238126,0.8960683763931546,False,33.749999999999986,200,0.0002626701672170384,-382.7561342308104
848528040,32,0.6769,marginal,90.0,60.00000000000001,0.984375,0.0625,0.9999999999999999,0.0,True,,1,0.0,-416.6989841800271
848528040,32,0.9821,joint,44.22676936757455,14.226769367574551,0.5560401098075551,0.8222573333811559,0.34487430921174744,0.9184621399813728,False,-30.937499999999996,200,0.0002444095210876185,-379.038507169775
848528040,32,0.9821,marginal,90.0,60.00000000000001,0.984375,0.0625,0.9999999999999999,0.0,True,,1,0.0,-411.25214430256295
848528040,32,1.425,joint,37.35986201517098,7.359862015170987,0.8295443535346919,0.7459592053157494,0.23283221424326084,0.9151578535187159,False,28.125000000000007,200,0.00040254450448173884,-386.6815787010821
848528040,32,1.425,marginal,90.0,60.00000000000001,0.984375,0.0625,0.9999999999999999,0.0,True,,1,0.0,-392.5658480675145
848528040,32,2.0676,joint,19.38140519112049,10.618594808879507,0.9954875726299985,0.12077218223587018,0.004295101671726975,0.9274430843904823,False,-19.68750000000001,200,0.0003955850950205786,-399.239025645885
848528040,32,2.0676,marginal,90.0,60.00000000000001,0.984375,0.0625,0.9999999999999999,0.0,True,,1,0.0,-401.60639705869585
848528040,32,3.0,joint,93.45028113401192,63.450281134011924,0.9847894045681399,0.059179847178636544,0.8963957520422416,0.20660265681631826,False,157.49999999999997,200,0.00019840771142298763,-348.5284247938719
848528040,32,3.0,marginal,90.0,60.00000000000001,0.984375,0.0625,0.9999999999999999,0.0,True,,1,0.0,-348.568327276303
848528040,128,0.05,joint,29.869654871990857,0.1303451280091403,0.4316767466992343,0.9999997251642658,0.13313936708645657,0.9609369100774803,False,30.937499999999996,200,1.0224531990843388e-05,434.180442504171
848528040,128,0.05,marginal,90.0,60.00000000000001,0.984375,0.0625,0.9999999999999999,0.0,True,,1,0.0,-1273.9366110341948
848528040,128,0.0725,joint,29.872629806445136,0.1273701935548621,0.3257121107900287,0.9948733230477511,0.13373544473410293,0.947865217088348,False,30.937499999999996,200,0.0003899771545832209,230.12748870263343
848528040,128,0.0725,marginal,90.0,60.00000000000001,0.984375,0.0625,0.9999999999999999,0.0,True,,1,0.0,-1303.9824170993957
848528040,128,0.1053,joint,29.88924983704951,0.11075016295049102,0.4285298339842456,0.9979396581753421,0.13306508418352325,0.9587811833548527,False,30.937499999999996,200,2.256811922052293e-05,-72.25678266529991
848528040,128,0.1053,marginal,90.0,60.00000000000001,0.984375,0.0625,0.9999999999999999,0.0,True,,1,0.0,-1316.0848564156036
848528040,128,0.1527,joint,29.95534912406673,0.04465087593327046,0.24498815446347078,0.9849781816127389,0.1347310804579992,0.9602942440891635,False,-30.937499999999996,200,4.8478082931069366e-05,-382.3589609795016
848528040,128,0.1527,marginal,90.0,60.00000000000001,0.984375,0.0625,0.9999999999999999,0.0,True,,1,0.0,-1354.1163583045577
848528040,128,0.2216,joint,29.812272512226084,0.18772748777391332,0.4016327801032434,0.9999997506664088,0.13239800751358932,0.9664557804683676,False,30.937499999999996,200,0.00021064033057882625,-633.4064707787252
848528040,128,0.2216,marginal,90.0,60.00000000000001,0.984375,0.0625,0.9999999999999999,0.0,True,,1,0.0,-1334.5535369112645
848528040,128,0.3215,joint,31.649320676070865,1.6493206760708667,0.37486983394987633,0.9413603061246032,0.15659489694052686,0.9287313925246615,False,30.937499999999996,200,0.0004497981445865662,-931.1089678861956
848528040,128,0.3215,marginal,90.0,60.00000000000001,0.984375,0.0625,0.9999999999999999,0.0,True,,1,0.0,-1405.3016977116067
848528040,128,0.4665,joint,31.540380430979294,1.5403804309792946,0.579713221385633,0.9628079752704316,0.1589154386671413,0.907434016139228,False,30.937499999999996,200,0.00041104850424744654,-1167.5260618149218
848528040,128,0.4665,marginal,90.0,60.00000000000001,0.984375,0.0625,0.9999999999999999,0.0,True,,1,0.0,-1405.5954314528335
848528040,128,0.6769,joint,33.429618523204525,3.4296185232045273,0.27377779853518025,0.933581437053469,0.17403933948994688,0.8970893911349825,False,30.937499999999996,200,0.0014593752366636181,-1393.6540612658246
848528040,128,0.6769,marginal,90.0,60.00000000000001,0.984375,0.0625,0.9999999999999999,0.0,True,,1,0.0,-1511.0001377745114
848528040,128,0.9821,joint,42.704222548834395,12.704222548834398,0.6497224121988825,0.7595326077369546,0.32054305785882964,0.844473903352991,False,-30.937499999999996,200,0.001103607689628916,-1421.5696986049265
848528040,128,0.9821,marginal,90.0,60.00000000000001,0.984375,0.0625,0.9999999999999999,0.0,True,,1,0.0,-1454.8111144496543
848528040,128,1.425,joint,38.26794800128314,8.267948001283141,0.8048774784318424,0.6614810629134638,0.17061523082720453,0.8334398831177965,False,28.125000000000007,200,0.0012641515377254109,-1526.954910148091
848528040,128,1.425,marginal,90.0,60.00000000000001,0.984375,0.0625,0.9999999999999999,0.0,True,,1,0.0,-1544.3171478362456
848528040,128,2.0676,joint,39.240880740685256,9.240880740685256,0.9200103096799204,0.28669368255994226,0.06636447017287073,0.831958951038112,False,36.5625,200,0.0035506079227616283,-1498.5540980361084
848528040,128,2.0676,marginal,90.0,60.00000000000001,0.984375,0.0625,0.9999999999999999,0.0,True,,1,0.0,-1502.2348833125407
848528040,128,3.0,joint,101.39609926101079,71.3960992610108,0.9881523123735447,0.04753565736516626,0.7765915311747372,0.2103334744675338,False,-118.125,200,0.0007599806010603061,-1565.4073952361512
848528040,128,3.0,marginal,90.0,60.00000000000001,0.984375,0.0625,0.9999999999999999,0.0,True,,1,0.0,-1565.589809687645
848528040,256,0.05,joint,29.659458062220818,0.3405419377791814,0.4618662185396062,0.9993790640594269,0.13133649615944265,0.9681283406913616,False,-30.937499999999996,200,9.765045660969918e-07,897.4821413915116
848528040,256,0.05,marginal,90.0,60.00000000000001,0.984375,0.0625,0.9999999999999999,0.0,True,,1,0.0,-3161.5082897899183
848528040,256,0.0725,joint,29.667776446204503,0.332223553795494,0.45145657149011864,0.9999999999999922,0.13130362655264793,0.9687493055978449,False,-30.937499999999996,200,4.945896421304496e-07,410.2810898534042
848528040,256,0.0725,marginal,90.0,60.00000000000001,0.984375,0.0625,0.9999999999999999,0.0,True,,1,0.0,-3211.749436973969
848528040,256,0.1053,joint,29.936417087801935,0.06358291219806274,0.39462304269701814,0.9978058706069637,0.13425194643146143,0.9665557354392641,False,-30.937499999999996,200,7.904966167870953e-06,-134.28732618871584
848528040,256,0.1053,marginal,90.0,60.00000000000001,0.984375,0.0625,0.9999999999999999,0.0,True,,1,0.0,-3171.3552888676804
848528040,256,0.1527,joint,30.028025327584185,0.028025327584187753,0.42292218646390045,0.9942509205224819,0.13578821481594527,0.9629627796956524,False,-30.937499999999996,200,1.2220725125189347e-05,-827.1861902852339
848528040,256,0.1527,marginal,90.0,60.00000000000001,0.984375,0.0625,0.9999999999999999,0.0,True,,1,0.0,-3257.1826653181824
848528040,256,0.2216,joint,29.23727702170381,0.7627229782961885,0.574114992764917,0.9861492250951924,0.12840392792250854,0.9555393271308873,False,28.125000000000007,200,7.685572427362786e-06,-1430.1075893838158
848528040,256,0.2216,marginal,90.0,60.00000000000001,0.984375,0.0625,0.9999999999999999,0.0,True,,1,0.0,-3167.8800191711243
848528040,256,0.3215,joint,29.64194512497711,0.3580548750228867,0.6267788272844462,0.9786505083743446,0.13183191087058033,0.9482089692220796,False,28.125000000000007,200,0.00024033739464357495,-2051.4345867507573
848528040,256,0.3215,marginal,90.0,60.00000000000001,0.984375,0.0625,0.9999999999999999,0.0,True,,1,0.0,-3249.672173001736
848528040,256,0.4665,joint,31.812888407773293,1.8128884077732954,0.36386400297760724,0.9835281147402046,0.15814978840864058,0.9450936184439489,False,30.937499999999996,200,0.0008479724078824802,-2491.475071774829
848528040,256,0.4665,marginal,90.0,60.00000000000001,0.984375,0.0625,0.9999999999999999,0.0,True,,1,0.0,-3178.850085496126
848528040,256,0.6769,joint,29.778746195565216,0.22125380443478096,0.5611529246375719,0.996554260913058,0.13366479738347348,0.9469716124046588,False,28.125000000000007,200,0.0009661926624175976,-2742.7963928588215
848528040,256,0.6769,marginal,90.0,60.00000000000001,0.984375,0.0625,0.9999999999999999,0.0,True,,1,0.0,-3110.6495370900466
848528040,256,0.9821,joint,34.83589988031824,4.835899880318241,0.6421735346740236,0.8382185876420605,0.2022574264664433,0.87272101585993,False,-33.749999999999986,200,0.002364697332268406,-2984.4475766310034
848528040,256,0.9821,marginal,90.0,60.00000000000001,0.984375,0.0625,0.9999999999999999,0.0,True,,1,0.0,-3129.373971564207
848528040,256,1.425,joint,31.20567460612941,1.2056746061294132,0.6397302932254931,0.8449780587517426,0.14940284118410263,0.8716600405563868,False,-30.937499999999996,200,0.002571536766936333,-3085.5593023655624
848528040,256,1.425,marginal,90.0,60.00000000000001,0.984375,0.0625,0.9999999999999999,0.0,True,,1,0.0,-3116.626417708265
848528040,256,2.0676,joint,78.82334650777011,48.82334650777012,0.9742405067666297,0.09884995184950893,0.5855253687285048,0.5331135730018634,False,-78.75,200,0.004558052296033566,-3101.721234841327
848528040,256,2.0676,marginal,90.0,60.00000000000001,0.984375,0.0625,0.9999999999999999,0.0,True,,1,0.0,-3104.2835773727197
848528040,256,3.0,joint,98.70014907715318,68.70014907715318,0.9881773524009475,0.04840627019682049,0.8315403456475629,0.1633009704215652,False,98.43750000000003,200,0.0009125132073677378,-3074.2038070455555
848528040,256,3.0,marginal,90.0,60.00000000000001,0.984375,0.0625,0.9999999999999999,0.0,True,,1,0.0,-3074.417393047551
848528040,512,0.05,joint,30.33142735372762,0.3314273537276203,0.2178174396287243,0.9994098266786596,0.1370622633349864,0.9681593586396928,False,-30.937499999999996,200,2.0879540898022242e-05,2043.3758316492695
848528040,512,0.05,marginal,90.0,60.00000000000001,0.984375,0.0625,0.9999999999999999,0.0,True,,1,0.0,-6119.582005454771
848528040,512,0.0725,joint,30.492540360038223,0.4925403600382241,0.14711389866519362,0.9980774544157259,0.13853182744235304,0.9666083438814768,False,-30.937499999999996,200,0.00010827899382093165,782.9119162897241
848528040,512,0.0725,marginal,90.0,60.00000000000001,0.984375,0.0625,0.9999999999999999,0.0,True,,1,0.0,-6192.929647912475
848528040,512,0.1053,joint,30.303009974544338,0.30300997454434186,0.2311528896378657,0.9983708525081814,0.1368241925007173,0.9668857545089942,False,-30.937499999999996,200,0.00013083455922924259,-304.8474478061891
848528040,512,0.1053,marginal,90.0,60.00000000000001,0.984375,0.0625,0.9999999999999999,0.0,True,,1,0.0,-6184.53307929656
848528040,512,0.1527,joint,30.30738618577559,0.30738618577559546,0.22414311509299847,0.9999999971386766,0.1368499939389336,0.968698285761394,False,30.937499999999996,200,5.356166025194398e-05,-1536.6820684817076
848528040,512,0.1527,marginal,90.0,60.00000000000001,0.984375,0.0625,0.9999999999999999,0.0,True,,1,0.0,-6214.551583612909
848528040,512,0.2216,joint,30.1983137437749,0.19831374377490316,0.27544474680386155,0.998581660775651,0.13592171242185058,0.9626086347745029,False,30.937499999999996,200,0.00038253581760727684,-2870.8886161440023
848528040,512,0.2216,marginal,90.0,60.00000000000001,0.984375,0.0625,0.9999999999999999,0.0,True,,1,0.0,-6329.80950627436
848528040,512,0.3215,joint,30.24485417738475,0.24485417738474977,0.21189268469068462,0.9895388028482419,0.13711636385390225,0.9580093186244958,False,-30.937499999999996,200,0.0003482995662125177,-4009.84046384113
848528040,512,0.3215,marginal,90.0,60.00000000000001,0.984375,0.0625,0.9999999999999999,0.0,True,,1,0.0,-6278.788131536636
848528040,512,0.4665,joint,30.827173393713544,0.8271733937135465,0.25298285316649094,0.9866988729323924,0.14405443638368998,0.946040408261406,False,-30.937499999999996,200,0.0021765709070677985,-4830.7823535380085
848528040,512,0.4665,marginal,90.0,60.00000000000001,0.984375,0.0625,0.9999999999999999,0.0,True,,1,0.0,-6210.4449268723
848528040,512,0.6769,joint,30.741603609686308,0.7416036096863102,0.48694871609022317,0.97349881536026,0.1434287713246799,0.9185882417974789,False,-30.937499999999996,200,0.0013891614999010926,-5546.02410162195
848528040,512,0.6769,marginal,90.0,60.00000000000001,0.984375,0.0625,0.9999999999999999,0.0,True,,1,0.0,-6197.519629215507
848528040,512,0.9821,joint,31.07060689587674,1.0706068958767427,0.6883260575906058,0.9239735068709106,0.1502044272076517,0.9003107076596419,False,28.125000000000007,200,0.002344869297303376,-6005.449173042323
848528040,512,0.9821,marginal,90.0,60.00000000000001,0.984375,0.0625,0.9999999999999999,0.0,True,,1,0.0,-6242.050836727445
848528040,512,1.425,joint,43.24612115305308,13.246121153053084,0.857939828990511,0.44821558730839206,0.3285453571353124,0.6984592632112254,False,-33.749999999999986,200,0.0031079922227945644,-6181.867563781789
848528040,512,1.425,marginal,90.0,60.00000000000001,0.984375,0.0625,0.9999999999999999,0.0,True,,1,0.0,-6208.543792931011
848528040,512,2.0676,joint,61.06029930894153,31.06029930894153,0.9379493729578714,0.2189156768826907,0.49544628753299613,0.45957043875519665,False,-33.749999999999986,200,0.006225794619240332,-6167.161385904667
848528040,512,2.0676,marginal,90.0,60.00000000000001,0.984375,0.0625,0.9999999999999999,0.0,True,,1,0.0,-6170.781702132935
848528040,512,3.0,joint,95.20594374066002,65.20594374066002,0.9879752441535277,0.04681603908870544,0.9303437133224831,0.12183280570741907,False,53.43750000000002,200,0.001004419282253366,-6127.803152351891
848528040,512,3.0,marginal,90.0,60.00000000000001,0.984375,0.0625,0.9999999999999999,0.0,True,,1,0.0,-6128.00612634634
848528040,1024,0.05,joint,30.015019604981653,0.015019604981655957,0.3449859312132654,0.9996842636967227,0.1345252467928979,0.9682995320576017,False,-30.937499999999996,200,0.00012305871132411994,4089.8401676442195
848528040,1024,0.05,marginal,90.0,60.00000000000001,0.984375,0.0625,0.9999999999999999,0.0,True,,1,0.0,-12203.934025376711
848528040,1024,0.0725,joint,29.914208632395344,0.08579136760465428,0.40077478840607206,0.9957842982495541,0.13387192493172706,0.9621340090679144,False,-30.937499999999996,200,0.0005607474213320529,1657.0568144830013
848528040,1024,0.0725,marginal,90.0,60.00000000000001,0.984375,0.0625,0.9999999999999999,0.0,True,,1,0.0,-12390.263485956955
848528040,1024,0.1053,joint,29.86446101462745,0.13553898537254452,0.38950856730646904,0.9997262591124052,0.13317886502432774,0.968426725329791,False,-30.937499999999996,200,7.914856871593656e-05,-762.9070186057855
848528040,1024,0.1053,marginal,90.0,60.00000000000001,0.984375,0.0625,0.9999999999999999,0.0,True,,1,0.0,-12400.912132399168
848528040,1024,0.1527,joint,29.804589149521895,0.19541085047810144,0.4028228064020001,0.9999999999999979,0.13252614476256808,0.9687420080569468,False,-30.937499999999996,200,2.2381109374691732e-05,-3149.23483826101
848528040,1024,0.1527,marginal,90.0,60.00000000000001,0.984375,0.0625,0.9999999999999999,0.0,True,,1,0.0,-12387.006528574846
848528040,1024,0.2216,joint,29.9307043200994,0.06929567990059747,0.3724470422615763,0.9971718252235972,0.13369772658430845,0.9643011774496195,False,-30.937499999999996,200,0.0008352855275006732,-5682.854487102255
848528040,1024,0.2216,marginal,90.0,60.00000000000001,0.984375,0.0625,0.9999999999999999,0.0,True,,1,0.0,-12553.646641189453
848528040,1024,0.3215,joint,30.023490287342785,0.023490287342786347,0.34807979065409134,0.999981172923911,0.13442684241297043,0.9588417483387391,False,-30.937499999999996,200,0.0015670752345613437,-7871.819311807283
848528040,1024,0.3215,marginal,90.0,60.00000000000001,0.984375,0.0625,0.9999999999999999,0.0,True,,1,0.0,-12400.178744716086
848528040,1024,0.4665,joint,30.2289938018354,0.22899380183540338,0.35657132437419525,0.9954409260058846,0.1373434993302759,0.9533789513986417,False,-30.937499999999996,200,0.002986178526043659,-9646.7702043814
848528040,1024,0.4665,marginal,90.0,60.00000000000001,0.984375,0.0625,0.9999999999999999,0.0,True,,1,0.0,-12503.82162532223
848528040,1024,0.6769,joint,30.12581451344317,0.12581451344317454,0.47147137162066344,0.9937277104381244,0.1369880215381486,0.9375948467430361,False,30.937499999999996,200,0.00470599054460763,-11082.16677850157
848528040,1024,0.6769,marginal,90.0,60.00000000000001,0.984375,0.0625,0.9999999999999999,0.0,True,,1,0.0,-12447.864377716249
848528040,1024,0.9821,joint,31.356486611894873,1.3564866118948764,0.5957104258416293,0.9558292821931962,0.15188965552752964,0.8972416031451373,False,28.125000000000007,200,0.00561578849919897,-11986.190921948813
848528040,1024,0.9821,marginal,90.0,60.00000000000001,0.984375,0.0625,0.9999999999999999,0.0,True,,1,0.0,-12438.088947842407
848528040,1024,1.425,joint,30.802357869406823,0.8023578694068249,0.7398264255982312,0.7332495945444657,0.14969783175933127,0.8213371648040403,False,-30.937499999999996,200,0.005192013419218711,-12463.347330175857
848528040,1024,1.425,marginal,90.0,60.00000000000001,0.984375,0.0625,0.9999999999999999,0.0,True,,1,0.0,-12556.998879416416
848528040,1024,2.0676,joint,55.642294020541215,25.642294020541218,0.916245015248965,0.3032043199400002,0.5111857195000653,0.462918156044701,False,-33.749999999999986,200,0.016451568197226152,-12184.136061952462
848528040,1024,2.0676,marginal,90.0,60.00000000000001,0.984375,0.0625,0.9999999999999999,0.0,True,,1,0.0,-12190.871078517244
848528040,1024,3.0,joint,88.65411820767174,58.654118207671736,0.9835308404812033,0.06568217191813605,0.9770534934358364,0.05185670208533817,False,-47.81249999999999,200,0.00042704924453573767,-12205.526097550905
848528040,1024,3.0,marginal,90.0,60.00000000000001,0.984375,0.0625,0.9999999999999999,0.0,True,,1,0.0,-12205.605107244175
848528040,2048,0.05,joint,29.984636124063385,0.015363875936613142,0.33906928297329586,0.9999999895494254,0.1340662598399981,0.9686133677923809,False,-30.937499999999996,200,0.000245396367063222,7993.804182869599
848528040,2048,0.05,marginal,90.0,60.00000000000001,0.984375,0.0625,0.9999999999999999,0.0,True,,1,0.0,-24564.517278632517
848528040,2048,0.0725,joint,29.938919333278093,0.06108066672190322,0.35506201307862445,0.999999999999998,0.13367856176510673,0.9687444355130282,False,-30.937499999999996,200,2.9334608370845672e-05,3207.837639477173
848528040,2048,0.0725,marginal,90.0,60.00000000000001,0.984375,0.0625,0.9999999999999999,0.0,True,,1,0.0,-24924.69206851541
848528040,2048,0.1053,joint,30.00851166501268,0.008511665012683465,0.3362620826492443,0.9988155077357233,0.13430418114501308,0.9675418480651001,False,-30.937499999999996,200,8.783328303252347e-05,-1423.4161053848943
848528040,2048,0.1053,marginal,90.0,60.00000000000001,0.984375,0.0625,0.9999999999999999,0.0,True,,1,0.0,-25109.147919346255
848528040,2048,0.1527,joint,30.101634119385245,0.10163411938524773,0.31122055745562194,0.998702801175686,0.13516493571670052,0.965456889432927,False,-30.937499999999996,200,0.0014412954024010105,-6527.672995813931
848528040,2048,0.1527,marginal,90.0,60.00000000000001,0.984375,0.0625,0.9999999999999999,0.0,True,,1,0.0,-25198.37359804462
848528040,2048,0.2216,joint,29.980330417925586,0.019669582074413095,0.38575068844705024,0.9986429771251535,0.13432472300769382,0.9595421953133608,False,-30.937499999999996,200,0.001037204037857009,-11202.1587450515
848528040,2048,0.2216,marginal,90.0,60.00000000000001,0.984375,0.0625,0.9999999999999999,0.0,True,,1,0.0,-25201.862834096646
848528040,2048,0.3215,joint,29.765712567131065,0.23428743286893447,0.43041613294454617,0.9996606832372085,0.132229552651013,0.9607114156219242,False,-30.937499999999996,200,0.003695709476232878,-15886.371645076397
848528040,2048,0.3215,marginal,90.0,60.00000000000001,0.984375,0.0625,0.9999999999999999,0.0,True,,1,0.0,-25360.35000603857
848528040,2048,0.4665,joint,29.92453701784805,0.07546298215194885,0.40095573981584354,0.9982433283481251,0.1337766186494772,0.947474137661312,False,30.937499999999996,200,0.00632706218311796,-19438.094117514855
848528040,2048,0.4665,marginal,90.0,60.00000000000001,0.984375,0.0625,0.9999999999999999,0.0,True,,1,0.0,-25011.473705005195
848528040,2048,0.6769,joint,30.136772088782816,0.1367720887828185,0.5024288967324604,0.9880965722780345,0.1363367676615299,0.9255965722780342,False,-30.937499999999996,200,0.0048184098122874275,-22278.829361337943
848528040,2048,0.6769,marginal,90.0,60.00000000000001,0.984375,0.0625,0.9999999999999999,0.0,True,,1,0.0,-24834.238490419797
848528040,2048,0.9821,joint,30.616837113488007,0.6168371134880105,0.6297723396003898,0.9310040624293875,0.14473020511872114,0.8826739754703885,False,-30.937499999999996,200,0.009533288164675469,-23731.674740815346
848528040,2048,0.9821,marginal,90.0,60.00000000000001,0.984375,0.0625,0.9999999999999999,0.0,True,,1,0.0,-24576.924876515946
848528040,2048,1.425,joint,36.871105099647885,6.871105099647889,0.76791488095696,0.7543037154612457,0.23238036938230844,0.8080729757045368,False,-30.937499999999996,200,0.011554339092981536,-24456.744729300284
848528040,2048,1.425,marginal,90.0,60.00000000000001,0.984375,0.0625,0.9999999999999999,0.0,True,,1,0.0,-24611.303708480402
848528040,2048,2.0676,joint,62.43864708028822,32.43864708028822,0.9504769339126234,0.18575478945819385,0.6207764142236438,0.3219517091111401,False,-30.937499999999996,200,0.017390046599757625,-24425.236268424036
848528040,2048,2.0676,marginal,90.0,60.00000000000001,0.984375,0.0625,0.9999999999999999,0.0,True,,1,0.0,-24431.619950907218
848528040,2048,3.0,joint,86.98410982577784,56.98410982577783,0.9831541172070888,0.06801402297862752,0.9503615687358529,0.044801204511888515,False,-22.5,200,0.00058255139447283,-24375.467472695305
848528040,2048,3.0,marginal,90.0,60.00000000000001,0.984375,0.0625,0.9999999999999999,0.0,True,,1,0.0,-24375.58141842186
848528040,4096,0.05,joint,30.212680995136957,0.21268099513696007,0.279603662009271,0.999440446705782,0.1363242923904573,0.9680691127239992,False,-30.937499999999996,200,0.0006070400449971203,16219.596309396677
848528040,4096,0.05,marginal,90.0,60.00000000000001,0.984375,0.0625,0.9999999999999999,0.0,True,,1,0.0,-49540.611121767084
848528040,4096,0.0725,joint,30.153331193443123,0.15333119344312351,0.27734241400233534,0.9996993596714882,0.1355349297729579,0.9684338819169284,False,-30.937499999999996,200,0.00014020879461895674,6668.374815150979
848528040,4096,0.0725,marginal,90.0,60.00000000000001,0.984375,0.0625,0.9999999999999999,0.0,True,,1,0.0,-50053.02453763484
848528040,4096,0.1053,joint,30.114876812692486,0.1148768126924875,0.2925515324448248,0.9999999999982688,0.135193627761229,0.9687152136339614,False,-30.937499999999996,200,0.0002849374291145068,-2915.6712252539755
848528040,4096,0.1053,marginal,90.0,60.00000000000001,0.984375,0.0625,0.9999999999999999,0.0,True,,1,0.0,-50282.53229272672
848528040,4096,0.1527,joint,30.144603167784528,0.14460316778453144,0.2877617460940559,0.9993239598742666,0.13555068270110437,0.9666853209031989,False,-30.937499999999996,200,0.0013249872608867008,-12747.999206785571
848528040,4096,0.1527,marginal,90.0,60.00000000000001,0.984375,0.0625,0.9999999999999999,0.0,True,,1,0.0,-50688.2678242146
848528040,4096,0.2216,joint,30.060911460734555,0.06091146073455755,0.31768474599166263,0.99944068416507,0.13475051740270727,0.9668231829878726,False,-30.937499999999996,200,0.0035087360847683158,-22395.0364204023
848528040,4096,0.2216,marginal,90.0,60.00000000000001,0.984375,0.0625,0.9999999999999999,0.0,True,,1,0.0,-50446.05721588245
848528040,4096,0.3215,joint,30.16845254807881,0.16845254807881302,0.31565330974762007,0.9991069814602712,0.13620173496896426,0.9601317629840677,False,-30.937499999999996,200,0.00665015667618718,-31728.35360297258
848528040,4096,0.3215,marginal,90.0,60.00000000000001,0.984375,0.0625,0.9999999999999999,0.0,True,,1,0.0,-50438.358732279215
848528040,4096,0.4665,joint,30.091199624473,0.09119962447300305,0.3796547125066346,0.9982527014502646,0.13560985781692392,0.9486536887474581,False,30.937499999999996,200,0.014144804910756648,-39074.42829916639
848528040,4096,0.4665,marginal,90.0,60.00000000000001,0.984375,0.0625,0.9999999999999999,0.0,True,,1,0.0,-50344.642039958795
848528040,4096,0.6769,joint,30.248971293567426,0.24897129356742945,0.45535469076591917,0.9955794106032809,0.13777787818884524,0.934540059245145,False,-30.937499999999996,200,0.018302238211617805,-44902.45365876696
848528040,4096,0.6769,marginal,90.0,60.00000000000001,0.984375,0.0625,0.9999999999999999,0.0,True,,1,0.0,-50264.11502385927
848528040,4096,0.9821,joint,31.720347568564954,1.720347568564955,0.6447061741378453,0.9185106545139248,0.16013778832666714,0.8791145535668954,False,30.937499999999996,200,0.009780117150512524,-47906.184972642324
848528040,4096,0.9821,marginal,90.0,60.00000000000001,0.984375,0.0625,0.9999999999999999,0.0,True,,1,0.0,-49535.80456874806
848528040,4096,1.425,joint,30.802625841389734,0.8026258413897358,0.7612658986545683,0.7866605713607315,0.1491075151746346,0.838277542947655,False,30.937499999999996,200,0.01820263703848468,-48976.76873303401
848528040,4096,1.425,marginal,90.0,60.00000000000001,0.984375,0.0625,0.9999999999999999,0.0,True,,1,0.0,-49294.69121358947
848528040,4096,2.0676,joint,55.200568086023736,25.200568086023736,0.9257595301020224,0.2786855902625498,0.5002461864382126,0.42686239814265603,False,-30.937499999999996,200,0.051490501216903795,-49130.26401576977
848528040,4096,2.0676,marginal,90.0,60.00000000000001,0.984375,0.0625,0.9999999999999999,0.0,True,,1,0.0,-49150.19851606541
848528040,4096,3.0,joint,85.84679028389787,55.846790283897874,0.981422559461621,0.0742456256545542,0.9421337557166288,0.042020966037687714,False,-30.937499999999996,200,0.0011053977941628546,-49325.30748689317
848528040,4096,3.0,marginal,90.0,60.00000000000001,0.984375,0.0625,0.9999999999999999,0.0,True,,1,0.0,-49325.51151522632
433882785,32,0.05,joint,29.50545676388019,0.4945432361198065,0.3764849594112961,0.8276031769719558,0.13167074863683548,0.9410392333021358,False,30.937499999999996,200,0.00011685663758953524,123.67119834425176
433882785,32,0.05,marginal,90.0,60.00000000000001,0.984375,0.0625,0.9999999999999999,0.0,True,,1,0.0,-390.16499352936495
433882785,32,0.0725,joint,29.922203835102675,0.077796164897322,0.4574292618557219,0.7948099469363041,0.13641057715273674,0.9507442565178555,False,30.937499999999996,200,2.0557897300932382e-05,24.50274898461422
433882785,32,0.0725,marginal,90.0,60.00000000000001,0.984375,0.0625,0.9999999999999999,0.0,True,,1,0.0,-393.2655218718537
433882785,32,0.1053,joint,29.300847154404302,0.6991528455956962,0.6332262440276956,0.9127056690326099,0.13055048601512964,0.9438904092301295,False,30.937499999999996,200,9.166057672871375e-05,-76.8454189973556
433882785,32,0.1053,marginal,90.0,60.00000000000001,0.984375,0.0625,0.9999999999999999,0.0,True,,1,0.0,-406.54552937333597
433882785,32,0.1527,joint,29.37812492489308,0.6218750751069185,0.2858503666094118,0.8540741215001133,0.13078254273016499,0.9607020482627165,False,30.937499999999996,200,8.955340121019617e-06,-78.11496022073896
433882785,32,0.1527,marginal,90.0,60.00000000000001,0.984375,0.0625,0.9999999999999999,0.0,True,,1,0.0,-371.79634960772916
433882785,32,0.2216,joint,29.37414343148617,0.625856568513825,0.9145509403422469,0.7882056075630297,0.1303690848901059,0.9423861416822615,False,-33.749999999999986,200,7.868919817610731e-05,-206.34816191645302
433882785,32,0.2216,marginal,90.0,60.00000000000001,0.984375,0.0625,0.9999999999999999,0.0,True,,1,0.0,-429.4597824118298
433882785,32,0.3215,joint,29.252394078201622,0.7476059217983763,0.31255477685847066,0.857010612307521,0.13012812242428207,0.9395953478904673,False,30.937499999999996,200,0.00017690015644689083,-253.31360046120167
433882785,32,0.3215,marginal,90.0,60.00000000000001,0.984375,0.0625,0.9999999999999999,0.0,True,,1,0.0,-393.1585372532922
433882785,32,0.4665,joint,33.99008332176736,3.990083321767357,0.45181445575779977,0.8963486720355563,0.18070223500067717,0.9331225485493578,False,30.937499999999996,200,8.415329682520678e-05,-332.3570577824538
433882785,32,0.4665,marginal,90.0,60.00000000000001,0.984375,0.0625,0.9999999999999999,0.0,True,,1,0.0,-424.07105275605386
433882785,32,0.6769,joint,29.888194167683253,0.11180583231674587,0.4927085322131782,0.8461420823603589,0.14110645438429092,0.9239457101202773,False,30.937499999999996,200,0.00018618312998341935,-363.1933528009107
433882785,32,0.6769,marginal,90.0,60.00000000000001,0.984375,0.0625,0.9999999999999999,0.0,True,,1,0.0,-419.3607592031374
433882785,32,0.9821,joint,41.34813008603439,11.34813008603439,0.9639126534874138,0.442222228362262,0.3081341246184506,0.8623186044304146,False,-33.749999999999986,200,0.00023100232999695436,-385.2530976384078
433882785,32,0.9821,marginal,90.0,60.00000000000001,0.984375,0.0625,0.9999999999999999,0.0,True,,1,0.0,-393.6692196271588
433882785,32,1.425,joint,43.760092160745955,13.760092160745957,0.9758575070460211,0.2929837528543489,0.2611773763846462,0.8727601497443918,False,-64.68750000000001,200,0.00029835875938033496,-377.50465833231533
433882785,32,1.425,marginal,90.0,60.00000000000001,0.984375,0.0625,0.9999999999999999,0.0,True,,1,0.0,-384.10420380675174
433882785,32,2.0676,joint,41.58384234101574,11.583842341015739,0.9624236373031293,0.12737086503226372,0.1498070478911413,0.8968960529038871,False,-42.18750000000001,200,0.0005006610776376874,-396.7672156071716
433882785,32,2.0676,marginal,90.0,60.00000000000001,0.984375,0.0625,0.9999999999999999,0.0,True,,1,0.0,-398.79794050671194
433882785,32,3.0,joint,69.05725145956931,39.057251459569315,0.9635512681416815,0.15726052784227273,0.7169472921943074,0.3282611330908882,False,22.5,200,0.0005157796046546537,-370.5634877099202
433882785,32,3.0,marginal,90.0,60.00000000000001,0.984375,0.0625,0.9999999999999999,0.0,True,,1,0.0,-370.67955751684167
433882785,128,0.05,joint,29.989961652106782,0.010038347893215465,0.3369410966643911,0.9999999999999999,0.13411654553474528,0.9687307098204572,False,-30.937499999999996,200,6.1267022601896315e-06,513.7645945290548
433882785,128,0.05,marginal,90.0,60.00000000000001,0.984375,0.0625,0.9999999999999999,0.0,True,,1,0.0,-1385.4055198072956
433882785,128,0.0725,joint,30.092727739126488,0.09272773912648925,0.31809899016475857,0.9997679461806468,0.13502107667512941,0.9607026318385617,False,30.937499999999996,200,4.9736569820879595e-05,212.00708858847403
433882785,128,0.0725,marginal,90.0,60.00000000000001,0.984375,0.0625,0.9999999999999999,0.0,True,,1,0.0,-1411.2389079983486
433882785,128,0.1053,joint,30.03749041261298,0.037490412612979813,0.32000354554501953,1.0,0.1344530207341964,0.9687498565195058,False,-30.937499999999996,200,1.0342118628159369e-07,-51.16382347762644
433882785,128,0.1053,marginal,90.0,60.00000000000001,0.984375,0.0625,0.9999999999999999,0.0,True,,1,0.0,-1422.1198965030137
433882785,128,0.1527,joint,30.376756413685833,0.3767564136858345,0.1994940908076301,0.9999999998857136,0.1372470581459272,0.9686904969385126,False,-30.937499999999996,200,6.0523220327013405e-05,-398.18187505859726
433882785,128,0.1527,marginal,90.0,60.00000000000001,0.984375,0.0625,0.9999999999999999,0.0,True,,1,0.0,-1434.9407513052483
433882785,128,0.2216,joint,30.297962009213403,0.29796200921340704,0.32669377480958267,0.9872354083964907,0.1364500919392031,0.9452156046975783,False,-30.937499999999996,200,0.00046234249509780057,-672.828085933998
433882785,128,0.2216,marginal,90.0,60.00000000000001,0.984375,0.0625,0.9999999999999999,0.0,True,,1,0.0,-1457.8972754504905
433882785,128,0.3215,joint,30.816662921328525,0.8166629213285266,0.37602659199273225,0.9953586569300532,0.1440140589434732,0.9624859635890697,False,-30.937499999999996,200,0.00020625281149477814,-1028.282239539155
433882785,128,0.3215,marginal,90.0,60.00000000000001,0.984375,0.0625,0.9999999999999999,0.0,True,,1,0.0,-1546.582096280443
433882785,128,0.4665,joint,30.653496808809887,0.6534968088098885,0.2994947246287507,0.9478608000464722,0.14352930769320127,0.9328171931132883,False,-30.937499999999996,200,0.0004804452867119835,-1211.260463637293
433882785,128,0.4665,marginal,90.0,60.00000000000001,0.984375,0.0625,0.9999999999999999,0.0,True,,1,0.0,-1518.842100779459
433882785,128,0.6769,joint,38.03208661811071,8.032086618110714,0.4865104693912502,0.7865725221288831,0.24498571340334352,0.8795583290781601,False,30.937499999999996,200,0.001062779047742879,-1403.6596647673698
433882785,128,0.6769,marginal,90.0,60.00000000000001,0.984375,0.0625,0.9999999999999999,0.0,True,,1,0.0,-1528.0330019517264
433882785,128,0.9821,joint,33.846441906737525,3.8464419067375286,0.6598039842565063,0.7716447122068475,0.19449691425915505,0.8631759698702253,False,-30.937499999999996,200,0.0011547819358384004,-1388.9597064931882
433882785,128,0.9821,marginal,90.0,60.00000000000001,0.984375,0.0625,0.9999999999999999,0.0,True,,1,0.0,-1430.7988281599387
433882785,128,1.425,joint,74.36339345780029,44.36339345780029,0.8767913567518775,0.33529169292137395,0.717998504706084,0.7591459404598744,False,33.749999999999986,200,0.0013070071718175313,-1489.8655415865378
433882785,128,1.425,marginal,90.0,60.00000000000001,0.984375,0.0625,0.9999999999999999,0.0,True,,1,0.0,-1500.4936993850142
433882785,128,2.0676,joint,108.57762234821601,78.57762234821601,0.9985457373985239,0.0058603574663554335,0.5458668181837358,0.6193523324235741,False,-126.5625,200,0.0022144216698052333,-1506.6749740536302
433882785,128,2.0676,marginal,90.0,60.00000000000001,0.984375,0.0625,0.9999999999999999,0.0,True,,1,0.0,-1508.8752728833797
433882785,128,3.0,joint,85.5451748845661,55.545174884566094,0.9799934585817979,0.07847469154073335,0.8507768325652614,0.12784845949403367,False,39.37499999999999,200,0.0003109723370471329,-1558.4513231702144
433882785,128,3.0,marginal,90.0,60.00000000000001,0.984375,0.0625,0.9999999999999999,0.0,True,,1,0.0,-1558.517728184881
433882785,256,0.05,joint,30.00073231034537,0.0007323103453710688,0.33543928143594426,0.9984721399019615,0.13431792175589952,0.9605302966997817,False,-30.937499999999996,200,0.00016659513562444772,1029.5943182871
433882785,256,0.05,marginal,90.0,60.00000000000001,0.984375,0.0625,0.9999999999999999,0.0,True,,1,0.0,-3005.2255989780147
433882785,256,0.0725,joint,29.875198502140808,0.12480149785919022,0.42418044320459214,0.9948099837365976,0.13348133749704383,0.9634541199936215,False,-30.937499999999996,200,3.134216342459695e-05,362.1760984253773
433882785,256,0.0725,marginal,90.0,60.00000000000001,0.984375,0.0625,0.9999999999999999,0.0,True,,1,0.0,-3020.2086042403903
433882785,256,0.1053,joint,29.783677001257924,0.2163229987420732,0.40439063447950463,0.9835649954026469,0.13246762183378036,0.9446323371304233,False,-30.937499999999996,200,0.0002730119131229003,-301.16018998878496
433882785,256,0.1053,marginal,90.0,60.00000000000001,0.984375,0.0625,0.9999999999999999,0.0,True,,1,0.0,-3053.786052237032
433882785,256,0.1527,joint,30.180091973461295,0.18009197346129543,0.26482242557277347,0.9999999607691528,0.13575804778078393,0.964051978290352,False,-30.937499999999996,200,0.00011231328403482621,-728.6634831411702
433882785,256,0.1527,marginal,90.0,60.00000000000001,0.984375,0.0625,0.9999999999999999,0.0,True,,1,0.0,-3059.3511066220326
433882785,256,0.2216,joint,30.170408368564562,0.1704083685645654,0.4582708697188492,0.9582416928175528,0.13675841763170782,0.9549935540394153,False,30.937499999999996,200,0.0001414251551068446,-1408.1284456192288
433882785,256,0.2216,marginal,90.0,60.00000000000001,0.984375,0.0625,0.9999999999999999,0.0,True,,1,0.0,-3121.556417927413
433882785,256,0.3215,joint,29.99734889342759,0.0026511065724094994,0.2978577907310773,0.9943514508917178,0.1344688046300171,0.9396639426871753,False,-30.937499999999996,200,0.001524747687199124,-1977.8332691962014
433882785,256,0.3215,marginal,90.0,60.00000000000001,0.984375,0.0625,0.9999999999999999,0.0,True,,1,0.0,-3142.4399862686128
433882785,256,0.4665,joint,30.889859325981565,0.8898593259815673,0.44332215530017033,0.9569571688472357,0.1470140006597661,0.9211439697491763,False,-30.937499999999996,200,0.0007506725023631589,-2416.108668741141
433882785,256,0.4665,marginal,90.0,60.00000000000001,0.984375,0.0625,0.9999999999999999,0.0,True,,1,0.0,-3100.163430883379
433882785,256,0.6769,joint,31.453484432441325,1.4534844324413276,0.7057031103731821,0.9285618122582401,0.15479798158408575,0.8999191056679626,False,28.125000000000007,200,0.0011116517939626647,-2771.923037014425
433882785,256,0.6769,marginal,90.0,60.00000000000001,0.984375,0.0625,0.9999999999999999,0.0,True,,1,0.0,-3066.8878001063695
433882785,256,0.9821,joint,40.19652635252397,10.196526352523971,0.6061945820347331,0.8483766884227752,0.2741201319450465,0.8680760186378003,False,-30.937499999999996,200,0.0015804242962076387,-2944.8169241810165
433882785,256,0.9821,marginal,90.0,60.00000000000001,0.984375,0.0625,0.9999999999999999,0.0,True,,1,0.0,-3041.8680375139766
433882785,256,1.425,joint,47.65962473692099,17.659624736920993,0.7825831631492253,0.7339568306121554,0.4019299217644776,0.804156276468712,False,-28.125000000000007,200,0.002493113508080569,-3114.24965566184
433882785,256,1.425,marginal,90.0,60.00000000000001,0.984375,0.0625,0.9999999999999999,0.0,True,,1,0.0,-3133.4499277544464
433882785,256,2.0676,joint,58.43808731527472,28.43808731527472,0.914494772623889,0.2804953101239093,0.257153843397421,0.5580582259500596,False,-36.5625,200,0.003972590590819891,-3023.855952054342
433882785,256,2.0676,marginal,90.0,60.00000000000001,0.984375,0.0625,0.9999999999999999,0.0,True,,1,0.0,-3027.480388889194
433882785,256,3.0,joint,86.2759060292667,56.2759060292667,0.9808701594752249,0.07491770224010637,0.8790547045342852,0.1158866393872814,False,-98.4375,200,0.0004411323502608866,-3026.2935411445155
433882785,256,3.0,marginal,90.0,60.00000000000001,0.984375,0.0625,0.9999999999999999,0.0,True,,1,0.0,-3026.385277988361
433882785,512,0.05,joint,30.331762811735942,0.3317628117359434,0.26874109309028926,0.9824315277010525,0.1371693458997324,0.9606058307607167,False,-30.937499999999996,200,0.0001507751719600492,1932.4580077137846
433882785,512,0.05,marginal,90.0,60.00000000000001,0.984375,0.0625,0.9999999999999999,0.0,True,,1,0.0,-6367.084783212534
433882785,512,0.0725,joint,30.483407723370483,0.4834077233704849,0.1494112179780918,0.9945564783565166,0.13856270287347416,0.9626762988010584,False,-30.937499999999996,200,0.00021664099199369957,984.4173125014738
433882785,512,0.0725,marginal,90.0,60.00000000000001,0.984375,0.0625,0.9999999999999999,0.0,True,,1,0.0,-6366.06798323165
433882785,512,0.1053,joint,30.073005941047214,0.07300594104721556,0.32449275710285375,0.9956080751436761,0.13513401937221103,0.9565446444216346,False,-30.937499999999996,200,1.629778944334248e-05,-315.62471578182607
433882785,512,0.1053,marginal,90.0,60.00000000000001,0.984375,0.0625,0.9999999999999999,0.0,True,,1,0.0,-6463.092835586793
433882785,512,0.1527,joint,30.370715788112193,0.3707157881121942,0.20204431117013108,0.9999999890428184,0.13739741946095518,0.9675893196324457,False,30.937499999999996,200,0.000154014350982834,-1654.0350927196043
433882785,512,0.1527,marginal,90.0,60.00000000000001,0.984375,0.0625,0.9999999999999999,0.0,True,,1,0.0,-6421.894380719776
433882785,512,0.2216,joint,30.74455226976938,0.7445522697693826,0.09045635720881898,0.999967653254058,0.1406341749586334,0.960898972672585,False,-30.937499999999996,200,0.0007362169317275402,-2728.2921896998932
433882785,512,0.2216,marginal,90.0,60.00000000000001,0.984375,0.0625,0.9999999999999999,0.0,True,,1,0.0,-6342.853163284772
433882785,512,0.3215,joint,29.794453637954174,0.20554636204582416,0.4157033503322353,0.9999136098294185,0.13243750628961604,0.9634451653818854,False,30.937499999999996,200,0.00047368522427859716,-3859.9074179214285
433882785,512,0.3215,marginal,90.0,60.00000000000001,0.984375,0.0625,0.9999999999999999,0.0,True,,1,0.0,-6316.3481241131685
433882785,512,0.4665,joint,31.028280425179076,1.0282804251790802,0.2528733810037508,0.989592584833426,0.14649466643698572,0.9448499547599774,False,-30.937499999999996,200,0.0012660827596846502,-4881.0694048489
433882785,512,0.4665,marginal,90.0,60.00000000000001,0.984375,0.0625,0.9999999999999999,0.0,True,,1,0.0,-6366.062189172408
433882785,512,0.6769,joint,31.198345992184404,1.1983459921844049,0.4059509061485245,0.9769758584607262,0.14870542598347014,0.9272764186420616,False,-30.937499999999996,200,0.0017762335555744357,-5598.843784423361
433882785,512,0.6769,marginal,90.0,60.00000000000001,0.984375,0.0625,0.9999999999999999,0.0,True,,1,0.0,-6331.819513120268
433882785,512,0.9821,joint,33.79461680029136,3.794616800291361,0.5350209961169392,0.9214710350115775,0.18809923183345112,0.875604694061566,False,30.937499999999996,200,0.0029800176935168565,-6061.186723078934
433882785,512,0.9821,marginal,90.0,60.00000000000001,0.984375,0.0625,0.9999999999999999,0.0,True,,1,0.0,-6283.944287096022
433882785,512,1.425,joint,38.56492571348532,8.564925713485325,0.7582370520044242,0.7494707675610213,0.24606025001275766,0.7884332216345611,False,28.125000000000007,200,0.003556598555405799,-6186.523324430596
433882785,512,1.425,marginal,90.0,60.00000000000001,0.984375,0.0625,0.9999999999999999,0.0,True,,1,0.0,-6228.2068313622285
433882785,512,2.0676,joint,51.13226272407216,21.132262724072163,0.9663797417255446,0.15822632649940305,0.4644387681834521,0.4179166567359718,False,22.5,200,0.00652732713297155,-6133.612051721543
433882785,512,2.0676,marginal,90.0,60.00000000000001,0.984375,0.0625,0.9999999999999999,0.0,True,,1,0.0,-6136.325504672958
433882785,512,3.0,joint,88.83260288663611,58.83260288663612,0.986293103937617,0.05516041581299752,0.9883163924346919,0.0791070110057801,False,115.31250000000001,200,0.0005087583595013712,-6186.470692130459
433882785,512,3.0,marginal,90.0,60.00000000000001,0.984375,0.0625,0.9999999999999999,0.0,True,,1,0.0,-6186.578058427185
433882785,1024,0.05,joint,30.02191525041318,0.021915250413181438,0.31663820424045025,0.99874115609205,0.13447328952840398,0.9674908545041392,False,30.937499999999996,200,1.2378432984405663e-05,4056.7549822621195
433882785,1024,0.05,marginal,90.0,60.00000000000001,0.984375,0.0625,0.9999999999999999,0.0,True,,1,0.0,-12043.972194411157
433882785,1024,0.0725,joint,29.91325479310538,0.08674520689461668,0.3641576375904274,0.9999999360725498,0.13345982193611616,0.968671436417947,False,30.937499999999996,200,8.377547305826738e-05,1693.0216766135704
433882785,1024,0.0725,marginal,90.0,60.00000000000001,0.984375,0.0625,0.9999999999999999,0.0,True,,1,0.0,-12141.402271986255
433882785,1024,0.1053,joint,30.040495737147122,0.040495737147122575,0.3188912013784514,0.9999994354212373,0.13455508239925273,0.9684831837817975,False,30.937499999999996,200,0.000205278505404749,-631.6038481490676
433882785,1024,0.1053,marginal,90.0,60.00000000000001,0.984375,0.0625,0.9999999999999999,0.0,True,,1,0.0,-12211.515479873979
433882785,1024,0.1527,joint,30.0613788660179,0.06137886601790372,0.3226120880026812,0.9977000709908791,0.13478167447875133,0.965992045431989,False,30.937499999999996,200,0.0002247775369141891,-3216.732317622682
433882785,1024,0.1527,marginal,90.0,60.00000000000001,0.984375,0.0625,0.9999999999999999,0.0,True,,1,0.0,-12235.317388200983
433882785,1024,0.2216,joint,29.99735849763724,0.0026415023627572977,0.3344967019241739,0.9999999999681057,0.13413852422798977,0.9686295622670669,False,30.937499999999996,200,0.00017864187339000637,-5710.357538138455
433882785,1024,0.2216,marginal,90.0,60.00000000000001,0.984375,0.0625,0.9999999999999999,0.0,True,,1,0.0,-12582.504583830396
433882785,1024,0.3215,joint,29.943981723371756,0.05601827662824243,0.400941499954453,0.9998288975335994,0.13378140571300445,0.9469097611763588,False,30.937499999999996,200,0.0015460722997886478,-8029.650392806742
433882785,1024,0.3215,marginal,90.0,60.00000000000001,0.984375,0.0625,0.9999999999999999,0.0,True,,1,0.0,-12436.7848918356
433882785,1024,0.4665,joint,30.39157144173156,0.39157144173156405,0.37530897379740613,0.9970566323598635,0.1380721911397943,0.9475119168052683,False,30.937499999999996,200,0.0017919424699357478,-9912.526375481077
433882785,1024,0.4665,marginal,90.0,60.00000000000001,0.984375,0.0625,0.9999999999999999,0.0,True,,1,0.0,-12552.871925034891
433882785,1024,0.6769,joint,31.91864039922842,1.9186403992284198,0.5032613781544644,0.9666116018490678,0.16554950451938044,0.9068134151332637,False,30.937499999999996,200,0.005855489276655135,-11274.35988297744
433882785,1024,0.6769,marginal,90.0,60.00000000000001,0.984375,0.0625,0.9999999999999999,0.0,True,,1,0.0,-12395.226562787042
433882785,1024,0.9821,joint,32.8925954465827,2.8925954465827055,0.6319368510118799,0.9436859290161868,0.1755940437383715,0.8811859290161869,False,28.125000000000007,200,0.005679528001564904,-11849.801071498938
433882785,1024,0.9821,marginal,90.0,60.00000000000001,0.984375,0.0625,0.9999999999999999,0.0,True,,1,0.0,-12292.908507707882
433882785,1024,1.425,joint,35.80359468993328,5.803594689933277,0.757093397065932,0.6967412087572935,0.21469620586235127,0.7916275334132206,False,30.937499999999996,200,0.005547861164814094,-12315.810396426907
433882785,1024,1.425,marginal,90.0,60.00000000000001,0.984375,0.0625,0.9999999999999999,0.0,True,,1,0.0,-12400.69086566707
433882785,1024,2.0676,joint,63.66456303206957,33.66456303206957,0.9296568768569138,0.24011167499048136,0.5833160991011072,0.4689411161076822,False,36.5625,200,0.013829967165293056,-12609.158483631298
433882785,1024,2.0676,marginal,90.0,60.00000000000001,0.984375,0.0625,0.9999999999999999,0.0,True,,1,0.0,-12616.619983519919
433882785,1024,3.0,joint,91.6669848744774,61.66698487447739,0.9843041313690015,0.06267682935535976,0.9551911978466218,0.07154834703960156,False,132.1875,200,0.0008074925935943611,-12363.811425091637
433882785,1024,3.0,marginal,90.0,60.00000000000001,0.984375,0.0625,0.9999999999999999,0.0,True,,1,0.0,-12363.98435919159
433882785,2048,0.05,joint,30.143913877757253,0.1439138777572544,0.28778696186726344,0.9995409538975399,0.13550043403415046,0.9682125370076398,False,-30.937499999999996,200,0.00019843573682010174,8313.623867540755
433882785,2048,0.05,marginal,90.0,60.00000000000001,0.984375,0.0625,0.9999999999999999,0.0,True,,1,0.0,-24316.197186853486
433882785,2048,0.0725,joint,30.13112106566576,0.1311210656657608,0.28559146266160274,0.9997607773414571,0.13533901420138172,0.968468980521649,False,-30.937499999999996,200,0.0001309100794060214,3403.302686789778
433882785,2048,0.0725,marginal,90.0,60.00000000000001,0.984375,0.0625,0.9999999999999999,0.0,True,,1,0.0,-24510.50835408596
433882785,2048,0.1053,joint,30.122057135035476,0.12205713503547706,0.2930336239949164,0.999735472707513,0.13526833252650616,0.9678577540964126,False,30.937499999999996,200,0.0010357746618865349,-1361.3736382742686
433882785,2048,0.1053,marginal,90.0,60.00000000000001,0.984375,0.0625,0.9999999999999999,0.0,True,,1,0.0,-24640.90076237881
433882785,2048,0.1527,joint,30.150036047527205,0.15003604752720615,0.3004573996441636,0.9994697467899355,0.13586551400792612,0.9667146348991005,False,-30.937499999999996,200,0.0004431386932992609,-6537.287495043769
433882785,2048,0.1527,marginal,90.0,60.00000000000001,0.984375,0.0625,0.9999999999999999,0.0,True,,1,0.0,-24989.269800651397
433882785,2048,0.2216,joint,30.11319470957708,0.11319470957708218,0.31909414347591614,0.9920455629798752,0.13532565806611563,0.9373547100060782,False,-30.937499999999996,200,0.003962945640523685,-11576.58719366879
433882785,2048,0.2216,marginal,90.0,60.00000000000001,0.984375,0.0625,0.9999999999999999,0.0,True,,1,0.0,-25065.827058987266
433882785,2048,0.3215,joint,30.23311008399733,0.2331100839973353,0.3622901771980883,0.9948115175068378,0.13736988352293822,0.9426749062226155,False,-30.937499999999996,200,0.005184725654544309,-15811.330046404133
433882785,2048,0.3215,marginal,90.0,60.00000000000001,0.984375,0.0625,0.9999999999999999,0.0,True,,1,0.0,-25050.966149407883
433882785,2048,0.4665,joint,30.069022094109414,0.06902209410941593,0.38087597158856346,0.9986472286603734,0.13494043995548055,0.9468411630330023,False,-30.937499999999996,200,0.0073631111554277595,-19375.96434849552
433882785,2048,0.4665,marginal,90.0,60.00000000000001,0.984375,0.0625,0.9999999999999999,0.0,True,,1,0.0,-24796.590727768325
433882785,2048,0.6769,joint,30.912244213800516,0.9122442138005176,0.46661679242851506,0.9827176413161541,0.1460159960271945,0.9202176413161541,False,30.937499999999996,200,0.008354623550985707,-22189.554033464556
433882785,2048,0.6769,marginal,90.0,60.00000000000001,0.984375,0.0625,0.9999999999999999,0.0,True,,1,0.0,-24651.354200821348
433882785,2048,0.9821,joint,32.99593140674543,2.995931406745429,0.6250428792820524,0.9416208761810166,0.17979752567129537,0.8806625353045341,False,-30.937499999999996,200,0.009884193659672746,-23826.724864129817
433882785,2048,0.9821,marginal,90.0,60.00000000000001,0.984375,0.0625,0.9999999999999999,0.0,True,,1,0.0,-24670.2058307181
433882785,2048,1.425,joint,33.251065734222074,3.251065734222074,0.7394855594800467,0.7627668041071836,0.17591670447228402,0.8366587200944635,False,30.937499999999996,200,0.009984629974496784,-24330.899334275135
433882785,2048,1.425,marginal,90.0,60.00000000000001,0.984375,0.0625,0.9999999999999999,0.0,True,,1,0.0,-24496.505188685693
433882785,2048,2.0676,joint,60.79509053348344,30.795090533483442,0.9619630269508406,0.14654207407499237,0.5992611918329749,0.30043424904994004,False,33.749999999999986,200,0.012180063171399524,-24452.447117833934
433882785,2048,2.0676,marginal,90.0,60.00000000000001,0.984375,0.0625,0.9999999999999999,0.0,True,,1,0.0,-24458.076039980613
433882785,2048,3.0,joint,90.4115428250266,60.411542825026594,0.9841999438793507,0.06375869960318144,0.9935718422500823,0.034825381821024404,False,149.0625,200,0.00039588826257386245,-24548.702528939495
433882785,2048,3.0,marginal,90.0,60.00000000000001,0.984375,0.0625,0.9999999999999999,0.0,True,,1,0.0,-24548.784231430156
433882785,4096,0.05,joint,30.069595623527036,0.06959562352703716,0.30861309208024534,0.999999999997464,0.13480483844189028,0.9687374250765607,False,-30.937499999999996,200,0.00012007740406261291,16223.861884058893
433882785,4096,0.05,marginal,90.0,60.00000000000001,0.984375,0.0625,0.9999999999999999,0.0,True,,1,0.0,-48591.31393464171
433882785,4096,0.0725,joint,30.0604170824607,0.0604170824606994,0.31195924406295994,0.9999999999952165,0.13472664363427966,0.9686803751988233,False,-30.937499999999996,200,0.0003593613373595872,6711.963213607501
433882785,4096,0.0725,marginal,90.0,60.00000000000001,0.984375,0.0625,0.9999999999999999,0.0,True,,1,0.0,-49196.22668123052
433882785,4096,0.1053,joint,30.056435463252466,0.056435463252467594,0.31324487137379786,0.99999998645308,0.13469262806088111,0.9685471410356572,False,-30.937499999999996,200,0.0006803444966863026,-2618.653939945953
433882785,4096,0.1053,marginal,90.0,60.00000000000001,0.984375,0.0625,0.9999999999999999,0.0,True,,1,0.0,-49418.56115095723
433882785,4096,0.1527,joint,30.02604472937916,0.026044729379161004,0.3265418788545994,0.9999834431053162,0.13443184711389167,0.9674959773184224,False,-30.937499999999996,200,0.002334924600290833,-12815.886277432543
433882785,4096,0.1527,marginal,90.0,60.00000000000001,0.984375,0.0625,0.9999999999999999,0.0,True,,1,0.0,-49734.24788037882
433882785,4096,0.2216,joint,30.017392197990638,0.01739219799064019,0.33346107591496776,0.9998301897551359,0.13442054150092164,0.9660140223971152,False,-30.937499999999996,200,0.0043410565886006225,-22151.168733977334
433882785,4096,0.2216,marginal,90.0,60.00000000000001,0.984375,0.0625,0.9999999999999999,0.0,True,,1,0.0,-49640.013708902035
433882785,4096,0.3215,joint,30.136629921612702,0.1366299216127037,0.32826117359564716,0.9995162781545527,0.13571999486967656,0.9541366200161534,False,-30.937499999999996,200,0.008375048790185247,-31443.177326343415
433882785,4096,0.3215,marginal,90.0,60.00000000000001,0.984375,0.0625,0.9999999999999999,0.0,True,,1,0.0,-50315.07296828591
433882785,4096,0.4665,joint,30.200183991147288,0.20018399114729127,0.4043706843836783,0.9972613863744298,0.13721670350323445,0.9482015671733482,False,-30.937499999999996,200,0.012050855497363955,-39016.38407759972
433882785,4096,0.4665,marginal,90.0,60.00000000000001,0.984375,0.0625,0.9999999999999999,0.0,True,,1,0.0,-49790.52915356097
433882785,4096,0.6769,joint,30.478536971016393,0.4785369710163935,0.41775874722563155,0.9951812286580477,0.14002474781619012,0.9363792042464072,False,-30.937499999999996,200,0.019206846729503013,-44442.505510099
433882785,4096,0.6769,marginal,90.0,60.00000000000001,0.984375,0.0625,0.9999999999999999,0.0,True,,1,0.0,-49767.70338312852
433882785,4096,0.9821,joint,31.9128804742372,1.9128804742372005,0.5569949086176402,0.9522978773089268,0.1596798327152611,0.8974755029908701,False,-30.937499999999996,200,0.022399569832487032,-47474.08387378832
433882785,4096,0.9821,marginal,90.0,60.00000000000001,0.984375,0.0625,0.9999999999999999,0.0,True,,1,0.0,-49111.805507293575
433882785,4096,1.425,joint,32.43650942906099,2.4365094290609943,0.7616771085400535,0.7642610143209243,0.1725331664730706,0.8178189762852954,False,-28.125000000000007,200,0.017713117391394917,-49016.659275904225
433882785,4096,1.425,marginal,90.0,60.00000000000001,0.984375,0.0625,0.9999999999999999,0.0,True,,1,0.0,-49305.549302125895
433882785,4096,2.0676,joint,55.63334168507414,25.633341685074146,0.923206572957201,0.2855926017797369,0.5123771852267944,0.4125523222004374,False,33.749999999999986,200,0.0532469559184392,-49318.045449479665
433882785,4096,2.0676,marginal,90.0,60.00000000000001,0.984375,0.0625,0.9999999999999999,0.0,True,,1,0.0,-49337.441494450795
433882785,4096,3.0,joint,87.64794213268341,57.64794213268341,0.9846293180230651,0.061592801769411266,0.9561005439939796,0.04323390727083777,False,-5.625000000000006,200,0.0010482709258212708,-48754.30814820561
433882785,4096,3.0,marginal,90.0,60.00000000000001,0.984375,0.0625,0.9999999999999999,0.0,True,,1,0.0,-48754.51982557819
920829463,32,0.05,joint,29.852464866728106,0.1475351332718905,0.5958644226314362,0.9999999989775901,0.1334217669943939,0.9539332789024072,False,30.937499999999996,200,7.438821411653862e-05,99.86262980076113
920829463,32,0.05,marginal,90.0,60.00000000000001,0.984375,0.0625,0.9999999999999999,0.0,True,,1,0.0,-444.4675191900054
920829463,32,0.0725,joint,30.411075263190003,0.41107526319000426,0.27102079793799516,0.9999994290136855,0.1378376203265509,0.958159575813849,False,30.937499999999996,200,6.618345111064627e-06,24.506068641857958
920829463,32,0.0725,marginal,90.0,60.00000000000001,0.984375,0.0625,0.9999999999999999,0.0,True,,1,0.0,-449.2512263987488
920829463,32,0.1053,joint,30.32314859906734,0.3231485990673444,0.21929975254932466,0.9999999999999997,0.1366477856717312,0.9683174966672727,False,-30.937499999999996,200,1.467967706680895e-05,2.6613954094737657
920829463,32,0.1053,marginal,90.0,60.00000000000001,0.984375,0.0625,0.9999999999999999,0.0,True,,1,0.0,-430.1860380079395
920829463,32,0.1527,joint,30.673949982842203,0.6739499828422034,0.25330134585442454,0.9999617980557978,0.1401226685445358,0.9608992980556477,False,30.937499999999996,200,4.338906990142277e-05,-106.17758398098837
920829463,32,0.1527,marginal,90.0,60.00000000000001,0.984375,0.0625,0.9999999999999999,0.0,True,,1,0.0,-447.1527707746202
920829463,32,0.2216,joint,29.582760609116402,0.4172393908835973,0.6355451676356683,0.968570873365548,0.13110130284714783,0.96519033389461,False,-28.125000000000007,200,2.0335498305712463e-05,-175.75139433987198
920829463,32,0.2216,marginal,90.0,60.00000000000001,0.984375,0.0625,0.9999999999999999,0.0,True,,1,0.0,-430.26634316813346
920829463,32,0.3215,joint,29.98689229060957,0.013107709390427512,0.41307981433521945,0.9769153173991344,0.13418659189480453,0.9652259460078939,False,30.937499999999996,200,3.242628264388259e-05,-245.50037417549254
920829463,32,0.3215,marginal,90.0,60.00000000000001,0.984375,0.0625,0.9999999999999999,0.0,True,,1,0.0,-441.58813421783043
920829463,32,0.4665,joint,29.04591643726654,0.9540835627334575,0.5335678640419856,0.9651665522622668,0.1249894506895236,0.9404911107292441,False,30.937499999999996,200,0.0002201491778350828,-306.8246337672241
920829463,32,0.4665,marginal,90.0,60.00000000000001,0.984375,0.0625,0.9999999999999999,0.0,True,,1,0.0,-426.1211599634811
920829463,32,0.6769,joint,39.784176466137154,9.78417646613716,0.7607444581458459,0.8343570420987998,0.2796051815904388,0.9148978750034156,False,28.125000000000007,200,0.0002363934243589938,-347.97204318427663
920829463,32,0.6769,marginal,90.0,60.00000000000001,0.984375,0.0625,0.9999999999999999,0.0,True,,1,0.0,-397.1295484473712
920829463,32,0.9821,joint,47.04027276714809,17.040272767148092,0.7016166012471178,0.7422166225353113,0.31874985642905085,0.920576632443565,False,30.937499999999996,200,0.0002055317889357866,-349.66232187938925
920829463,32,0.9821,marginal,90.0,60.00000000000001,0.984375,0.0625,0.9999999999999999,0.0,True,,1,0.0,-375.2320232282641
920829463,32,1.425,joint,47.13424575679664,17.134245756796638,0.9479686584505879,0.3057000358207916,0.3495628035139611,0.9054166630773228,False,36.5625,200,0.0003213305201370531,-385.69105330979176
920829463,32,1.425,marginal,90.0,60.00000000000001,0.984375,0.0625,0.9999999999999999,0.0,True,,1,0.0,-391.86818501732023
920829463,32,2.0676,joint,72.43244414169439,42.4324441416944,0.9326620142567676,0.37167126294197445,0.684180585740332,0.8575839264901727,False,109.68749999999999,200,0.0004552063631422243,-402.52738370643283
920829463,32,2.0676,marginal,90.0,60.00000000000001,0.984375,0.0625,0.9999999999999999,0.0,True,,1,0.0,-404.54784904010523
920829463,32,3.0,joint,122.93112301755063,92.93112301755065,0.9944816611334065,0.021142533401938734,0.5124772968813516,0.4295087180229018,False,-157.5,200,0.0006395785076165339,-391.017366722749
920829463,32,3.0,marginal,90.0,60.00000000000001,0.984375,0.0625,0.9999999999999999,0.0,True,,1,0.0,-391.20243091305974
920829463,128,0.05,joint,30.00398709457325,0.003987094573254541,0.25113848673583894,0.9999999999678884,0.1343033594325339,0.9575055448587887,False,-30.937499999999996,200,0.00023130359443257476,532.5100306622072
920829463,128,0.05,marginal,90.0,60.00000000000001,0.984375,0.0625,0.9999999999999999,0.0,True,,1,0.0,-1570.448864869838
920829463,128,0.0725,joint,30.137500230052545,0.1375002300525458,0.33649361521139076,0.9965765085302931,0.13594362515913938,0.9632711868859496,False,30.937499999999996,200,9.813593345597837e-05,150.6704816355196
920829463,128,0.0725,marginal,90.0,60.00000000000001,0.984375,0.0625,0.9999999999999999,0.0,True,,1,0.0,-1623.5423239863037
920829463,128,0.1053,joint,30.179570868125275,0.1795708681252756,0.28969619954633397,0.9949578210382509,0.13661580069907509,0.9555861535518335,False,-30.937499999999996,200,9.08692646532927e-05,-161.27636360319235
920829463,128,0.1053,marginal,90.0,60.00000000000001,0.984375,0.0625,0.9999999999999999,0.0,True,,1,0.0,-1586.3562261505488
920829463,128,0.1527,joint,30.01801434937983,0.01801434937983092,0.32479819907525664,0.9999987825577794,0.13435698182349454,0.9666209397811241,False,-30.937499999999996,200,4.0984421104894864e-05,-401.9409913896347
920829463,128,0.1527,marginal,90.0,60.00000000000001,0.984375,0.0625,0.9999999999999999,0.0,True,,1,0.0,-1562.768156744255
920829463,128,0.2216,joint,29.86555366524243,0.13444633475756787,0.49657451466291347,0.9870712147510854,0.13317886548380675,0.9415402616957773,False,-30.937499999999996,200,0.0002229950557648408,-671.8451604990084
920829463,128,0.2216,marginal,90.0,60.00000000000001,0.984375,0.0625,0.9999999999999999,0.0,True,,1,0.0,-1557.8739838901934
920829463,128,0.3215,joint,30.063396134991944,0.06339613499194732,0.4447327722147473,0.948231081441744,0.13578956769585304,0.9296829460064066,False,30.937499999999996,200,0.0004847699228776037,-1064.2160590359454
920829463,128,0.3215,marginal,90.0,60.00000000000001,0.984375,0.0625,0.9999999999999999,0.0,True,,1,0.0,-1642.0431276200056
920829463,128,0.4665,joint,31.041633122790973,1.041633122790974,0.46775060085161163,0.9844175414459858,0.1504495243644579,0.9456035865421833,False,-30.937499999999996,200,0.0003864224547669437,-1230.5356009540105
920829463,128,0.4665,marginal,90.0,60.00000000000001,0.984375,0.0625,0.9999999999999999,0.0,True,,1,0.0,-1589.323586898547
920829463,128,0.6769,joint,31.37949489941188,1.3794948994118832,0.5913956386498258,0.9682648707549515,0.15713319068235843,0.9235494112766696,False,-30.937499999999996,200,0.00021015540937696642,-1378.7612556300662
920829463,128,0.6769,marginal,90.0,60.00000000000001,0.984375,0.0625,0.9999999999999999,0.0,True,,1,0.0,-1531.647575054016
920829463,128,0.9821,joint,33.00389520771025,3.0038952077102503,0.8834388141434831,0.8193074883785767,0.18796403113194304,0.8648726078066282,False,28.125000000000007,200,0.000861114147483022,-1496.1537264626954
920829463,128,0.9821,marginal,90.0,60.00000000000001,0.984375,0.0625,0.9999999999999999,0.0,True,,1,0.0,-1564.6361722299916
920829463,128,1.425,joint,45.344814827413494,15.344814827413497,0.9036083893862397,0.5085171522250351,0.3773628796675148,0.8088079138354615,False,22.5,200,0.0008546882704649761,-1545.7800818660698
920829463,128,1.425,marginal,90.0,60.00000000000001,0.984375,0.0625,0.9999999999999999,0.0,True,,1,0.0,-1563.3946375982794
920829463,128,2.0676,joint,93.65364562074208,63.65364562074208,0.9989772589556807,0.009386813283904677,0.38955877125268124,0.6603300799000731,False,-95.625,200,0.0016744381136959419,-1556.9870221497254
920829463,128,2.0676,marginal,90.0,60.00000000000001,0.984375,0.0625,0.9999999999999999,0.0,True,,1,0.0,-1559.6579053691462
920829463,128,3.0,joint,90.85792038895745,60.85792038895746,0.9869634700084606,0.05383841956109973,0.9417749772133481,0.14981726767400852,False,-115.31250000000001,200,0.0003857924641579302,-1538.5447228241615
920829463,128,3.0,marginal,90.0,60.00000000000001,0.984375,0.0625,0.9999999999999999,0.0,True,,1,0.0,-1538.62829429478
920829463,256,0.05,joint,29.790598193807597,0.20940180619239945,0.40267546396911524,0.9987975003307685,0.13242218237586256,0.9672061747466822,False,-30.937499999999996,200,4.636270114133367e-05,976.307285791019
920829463,256,0.05,marginal,90.0,60.00000000000001,0.984375,0.0625,0.9999999999999999,0.0,True,,1,0.0,-3002.273762357743
920829463,256,0.0725,joint,30.15197077482177,0.15197077482177093,0.27588600228153126,0.99999999987831,0.13551348996484902,0.965336505788662,False,-30.937499999999996,200,6.184130859310244e-05,547.275889215582
920829463,256,0.0725,marginal,90.0,60.00000000000001,0.984375,0.0625,0.9999999999999999,0.0,True,,1,0.0,-2962.020641908276
920829463,256,0.1053,joint,29.395099272287553,0.6049007277124436,0.5018743102739119,0.9945888069842753,0.12947726521006742,0.9631121869857925,False,30.937499999999996,200,4.1221643641620176e-05,-200.63739978550342
920829463,256,0.1053,marginal,90.0,60.00000000000001,0.984375,0.0625,0.9999999999999999,0.0,True,,1,0.0,-3027.9705541571543
920829463,256,0.1527,joint,29.649934843462816,0.3500651565371815,0.44291261372485735,0.9999999815112777,0.13112693632847727,0.9581493754457608,False,30.937499999999996,200,0.00020124496120388358,-715.3087242217599
920829463,256,0.1527,marginal,90.0,60.00000000000001,0.984375,0.0625,0.9999999999999999,0.0,True,,1,0.0,-2994.5689230826724
920829463,256,0.2216,joint,29.83647824402533,0.16352175597466892,0.44404864092548657,0.9925304487540576,0.13289211271999168,0.9561991048428085,False,30.937499999999996,200,0.00039108612054405967,-1402.341501174964
920829463,256,0.2216,marginal,90.0,60.00000000000001,0.984375,0.0625,0.9999999999999999,0.0,True,,1,0.0,-3016.9801264274697
920829463,256,0.3215,joint,29.49176232448492,0.5082376755150773,0.548094873771976,0.9999984299441973,0.12924743659383586,0.9532139939948747,False,30.937499999999996,200,0.00044028756565239746,-1920.4785360588162
920829463,256,0.3215,marginal,90.0,60.00000000000001,0.984375,0.0625,0.9999999999999999,0.0,True,,1,0.0,-3067.938653530627
920829463,256,0.4665,joint,30.48785127159677,0.4878512715967714,0.7115035575267756,0.9704743482864487,0.14472528732658296,0.9217989225831451,False,28.125000000000007,200,0.0010919938258666662,-2412.1510770079303
920829463,256,0.4665,marginal,90.0,60.00000000000001,0.984375,0.0625,0.9999999999999999,0.0,True,,1,0.0,-3098.1649622808427
920829463,256,0.6769,joint,32.70458225621222,2.7045822562122206,0.5966848247540306,0.94821628700267,0.17330176413765674,0.8931725461864068,False,-28.125000000000007,200,0.0009075551593014097,-2667.990825089836
920829463,256,0.6769,marginal,90.0,60.00000000000001,0.984375,0.0625,0.9999999999999999,0.0,True,,1,0.0,-2944.642925151571
920829463,256,0.9821,joint,38.16390761611972,8.163907616119724,0.6072107159337625,0.8719317443946876,0.25227273651322724,0.8499301495325375,False,30.937499999999996,200,0.0014834152498224284,-3007.8039195049246
920829463,256,0.9821,marginal,90.0,60.00000000000001,0.984375,0.0625,0.9999999999999999,0.0,True,,1,0.0,-3102.4218572491277
920829463,256,1.425,joint,49.51515896967825,19.515158969678254,0.8631366773821312,0.658574045483159,0.3854067909548683,0.8012177857422261,False,-28.125000000000007,200,0.002544354106703395,-3067.787726025819
920829463,256,1.425,marginal,90.0,60.00000000000001,0.984375,0.0625,0.9999999999999999,0.0,True,,1,0.0,-3089.1457498272134
920829463,256,2.0676,joint,47.23422757520851,17.23422757520851,0.896139902698279,0.3539014905539447,0.26802729036453865,0.672782646786809,False,36.5625,200,0.003911383213562658,-3148.646390477602
920829463,256,2.0676,marginal,90.0,60.00000000000001,0.984375,0.0625,0.9999999999999999,0.0,True,,1,0.0,-3153.472819958034
920829463,256,3.0,joint,86.75675738771594,56.756757387715936,0.9890781015712224,0.043063070851845506,0.8546478541861469,0.1453956454105843,False,70.31250000000001,200,0.0007516167233916349,-3050.3257975754404
920829463,256,3.0,marginal,90.0,60.00000000000001,0.984375,0.0625,0.9999999999999999,0.0,True,,1,0.0,-3050.50219396422
920829463,512,0.05,joint,29.673613859660062,0.3263861403399356,0.47934467394574204,0.9999999999966357,0.13143042271689598,0.9609363865752392,False,-30.937499999999996,200,5.451214974527829e-05,2015.8081751004393
920829463,512,0.05,marginal,90.0,60.00000000000001,0.984375,0.0625,0.9999999999999999,0.0,True,,1,0.0,-5973.1654816228
920829463,512,0.0725,joint,29.638977577654952,0.36102242234504667,0.44057716275245573,0.9973561205399717,0.13131372456721546,0.9660776737294168,False,-30.937499999999996,200,2.890774896968651e-05,891.4550302544277
920829463,512,0.0725,marginal,90.0,60.00000000000001,0.984375,0.0625,0.9999999999999999,0.0,True,,1,0.0,-6111.847528099231
920829463,512,0.1053,joint,29.655735230645703,0.3442647693542961,0.44563789755665495,0.9978276219440307,0.13130793966784748,0.9661930744852048,False,-30.937499999999996,200,0.00013382035689346594,-303.96934231518287
920829463,512,0.1053,marginal,90.0,60.00000000000001,0.984375,0.0625,0.9999999999999999,0.0,True,,1,0.0,-6139.1381309978815
920829463,512,0.1527,joint,29.79594821210057,0.20405178789942963,0.531874102343981,0.9991328801546427,0.13259575136654367,0.9562633592531149,False,-30.937499999999996,200,0.0007910328304205905,-1653.805967307157
920829463,512,0.1527,marginal,90.0,60.00000000000001,0.984375,0.0625,0.9999999999999999,0.0,True,,1,0.0,-6198.817203469826
920829463,512,0.2216,joint,29.83842125955044,0.16157874044955617,0.40165549911905996,0.9998471265424584,0.13282018643297666,0.963237819151441,False,-30.937499999999996,200,0.0005013538525417971,-2883.850182735284
920829463,512,0.2216,marginal,90.0,60.00000000000001,0.984375,0.0625,0.9999999999999999,0.0,True,,1,0.0,-6246.348399747206
920829463,512,0.3215,joint,29.856240500063173,0.14375949993682463,0.5189264207763977,0.9909214189537618,0.13328806845925167,0.9322881400317529,False,30.937499999999996,200,0.0005161390790817677,-4001.2103562662096
920829463,512,0.3215,marginal,90.0,60.00000000000001,0.984375,0.0625,0.9999999999999999,0.0,True,,1,0.0,-6246.777876461794
920829463,512,0.4665,joint,31.15894336248818,1.1589433624881837,0.5414857642178326,0.9729185672198883,0.1509538867104101,0.9189323570829757,False,-30.937499999999996,200,0.001559746231578174,-4941.94300221183
920829463,512,0.4665,marginal,90.0,60.00000000000001,0.984375,0.0625,0.9999999999999999,0.0,True,,1,0.0,-6280.61605284152
920829463,512,0.6769,joint,30.01150960148863,0.01150960148863225,0.5249304561798163,0.9698945580037133,0.13975694723862853,0.9073945580037135,False,-30.937499999999996,200,0.002298643843460013,-5589.848574863012
920829463,512,0.6769,marginal,90.0,60.00000000000001,0.984375,0.0625,0.9999999999999999,0.0,True,,1,0.0,-6237.766077361893
920829463,512,0.9821,joint,29.156159968715308,0.8438400312846909,0.709488180638855,0.8459603303782907,0.129315386176182,0.8743134726237665,False,30.937499999999996,200,0.0009322434598288964,-5865.505787599857
920829463,512,0.9821,marginal,90.0,60.00000000000001,0.984375,0.0625,0.9999999999999999,0.0,True,,1,0.0,-6097.169101357973
920829463,512,1.425,joint,49.43830503231579,19.438305032315792,0.7512831576585721,0.6903601718298382,0.41112060129851036,0.7248770234789389,False,28.125000000000007,200,0.004596611408487661,-6175.264440857498
920829463,512,1.425,marginal,90.0,60.00000000000001,0.984375,0.0625,0.9999999999999999,0.0,True,,1,0.0,-6208.760024814096
920829463,512,2.0676,joint,82.1900592976747,52.1900592976747,0.9747441337147815,0.09878216973951817,0.5981364998432663,0.42136055486038904,False,-115.31250000000001,200,0.006310788535301981,-6115.919391604707
920829463,512,2.0676,marginal,90.0,60.00000000000001,0.984375,0.0625,0.9999999999999999,0.0,True,,1,0.0,-6118.657750166694
920829463,512,3.0,joint,94.80149125371408,64.80149125371408,0.986820029488267,0.05266747889801156,0.8908503262908891,0.09266643751033321,False,157.49999999999997,200,0.0006133857705208356,-6208.718311299806
920829463,512,3.0,marginal,90.0,60.00000000000001,0.984375,0.0625,0.9999999999999999,0.0,True,,1,0.0,-6208.848558912439
920829463,1024,0.05,joint,30.148896354855758,0.14889635485575992,0.3106305325550391,0.9957807780925565,0.13555025129665554,0.9556560377520846,False,30.937499999999996,200,0.00016217056054301793,3976.679144390781
920829463,1024,0.05,marginal,90.0,60.00000000000001,0.984375,0.0625,0.9999999999999999,0.0,True,,1,0.0,-12505.401305198873
920829463,1024,0.0725,joint,30.149707694559616,0.14970769455961697,0.2986767957895608,0.9948101361769702,0.13556645481663498,0.9548384317593286,False,30.937499999999996,200,0.00046382571713365905,1771.8429548692757
920829463,1024,0.0725,marginal,90.0,60.00000000000001,0.984375,0.0625,0.9999999999999999,0.0,True,,1,0.0,-12522.186217392811
920829463,1024,0.1053,joint,30.05436334979075,0.054363349790753385,0.3502012235424148,0.9993972213753656,0.1347102459834698,0.9590919024207905,False,30.937499999999996,200,0.00024494633248650644,-946.2223810818784
920829463,1024,0.1053,marginal,90.0,60.00000000000001,0.984375,0.0625,0.9999999999999999,0.0,True,,1,0.0,-12765.503964861391
920829463,1024,0.1527,joint,30.26465873448899,0.2646587344889901,0.2907591088918945,0.9997429553969417,0.13654387618344233,0.9559265061136594,False,30.937499999999996,200,0.0008508841724506055,-3244.6466845621712
920829463,1024,0.1527,marginal,90.0,60.00000000000001,0.984375,0.0625,0.9999999999999999,0.0,True,,1,0.0,-12737.05943693261
920829463,1024,0.2216,joint,30.100147688824784,0.10014768882478418,0.2990471669547142,0.9914489607247277,0.1354578452060471,0.9480110991215407,False,30.937499999999996,200,0.0015128778231883189,-5801.347053778098
920829463,1024,0.2216,marginal,90.0,60.00000000000001,0.984375,0.0625,0.9999999999999999,0.0,True,,1,0.0,-12628.36072690152
920829463,1024,0.3215,joint,30.454940390932578,0.4549403909325815,0.3157479497441734,0.9963349188155468,0.13939925320833557,0.9338349188155468,False,30.937499999999996,200,0.0028500680964498315,-8026.102774644668
920829463,1024,0.3215,marginal,90.0,60.00000000000001,0.984375,0.0625,0.9999999999999999,0.0,True,,1,0.0,-12893.398067037004
920829463,1024,0.4665,joint,30.69499315305339,0.6949931530533919,0.28205390433739475,0.9897883346066658,0.14261661172595086,0.9350749469024959,False,30.937499999999996,200,0.006170164491777541,-9693.070508747207
920829463,1024,0.4665,marginal,90.0,60.00000000000001,0.984375,0.0625,0.9999999999999999,0.0,True,,1,0.0,-12609.307615942847
920829463,1024,0.6769,joint,31.359591738109906,1.3595917381099094,0.4757686598483718,0.960089650743196,0.15422261973399243,0.9002576106201572,False,30.937499999999996,200,0.0039222569666890195,-11208.576542847859
920829463,1024,0.6769,marginal,90.0,60.00000000000001,0.984375,0.0625,0.9999999999999999,0.0,True,,1,0.0,-12478.339421429884
920829463,1024,0.9821,joint,32.893979637948675,2.8939796379486737,0.6090735370997629,0.9229551893356979,0.17948978188248166,0.8612990450617822,False,30.937499999999996,200,0.00626388136879541,-11935.225248536437
920829463,1024,0.9821,marginal,90.0,60.00000000000001,0.984375,0.0625,0.9999999999999999,0.0,True,,1,0.0,-12323.272787154187
920829463,1024,1.425,joint,34.67310466363535,4.673104663635353,0.7557022906313373,0.7870837713377375,0.20265861461093448,0.8147005666295264,False,-28.125000000000007,200,0.00670030663786747,-12497.477437668465
920829463,1024,1.425,marginal,90.0,60.00000000000001,0.984375,0.0625,0.9999999999999999,0.0,True,,1,0.0,-12598.77062034525
920829463,1024,2.0676,joint,62.96921894884487,32.96921894884487,0.9261744100631224,0.29465364805670036,0.6263930952065115,0.3997838161501098,False,28.125000000000007,200,0.01293090593389934,-12549.081795905295
920829463,1024,2.0676,marginal,90.0,60.00000000000001,0.984375,0.0625,0.9999999999999999,0.0,True,,1,0.0,-12554.731882383827
920829463,1024,3.0,joint,88.14634483483408,58.146344834834096,0.9840067329319344,0.06331457025631565,0.9687057620254216,0.037547605429688886,False,90.0,200,0.00023441697703674436,-12326.93421938174
920829463,1024,3.0,marginal,90.0,60.00000000000001,0.984375,0.0625,0.9999999999999999,0.0,True,,1,0.0,-12326.974442447185
920829463,2048,0.05,joint,30.057521805789936,0.057521805789937645,0.3129032615404977,0.9999999999999343,0.13470067827904608,0.9687388142931139,False,-30.937499999999996,200,4.8851760766410735e-05,7907.330018745816
920829463,2048,0.05,marginal,90.0,60.00000000000001,0.984375,0.0625,0.9999999999999999,0.0,True,,1,0.0,-24585.30880064847
920829463,2048,0.0725,joint,30.10077272977141,0.10077272977141369,0.30383985675458103,0.9989487604773739,0.13510332459736518,0.9676809279094969,False,-30.937499999999996,200,7.498323566323961e-05,3375.517083136927
920829463,2048,0.0725,marginal,90.0,60.00000000000001,0.984375,0.0625,0.9999999999999999,0.0,True,,1,0.0,-24801.18109576284
920829463,2048,0.1053,joint,30.036421467506536,0.036421467506538956,0.32047032231391637,0.999999999867811,0.1345204969463687,0.9687060444730637,False,-30.937499999999996,200,0.00012812124714400852,-1348.7164842416084
920829463,2048,0.1053,marginal,90.0,60.00000000000001,0.984375,0.0625,0.9999999999999999,0.0,True,,1,0.0,-24884.374530861787
920829463,2048,0.1527,joint,30.166291863491384,0.16629186349138492,0.27419569099931235,0.9999930600426943,0.13563792544390163,0.9686304390557006,False,-30.937499999999996,200,0.000277150318652275,-6541.850519790929
920829463,2048,0.1527,marginal,90.0,60.00000000000001,0.984375,0.0625,0.9999999999999999,0.0,True,,1,0.0,-25173.77710660796
920829463,2048,0.2216,joint,30.19765976240845,0.19765976240845298,0.30323271133084795,0.9989153798831059,0.13651160240427518,0.9666392598224107,False,-30.937499999999996,200,0.0014818761173955863,-11641.325863196109
920829463,2048,0.2216,marginal,90.0,60.00000000000001,0.984375,0.0625,0.9999999999999999,0.0,True,,1,0.0,-25391.480591456566
920829463,2048,0.3215,joint,30.043498656694517,0.04349865669451887,0.3446738842694127,0.9993018111906667,0.13457437616898338,0.958884792239497,False,30.937499999999996,200,0.003077139761444414,-15643.182596272614
920829463,2048,0.3215,marginal,90.0,60.00000000000001,0.984375,0.0625,0.9999999999999999,0.0,True,,1,0.0,-25034.689819099374
920829463,2048,0.4665,joint,30.359083092340605,0.3590830923406082,0.4319674517609408,0.9928532255933143,0.13923294120903862,0.9408821701519472,False,30.937499999999996,200,0.005382403080147924,-19515.279653880974
920829463,2048,0.4665,marginal,90.0,60.00000000000001,0.984375,0.0625,0.9999999999999999,0.0,True,,1,0.0,-24899.756088912654
920829463,2048,0.6769,joint,30.325601293164503,0.325601293164507,0.48638559080101734,0.9935673437540937,0.13968220485613858,0.9312986174201769,False,-30.937499999999996,200,0.010312798436643789,-22085.84554091341
920829463,2048,0.6769,marginal,90.0,60.00000000000001,0.984375,0.0625,0.9999999999999999,0.0,True,,1,0.0,-24737.94784017039
920829463,2048,0.9821,joint,29.887423040215612,0.11257695978438445,0.578992681077781,0.9754589253468486,0.13465524066339019,0.9172069130021479,False,30.937499999999996,200,0.011048767886677524,-23625.455295234195
920829463,2048,0.9821,marginal,90.0,60.00000000000001,0.984375,0.0625,0.9999999999999999,0.0,True,,1,0.0,-24510.77262657413
920829463,2048,1.425,joint,34.67261677351234,4.672616773512339,0.7386358195379645,0.7982741983032267,0.2040912718854021,0.8183252486596733,False,-28.125000000000007,200,0.012337837033555843,-24420.209855978763
920829463,2048,1.425,marginal,90.0,60.00000000000001,0.984375,0.0625,0.9999999999999999,0.0,True,,1,0.0,-24570.739636902275
920829463,2048,2.0676,joint,58.3635154415623,28.3635154415623,0.9357504849783842,0.23495618548435915,0.5342378645270682,0.40830255215664285,False,33.749999999999986,200,0.023673219602642348,-24560.314265009674
920829463,2048,2.0676,marginal,90.0,60.00000000000001,0.984375,0.0625,0.9999999999999999,0.0,True,,1,0.0,-24570.341034206824
920829463,2048,3.0,joint,87.40431751642478,57.4043175164248,0.9847782551802129,0.0616604188214675,0.9604147474317164,0.04435235101857153,False,5.625000000000006,200,0.0006142279380583204,-24581.87632599949
920829463,2048,3.0,marginal,90.0,60.00000000000001,0.984375,0.0625,0.9999999999999999,0.0,True,,1,0.0,-24582.000297447557
920829463,4096,0.05,joint,30.095880198277367,0.09588019827736957,0.3043445419865071,0.9994165462153306,0.13507319988587618,0.9681659203104763,False,30.937499999999996,200,1.1000425729434937e-05,16052.167981037388
920829463,4096,0.05,marginal,90.0,60.00000000000001,0.984375,0.0625,0.9999999999999999,0.0,True,,1,0.0,-48656.41622265391
920829463,4096,0.0725,joint,29.959889596961247,0.04011040303875049,0.34726375215957406,0.9992279667118855,0.1338882802072192,0.9679723596512453,False,30.937499999999996,200,9.221915206580888e-05,6391.809424638741
920829463,4096,0.0725,marginal,90.0,60.00000000000001,0.984375,0.0625,0.9999999999999999,0.0,True,,1,0.0,-49241.5301704087
920829463,4096,0.1053,joint,29.988372185716436,0.01162781428356273,0.3374897387283696,0.9999999999998642,0.13410588375521681,0.9687355729615414,False,30.937499999999996,200,0.0001449276078346884,-2787.124300537107
920829463,4096,0.1053,marginal,90.0,60.00000000000001,0.984375,0.0625,0.9999999999999999,0.0,True,,1,0.0,-49540.70492536397
920829463,4096,0.1527,joint,30.016772473838007,0.016772473838007923,0.3289814066668637,0.9999614296446302,0.1343572269041453,0.9675483057962304,False,30.937499999999996,200,0.0022000297431077342,-12578.823712707006
920829463,4096,0.1527,marginal,90.0,60.00000000000001,0.984375,0.0625,0.9999999999999999,0.0,True,,1,0.0,-49987.20963665456
920829463,4096,0.2216,joint,30.14423145094798,0.14423145094798379,0.2835566280165869,0.9999999913437367,0.13544904311300643,0.967719014271575,False,30.937499999999996,200,0.0031064464383234736,-22318.123859838215
920829463,4096,0.2216,marginal,90.0,60.00000000000001,0.984375,0.0625,0.9999999999999999,0.0,True,,1,0.0,-49944.365395716246
920829463,4096,0.3215,joint,30.03264904877914,0.032649048779144915,0.33726642712666266,0.9997154886784966,0.13464099266127438,0.9622474630425142,False,30.937499999999996,200,0.007326747938350309,-31198.191020866885
920829463,4096,0.3215,marginal,90.0,60.00000000000001,0.984375,0.0625,0.9999999999999999,0.0,True,,1,0.0,-49994.589002903274
920829463,4096,0.4665,joint,30.0883762913515,0.08837629135150342,0.35867911587430423,0.9987905219830484,0.13549348554234253,0.9450919952354939,False,-30.937499999999996,200,0.013857407655450515,-39230.09026280962
920829463,4096,0.4665,marginal,90.0,60.00000000000001,0.984375,0.0625,0.9999999999999999,0.0,True,,1,0.0,-50277.22779099022
920829463,4096,0.6769,joint,30.311805070066434,0.3118050700664361,0.46905647353439617,0.9881221444023877,0.13827292029729488,0.9256221444023873,False,30.937499999999996,200,0.01582167010201374,-44928.312983114025
920829463,4096,0.6769,marginal,90.0,60.00000000000001,0.984375,0.0625,0.9999999999999999,0.0,True,,1,0.0,-50053.386828245486
920829463,4096,0.9821,joint,29.777180783351806,0.22281921664819007,0.6208398399057637,0.964607535068089,0.13319156451040137,0.9060976869438218,False,30.937499999999996,200,0.014551162632415071,-48040.01479195965
920829463,4096,0.9821,marginal,90.0,60.00000000000001,0.984375,0.0625,0.9999999999999999,0.0,True,,1,0.0,-49856.48444785271
920829463,4096,1.425,joint,32.529755962488615,2.5297559624886183,0.7438622656945697,0.7816517123453082,0.16999042112688068,0.8346226162588783,False,-30.937499999999996,200,0.020302199787693098,-49445.81854236973
920829463,4096,1.425,marginal,90.0,60.00000000000001,0.984375,0.0625,0.9999999999999999,0.0,True,,1,0.0,-49807.92825437528
920829463,4096,2.0676,joint,49.0229854143032,19.022985414303204,0.9146887977593441,0.31717757262010815,0.4218679061274341,0.4686363971014313,False,-30.937499999999996,200,0.060024877173418645,-49259.14330498643
920829463,4096,2.0676,marginal,90.0,60.00000000000001,0.984375,0.0625,0.9999999999999999,0.0,True,,1,0.0,-49285.078606585565
920829463,4096,3.0,joint,90.14022302456033,60.140223024560335,0.9819718096432717,0.07195218604550027,0.9623422592616215,0.048999765995260125,False,-180.0,200,0.0012716422643279657,-49095.3624806811
920829463,4096,3.0,marginal,90.0,60.00000000000001,0.984375,0.0625,0.9999999999999999,0.0,True,,1,0.0,-49095.611718254426
